timestamp,topic,value,status
2026-05-04 09:52:55,aquanet/water/turbidity,25.0,ALERT - Turbidity 25.0 NTU exceeds 5.0
2026-05-04 09:52:55,aquanet/water/ecoli,2900.0,ALERT - E.coli 2900.0 CFU/100ml exceeds 540.0
2026-05-04 09:52:55,aquanet/water/ph,7.06,OK
2026-05-04 09:52:55,aquanet/water/nitrate,0.53,OK
2026-05-04 09:52:55,aquanet/hydraulic/pressure,5.18,ALERT - Pressure 5.18 bar exceeds 5.0
2026-05-04 09:52:55,aquanet/hydraulic/flowrate,95.0,OK
2026-05-04 09:52:55,aquanet/alerts,ALERT E.COLI: 2900.0 CFU/100ml exceeds NPS-FM limit of 540.0 - BACTERIAL CONTAMINATION DETECTED,ALERT
2026-05-04 09:52:55,aquanet/alerts,ALERT TURBIDITY: 25.0 NTU exceeds 5.0 NTU - TREATMENT REQUIRED,ALERT
2026-05-04 09:52:55,aquanet/alerts,ALERT PRESSURE HIGH: 5.18 bar exceeds 5.0 bar - PIPE BURST RISK,ALERT
2026-05-04 09:53:05,aquanet/water/turbidity,21.0,ALERT - Turbidity 21.0 NTU exceeds 5.0
2026-05-04 09:53:05,aquanet/water/ecoli,1200.0,ALERT - E.coli 1200.0 CFU/100ml exceeds 540.0
2026-05-04 09:53:05,aquanet/water/ph,6.91,OK
2026-05-04 09:53:05,aquanet/water/nitrate,0.69,OK
2026-05-04 09:53:05,aquanet/hydraulic/pressure,3.42,OK
2026-05-04 09:53:05,aquanet/hydraulic/flowrate,91.4,OK
2026-05-04 09:53:05,aquanet/alerts,ALERT E.COLI: 1200.0 CFU/100ml exceeds NPS-FM limit of 540.0 - BACTERIAL CONTAMINATION DETECTED,ALERT
2026-05-04 09:53:05,aquanet/alerts,ALERT TURBIDITY: 21.0 NTU exceeds 5.0 NTU - TREATMENT REQUIRED,ALERT
2026-05-04 09:53:15,aquanet/water/turbidity,17.0,ALERT - Turbidity 17.0 NTU exceeds 5.0
2026-05-04 09:53:15,aquanet/water/ecoli,2500.0,ALERT - E.coli 2500.0 CFU/100ml exceeds 540.0
2026-05-04 09:53:15,aquanet/water/ph,6.93,OK
2026-05-04 09:53:15,aquanet/water/nitrate,0.53,OK
2026-05-04 09:53:15,aquanet/hydraulic/pressure,3.28,OK
2026-05-04 09:53:15,aquanet/hydraulic/flowrate,74.5,OK
2026-05-04 09:53:15,aquanet/alerts,ALERT E.COLI: 2500.0 CFU/100ml exceeds NPS-FM limit of 540.0 - BACTERIAL CONTAMINATION DETECTED,ALERT
2026-05-04 09:53:15,aquanet/alerts,ALERT TURBIDITY: 17.0 NTU exceeds 5.0 NTU - TREATMENT REQUIRED,ALERT
2026-05-04 09:53:25,aquanet/water/turbidity,11.0,ALERT - Turbidity 11.0 NTU exceeds 5.0
2026-05-04 09:53:25,aquanet/water/ecoli,1300.0,ALERT - E.coli 1300.0 CFU/100ml exceeds 540.0
2026-05-04 09:53:25,aquanet/water/ph,6.85,OK
2026-05-04 09:53:25,aquanet/water/nitrate,0.57,OK
2026-05-04 09:53:25,aquanet/hydraulic/pressure,3.2,OK
2026-05-04 09:53:25,aquanet/hydraulic/flowrate,91.8,OK
2026-05-04 09:53:25,aquanet/alerts,ALERT E.COLI: 1300.0 CFU/100ml exceeds NPS-FM limit of 540.0 - BACTERIAL CONTAMINATION DETECTED,ALERT
2026-05-04 09:53:25,aquanet/alerts,ALERT TURBIDITY: 11.0 NTU exceeds 5.0 NTU - TREATMENT REQUIRED,ALERT
2026-05-04 09:53:35,aquanet/water/turbidity,18.0,ALERT - Turbidity 18.0 NTU exceeds 5.0
2026-05-04 09:53:35,aquanet/water/ecoli,27000.0,ALERT - E.coli 27000.0 CFU/100ml exceeds 540.0
2026-05-04 09:53:35,aquanet/water/ph,6.95,OK
2026-05-04 09:53:35,aquanet/water/nitrate,0.27,OK
2026-05-04 09:53:35,aquanet/hydraulic/pressure,5.36,ALERT - Pressure 5.36 bar exceeds 5.0
2026-05-04 09:53:35,aquanet/hydraulic/flowrate,83.3,OK
2026-05-04 09:53:35,aquanet/alerts,ALERT E.COLI: 27000.0 CFU/100ml exceeds NPS-FM limit of 540.0 - BACTERIAL CONTAMINATION DETECTED,ALERT
2026-05-04 09:53:35,aquanet/alerts,ALERT TURBIDITY: 18.0 NTU exceeds 5.0 NTU - TREATMENT REQUIRED,ALERT
2026-05-04 09:53:35,aquanet/alerts,ALERT PRESSURE HIGH: 5.36 bar exceeds 5.0 bar - PIPE BURST RISK,ALERT
2026-05-04 09:53:45,aquanet/water/turbidity,7.8,ALERT - Turbidity 7.8 NTU exceeds 5.0
2026-05-04 09:53:45,aquanet/water/ecoli,810.0,ALERT - E.coli 810.0 CFU/100ml exceeds 540.0
2026-05-04 09:53:45,aquanet/water/ph,6.24,ALERT - pH 6.24 below minimum 6.5
2026-05-04 09:53:45,aquanet/water/nitrate,0.012,OK
2026-05-04 09:53:45,aquanet/hydraulic/pressure,2.89,OK
2026-05-04 09:53:45,aquanet/hydraulic/flowrate,78.2,OK
2026-05-04 09:53:45,aquanet/alerts,ALERT E.COLI: 810.0 CFU/100ml exceeds NPS-FM limit of 540.0 - BACTERIAL CONTAMINATION DETECTED,ALERT
2026-05-04 09:53:45,aquanet/alerts,ALERT TURBIDITY: 7.8 NTU exceeds 5.0 NTU - TREATMENT REQUIRED,ALERT
2026-05-04 09:53:45,aquanet/alerts,ALERT pH LOW: 6.24 - CORROSION RISK - below 6.5,ALERT
2026-05-04 09:53:55,aquanet/water/turbidity,9.0,ALERT - Turbidity 9.0 NTU exceeds 5.0
2026-05-04 09:53:55,aquanet/water/ecoli,3100.0,ALERT - E.coli 3100.0 CFU/100ml exceeds 540.0
2026-05-04 09:53:55,aquanet/water/ph,6.86,OK
2026-05-04 09:53:55,aquanet/water/nitrate,0.45,OK
2026-05-04 09:53:55,aquanet/hydraulic/pressure,3.6,OK
2026-05-04 09:53:55,aquanet/hydraulic/flowrate,89.4,OK
2026-05-04 09:53:55,aquanet/alerts,ALERT E.COLI: 3100.0 CFU/100ml exceeds NPS-FM limit of 540.0 - BACTERIAL CONTAMINATION DETECTED,ALERT
2026-05-04 09:53:55,aquanet/alerts,ALERT TURBIDITY: 9.0 NTU exceeds 5.0 NTU - TREATMENT REQUIRED,ALERT
2026-05-04 09:54:05,aquanet/water/turbidity,11.0,ALERT - Turbidity 11.0 NTU exceeds 5.0
2026-05-04 09:54:05,aquanet/water/ecoli,31000.0,ALERT - E.coli 31000.0 CFU/100ml exceeds 540.0
2026-05-04 09:54:05,aquanet/water/ph,6.67,OK
2026-05-04 09:54:05,aquanet/water/nitrate,0.3,OK
2026-05-04 09:54:05,aquanet/hydraulic/pressure,3.49,OK
2026-05-04 09:54:05,aquanet/hydraulic/flowrate,74.5,OK
2026-05-04 09:54:05,aquanet/alerts,ALERT E.COLI: 31000.0 CFU/100ml exceeds NPS-FM limit of 540.0 - BACTERIAL CONTAMINATION DETECTED,ALERT
2026-05-04 09:54:05,aquanet/alerts,ALERT TURBIDITY: 11.0 NTU exceeds 5.0 NTU - TREATMENT REQUIRED,ALERT
2026-05-04 09:54:15,aquanet/water/turbidity,22.0,ALERT - Turbidity 22.0 NTU exceeds 5.0
2026-05-04 09:54:15,aquanet/water/ecoli,1100.0,ALERT - E.coli 1100.0 CFU/100ml exceeds 540.0
2026-05-04 09:54:15,aquanet/water/ph,6.08,ALERT - pH 6.08 below minimum 6.5
2026-05-04 09:54:15,aquanet/water/nitrate,0.3,OK
2026-05-04 09:54:15,aquanet/hydraulic/pressure,2.95,OK
2026-05-04 09:54:15,aquanet/hydraulic/flowrate,96.4,OK
2026-05-04 09:54:15,aquanet/alerts,ALERT E.COLI: 1100.0 CFU/100ml exceeds NPS-FM limit of 540.0 - BACTERIAL CONTAMINATION DETECTED,ALERT
2026-05-04 09:54:15,aquanet/alerts,ALERT TURBIDITY: 22.0 NTU exceeds 5.0 NTU - TREATMENT REQUIRED,ALERT
2026-05-04 09:54:15,aquanet/alerts,ALERT pH LOW: 6.08 - CORROSION RISK - below 6.5,ALERT
2026-05-04 09:54:25,aquanet/water/turbidity,6.9,ALERT - Turbidity 6.9 NTU exceeds 5.0
2026-05-04 09:54:25,aquanet/water/ecoli,850.0,ALERT - E.coli 850.0 CFU/100ml exceeds 540.0
2026-05-04 09:54:25,aquanet/water/ph,6.95,OK
2026-05-04 09:54:25,aquanet/water/nitrate,0.28,OK
2026-05-04 09:54:25,aquanet/hydraulic/pressure,3.57,OK
2026-05-04 09:54:25,aquanet/hydraulic/flowrate,90.6,OK
2026-05-04 09:54:25,aquanet/alerts,ALERT E.COLI: 850.0 CFU/100ml exceeds NPS-FM limit of 540.0 - BACTERIAL CONTAMINATION DETECTED,ALERT
2026-05-04 09:54:25,aquanet/alerts,ALERT TURBIDITY: 6.9 NTU exceeds 5.0 NTU - TREATMENT REQUIRED,ALERT
2026-05-04 09:54:35,aquanet/water/turbidity,7.7,ALERT - Turbidity 7.7 NTU exceeds 5.0
2026-05-04 09:54:35,aquanet/water/ecoli,4400.0,ALERT - E.coli 4400.0 CFU/100ml exceeds 540.0
2026-05-04 09:54:35,aquanet/water/ph,6.79,OK
2026-05-04 09:54:35,aquanet/water/nitrate,0.72,OK
2026-05-04 09:54:35,aquanet/hydraulic/pressure,3.34,OK
2026-05-04 09:54:35,aquanet/hydraulic/flowrate,73.1,OK
2026-05-04 09:54:35,aquanet/alerts,ALERT E.COLI: 4400.0 CFU/100ml exceeds NPS-FM limit of 540.0 - BACTERIAL CONTAMINATION DETECTED,ALERT
2026-05-04 09:54:35,aquanet/alerts,ALERT TURBIDITY: 7.7 NTU exceeds 5.0 NTU - TREATMENT REQUIRED,ALERT
2026-05-04 09:54:45,aquanet/water/turbidity,7.1,ALERT - Turbidity 7.1 NTU exceeds 5.0
2026-05-04 09:54:45,aquanet/water/ecoli,4200.0,ALERT - E.coli 4200.0 CFU/100ml exceeds 540.0
2026-05-04 09:54:45,aquanet/water/ph,6.87,OK
2026-05-04 09:54:45,aquanet/water/nitrate,0.6,OK
2026-05-04 09:54:45,aquanet/hydraulic/pressure,3.16,OK
2026-05-04 09:54:45,aquanet/hydraulic/flowrate,96.0,OK
2026-05-04 09:54:45,aquanet/alerts,ALERT E.COLI: 4200.0 CFU/100ml exceeds NPS-FM limit of 540.0 - BACTERIAL CONTAMINATION DETECTED,ALERT
2026-05-04 09:54:45,aquanet/alerts,ALERT TURBIDITY: 7.1 NTU exceeds 5.0 NTU - TREATMENT REQUIRED,ALERT
2026-05-04 09:54:55,aquanet/water/turbidity,15.0,ALERT - Turbidity 15.0 NTU exceeds 5.0
2026-05-04 09:54:55,aquanet/water/ecoli,1100.0,ALERT - E.coli 1100.0 CFU/100ml exceeds 540.0
2026-05-04 09:54:55,aquanet/water/ph,6.77,OK
2026-05-04 09:54:55,aquanet/water/nitrate,0.48,OK
2026-05-04 09:54:55,aquanet/hydraulic/pressure,3.08,OK
2026-05-04 09:54:55,aquanet/hydraulic/flowrate,100.0,OK
2026-05-04 09:54:55,aquanet/alerts,ALERT E.COLI: 1100.0 CFU/100ml exceeds NPS-FM limit of 540.0 - BACTERIAL CONTAMINATION DETECTED,ALERT
2026-05-04 09:54:55,aquanet/alerts,ALERT TURBIDITY: 15.0 NTU exceeds 5.0 NTU - TREATMENT REQUIRED,ALERT
2026-05-04 09:55:05,aquanet/water/turbidity,7.9,ALERT - Turbidity 7.9 NTU exceeds 5.0
2026-05-04 09:55:05,aquanet/water/ecoli,3000.0,ALERT - E.coli 3000.0 CFU/100ml exceeds 540.0
2026-05-04 09:55:05,aquanet/water/ph,6.76,OK
2026-05-04 09:55:05,aquanet/water/nitrate,0.4,OK
2026-05-04 09:55:05,aquanet/hydraulic/pressure,4.77,OK
2026-05-04 09:55:05,aquanet/hydraulic/flowrate,79.3,OK
2026-05-04 09:55:05,aquanet/alerts,ALERT E.COLI: 3000.0 CFU/100ml exceeds NPS-FM limit of 540.0 - BACTERIAL CONTAMINATION DETECTED,ALERT
2026-05-04 09:55:05,aquanet/alerts,ALERT TURBIDITY: 7.9 NTU exceeds 5.0 NTU - TREATMENT REQUIRED,ALERT
2026-05-04 09:55:15,aquanet/water/turbidity,13.0,ALERT - Turbidity 13.0 NTU exceeds 5.0
2026-05-04 09:55:15,aquanet/water/ecoli,4400.0,ALERT - E.coli 4400.0 CFU/100ml exceeds 540.0
2026-05-04 09:55:15,aquanet/water/ph,7.24,OK
2026-05-04 09:55:15,aquanet/water/nitrate,0.36,OK
2026-05-04 09:55:15,aquanet/hydraulic/pressure,2.88,OK
2026-05-04 09:55:15,aquanet/hydraulic/flowrate,70.5,OK
2026-05-04 09:55:15,aquanet/alerts,ALERT E.COLI: 4400.0 CFU/100ml exceeds NPS-FM limit of 540.0 - BACTERIAL CONTAMINATION DETECTED,ALERT
2026-05-04 09:55:15,aquanet/alerts,ALERT TURBIDITY: 13.0 NTU exceeds 5.0 NTU - TREATMENT REQUIRED,ALERT
2026-05-04 09:55:25,aquanet/water/turbidity,12.0,ALERT - Turbidity 12.0 NTU exceeds 5.0
2026-05-04 09:55:25,aquanet/water/ecoli,1600.0,ALERT - E.coli 1600.0 CFU/100ml exceeds 540.0
2026-05-04 09:55:25,aquanet/water/ph,6.89,OK
2026-05-04 09:55:25,aquanet/water/nitrate,0.34,OK
2026-05-04 09:55:25,aquanet/hydraulic/pressure,3.38,OK
2026-05-04 09:55:25,aquanet/hydraulic/flowrate,93.8,OK
2026-05-04 09:55:25,aquanet/alerts,ALERT E.COLI: 1600.0 CFU/100ml exceeds NPS-FM limit of 540.0 - BACTERIAL CONTAMINATION DETECTED,ALERT
2026-05-04 09:55:25,aquanet/alerts,ALERT TURBIDITY: 12.0 NTU exceeds 5.0 NTU - TREATMENT REQUIRED,ALERT
2026-05-04 09:55:35,aquanet/water/turbidity,11.0,ALERT - Turbidity 11.0 NTU exceeds 5.0
2026-05-04 09:55:35,aquanet/water/ecoli,1100.0,ALERT - E.coli 1100.0 CFU/100ml exceeds 540.0
2026-05-04 09:55:35,aquanet/water/ph,6.68,OK
2026-05-04 09:55:35,aquanet/water/nitrate,0.3,OK
2026-05-04 09:55:35,aquanet/hydraulic/pressure,3.05,OK
2026-05-04 09:55:35,aquanet/hydraulic/flowrate,95.5,OK
2026-05-04 09:55:35,aquanet/alerts,ALERT E.COLI: 1100.0 CFU/100ml exceeds NPS-FM limit of 540.0 - BACTERIAL CONTAMINATION DETECTED,ALERT
2026-05-04 09:55:35,aquanet/alerts,ALERT TURBIDITY: 11.0 NTU exceeds 5.0 NTU - TREATMENT REQUIRED,ALERT
2026-05-04 09:55:45,aquanet/water/turbidity,8.3,ALERT - Turbidity 8.3 NTU exceeds 5.0
2026-05-04 09:55:45,aquanet/water/ecoli,1000.0,ALERT - E.coli 1000.0 CFU/100ml exceeds 540.0
2026-05-04 09:55:45,aquanet/water/ph,7.21,OK
2026-05-04 09:55:45,aquanet/water/nitrate,0.31,OK
2026-05-04 09:55:45,aquanet/hydraulic/pressure,2.92,OK
2026-05-04 09:55:45,aquanet/hydraulic/flowrate,88.8,OK
2026-05-04 09:55:45,aquanet/alerts,ALERT E.COLI: 1000.0 CFU/100ml exceeds NPS-FM limit of 540.0 - BACTERIAL CONTAMINATION DETECTED,ALERT
2026-05-04 09:55:45,aquanet/alerts,ALERT TURBIDITY: 8.3 NTU exceeds 5.0 NTU - TREATMENT REQUIRED,ALERT
2026-05-04 09:55:55,aquanet/water/turbidity,9.7,ALERT - Turbidity 9.7 NTU exceeds 5.0
2026-05-04 09:55:55,aquanet/water/ecoli,380.0,OK
2026-05-04 09:55:55,aquanet/water/ph,6.99,OK
2026-05-04 09:55:55,aquanet/water/nitrate,0.31,OK
2026-05-04 09:55:55,aquanet/hydraulic/pressure,3.05,OK
2026-05-04 09:55:55,aquanet/hydraulic/flowrate,94.9,OK
2026-05-04 09:55:55,aquanet/alerts,ALERT TURBIDITY: 9.7 NTU exceeds 5.0 NTU - TREATMENT REQUIRED,ALERT
2026-05-04 09:56:05,aquanet/water/turbidity,9.1,ALERT - Turbidity 9.1 NTU exceeds 5.0
2026-05-04 09:56:05,aquanet/water/ecoli,520.0,OK
2026-05-04 09:56:05,aquanet/water/ph,6.77,OK
2026-05-04 09:56:05,aquanet/water/nitrate,0.24,OK
2026-05-04 09:56:05,aquanet/hydraulic/pressure,3.34,OK
2026-05-04 09:56:05,aquanet/hydraulic/flowrate,72.4,OK
2026-05-04 09:56:05,aquanet/alerts,ALERT TURBIDITY: 9.1 NTU exceeds 5.0 NTU - TREATMENT REQUIRED,ALERT
2026-05-04 09:56:15,aquanet/water/turbidity,6.9,ALERT - Turbidity 6.9 NTU exceeds 5.0
2026-05-04 09:56:15,aquanet/water/ecoli,390.0,OK
2026-05-04 09:56:15,aquanet/water/ph,6.78,OK
2026-05-04 09:56:15,aquanet/water/nitrate,0.21,OK
2026-05-04 09:56:15,aquanet/hydraulic/pressure,2.95,OK
2026-05-04 09:56:15,aquanet/hydraulic/flowrate,72.8,OK
2026-05-04 09:56:15,aquanet/alerts,ALERT TURBIDITY: 6.9 NTU exceeds 5.0 NTU - TREATMENT REQUIRED,ALERT
2026-05-04 09:56:25,aquanet/water/turbidity,8.5,ALERT - Turbidity 8.5 NTU exceeds 5.0
2026-05-04 09:56:25,aquanet/water/ecoli,720.0,ALERT - E.coli 720.0 CFU/100ml exceeds 540.0
2026-05-04 09:56:25,aquanet/water/ph,6.99,OK
2026-05-04 09:56:25,aquanet/water/nitrate,0.29,OK
2026-05-04 09:56:25,aquanet/hydraulic/pressure,3.43,OK
2026-05-04 09:56:25,aquanet/hydraulic/flowrate,90.3,OK
2026-05-04 09:56:25,aquanet/alerts,ALERT E.COLI: 720.0 CFU/100ml exceeds NPS-FM limit of 540.0 - BACTERIAL CONTAMINATION DETECTED,ALERT
2026-05-04 09:56:25,aquanet/alerts,ALERT TURBIDITY: 8.5 NTU exceeds 5.0 NTU - TREATMENT REQUIRED,ALERT
2026-05-04 09:56:35,aquanet/water/turbidity,8.0,ALERT - Turbidity 8.0 NTU exceeds 5.0
2026-05-04 09:56:35,aquanet/water/ecoli,790.0,ALERT - E.coli 790.0 CFU/100ml exceeds 540.0
2026-05-04 09:56:35,aquanet/water/ph,6.78,OK
2026-05-04 09:56:35,aquanet/water/nitrate,0.4,OK
2026-05-04 09:56:35,aquanet/hydraulic/pressure,2.8,OK
2026-05-04 09:56:35,aquanet/hydraulic/flowrate,90.6,OK
2026-05-04 09:56:35,aquanet/alerts,ALERT E.COLI: 790.0 CFU/100ml exceeds NPS-FM limit of 540.0 - BACTERIAL CONTAMINATION DETECTED,ALERT
2026-05-04 09:56:35,aquanet/alerts,ALERT TURBIDITY: 8.0 NTU exceeds 5.0 NTU - TREATMENT REQUIRED,ALERT
2026-05-04 09:56:45,aquanet/water/turbidity,7.7,ALERT - Turbidity 7.7 NTU exceeds 5.0
2026-05-04 09:56:45,aquanet/water/ecoli,590.0,ALERT - E.coli 590.0 CFU/100ml exceeds 540.0
2026-05-04 09:56:45,aquanet/water/ph,6.95,OK
2026-05-04 09:56:45,aquanet/water/nitrate,0.38,OK
2026-05-04 09:56:45,aquanet/hydraulic/pressure,2.91,OK
2026-05-04 09:56:45,aquanet/hydraulic/flowrate,89.3,OK
2026-05-04 09:56:45,aquanet/alerts,ALERT E.COLI: 590.0 CFU/100ml exceeds NPS-FM limit of 540.0 - BACTERIAL CONTAMINATION DETECTED,ALERT
2026-05-04 09:56:45,aquanet/alerts,ALERT TURBIDITY: 7.7 NTU exceeds 5.0 NTU - TREATMENT REQUIRED,ALERT
2026-05-04 09:56:55,aquanet/water/turbidity,9.7,ALERT - Turbidity 9.7 NTU exceeds 5.0
2026-05-04 09:56:55,aquanet/water/ecoli,0.0,OK
2026-05-04 09:56:55,aquanet/water/ph,6.8,OK
2026-05-04 09:56:55,aquanet/water/nitrate,0.137,OK
2026-05-04 09:56:55,aquanet/hydraulic/pressure,5.41,ALERT - Pressure 5.41 bar exceeds 5.0
2026-05-04 09:56:55,aquanet/hydraulic/flowrate,90.0,OK
2026-05-04 09:56:55,aquanet/alerts,ALERT TURBIDITY: 9.7 NTU exceeds 5.0 NTU - TREATMENT REQUIRED,ALERT
2026-05-04 09:56:55,aquanet/alerts,ALERT PRESSURE HIGH: 5.41 bar exceeds 5.0 bar - PIPE BURST RISK,ALERT
2026-05-04 09:57:05,aquanet/water/turbidity,7.5,ALERT - Turbidity 7.5 NTU exceeds 5.0
2026-05-04 09:57:05,aquanet/water/ecoli,9800.0,ALERT - E.coli 9800.0 CFU/100ml exceeds 540.0
2026-05-04 09:57:05,aquanet/water/ph,7.27,OK
2026-05-04 09:57:05,aquanet/water/nitrate,0.4,OK
2026-05-04 09:57:05,aquanet/hydraulic/pressure,3.28,OK
2026-05-04 09:57:05,aquanet/hydraulic/flowrate,71.7,OK
2026-05-04 09:57:05,aquanet/alerts,ALERT E.COLI: 9800.0 CFU/100ml exceeds NPS-FM limit of 540.0 - BACTERIAL CONTAMINATION DETECTED,ALERT
2026-05-04 09:57:05,aquanet/alerts,ALERT TURBIDITY: 7.5 NTU exceeds 5.0 NTU - TREATMENT REQUIRED,ALERT
2026-05-04 09:57:15,aquanet/water/turbidity,10.0,ALERT - Turbidity 10.0 NTU exceeds 5.0
2026-05-04 09:57:15,aquanet/water/ecoli,2100.0,ALERT - E.coli 2100.0 CFU/100ml exceeds 540.0
2026-05-04 09:57:15,aquanet/water/ph,7.07,OK
2026-05-04 09:57:15,aquanet/water/nitrate,0.51,OK
2026-05-04 09:57:15,aquanet/hydraulic/pressure,3.12,OK
2026-05-04 09:57:15,aquanet/hydraulic/flowrate,71.3,OK
2026-05-04 09:57:15,aquanet/alerts,ALERT E.COLI: 2100.0 CFU/100ml exceeds NPS-FM limit of 540.0 - BACTERIAL CONTAMINATION DETECTED,ALERT
2026-05-04 09:57:15,aquanet/alerts,ALERT TURBIDITY: 10.0 NTU exceeds 5.0 NTU - TREATMENT REQUIRED,ALERT
2026-05-04 09:57:25,aquanet/water/turbidity,12.0,ALERT - Turbidity 12.0 NTU exceeds 5.0
2026-05-04 09:57:25,aquanet/water/ecoli,2200.0,ALERT - E.coli 2200.0 CFU/100ml exceeds 540.0
2026-05-04 09:57:25,aquanet/water/ph,7.45,OK
2026-05-04 09:57:25,aquanet/water/nitrate,0.47,OK
2026-05-04 09:57:25,aquanet/hydraulic/pressure,5.55,ALERT - Pressure 5.55 bar exceeds 5.0
2026-05-04 09:57:25,aquanet/hydraulic/flowrate,86.0,OK
2026-05-04 09:57:25,aquanet/alerts,ALERT E.COLI: 2200.0 CFU/100ml exceeds NPS-FM limit of 540.0 - BACTERIAL CONTAMINATION DETECTED,ALERT
2026-05-04 09:57:25,aquanet/alerts,ALERT TURBIDITY: 12.0 NTU exceeds 5.0 NTU - TREATMENT REQUIRED,ALERT
2026-05-04 09:57:25,aquanet/alerts,ALERT PRESSURE HIGH: 5.55 bar exceeds 5.0 bar - PIPE BURST RISK,ALERT
2026-05-04 09:57:35,aquanet/water/turbidity,7.5,ALERT - Turbidity 7.5 NTU exceeds 5.0
2026-05-04 09:57:35,aquanet/water/ecoli,1500.0,ALERT - E.coli 1500.0 CFU/100ml exceeds 540.0
2026-05-04 09:57:35,aquanet/water/ph,7.43,OK
2026-05-04 09:57:35,aquanet/water/nitrate,0.35,OK
2026-05-04 09:57:35,aquanet/hydraulic/pressure,3.26,OK
2026-05-04 09:57:35,aquanet/hydraulic/flowrate,89.4,OK
2026-05-04 09:57:35,aquanet/alerts,ALERT E.COLI: 1500.0 CFU/100ml exceeds NPS-FM limit of 540.0 - BACTERIAL CONTAMINATION DETECTED,ALERT
2026-05-04 09:57:35,aquanet/alerts,ALERT TURBIDITY: 7.5 NTU exceeds 5.0 NTU - TREATMENT REQUIRED,ALERT
2026-05-04 09:57:45,aquanet/water/turbidity,7.8,ALERT - Turbidity 7.8 NTU exceeds 5.0
2026-05-04 09:57:45,aquanet/water/ecoli,4000.0,ALERT - E.coli 4000.0 CFU/100ml exceeds 540.0
2026-05-04 09:57:45,aquanet/water/ph,7.07,OK
2026-05-04 09:57:45,aquanet/water/nitrate,0.39,OK
2026-05-04 09:57:45,aquanet/hydraulic/pressure,3.4,OK
2026-05-04 09:57:45,aquanet/hydraulic/flowrate,78.1,OK
2026-05-04 09:57:45,aquanet/alerts,ALERT E.COLI: 4000.0 CFU/100ml exceeds NPS-FM limit of 540.0 - BACTERIAL CONTAMINATION DETECTED,ALERT
2026-05-04 09:57:45,aquanet/alerts,ALERT TURBIDITY: 7.8 NTU exceeds 5.0 NTU - TREATMENT REQUIRED,ALERT
2026-05-04 09:57:55,aquanet/water/turbidity,7.0,ALERT - Turbidity 7.0 NTU exceeds 5.0
2026-05-04 09:57:55,aquanet/water/ecoli,1400.0,ALERT - E.coli 1400.0 CFU/100ml exceeds 540.0
2026-05-04 09:57:55,aquanet/water/ph,6.72,OK
2026-05-04 09:57:55,aquanet/water/nitrate,0.34,OK
2026-05-04 09:57:55,aquanet/hydraulic/pressure,2.81,OK
2026-05-04 09:57:55,aquanet/hydraulic/flowrate,98.9,OK
2026-05-04 09:57:55,aquanet/alerts,ALERT E.COLI: 1400.0 CFU/100ml exceeds NPS-FM limit of 540.0 - BACTERIAL CONTAMINATION DETECTED,ALERT
2026-05-04 09:57:55,aquanet/alerts,ALERT TURBIDITY: 7.0 NTU exceeds 5.0 NTU - TREATMENT REQUIRED,ALERT
2026-05-04 09:58:05,aquanet/water/turbidity,8.8,ALERT - Turbidity 8.8 NTU exceeds 5.0
2026-05-04 09:58:05,aquanet/water/ecoli,890.0,ALERT - E.coli 890.0 CFU/100ml exceeds 540.0
2026-05-04 09:58:05,aquanet/water/ph,6.74,OK
2026-05-04 09:58:05,aquanet/water/nitrate,0.37,OK
2026-05-04 09:58:05,aquanet/hydraulic/pressure,3.24,OK
2026-05-04 09:58:05,aquanet/hydraulic/flowrate,83.4,OK
2026-05-04 09:58:05,aquanet/alerts,ALERT E.COLI: 890.0 CFU/100ml exceeds NPS-FM limit of 540.0 - BACTERIAL CONTAMINATION DETECTED,ALERT
2026-05-04 09:58:05,aquanet/alerts,ALERT TURBIDITY: 8.8 NTU exceeds 5.0 NTU - TREATMENT REQUIRED,ALERT
2026-05-04 09:58:15,aquanet/water/turbidity,16.0,ALERT - Turbidity 16.0 NTU exceeds 5.0
2026-05-04 09:58:15,aquanet/water/ecoli,760.0,ALERT - E.coli 760.0 CFU/100ml exceeds 540.0
2026-05-04 09:58:15,aquanet/water/ph,7.51,OK
2026-05-04 09:58:15,aquanet/water/nitrate,0.5,OK
2026-05-04 09:58:15,aquanet/hydraulic/pressure,3.28,OK
2026-05-04 09:58:15,aquanet/hydraulic/flowrate,78.3,OK
2026-05-04 09:58:15,aquanet/alerts,ALERT E.COLI: 760.0 CFU/100ml exceeds NPS-FM limit of 540.0 - BACTERIAL CONTAMINATION DETECTED,ALERT
2026-05-04 09:58:15,aquanet/alerts,ALERT TURBIDITY: 16.0 NTU exceeds 5.0 NTU - TREATMENT REQUIRED,ALERT
2026-05-04 09:58:25,aquanet/water/turbidity,7.2,ALERT - Turbidity 7.2 NTU exceeds 5.0
2026-05-04 09:58:25,aquanet/water/ecoli,590.0,ALERT - E.coli 590.0 CFU/100ml exceeds 540.0
2026-05-04 09:58:25,aquanet/water/ph,7.26,OK
2026-05-04 09:58:25,aquanet/water/nitrate,0.57,OK
2026-05-04 09:58:25,aquanet/hydraulic/pressure,3.17,OK
2026-05-04 09:58:25,aquanet/hydraulic/flowrate,78.9,OK
2026-05-04 09:58:25,aquanet/alerts,ALERT E.COLI: 590.0 CFU/100ml exceeds NPS-FM limit of 540.0 - BACTERIAL CONTAMINATION DETECTED,ALERT
2026-05-04 09:58:25,aquanet/alerts,ALERT TURBIDITY: 7.2 NTU exceeds 5.0 NTU - TREATMENT REQUIRED,ALERT
2026-05-04 09:58:35,aquanet/water/turbidity,15.0,ALERT - Turbidity 15.0 NTU exceeds 5.0
2026-05-04 09:58:35,aquanet/water/ecoli,790.0,ALERT - E.coli 790.0 CFU/100ml exceeds 540.0
2026-05-04 09:58:35,aquanet/water/ph,7.45,OK
2026-05-04 09:58:35,aquanet/water/nitrate,0.41,OK
2026-05-04 09:58:35,aquanet/hydraulic/pressure,3.13,OK
2026-05-04 09:58:35,aquanet/hydraulic/flowrate,94.2,OK
2026-05-04 09:58:35,aquanet/alerts,ALERT E.COLI: 790.0 CFU/100ml exceeds NPS-FM limit of 540.0 - BACTERIAL CONTAMINATION DETECTED,ALERT
2026-05-04 09:58:35,aquanet/alerts,ALERT TURBIDITY: 15.0 NTU exceeds 5.0 NTU - TREATMENT REQUIRED,ALERT
2026-05-04 09:58:45,aquanet/water/turbidity,7.1,ALERT - Turbidity 7.1 NTU exceeds 5.0
2026-05-04 09:58:45,aquanet/water/ecoli,960.0,ALERT - E.coli 960.0 CFU/100ml exceeds 540.0
2026-05-04 09:58:45,aquanet/water/ph,6.97,OK
2026-05-04 09:58:45,aquanet/water/nitrate,0.35,OK
2026-05-04 09:58:45,aquanet/hydraulic/pressure,5.76,ALERT - Pressure 5.76 bar exceeds 5.0
2026-05-04 09:58:45,aquanet/hydraulic/flowrate,85.6,OK
2026-05-04 09:58:45,aquanet/alerts,ALERT E.COLI: 960.0 CFU/100ml exceeds NPS-FM limit of 540.0 - BACTERIAL CONTAMINATION DETECTED,ALERT
2026-05-04 09:58:45,aquanet/alerts,ALERT TURBIDITY: 7.1 NTU exceeds 5.0 NTU - TREATMENT REQUIRED,ALERT
2026-05-04 09:58:45,aquanet/alerts,ALERT PRESSURE HIGH: 5.76 bar exceeds 5.0 bar - PIPE BURST RISK,ALERT
2026-05-04 09:58:55,aquanet/water/turbidity,6.9,ALERT - Turbidity 6.9 NTU exceeds 5.0
2026-05-04 09:58:55,aquanet/water/ecoli,3400.0,ALERT - E.coli 3400.0 CFU/100ml exceeds 540.0
2026-05-04 09:58:55,aquanet/water/ph,6.03,ALERT - pH 6.03 below minimum 6.5
2026-05-04 09:58:55,aquanet/water/nitrate,0.44,OK
2026-05-04 09:58:55,aquanet/hydraulic/pressure,3.36,OK
2026-05-04 09:58:55,aquanet/hydraulic/flowrate,89.3,OK
2026-05-04 09:58:55,aquanet/alerts,ALERT E.COLI: 3400.0 CFU/100ml exceeds NPS-FM limit of 540.0 - BACTERIAL CONTAMINATION DETECTED,ALERT
2026-05-04 09:58:55,aquanet/alerts,ALERT TURBIDITY: 6.9 NTU exceeds 5.0 NTU - TREATMENT REQUIRED,ALERT
2026-05-04 09:58:55,aquanet/alerts,ALERT pH LOW: 6.03 - CORROSION RISK - below 6.5,ALERT
2026-05-04 09:59:05,aquanet/water/turbidity,12.0,ALERT - Turbidity 12.0 NTU exceeds 5.0
2026-05-04 09:59:05,aquanet/water/ecoli,6400.0,ALERT - E.coli 6400.0 CFU/100ml exceeds 540.0
2026-05-04 09:59:05,aquanet/water/ph,6.39,ALERT - pH 6.39 below minimum 6.5
2026-05-04 09:59:05,aquanet/water/nitrate,0.41,OK
2026-05-04 09:59:05,aquanet/hydraulic/pressure,3.23,OK
2026-05-04 09:59:05,aquanet/hydraulic/flowrate,77.6,OK
2026-05-04 09:59:05,aquanet/alerts,ALERT E.COLI: 6400.0 CFU/100ml exceeds NPS-FM limit of 540.0 - BACTERIAL CONTAMINATION DETECTED,ALERT
2026-05-04 09:59:05,aquanet/alerts,ALERT TURBIDITY: 12.0 NTU exceeds 5.0 NTU - TREATMENT REQUIRED,ALERT
2026-05-04 09:59:05,aquanet/alerts,ALERT pH LOW: 6.39 - CORROSION RISK - below 6.5,ALERT
2026-05-04 09:59:15,aquanet/water/turbidity,16.0,ALERT - Turbidity 16.0 NTU exceeds 5.0
2026-05-04 09:59:15,aquanet/water/ecoli,31000.0,ALERT - E.coli 31000.0 CFU/100ml exceeds 540.0
2026-05-04 09:59:15,aquanet/water/ph,6.97,OK
2026-05-04 09:59:15,aquanet/water/nitrate,0.33,OK
2026-05-04 09:59:15,aquanet/hydraulic/pressure,3.27,OK
2026-05-04 09:59:15,aquanet/hydraulic/flowrate,82.2,OK
2026-05-04 09:59:15,aquanet/alerts,ALERT E.COLI: 31000.0 CFU/100ml exceeds NPS-FM limit of 540.0 - BACTERIAL CONTAMINATION DETECTED,ALERT
2026-05-04 09:59:15,aquanet/alerts,ALERT TURBIDITY: 16.0 NTU exceeds 5.0 NTU - TREATMENT REQUIRED,ALERT
2026-05-04 09:59:25,aquanet/water/turbidity,25.0,ALERT - Turbidity 25.0 NTU exceeds 5.0
2026-05-04 09:59:25,aquanet/water/ecoli,2400.0,ALERT - E.coli 2400.0 CFU/100ml exceeds 540.0
2026-05-04 09:59:25,aquanet/water/ph,7.18,OK
2026-05-04 09:59:25,aquanet/water/nitrate,0.38,OK
2026-05-04 09:59:25,aquanet/hydraulic/pressure,3.52,OK
2026-05-04 09:59:25,aquanet/hydraulic/flowrate,71.8,OK
2026-05-04 09:59:25,aquanet/alerts,ALERT E.COLI: 2400.0 CFU/100ml exceeds NPS-FM limit of 540.0 - BACTERIAL CONTAMINATION DETECTED,ALERT
2026-05-04 09:59:25,aquanet/alerts,ALERT TURBIDITY: 25.0 NTU exceeds 5.0 NTU - TREATMENT REQUIRED,ALERT
2026-05-04 09:59:35,aquanet/water/turbidity,45.0,ALERT - Turbidity 45.0 NTU exceeds 5.0
2026-05-04 09:59:35,aquanet/water/ecoli,900.0,ALERT - E.coli 900.0 CFU/100ml exceeds 540.0
2026-05-04 09:59:35,aquanet/water/ph,7.06,OK
2026-05-04 09:59:35,aquanet/water/nitrate,0.33,OK
2026-05-04 09:59:35,aquanet/hydraulic/pressure,3.55,OK
2026-05-04 09:59:35,aquanet/hydraulic/flowrate,81.2,OK
2026-05-04 09:59:35,aquanet/alerts,ALERT E.COLI: 900.0 CFU/100ml exceeds NPS-FM limit of 540.0 - BACTERIAL CONTAMINATION DETECTED,ALERT
2026-05-04 09:59:35,aquanet/alerts,ALERT TURBIDITY: 45.0 NTU exceeds 5.0 NTU - TREATMENT REQUIRED,ALERT
2026-05-04 09:59:45,aquanet/water/turbidity,10.0,ALERT - Turbidity 10.0 NTU exceeds 5.0
2026-05-04 09:59:45,aquanet/water/ecoli,750.0,ALERT - E.coli 750.0 CFU/100ml exceeds 540.0
2026-05-04 09:59:45,aquanet/water/ph,7.13,OK
2026-05-04 09:59:45,aquanet/water/nitrate,0.28,OK
2026-05-04 09:59:45,aquanet/hydraulic/pressure,3.0,OK
2026-05-04 09:59:45,aquanet/hydraulic/flowrate,92.0,OK
2026-05-04 09:59:45,aquanet/alerts,ALERT E.COLI: 750.0 CFU/100ml exceeds NPS-FM limit of 540.0 - BACTERIAL CONTAMINATION DETECTED,ALERT
2026-05-04 09:59:45,aquanet/alerts,ALERT TURBIDITY: 10.0 NTU exceeds 5.0 NTU - TREATMENT REQUIRED,ALERT
2026-05-04 09:59:55,aquanet/water/turbidity,6.6,ALERT - Turbidity 6.6 NTU exceeds 5.0
2026-05-04 09:59:55,aquanet/water/ecoli,540.0,OK
2026-05-04 09:59:55,aquanet/water/ph,7.11,OK
2026-05-04 09:59:55,aquanet/water/nitrate,0.33,OK
2026-05-04 09:59:55,aquanet/hydraulic/pressure,2.82,OK
2026-05-04 09:59:55,aquanet/hydraulic/flowrate,71.5,OK
2026-05-04 09:59:55,aquanet/alerts,ALERT TURBIDITY: 6.6 NTU exceeds 5.0 NTU - TREATMENT REQUIRED,ALERT
2026-05-04 10:00:05,aquanet/water/turbidity,9.3,ALERT - Turbidity 9.3 NTU exceeds 5.0
2026-05-04 10:00:06,aquanet/water/ecoli,460.0,OK
2026-05-04 10:00:06,aquanet/water/ph,7.12,OK
2026-05-04 10:00:06,aquanet/water/nitrate,0.27,OK
2026-05-04 10:00:06,aquanet/hydraulic/pressure,3.4,OK
2026-05-04 10:00:06,aquanet/hydraulic/flowrate,93.8,OK
2026-05-04 10:00:06,aquanet/alerts,ALERT TURBIDITY: 9.3 NTU exceeds 5.0 NTU - TREATMENT REQUIRED,ALERT
2026-05-04 10:00:16,aquanet/water/turbidity,10.7,ALERT - Turbidity 10.7 NTU exceeds 5.0
2026-05-04 10:00:16,aquanet/water/ecoli,500.0,OK
2026-05-04 10:00:16,aquanet/water/ph,7.2,OK
2026-05-04 10:00:16,aquanet/water/nitrate,0.3,OK
2026-05-04 10:00:16,aquanet/hydraulic/pressure,3.25,OK
2026-05-04 10:00:16,aquanet/hydraulic/flowrate,98.6,OK
2026-05-04 10:00:16,aquanet/alerts,ALERT TURBIDITY: 10.7 NTU exceeds 5.0 NTU - TREATMENT REQUIRED,ALERT
2026-05-04 10:00:26,aquanet/water/turbidity,13.7,ALERT - Turbidity 13.7 NTU exceeds 5.0
2026-05-04 10:00:26,aquanet/water/ecoli,1100.0,ALERT - E.coli 1100.0 CFU/100ml exceeds 540.0
2026-05-04 10:00:26,aquanet/water/ph,7.12,OK
2026-05-04 10:00:26,aquanet/water/nitrate,0.4,OK
2026-05-04 10:00:26,aquanet/hydraulic/pressure,2.98,OK
2026-05-04 10:00:26,aquanet/hydraulic/flowrate,80.0,OK
2026-05-04 10:00:26,aquanet/alerts,ALERT E.COLI: 1100.0 CFU/100ml exceeds NPS-FM limit of 540.0 - BACTERIAL CONTAMINATION DETECTED,ALERT
2026-05-04 10:00:26,aquanet/alerts,ALERT TURBIDITY: 13.7 NTU exceeds 5.0 NTU - TREATMENT REQUIRED,ALERT
2026-05-04 10:00:36,aquanet/water/turbidity,10.2,ALERT - Turbidity 10.2 NTU exceeds 5.0
2026-05-04 10:00:36,aquanet/water/ecoli,500.0,OK
2026-05-04 10:00:36,aquanet/water/ph,6.96,OK
2026-05-04 10:00:36,aquanet/water/nitrate,0.34,OK
2026-05-04 10:00:36,aquanet/hydraulic/pressure,3.25,OK
2026-05-04 10:00:36,aquanet/hydraulic/flowrate,80.9,OK
2026-05-04 10:00:36,aquanet/alerts,ALERT TURBIDITY: 10.2 NTU exceeds 5.0 NTU - TREATMENT REQUIRED,ALERT
2026-05-04 10:00:46,aquanet/water/turbidity,10.3,ALERT - Turbidity 10.3 NTU exceeds 5.0
2026-05-04 10:00:46,aquanet/water/ecoli,1000.0,ALERT - E.coli 1000.0 CFU/100ml exceeds 540.0
2026-05-04 10:00:46,aquanet/water/ph,7.18,OK
2026-05-04 10:00:46,aquanet/water/nitrate,0.45,OK
2026-05-04 10:00:46,aquanet/hydraulic/pressure,2.87,OK
2026-05-04 10:00:46,aquanet/hydraulic/flowrate,93.0,OK
2026-05-04 10:00:46,aquanet/alerts,ALERT E.COLI: 1000.0 CFU/100ml exceeds NPS-FM limit of 540.0 - BACTERIAL CONTAMINATION DETECTED,ALERT
2026-05-04 10:00:46,aquanet/alerts,ALERT TURBIDITY: 10.3 NTU exceeds 5.0 NTU - TREATMENT REQUIRED,ALERT
2026-05-04 10:00:56,aquanet/water/turbidity,9.1,ALERT - Turbidity 9.1 NTU exceeds 5.0
2026-05-04 10:00:56,aquanet/water/ecoli,6000.0,ALERT - E.coli 6000.0 CFU/100ml exceeds 540.0
2026-05-04 10:00:56,aquanet/water/ph,7.15,OK
2026-05-04 10:00:56,aquanet/water/nitrate,0.43,OK
2026-05-04 10:00:56,aquanet/hydraulic/pressure,3.51,OK
2026-05-04 10:00:56,aquanet/hydraulic/flowrate,88.1,OK
2026-05-04 10:00:56,aquanet/alerts,ALERT E.COLI: 6000.0 CFU/100ml exceeds NPS-FM limit of 540.0 - BACTERIAL CONTAMINATION DETECTED,ALERT
2026-05-04 10:00:56,aquanet/alerts,ALERT TURBIDITY: 9.1 NTU exceeds 5.0 NTU - TREATMENT REQUIRED,ALERT
2026-05-04 10:01:06,aquanet/water/turbidity,15.6,ALERT - Turbidity 15.6 NTU exceeds 5.0
2026-05-04 10:01:06,aquanet/water/ecoli,2500.0,ALERT - E.coli 2500.0 CFU/100ml exceeds 540.0
2026-05-04 10:01:06,aquanet/water/ph,7.09,OK
2026-05-04 10:01:06,aquanet/water/nitrate,0.54,OK
2026-05-04 10:01:06,aquanet/hydraulic/pressure,5.91,ALERT - Pressure 5.91 bar exceeds 5.0
2026-05-04 10:01:06,aquanet/hydraulic/flowrate,82.8,OK
2026-05-04 10:01:06,aquanet/alerts,ALERT E.COLI: 2500.0 CFU/100ml exceeds NPS-FM limit of 540.0 - BACTERIAL CONTAMINATION DETECTED,ALERT
2026-05-04 10:01:06,aquanet/alerts,ALERT TURBIDITY: 15.6 NTU exceeds 5.0 NTU - TREATMENT REQUIRED,ALERT
2026-05-04 10:01:06,aquanet/alerts,ALERT PRESSURE HIGH: 5.91 bar exceeds 5.0 bar - PIPE BURST RISK,ALERT
2026-05-04 10:01:16,aquanet/water/turbidity,22.0,ALERT - Turbidity 22.0 NTU exceeds 5.0
2026-05-04 10:01:16,aquanet/water/ecoli,2900.0,ALERT - E.coli 2900.0 CFU/100ml exceeds 540.0
2026-05-04 10:01:16,aquanet/water/ph,7.33,OK
2026-05-04 10:01:16,aquanet/water/nitrate,0.42,OK
2026-05-04 10:01:16,aquanet/hydraulic/pressure,5.27,ALERT - Pressure 5.27 bar exceeds 5.0
2026-05-04 10:01:16,aquanet/hydraulic/flowrate,97.0,OK
2026-05-04 10:01:16,aquanet/alerts,ALERT E.COLI: 2900.0 CFU/100ml exceeds NPS-FM limit of 540.0 - BACTERIAL CONTAMINATION DETECTED,ALERT
2026-05-04 10:01:16,aquanet/alerts,ALERT TURBIDITY: 22.0 NTU exceeds 5.0 NTU - TREATMENT REQUIRED,ALERT
2026-05-04 10:01:16,aquanet/alerts,ALERT PRESSURE HIGH: 5.27 bar exceeds 5.0 bar - PIPE BURST RISK,ALERT
2026-05-04 10:01:26,aquanet/water/turbidity,9.7,ALERT - Turbidity 9.7 NTU exceeds 5.0
2026-05-04 10:01:26,aquanet/water/ecoli,500.0,OK
2026-05-04 10:01:26,aquanet/water/ph,7.33,OK
2026-05-04 10:01:26,aquanet/water/nitrate,0.33,OK
2026-05-04 10:01:26,aquanet/hydraulic/pressure,5.1,ALERT - Pressure 5.1 bar exceeds 5.0
2026-05-04 10:01:26,aquanet/hydraulic/flowrate,70.7,OK
2026-05-04 10:01:26,aquanet/alerts,ALERT TURBIDITY: 9.7 NTU exceeds 5.0 NTU - TREATMENT REQUIRED,ALERT
2026-05-04 10:01:26,aquanet/alerts,ALERT PRESSURE HIGH: 5.1 bar exceeds 5.0 bar - PIPE BURST RISK,ALERT
2026-05-04 12:07:40,aquanet/water/turbidity,15.8,ALERT - Turbidity 15.8 NTU exceeds 5.0
2026-05-04 12:07:40,aquanet/water/ecoli,1500.0,ALERT - E.coli 1500.0 CFU/100ml exceeds 540.0
2026-05-04 12:07:40,aquanet/water/ph,7.02,OK
2026-05-04 12:07:40,aquanet/water/nitrate,0.33,OK
2026-05-04 12:07:40,aquanet/hydraulic/pressure,2.9,OK
2026-05-04 12:07:40,aquanet/hydraulic/flowrate,75.2,OK
2026-05-04 12:07:40,aquanet/alerts,ALERT E.COLI: 1500.0 CFU/100ml exceeds NPS-FM limit of 540.0 - BACTERIAL CONTAMINATION DETECTED,ALERT
2026-05-04 12:07:40,aquanet/alerts,ALERT TURBIDITY: 15.8 NTU exceeds 5.0 NTU - TREATMENT REQUIRED,ALERT
2026-05-04 12:07:50,aquanet/water/turbidity,17.9,ALERT - Turbidity 17.9 NTU exceeds 5.0
2026-05-04 12:07:50,aquanet/water/ecoli,26000.0,ALERT - E.coli 26000.0 CFU/100ml exceeds 540.0
2026-05-04 12:07:50,aquanet/water/ph,7.01,OK
2026-05-04 12:07:50,aquanet/water/nitrate,0.27,OK
2026-05-04 12:07:50,aquanet/hydraulic/pressure,3.15,OK
2026-05-04 12:07:50,aquanet/hydraulic/flowrate,86.1,OK
2026-05-04 12:07:50,aquanet/alerts,ALERT E.COLI: 26000.0 CFU/100ml exceeds NPS-FM limit of 540.0 - BACTERIAL CONTAMINATION DETECTED,ALERT
2026-05-04 12:07:50,aquanet/alerts,ALERT TURBIDITY: 17.9 NTU exceeds 5.0 NTU - TREATMENT REQUIRED,ALERT
2026-05-04 12:08:00,aquanet/water/turbidity,19.3,ALERT - Turbidity 19.3 NTU exceeds 5.0
2026-05-04 12:08:00,aquanet/water/ecoli,11000.0,ALERT - E.coli 11000.0 CFU/100ml exceeds 540.0
2026-05-04 12:08:00,aquanet/water/ph,6.64,OK
2026-05-04 12:08:00,aquanet/water/nitrate,0.3,OK
2026-05-04 12:08:00,aquanet/hydraulic/pressure,2.98,OK
2026-05-04 12:08:00,aquanet/hydraulic/flowrate,73.4,OK
2026-05-04 12:08:00,aquanet/alerts,ALERT E.COLI: 11000.0 CFU/100ml exceeds NPS-FM limit of 540.0 - BACTERIAL CONTAMINATION DETECTED,ALERT
2026-05-04 12:08:00,aquanet/alerts,ALERT TURBIDITY: 19.3 NTU exceeds 5.0 NTU - TREATMENT REQUIRED,ALERT
2026-05-04 12:08:10,aquanet/water/turbidity,19.5,ALERT - Turbidity 19.5 NTU exceeds 5.0
2026-05-04 12:08:10,aquanet/water/ecoli,2600.0,ALERT - E.coli 2600.0 CFU/100ml exceeds 540.0
2026-05-04 12:08:10,aquanet/water/ph,6.8,OK
2026-05-04 12:08:10,aquanet/water/nitrate,0.4,OK
2026-05-04 12:08:10,aquanet/hydraulic/pressure,3.22,OK
2026-05-04 12:08:10,aquanet/hydraulic/flowrate,73.1,OK
2026-05-04 12:08:10,aquanet/alerts,ALERT E.COLI: 2600.0 CFU/100ml exceeds NPS-FM limit of 540.0 - BACTERIAL CONTAMINATION DETECTED,ALERT
2026-05-04 12:08:10,aquanet/alerts,ALERT TURBIDITY: 19.5 NTU exceeds 5.0 NTU - TREATMENT REQUIRED,ALERT
2026-05-04 12:08:20,aquanet/water/turbidity,10.8,ALERT - Turbidity 10.8 NTU exceeds 5.0
2026-05-04 12:08:20,aquanet/water/ecoli,2200.0,ALERT - E.coli 2200.0 CFU/100ml exceeds 540.0
2026-05-04 12:08:20,aquanet/water/ph,6.7,OK
2026-05-04 12:08:20,aquanet/water/nitrate,0.34,OK
2026-05-04 12:08:20,aquanet/hydraulic/pressure,3.55,OK
2026-05-04 12:08:20,aquanet/hydraulic/flowrate,78.2,OK
2026-05-04 12:08:20,aquanet/alerts,ALERT E.COLI: 2200.0 CFU/100ml exceeds NPS-FM limit of 540.0 - BACTERIAL CONTAMINATION DETECTED,ALERT
2026-05-04 12:08:20,aquanet/alerts,ALERT TURBIDITY: 10.8 NTU exceeds 5.0 NTU - TREATMENT REQUIRED,ALERT
2026-05-04 12:08:30,aquanet/water/turbidity,36.6,ALERT - Turbidity 36.6 NTU exceeds 5.0
2026-05-04 12:08:30,aquanet/water/ecoli,7600.0,ALERT - E.coli 7600.0 CFU/100ml exceeds 540.0
2026-05-04 12:08:30,aquanet/water/ph,7.0,OK
2026-05-04 12:08:30,aquanet/water/nitrate,0.45,OK
2026-05-04 12:08:30,aquanet/hydraulic/pressure,3.53,OK
2026-05-04 12:08:30,aquanet/hydraulic/flowrate,78.7,OK
2026-05-04 12:08:30,aquanet/alerts,ALERT E.COLI: 7600.0 CFU/100ml exceeds NPS-FM limit of 540.0 - BACTERIAL CONTAMINATION DETECTED,ALERT
2026-05-04 12:08:30,aquanet/alerts,ALERT TURBIDITY: 36.6 NTU exceeds 5.0 NTU - TREATMENT REQUIRED,ALERT
2026-05-04 12:08:40,aquanet/water/turbidity,12.0,ALERT - Turbidity 12.0 NTU exceeds 5.0
2026-05-04 12:08:40,aquanet/water/ecoli,1100.0,ALERT - E.coli 1100.0 CFU/100ml exceeds 540.0
2026-05-04 12:08:40,aquanet/water/ph,6.86,OK
2026-05-04 12:08:40,aquanet/water/nitrate,0.43,OK
2026-05-04 12:08:40,aquanet/hydraulic/pressure,3.52,OK
2026-05-04 12:08:40,aquanet/hydraulic/flowrate,99.1,OK
2026-05-04 12:08:40,aquanet/alerts,ALERT E.COLI: 1100.0 CFU/100ml exceeds NPS-FM limit of 540.0 - BACTERIAL CONTAMINATION DETECTED,ALERT
2026-05-04 12:08:40,aquanet/alerts,ALERT TURBIDITY: 12.0 NTU exceeds 5.0 NTU - TREATMENT REQUIRED,ALERT
2026-05-04 12:08:51,aquanet/water/turbidity,39.0,ALERT - Turbidity 39.0 NTU exceeds 5.0
2026-05-04 12:08:51,aquanet/water/ecoli,1200.0,ALERT - E.coli 1200.0 CFU/100ml exceeds 540.0
2026-05-04 12:08:51,aquanet/water/ph,6.62,OK
2026-05-04 12:08:51,aquanet/water/nitrate,0.54,OK
2026-05-04 12:08:51,aquanet/hydraulic/pressure,3.02,OK
2026-05-04 12:08:51,aquanet/hydraulic/flowrate,90.3,OK
2026-05-04 12:08:51,aquanet/alerts,ALERT E.COLI: 1200.0 CFU/100ml exceeds NPS-FM limit of 540.0 - BACTERIAL CONTAMINATION DETECTED,ALERT
2026-05-04 12:08:51,aquanet/alerts,ALERT TURBIDITY: 39.0 NTU exceeds 5.0 NTU - TREATMENT REQUIRED,ALERT
2026-05-04 12:09:01,aquanet/water/turbidity,30.0,ALERT - Turbidity 30.0 NTU exceeds 5.0
2026-05-04 12:09:01,aquanet/water/ecoli,510.0,OK
2026-05-04 12:09:01,aquanet/water/ph,6.91,OK
2026-05-04 12:09:01,aquanet/water/nitrate,0.42,OK
2026-05-04 12:09:01,aquanet/hydraulic/pressure,3.38,OK
2026-05-04 12:09:01,aquanet/hydraulic/flowrate,81.9,OK
2026-05-04 12:09:01,aquanet/alerts,ALERT TURBIDITY: 30.0 NTU exceeds 5.0 NTU - TREATMENT REQUIRED,ALERT
2026-05-04 12:09:11,aquanet/water/turbidity,11.0,ALERT - Turbidity 11.0 NTU exceeds 5.0
2026-05-04 12:09:11,aquanet/water/ecoli,870.0,ALERT - E.coli 870.0 CFU/100ml exceeds 540.0
2026-05-04 12:09:11,aquanet/water/ph,6.86,OK
2026-05-04 12:09:11,aquanet/water/nitrate,0.33,OK
2026-05-04 12:09:11,aquanet/hydraulic/pressure,5.82,ALERT - Pressure 5.82 bar exceeds 5.0
2026-05-04 12:09:11,aquanet/hydraulic/flowrate,82.1,OK
2026-05-04 12:09:11,aquanet/alerts,ALERT E.COLI: 870.0 CFU/100ml exceeds NPS-FM limit of 540.0 - BACTERIAL CONTAMINATION DETECTED,ALERT
2026-05-04 12:09:11,aquanet/alerts,ALERT TURBIDITY: 11.0 NTU exceeds 5.0 NTU - TREATMENT REQUIRED,ALERT
2026-05-04 12:09:11,aquanet/alerts,ALERT PRESSURE HIGH: 5.82 bar exceeds 5.0 bar - PIPE BURST RISK,ALERT
2026-05-04 12:09:21,aquanet/water/turbidity,16.0,ALERT - Turbidity 16.0 NTU exceeds 5.0
2026-05-04 12:09:21,aquanet/water/ecoli,1200.0,ALERT - E.coli 1200.0 CFU/100ml exceeds 540.0
2026-05-04 12:09:21,aquanet/water/ph,6.7,OK
2026-05-04 12:09:21,aquanet/water/nitrate,0.3,OK
2026-05-04 12:09:21,aquanet/hydraulic/pressure,5.43,ALERT - Pressure 5.43 bar exceeds 5.0
2026-05-04 12:09:21,aquanet/hydraulic/flowrate,97.0,OK
2026-05-04 12:09:21,aquanet/alerts,ALERT E.COLI: 1200.0 CFU/100ml exceeds NPS-FM limit of 540.0 - BACTERIAL CONTAMINATION DETECTED,ALERT
2026-05-04 12:09:21,aquanet/alerts,ALERT TURBIDITY: 16.0 NTU exceeds 5.0 NTU - TREATMENT REQUIRED,ALERT
2026-05-04 12:09:21,aquanet/alerts,ALERT PRESSURE HIGH: 5.43 bar exceeds 5.0 bar - PIPE BURST RISK,ALERT
2026-05-04 12:09:31,aquanet/water/turbidity,12.0,ALERT - Turbidity 12.0 NTU exceeds 5.0
2026-05-04 12:09:31,aquanet/water/ecoli,610.0,ALERT - E.coli 610.0 CFU/100ml exceeds 540.0
2026-05-04 12:09:31,aquanet/water/ph,6.8,OK
2026-05-04 12:09:31,aquanet/water/nitrate,0.26,OK
2026-05-04 12:09:31,aquanet/hydraulic/pressure,5.43,ALERT - Pressure 5.43 bar exceeds 5.0
2026-05-04 12:09:31,aquanet/hydraulic/flowrate,81.6,OK
2026-05-04 12:09:31,aquanet/alerts,ALERT E.COLI: 610.0 CFU/100ml exceeds NPS-FM limit of 540.0 - BACTERIAL CONTAMINATION DETECTED,ALERT
2026-05-04 12:09:31,aquanet/alerts,ALERT TURBIDITY: 12.0 NTU exceeds 5.0 NTU - TREATMENT REQUIRED,ALERT
2026-05-04 12:09:31,aquanet/alerts,ALERT PRESSURE HIGH: 5.43 bar exceeds 5.0 bar - PIPE BURST RISK,ALERT
2026-05-04 12:09:41,aquanet/water/turbidity,18.0,ALERT - Turbidity 18.0 NTU exceeds 5.0
2026-05-04 12:09:41,aquanet/water/ecoli,7300.0,ALERT - E.coli 7300.0 CFU/100ml exceeds 540.0
2026-05-04 12:09:41,aquanet/water/ph,6.8,OK
2026-05-04 12:09:41,aquanet/water/nitrate,0.31,OK
2026-05-04 12:09:41,aquanet/hydraulic/pressure,3.01,OK
2026-05-04 12:09:41,aquanet/hydraulic/flowrate,91.8,OK
2026-05-04 12:09:41,aquanet/alerts,ALERT E.COLI: 7300.0 CFU/100ml exceeds NPS-FM limit of 540.0 - BACTERIAL CONTAMINATION DETECTED,ALERT
2026-05-04 12:09:41,aquanet/alerts,ALERT TURBIDITY: 18.0 NTU exceeds 5.0 NTU - TREATMENT REQUIRED,ALERT
2026-05-04 12:09:51,aquanet/water/turbidity,14.0,ALERT - Turbidity 14.0 NTU exceeds 5.0
2026-05-04 12:09:51,aquanet/water/ecoli,2000.0,ALERT - E.coli 2000.0 CFU/100ml exceeds 540.0
2026-05-04 12:09:51,aquanet/water/ph,6.73,OK
2026-05-04 12:09:51,aquanet/water/nitrate,0.118,OK
2026-05-04 12:09:51,aquanet/hydraulic/pressure,2.96,OK
2026-05-04 12:09:51,aquanet/hydraulic/flowrate,74.1,OK
2026-05-04 12:09:51,aquanet/alerts,ALERT E.COLI: 2000.0 CFU/100ml exceeds NPS-FM limit of 540.0 - BACTERIAL CONTAMINATION DETECTED,ALERT
2026-05-04 12:09:51,aquanet/alerts,ALERT TURBIDITY: 14.0 NTU exceeds 5.0 NTU - TREATMENT REQUIRED,ALERT
2026-05-04 12:10:01,aquanet/water/turbidity,20.0,ALERT - Turbidity 20.0 NTU exceeds 5.0
2026-05-04 12:10:01,aquanet/water/ecoli,2700.0,ALERT - E.coli 2700.0 CFU/100ml exceeds 540.0
2026-05-04 12:10:01,aquanet/water/ph,6.53,OK
2026-05-04 12:10:01,aquanet/water/nitrate,0.137,OK
2026-05-04 12:10:01,aquanet/hydraulic/pressure,4.84,OK
2026-05-04 12:10:01,aquanet/hydraulic/flowrate,95.2,OK
2026-05-04 12:10:01,aquanet/alerts,ALERT E.COLI: 2700.0 CFU/100ml exceeds NPS-FM limit of 540.0 - BACTERIAL CONTAMINATION DETECTED,ALERT
2026-05-04 12:10:01,aquanet/alerts,ALERT TURBIDITY: 20.0 NTU exceeds 5.0 NTU - TREATMENT REQUIRED,ALERT
2026-05-04 12:10:11,aquanet/water/turbidity,18.0,ALERT - Turbidity 18.0 NTU exceeds 5.0
2026-05-04 12:10:11,aquanet/water/ecoli,3500.0,ALERT - E.coli 3500.0 CFU/100ml exceeds 540.0
2026-05-04 12:10:11,aquanet/water/ph,7.01,OK
2026-05-04 12:10:11,aquanet/water/nitrate,0.108,OK
2026-05-04 12:10:11,aquanet/hydraulic/pressure,3.44,OK
2026-05-04 12:10:11,aquanet/hydraulic/flowrate,86.1,OK
2026-05-04 12:10:11,aquanet/alerts,ALERT E.COLI: 3500.0 CFU/100ml exceeds NPS-FM limit of 540.0 - BACTERIAL CONTAMINATION DETECTED,ALERT
2026-05-04 12:10:11,aquanet/alerts,ALERT TURBIDITY: 18.0 NTU exceeds 5.0 NTU - TREATMENT REQUIRED,ALERT
2026-05-04 12:10:21,aquanet/water/turbidity,27.0,ALERT - Turbidity 27.0 NTU exceeds 5.0
2026-05-04 12:10:21,aquanet/water/ecoli,9700.0,ALERT - E.coli 9700.0 CFU/100ml exceeds 540.0
2026-05-04 12:10:21,aquanet/water/ph,6.93,OK
2026-05-04 12:10:21,aquanet/water/nitrate,0.121,OK
2026-05-04 12:10:21,aquanet/hydraulic/pressure,3.13,OK
2026-05-04 12:10:21,aquanet/hydraulic/flowrate,95.0,OK
2026-05-04 12:10:21,aquanet/alerts,ALERT E.COLI: 9700.0 CFU/100ml exceeds NPS-FM limit of 540.0 - BACTERIAL CONTAMINATION DETECTED,ALERT
2026-05-04 12:10:21,aquanet/alerts,ALERT TURBIDITY: 27.0 NTU exceeds 5.0 NTU - TREATMENT REQUIRED,ALERT
2026-05-04 12:10:31,aquanet/water/turbidity,11.0,ALERT - Turbidity 11.0 NTU exceeds 5.0
2026-05-04 12:10:31,aquanet/water/ecoli,680.0,ALERT - E.coli 680.0 CFU/100ml exceeds 540.0
2026-05-04 12:10:31,aquanet/water/ph,6.74,OK
2026-05-04 12:10:31,aquanet/water/nitrate,0.9,OK
2026-05-04 12:10:31,aquanet/hydraulic/pressure,2.89,OK
2026-05-04 12:10:31,aquanet/hydraulic/flowrate,87.7,OK
2026-05-04 12:10:31,aquanet/alerts,ALERT E.COLI: 680.0 CFU/100ml exceeds NPS-FM limit of 540.0 - BACTERIAL CONTAMINATION DETECTED,ALERT
2026-05-04 12:10:31,aquanet/alerts,ALERT TURBIDITY: 11.0 NTU exceeds 5.0 NTU - TREATMENT REQUIRED,ALERT
2026-05-04 12:10:41,aquanet/water/turbidity,10.0,ALERT - Turbidity 10.0 NTU exceeds 5.0
2026-05-04 12:10:41,aquanet/water/ecoli,840.0,ALERT - E.coli 840.0 CFU/100ml exceeds 540.0
2026-05-04 12:10:41,aquanet/water/ph,7.09,OK
2026-05-04 12:10:41,aquanet/water/nitrate,1.04,OK
2026-05-04 12:10:41,aquanet/hydraulic/pressure,3.03,OK
2026-05-04 12:10:41,aquanet/hydraulic/flowrate,70.7,OK
2026-05-04 12:10:41,aquanet/alerts,ALERT E.COLI: 840.0 CFU/100ml exceeds NPS-FM limit of 540.0 - BACTERIAL CONTAMINATION DETECTED,ALERT
2026-05-04 12:10:41,aquanet/alerts,ALERT TURBIDITY: 10.0 NTU exceeds 5.0 NTU - TREATMENT REQUIRED,ALERT
2026-05-04 12:10:51,aquanet/water/turbidity,13.0,ALERT - Turbidity 13.0 NTU exceeds 5.0
2026-05-04 12:10:51,aquanet/water/ecoli,800.0,ALERT - E.coli 800.0 CFU/100ml exceeds 540.0
2026-05-04 12:10:51,aquanet/water/ph,7.08,OK
2026-05-04 12:10:51,aquanet/water/nitrate,0.49,OK
2026-05-04 12:10:51,aquanet/hydraulic/pressure,3.31,OK
2026-05-04 12:10:51,aquanet/hydraulic/flowrate,93.0,OK
2026-05-04 12:10:51,aquanet/alerts,ALERT E.COLI: 800.0 CFU/100ml exceeds NPS-FM limit of 540.0 - BACTERIAL CONTAMINATION DETECTED,ALERT
2026-05-04 12:10:51,aquanet/alerts,ALERT TURBIDITY: 13.0 NTU exceeds 5.0 NTU - TREATMENT REQUIRED,ALERT
2026-05-04 12:11:01,aquanet/water/turbidity,40.0,ALERT - Turbidity 40.0 NTU exceeds 5.0
2026-05-04 12:11:01,aquanet/water/ecoli,7400.0,ALERT - E.coli 7400.0 CFU/100ml exceeds 540.0
2026-05-04 12:11:01,aquanet/water/ph,6.61,OK
2026-05-04 12:11:01,aquanet/water/nitrate,0.28,OK
2026-05-04 12:11:01,aquanet/hydraulic/pressure,5.04,ALERT - Pressure 5.04 bar exceeds 5.0
2026-05-04 12:11:01,aquanet/hydraulic/flowrate,94.7,OK
2026-05-04 12:11:01,aquanet/alerts,ALERT E.COLI: 7400.0 CFU/100ml exceeds NPS-FM limit of 540.0 - BACTERIAL CONTAMINATION DETECTED,ALERT
2026-05-04 12:11:01,aquanet/alerts,ALERT TURBIDITY: 40.0 NTU exceeds 5.0 NTU - TREATMENT REQUIRED,ALERT
2026-05-04 12:11:01,aquanet/alerts,ALERT PRESSURE HIGH: 5.04 bar exceeds 5.0 bar - PIPE BURST RISK,ALERT
2026-05-04 12:11:11,aquanet/water/turbidity,15.0,ALERT - Turbidity 15.0 NTU exceeds 5.0
2026-05-04 12:11:11,aquanet/water/ecoli,3500.0,ALERT - E.coli 3500.0 CFU/100ml exceeds 540.0
2026-05-04 12:11:11,aquanet/water/ph,6.47,ALERT - pH 6.47 below minimum 6.5
2026-05-04 12:11:11,aquanet/water/nitrate,0.32,OK
2026-05-04 12:11:11,aquanet/hydraulic/pressure,3.53,OK
2026-05-04 12:11:11,aquanet/hydraulic/flowrate,71.6,OK
2026-05-04 12:11:11,aquanet/alerts,ALERT E.COLI: 3500.0 CFU/100ml exceeds NPS-FM limit of 540.0 - BACTERIAL CONTAMINATION DETECTED,ALERT
2026-05-04 12:11:11,aquanet/alerts,ALERT TURBIDITY: 15.0 NTU exceeds 5.0 NTU - TREATMENT REQUIRED,ALERT
2026-05-04 12:11:11,aquanet/alerts,ALERT pH LOW: 6.47 - CORROSION RISK - below 6.5,ALERT
2026-05-04 12:11:21,aquanet/water/turbidity,25.0,ALERT - Turbidity 25.0 NTU exceeds 5.0
2026-05-04 12:11:21,aquanet/water/ecoli,12000.0,ALERT - E.coli 12000.0 CFU/100ml exceeds 540.0
2026-05-04 12:11:21,aquanet/water/ph,6.42,ALERT - pH 6.42 below minimum 6.5
2026-05-04 12:11:21,aquanet/water/nitrate,0.53,OK
2026-05-04 12:11:21,aquanet/hydraulic/pressure,3.13,OK
2026-05-04 12:11:21,aquanet/hydraulic/flowrate,88.3,OK
2026-05-04 12:11:21,aquanet/alerts,ALERT E.COLI: 12000.0 CFU/100ml exceeds NPS-FM limit of 540.0 - BACTERIAL CONTAMINATION DETECTED,ALERT
2026-05-04 12:11:21,aquanet/alerts,ALERT TURBIDITY: 25.0 NTU exceeds 5.0 NTU - TREATMENT REQUIRED,ALERT
2026-05-04 12:11:21,aquanet/alerts,ALERT pH LOW: 6.42 - CORROSION RISK - below 6.5,ALERT
2026-05-04 12:11:31,aquanet/water/turbidity,21.0,ALERT - Turbidity 21.0 NTU exceeds 5.0
2026-05-04 12:11:31,aquanet/water/ecoli,11000.0,ALERT - E.coli 11000.0 CFU/100ml exceeds 540.0
2026-05-04 12:11:31,aquanet/water/ph,6.63,OK
2026-05-04 12:11:31,aquanet/water/nitrate,0.2,OK
2026-05-04 12:11:31,aquanet/hydraulic/pressure,5.12,ALERT - Pressure 5.12 bar exceeds 5.0
2026-05-04 12:11:31,aquanet/hydraulic/flowrate,78.8,OK
2026-05-04 12:11:31,aquanet/alerts,ALERT E.COLI: 11000.0 CFU/100ml exceeds NPS-FM limit of 540.0 - BACTERIAL CONTAMINATION DETECTED,ALERT
2026-05-04 12:11:31,aquanet/alerts,ALERT TURBIDITY: 21.0 NTU exceeds 5.0 NTU - TREATMENT REQUIRED,ALERT
2026-05-04 12:11:31,aquanet/alerts,ALERT PRESSURE HIGH: 5.12 bar exceeds 5.0 bar - PIPE BURST RISK,ALERT
2026-05-04 12:11:41,aquanet/water/turbidity,17.0,ALERT - Turbidity 17.0 NTU exceeds 5.0
2026-05-04 12:11:41,aquanet/water/ecoli,2900.0,ALERT - E.coli 2900.0 CFU/100ml exceeds 540.0
2026-05-04 12:11:41,aquanet/water/ph,7.06,OK
2026-05-04 12:11:41,aquanet/water/nitrate,0.21,OK
2026-05-04 12:11:41,aquanet/hydraulic/pressure,3.54,OK
2026-05-04 12:11:41,aquanet/hydraulic/flowrate,99.0,OK
2026-05-04 12:11:41,aquanet/alerts,ALERT E.COLI: 2900.0 CFU/100ml exceeds NPS-FM limit of 540.0 - BACTERIAL CONTAMINATION DETECTED,ALERT
2026-05-04 12:11:41,aquanet/alerts,ALERT TURBIDITY: 17.0 NTU exceeds 5.0 NTU - TREATMENT REQUIRED,ALERT
2026-05-04 12:11:51,aquanet/water/turbidity,11.0,ALERT - Turbidity 11.0 NTU exceeds 5.0
2026-05-04 12:11:51,aquanet/water/ecoli,1200.0,ALERT - E.coli 1200.0 CFU/100ml exceeds 540.0
2026-05-04 12:11:51,aquanet/water/ph,6.91,OK
2026-05-04 12:11:51,aquanet/water/nitrate,0.179,OK
2026-05-04 12:11:51,aquanet/hydraulic/pressure,3.03,OK
2026-05-04 12:11:51,aquanet/hydraulic/flowrate,77.1,OK
2026-05-04 12:11:51,aquanet/alerts,ALERT E.COLI: 1200.0 CFU/100ml exceeds NPS-FM limit of 540.0 - BACTERIAL CONTAMINATION DETECTED,ALERT
2026-05-04 12:11:51,aquanet/alerts,ALERT TURBIDITY: 11.0 NTU exceeds 5.0 NTU - TREATMENT REQUIRED,ALERT
2026-05-04 12:12:01,aquanet/water/turbidity,18.0,ALERT - Turbidity 18.0 NTU exceeds 5.0
2026-05-04 12:12:01,aquanet/water/ecoli,2500.0,ALERT - E.coli 2500.0 CFU/100ml exceeds 540.0
2026-05-04 12:12:01,aquanet/water/ph,6.93,OK
2026-05-04 12:12:01,aquanet/water/nitrate,0.22,OK
2026-05-04 12:12:01,aquanet/hydraulic/pressure,3.53,OK
2026-05-04 12:12:01,aquanet/hydraulic/flowrate,98.6,OK
2026-05-04 12:12:01,aquanet/alerts,ALERT E.COLI: 2500.0 CFU/100ml exceeds NPS-FM limit of 540.0 - BACTERIAL CONTAMINATION DETECTED,ALERT
2026-05-04 12:12:01,aquanet/alerts,ALERT TURBIDITY: 18.0 NTU exceeds 5.0 NTU - TREATMENT REQUIRED,ALERT
2026-05-04 12:12:11,aquanet/water/turbidity,7.8,ALERT - Turbidity 7.8 NTU exceeds 5.0
2026-05-04 12:12:11,aquanet/water/ecoli,1300.0,ALERT - E.coli 1300.0 CFU/100ml exceeds 540.0
2026-05-04 12:12:11,aquanet/water/ph,6.85,OK
2026-05-04 12:12:11,aquanet/water/nitrate,0.094,OK
2026-05-04 12:12:11,aquanet/hydraulic/pressure,3.14,OK
2026-05-04 12:12:11,aquanet/hydraulic/flowrate,92.3,OK
2026-05-04 12:12:11,aquanet/alerts,ALERT E.COLI: 1300.0 CFU/100ml exceeds NPS-FM limit of 540.0 - BACTERIAL CONTAMINATION DETECTED,ALERT
2026-05-04 12:12:11,aquanet/alerts,ALERT TURBIDITY: 7.8 NTU exceeds 5.0 NTU - TREATMENT REQUIRED,ALERT
2026-05-04 12:12:21,aquanet/water/turbidity,9.0,ALERT - Turbidity 9.0 NTU exceeds 5.0
2026-05-04 12:12:21,aquanet/water/ecoli,27000.0,ALERT - E.coli 27000.0 CFU/100ml exceeds 540.0
2026-05-04 12:12:21,aquanet/water/ph,6.95,OK
2026-05-04 12:12:21,aquanet/water/nitrate,0.48,OK
2026-05-04 12:12:21,aquanet/hydraulic/pressure,3.48,OK
2026-05-04 12:12:21,aquanet/hydraulic/flowrate,80.3,OK
2026-05-04 12:12:21,aquanet/alerts,ALERT E.COLI: 27000.0 CFU/100ml exceeds NPS-FM limit of 540.0 - BACTERIAL CONTAMINATION DETECTED,ALERT
2026-05-04 12:12:21,aquanet/alerts,ALERT TURBIDITY: 9.0 NTU exceeds 5.0 NTU - TREATMENT REQUIRED,ALERT
2026-05-05 15:47:24,aquanet/water/turbidity,30.0,ALERT - Turbidity 30.0 NTU exceeds 5.0
2026-05-05 15:47:24,aquanet/water/ecoli,510.0,OK
2026-05-05 15:47:24,aquanet/water/ph,6.91,OK
2026-05-05 15:47:24,aquanet/water/nitrate,0.42,OK
2026-05-05 15:47:24,aquanet/hydraulic/pressure,3.52,OK
2026-05-05 15:47:24,aquanet/hydraulic/flowrate,74.9,OK
2026-05-05 15:47:24,aquanet/alerts,ALERT TURBIDITY: 30.0 NTU exceeds 5.0 NTU - TREATMENT REQUIRED,ALERT
2026-05-05 15:47:34,aquanet/water/turbidity,11.0,ALERT - Turbidity 11.0 NTU exceeds 5.0
2026-05-05 15:47:34,aquanet/water/ecoli,870.0,ALERT - E.coli 870.0 CFU/100ml exceeds 540.0
2026-05-05 15:47:34,aquanet/water/ph,6.86,OK
2026-05-05 15:47:34,aquanet/water/nitrate,0.33,OK
2026-05-05 15:47:34,aquanet/hydraulic/pressure,5.37,ALERT - Pressure 5.37 bar exceeds 5.0
2026-05-05 15:47:34,aquanet/hydraulic/flowrate,71.2,OK
2026-05-05 15:47:34,aquanet/alerts,ALERT E.COLI: 870.0 CFU/100ml exceeds NPS-FM limit of 540.0 - BACTERIAL CONTAMINATION DETECTED,ALERT
2026-05-05 15:47:34,aquanet/alerts,ALERT TURBIDITY: 11.0 NTU exceeds 5.0 NTU - TREATMENT REQUIRED,ALERT
2026-05-05 15:47:34,aquanet/alerts,ALERT PRESSURE HIGH: 5.37 bar exceeds 5.0 bar - PIPE BURST RISK,ALERT
2026-05-05 15:47:44,aquanet/water/turbidity,16.0,ALERT - Turbidity 16.0 NTU exceeds 5.0
2026-05-05 15:47:44,aquanet/water/ecoli,1200.0,ALERT - E.coli 1200.0 CFU/100ml exceeds 540.0
2026-05-05 15:47:44,aquanet/water/ph,6.7,OK
2026-05-05 15:47:44,aquanet/water/nitrate,0.3,OK
2026-05-05 15:47:44,aquanet/hydraulic/pressure,2.98,OK
2026-05-05 15:47:44,aquanet/hydraulic/flowrate,73.9,OK
2026-05-05 15:47:44,aquanet/alerts,ALERT E.COLI: 1200.0 CFU/100ml exceeds NPS-FM limit of 540.0 - BACTERIAL CONTAMINATION DETECTED,ALERT
2026-05-05 15:47:44,aquanet/alerts,ALERT TURBIDITY: 16.0 NTU exceeds 5.0 NTU - TREATMENT REQUIRED,ALERT
2026-05-05 15:47:54,aquanet/water/turbidity,12.0,ALERT - Turbidity 12.0 NTU exceeds 5.0
2026-05-05 15:47:54,aquanet/water/ecoli,610.0,ALERT - E.coli 610.0 CFU/100ml exceeds 540.0
2026-05-05 15:47:54,aquanet/water/ph,6.8,OK
2026-05-05 15:47:54,aquanet/water/nitrate,0.26,OK
2026-05-05 15:47:54,aquanet/hydraulic/pressure,3.04,OK
2026-05-05 15:47:54,aquanet/hydraulic/flowrate,70.6,OK
2026-05-05 15:47:54,aquanet/alerts,ALERT E.COLI: 610.0 CFU/100ml exceeds NPS-FM limit of 540.0 - BACTERIAL CONTAMINATION DETECTED,ALERT
2026-05-05 15:47:54,aquanet/alerts,ALERT TURBIDITY: 12.0 NTU exceeds 5.0 NTU - TREATMENT REQUIRED,ALERT
2026-05-05 15:48:04,aquanet/water/turbidity,18.0,ALERT - Turbidity 18.0 NTU exceeds 5.0
2026-05-05 15:48:04,aquanet/water/ecoli,7300.0,ALERT - E.coli 7300.0 CFU/100ml exceeds 540.0
2026-05-05 15:48:04,aquanet/water/ph,6.8,OK
2026-05-05 15:48:04,aquanet/water/nitrate,0.31,OK
2026-05-05 15:48:04,aquanet/hydraulic/pressure,5.05,ALERT - Pressure 5.05 bar exceeds 5.0
2026-05-05 15:48:04,aquanet/hydraulic/flowrate,99.3,OK
2026-05-05 15:48:04,aquanet/alerts,ALERT E.COLI: 7300.0 CFU/100ml exceeds NPS-FM limit of 540.0 - BACTERIAL CONTAMINATION DETECTED,ALERT
2026-05-05 15:48:04,aquanet/alerts,ALERT TURBIDITY: 18.0 NTU exceeds 5.0 NTU - TREATMENT REQUIRED,ALERT
2026-05-05 15:48:04,aquanet/alerts,ALERT PRESSURE HIGH: 5.05 bar exceeds 5.0 bar - PIPE BURST RISK,ALERT
2026-05-05 15:48:14,aquanet/water/turbidity,14.0,ALERT - Turbidity 14.0 NTU exceeds 5.0
2026-05-05 15:48:14,aquanet/water/ecoli,2000.0,ALERT - E.coli 2000.0 CFU/100ml exceeds 540.0
2026-05-05 15:48:14,aquanet/water/ph,6.73,OK
2026-05-05 15:48:14,aquanet/water/nitrate,0.118,OK
2026-05-05 15:48:14,aquanet/hydraulic/pressure,3.28,OK
2026-05-05 15:48:14,aquanet/hydraulic/flowrate,81.5,OK
2026-05-05 15:48:14,aquanet/alerts,ALERT E.COLI: 2000.0 CFU/100ml exceeds NPS-FM limit of 540.0 - BACTERIAL CONTAMINATION DETECTED,ALERT
2026-05-05 15:48:14,aquanet/alerts,ALERT TURBIDITY: 14.0 NTU exceeds 5.0 NTU - TREATMENT REQUIRED,ALERT
2026-05-05 15:48:24,aquanet/water/turbidity,20.0,ALERT - Turbidity 20.0 NTU exceeds 5.0
2026-05-05 15:48:24,aquanet/water/ecoli,2700.0,ALERT - E.coli 2700.0 CFU/100ml exceeds 540.0
2026-05-05 15:48:24,aquanet/water/ph,6.53,OK
2026-05-05 15:48:24,aquanet/water/nitrate,0.137,OK
2026-05-05 15:48:24,aquanet/hydraulic/pressure,5.42,ALERT - Pressure 5.42 bar exceeds 5.0
2026-05-05 15:48:24,aquanet/hydraulic/flowrate,89.4,OK
2026-05-05 15:48:24,aquanet/alerts,ALERT E.COLI: 2700.0 CFU/100ml exceeds NPS-FM limit of 540.0 - BACTERIAL CONTAMINATION DETECTED,ALERT
2026-05-05 15:48:24,aquanet/alerts,ALERT TURBIDITY: 20.0 NTU exceeds 5.0 NTU - TREATMENT REQUIRED,ALERT
2026-05-05 15:48:24,aquanet/alerts,ALERT PRESSURE HIGH: 5.42 bar exceeds 5.0 bar - PIPE BURST RISK,ALERT
2026-05-05 15:48:34,aquanet/water/turbidity,18.0,ALERT - Turbidity 18.0 NTU exceeds 5.0
2026-05-05 15:48:34,aquanet/water/ecoli,3500.0,ALERT - E.coli 3500.0 CFU/100ml exceeds 540.0
2026-05-05 15:48:34,aquanet/water/ph,7.01,OK
2026-05-05 15:48:34,aquanet/water/nitrate,0.108,OK
2026-05-05 15:48:34,aquanet/hydraulic/pressure,5.73,ALERT - Pressure 5.73 bar exceeds 5.0
2026-05-05 15:48:34,aquanet/hydraulic/flowrate,75.0,OK
2026-05-05 15:48:34,aquanet/alerts,ALERT E.COLI: 3500.0 CFU/100ml exceeds NPS-FM limit of 540.0 - BACTERIAL CONTAMINATION DETECTED,ALERT
2026-05-05 15:48:34,aquanet/alerts,ALERT TURBIDITY: 18.0 NTU exceeds 5.0 NTU - TREATMENT REQUIRED,ALERT
2026-05-05 15:48:34,aquanet/alerts,ALERT PRESSURE HIGH: 5.73 bar exceeds 5.0 bar - PIPE BURST RISK,ALERT
2026-05-05 15:48:44,aquanet/water/turbidity,27.0,ALERT - Turbidity 27.0 NTU exceeds 5.0
2026-05-05 15:48:44,aquanet/water/ecoli,9700.0,ALERT - E.coli 9700.0 CFU/100ml exceeds 540.0
2026-05-05 15:48:44,aquanet/water/ph,6.93,OK
2026-05-05 15:48:44,aquanet/water/nitrate,0.121,OK
2026-05-05 15:48:44,aquanet/hydraulic/pressure,2.81,OK
2026-05-05 15:48:44,aquanet/hydraulic/flowrate,73.1,OK
2026-05-05 15:48:44,aquanet/alerts,ALERT E.COLI: 9700.0 CFU/100ml exceeds NPS-FM limit of 540.0 - BACTERIAL CONTAMINATION DETECTED,ALERT
2026-05-05 15:48:44,aquanet/alerts,ALERT TURBIDITY: 27.0 NTU exceeds 5.0 NTU - TREATMENT REQUIRED,ALERT
2026-05-05 15:48:54,aquanet/water/turbidity,11.0,ALERT - Turbidity 11.0 NTU exceeds 5.0
2026-05-05 15:48:54,aquanet/water/ecoli,680.0,ALERT - E.coli 680.0 CFU/100ml exceeds 540.0
2026-05-05 15:48:54,aquanet/water/ph,6.74,OK
2026-05-05 15:48:54,aquanet/water/nitrate,0.9,OK
2026-05-05 15:48:54,aquanet/hydraulic/pressure,2.89,OK
2026-05-05 15:48:54,aquanet/hydraulic/flowrate,95.7,OK
2026-05-05 15:48:54,aquanet/alerts,ALERT E.COLI: 680.0 CFU/100ml exceeds NPS-FM limit of 540.0 - BACTERIAL CONTAMINATION DETECTED,ALERT
2026-05-05 15:48:54,aquanet/alerts,ALERT TURBIDITY: 11.0 NTU exceeds 5.0 NTU - TREATMENT REQUIRED,ALERT
2026-05-05 15:49:04,aquanet/water/turbidity,10.0,ALERT - Turbidity 10.0 NTU exceeds 5.0
2026-05-05 15:49:04,aquanet/water/ecoli,840.0,ALERT - E.coli 840.0 CFU/100ml exceeds 540.0
2026-05-05 15:49:04,aquanet/water/ph,7.09,OK
2026-05-05 15:49:04,aquanet/water/nitrate,1.04,OK
2026-05-05 15:49:04,aquanet/hydraulic/pressure,5.24,ALERT - Pressure 5.24 bar exceeds 5.0
2026-05-05 15:49:04,aquanet/hydraulic/flowrate,70.5,OK
2026-05-05 15:49:04,aquanet/alerts,ALERT E.COLI: 840.0 CFU/100ml exceeds NPS-FM limit of 540.0 - BACTERIAL CONTAMINATION DETECTED,ALERT
2026-05-05 15:49:04,aquanet/alerts,ALERT TURBIDITY: 10.0 NTU exceeds 5.0 NTU - TREATMENT REQUIRED,ALERT
2026-05-05 15:49:04,aquanet/alerts,ALERT PRESSURE HIGH: 5.24 bar exceeds 5.0 bar - PIPE BURST RISK,ALERT
2026-05-05 15:49:14,aquanet/water/turbidity,13.0,ALERT - Turbidity 13.0 NTU exceeds 5.0
2026-05-05 15:49:14,aquanet/water/ecoli,800.0,ALERT - E.coli 800.0 CFU/100ml exceeds 540.0
2026-05-05 15:49:14,aquanet/water/ph,7.08,OK
2026-05-05 15:49:14,aquanet/water/nitrate,0.49,OK
2026-05-05 15:49:14,aquanet/hydraulic/pressure,3.35,OK
2026-05-05 15:49:14,aquanet/hydraulic/flowrate,76.2,OK
2026-05-05 15:49:14,aquanet/alerts,ALERT E.COLI: 800.0 CFU/100ml exceeds NPS-FM limit of 540.0 - BACTERIAL CONTAMINATION DETECTED,ALERT
2026-05-05 15:49:14,aquanet/alerts,ALERT TURBIDITY: 13.0 NTU exceeds 5.0 NTU - TREATMENT REQUIRED,ALERT
2026-05-05 15:49:24,aquanet/water/turbidity,40.0,ALERT - Turbidity 40.0 NTU exceeds 5.0
2026-05-05 15:49:24,aquanet/water/ecoli,7400.0,ALERT - E.coli 7400.0 CFU/100ml exceeds 540.0
2026-05-05 15:49:24,aquanet/water/ph,6.61,OK
2026-05-05 15:49:24,aquanet/water/nitrate,0.28,OK
2026-05-05 15:49:24,aquanet/hydraulic/pressure,3.24,OK
2026-05-05 15:49:24,aquanet/hydraulic/flowrate,82.8,OK
2026-05-05 15:49:24,aquanet/alerts,ALERT E.COLI: 7400.0 CFU/100ml exceeds NPS-FM limit of 540.0 - BACTERIAL CONTAMINATION DETECTED,ALERT
2026-05-05 15:49:24,aquanet/alerts,ALERT TURBIDITY: 40.0 NTU exceeds 5.0 NTU - TREATMENT REQUIRED,ALERT
2026-05-05 15:49:34,aquanet/water/turbidity,15.0,ALERT - Turbidity 15.0 NTU exceeds 5.0
2026-05-05 15:49:34,aquanet/water/ecoli,3500.0,ALERT - E.coli 3500.0 CFU/100ml exceeds 540.0
2026-05-05 15:49:34,aquanet/water/ph,6.47,ALERT - pH 6.47 below minimum 6.5
2026-05-05 15:49:34,aquanet/water/nitrate,0.32,OK
2026-05-05 15:49:34,aquanet/hydraulic/pressure,2.86,OK
2026-05-05 15:49:34,aquanet/hydraulic/flowrate,92.1,OK
2026-05-05 15:49:34,aquanet/alerts,ALERT E.COLI: 3500.0 CFU/100ml exceeds NPS-FM limit of 540.0 - BACTERIAL CONTAMINATION DETECTED,ALERT
2026-05-05 15:49:34,aquanet/alerts,ALERT TURBIDITY: 15.0 NTU exceeds 5.0 NTU - TREATMENT REQUIRED,ALERT
2026-05-05 15:49:34,aquanet/alerts,ALERT pH LOW: 6.47 - CORROSION RISK - below 6.5,ALERT
2026-05-05 15:49:44,aquanet/water/turbidity,25.0,ALERT - Turbidity 25.0 NTU exceeds 5.0
2026-05-05 15:49:44,aquanet/water/ecoli,12000.0,ALERT - E.coli 12000.0 CFU/100ml exceeds 540.0
2026-05-05 15:49:44,aquanet/water/ph,6.42,ALERT - pH 6.42 below minimum 6.5
2026-05-05 15:49:44,aquanet/water/nitrate,0.53,OK
2026-05-05 15:49:44,aquanet/hydraulic/pressure,3.13,OK
2026-05-05 15:49:44,aquanet/hydraulic/flowrate,98.3,OK
2026-05-05 15:49:44,aquanet/alerts,ALERT E.COLI: 12000.0 CFU/100ml exceeds NPS-FM limit of 540.0 - BACTERIAL CONTAMINATION DETECTED,ALERT
2026-05-05 15:49:44,aquanet/alerts,ALERT TURBIDITY: 25.0 NTU exceeds 5.0 NTU - TREATMENT REQUIRED,ALERT
2026-05-05 15:49:44,aquanet/alerts,ALERT pH LOW: 6.42 - CORROSION RISK - below 6.5,ALERT
2026-05-05 15:49:54,aquanet/water/turbidity,21.0,ALERT - Turbidity 21.0 NTU exceeds 5.0
2026-05-05 15:49:54,aquanet/water/ecoli,11000.0,ALERT - E.coli 11000.0 CFU/100ml exceeds 540.0
2026-05-05 15:49:55,aquanet/water/ph,6.63,OK
2026-05-05 15:49:55,aquanet/water/nitrate,0.2,OK
2026-05-05 15:49:55,aquanet/hydraulic/pressure,2.95,OK
2026-05-05 15:49:55,aquanet/hydraulic/flowrate,91.6,OK
2026-05-05 15:49:55,aquanet/alerts,ALERT E.COLI: 11000.0 CFU/100ml exceeds NPS-FM limit of 540.0 - BACTERIAL CONTAMINATION DETECTED,ALERT
2026-05-05 15:49:55,aquanet/alerts,ALERT TURBIDITY: 21.0 NTU exceeds 5.0 NTU - TREATMENT REQUIRED,ALERT
2026-05-05 15:50:05,aquanet/water/turbidity,17.0,ALERT - Turbidity 17.0 NTU exceeds 5.0
2026-05-05 15:50:05,aquanet/water/ecoli,2900.0,ALERT - E.coli 2900.0 CFU/100ml exceeds 540.0
2026-05-05 15:50:05,aquanet/water/ph,7.06,OK
2026-05-05 15:50:05,aquanet/water/nitrate,0.21,OK
2026-05-05 15:50:05,aquanet/hydraulic/pressure,3.39,OK
2026-05-05 15:50:05,aquanet/hydraulic/flowrate,93.0,OK
2026-05-05 15:50:05,aquanet/alerts,ALERT E.COLI: 2900.0 CFU/100ml exceeds NPS-FM limit of 540.0 - BACTERIAL CONTAMINATION DETECTED,ALERT
2026-05-05 15:50:05,aquanet/alerts,ALERT TURBIDITY: 17.0 NTU exceeds 5.0 NTU - TREATMENT REQUIRED,ALERT
2026-05-05 15:50:15,aquanet/water/turbidity,11.0,ALERT - Turbidity 11.0 NTU exceeds 5.0
2026-05-05 15:50:15,aquanet/water/ecoli,1200.0,ALERT - E.coli 1200.0 CFU/100ml exceeds 540.0
2026-05-05 15:50:15,aquanet/water/ph,6.91,OK
2026-05-05 15:50:15,aquanet/water/nitrate,0.179,OK
2026-05-05 15:50:15,aquanet/hydraulic/pressure,3.49,OK
2026-05-05 15:50:15,aquanet/hydraulic/flowrate,82.7,OK
2026-05-05 15:50:15,aquanet/alerts,ALERT E.COLI: 1200.0 CFU/100ml exceeds NPS-FM limit of 540.0 - BACTERIAL CONTAMINATION DETECTED,ALERT
2026-05-05 15:50:15,aquanet/alerts,ALERT TURBIDITY: 11.0 NTU exceeds 5.0 NTU - TREATMENT REQUIRED,ALERT
2026-05-05 15:50:25,aquanet/water/turbidity,18.0,ALERT - Turbidity 18.0 NTU exceeds 5.0
2026-05-05 15:50:25,aquanet/water/ecoli,2500.0,ALERT - E.coli 2500.0 CFU/100ml exceeds 540.0
2026-05-05 15:50:25,aquanet/water/ph,6.93,OK
2026-05-05 15:50:25,aquanet/water/nitrate,0.22,OK
2026-05-05 15:50:25,aquanet/hydraulic/pressure,3.52,OK
2026-05-05 15:50:25,aquanet/hydraulic/flowrate,90.5,OK
2026-05-05 15:50:25,aquanet/alerts,ALERT E.COLI: 2500.0 CFU/100ml exceeds NPS-FM limit of 540.0 - BACTERIAL CONTAMINATION DETECTED,ALERT
2026-05-05 15:50:25,aquanet/alerts,ALERT TURBIDITY: 18.0 NTU exceeds 5.0 NTU - TREATMENT REQUIRED,ALERT
2026-05-05 15:50:35,aquanet/water/turbidity,7.8,ALERT - Turbidity 7.8 NTU exceeds 5.0
2026-05-05 15:50:35,aquanet/water/ecoli,1300.0,ALERT - E.coli 1300.0 CFU/100ml exceeds 540.0
2026-05-05 15:50:35,aquanet/water/ph,6.85,OK
2026-05-05 15:50:35,aquanet/water/nitrate,0.094,OK
2026-05-05 15:50:35,aquanet/hydraulic/pressure,4.68,OK
2026-05-05 15:50:35,aquanet/hydraulic/flowrate,87.4,OK
2026-05-05 15:50:35,aquanet/alerts,ALERT E.COLI: 1300.0 CFU/100ml exceeds NPS-FM limit of 540.0 - BACTERIAL CONTAMINATION DETECTED,ALERT
2026-05-05 15:50:35,aquanet/alerts,ALERT TURBIDITY: 7.8 NTU exceeds 5.0 NTU - TREATMENT REQUIRED,ALERT
2026-05-05 15:50:45,aquanet/water/turbidity,9.0,ALERT - Turbidity 9.0 NTU exceeds 5.0
2026-05-05 15:50:45,aquanet/water/ecoli,27000.0,ALERT - E.coli 27000.0 CFU/100ml exceeds 540.0
2026-05-05 15:50:45,aquanet/water/ph,6.95,OK
2026-05-05 15:50:45,aquanet/water/nitrate,0.48,OK
2026-05-05 15:50:45,aquanet/hydraulic/pressure,4.55,OK
2026-05-05 15:50:45,aquanet/hydraulic/flowrate,80.2,OK
2026-05-05 15:50:45,aquanet/alerts,ALERT E.COLI: 27000.0 CFU/100ml exceeds NPS-FM limit of 540.0 - BACTERIAL CONTAMINATION DETECTED,ALERT
2026-05-05 15:50:45,aquanet/alerts,ALERT TURBIDITY: 9.0 NTU exceeds 5.0 NTU - TREATMENT REQUIRED,ALERT
2026-05-05 15:50:55,aquanet/water/turbidity,11.0,ALERT - Turbidity 11.0 NTU exceeds 5.0
2026-05-05 15:50:55,aquanet/water/ecoli,810.0,ALERT - E.coli 810.0 CFU/100ml exceeds 540.0
2026-05-05 15:50:55,aquanet/water/ph,6.24,ALERT - pH 6.24 below minimum 6.5
2026-05-05 15:50:55,aquanet/water/nitrate,0.28,OK
2026-05-05 15:50:55,aquanet/hydraulic/pressure,3.17,OK
2026-05-05 15:50:55,aquanet/hydraulic/flowrate,81.1,OK
2026-05-05 15:50:55,aquanet/alerts,ALERT E.COLI: 810.0 CFU/100ml exceeds NPS-FM limit of 540.0 - BACTERIAL CONTAMINATION DETECTED,ALERT
2026-05-05 15:50:55,aquanet/alerts,ALERT TURBIDITY: 11.0 NTU exceeds 5.0 NTU - TREATMENT REQUIRED,ALERT
2026-05-05 15:50:55,aquanet/alerts,ALERT pH LOW: 6.24 - CORROSION RISK - below 6.5,ALERT
2026-05-05 15:51:05,aquanet/water/turbidity,22.0,ALERT - Turbidity 22.0 NTU exceeds 5.0
2026-05-05 15:51:05,aquanet/water/ecoli,3100.0,ALERT - E.coli 3100.0 CFU/100ml exceeds 540.0
2026-05-05 15:51:05,aquanet/water/ph,6.86,OK
2026-05-05 15:51:05,aquanet/water/nitrate,0.58,OK
2026-05-05 15:51:05,aquanet/hydraulic/pressure,3.55,OK
2026-05-05 15:51:05,aquanet/hydraulic/flowrate,75.3,OK
2026-05-05 15:51:05,aquanet/alerts,ALERT E.COLI: 3100.0 CFU/100ml exceeds NPS-FM limit of 540.0 - BACTERIAL CONTAMINATION DETECTED,ALERT
2026-05-05 15:51:05,aquanet/alerts,ALERT TURBIDITY: 22.0 NTU exceeds 5.0 NTU - TREATMENT REQUIRED,ALERT
2026-05-05 15:51:15,aquanet/water/turbidity,6.9,ALERT - Turbidity 6.9 NTU exceeds 5.0
2026-05-05 15:51:15,aquanet/water/ecoli,31000.0,ALERT - E.coli 31000.0 CFU/100ml exceeds 540.0
2026-05-05 15:51:15,aquanet/water/ph,6.67,OK
2026-05-05 15:51:15,aquanet/water/nitrate,0.53,OK
2026-05-05 15:51:15,aquanet/hydraulic/pressure,5.26,ALERT - Pressure 5.26 bar exceeds 5.0
2026-05-05 15:51:15,aquanet/hydraulic/flowrate,93.3,OK
2026-05-05 15:51:15,aquanet/alerts,ALERT E.COLI: 31000.0 CFU/100ml exceeds NPS-FM limit of 540.0 - BACTERIAL CONTAMINATION DETECTED,ALERT
2026-05-05 15:51:15,aquanet/alerts,ALERT TURBIDITY: 6.9 NTU exceeds 5.0 NTU - TREATMENT REQUIRED,ALERT
2026-05-05 15:51:15,aquanet/alerts,ALERT PRESSURE HIGH: 5.26 bar exceeds 5.0 bar - PIPE BURST RISK,ALERT
2026-05-05 15:51:25,aquanet/water/turbidity,7.7,ALERT - Turbidity 7.7 NTU exceeds 5.0
2026-05-05 15:51:25,aquanet/water/ecoli,1100.0,ALERT - E.coli 1100.0 CFU/100ml exceeds 540.0
2026-05-05 15:51:25,aquanet/water/ph,6.08,ALERT - pH 6.08 below minimum 6.5
2026-05-05 15:51:25,aquanet/water/nitrate,0.69,OK
2026-05-05 15:51:25,aquanet/hydraulic/pressure,4.73,OK
2026-05-05 15:51:25,aquanet/hydraulic/flowrate,73.9,OK
2026-05-05 15:51:25,aquanet/alerts,ALERT E.COLI: 1100.0 CFU/100ml exceeds NPS-FM limit of 540.0 - BACTERIAL CONTAMINATION DETECTED,ALERT
2026-05-05 15:51:25,aquanet/alerts,ALERT TURBIDITY: 7.7 NTU exceeds 5.0 NTU - TREATMENT REQUIRED,ALERT
2026-05-05 15:51:25,aquanet/alerts,ALERT pH LOW: 6.08 - CORROSION RISK - below 6.5,ALERT
2026-05-05 15:51:35,aquanet/water/turbidity,7.1,ALERT - Turbidity 7.1 NTU exceeds 5.0
2026-05-05 15:51:35,aquanet/water/ecoli,850.0,ALERT - E.coli 850.0 CFU/100ml exceeds 540.0
2026-05-05 15:51:35,aquanet/water/ph,6.95,OK
2026-05-05 15:51:35,aquanet/water/nitrate,0.53,OK
2026-05-05 15:51:35,aquanet/hydraulic/pressure,3.49,OK
2026-05-05 15:51:35,aquanet/hydraulic/flowrate,98.8,OK
2026-05-05 15:51:35,aquanet/alerts,ALERT E.COLI: 850.0 CFU/100ml exceeds NPS-FM limit of 540.0 - BACTERIAL CONTAMINATION DETECTED,ALERT
2026-05-05 15:51:35,aquanet/alerts,ALERT TURBIDITY: 7.1 NTU exceeds 5.0 NTU - TREATMENT REQUIRED,ALERT
2026-05-05 15:51:45,aquanet/water/turbidity,15.0,ALERT - Turbidity 15.0 NTU exceeds 5.0
2026-05-05 15:51:45,aquanet/water/ecoli,4400.0,ALERT - E.coli 4400.0 CFU/100ml exceeds 540.0
2026-05-05 15:51:45,aquanet/water/ph,6.79,OK
2026-05-05 15:51:45,aquanet/water/nitrate,0.57,OK
2026-05-05 15:51:45,aquanet/hydraulic/pressure,2.91,OK
2026-05-05 15:51:45,aquanet/hydraulic/flowrate,90.4,OK
2026-05-05 15:51:45,aquanet/alerts,ALERT E.COLI: 4400.0 CFU/100ml exceeds NPS-FM limit of 540.0 - BACTERIAL CONTAMINATION DETECTED,ALERT
2026-05-05 15:51:45,aquanet/alerts,ALERT TURBIDITY: 15.0 NTU exceeds 5.0 NTU - TREATMENT REQUIRED,ALERT
2026-05-05 15:51:55,aquanet/water/turbidity,7.9,ALERT - Turbidity 7.9 NTU exceeds 5.0
2026-05-05 15:51:55,aquanet/water/ecoli,4200.0,ALERT - E.coli 4200.0 CFU/100ml exceeds 540.0
2026-05-05 15:51:55,aquanet/water/ph,6.87,OK
2026-05-05 15:51:55,aquanet/water/nitrate,0.27,OK
2026-05-05 15:51:55,aquanet/hydraulic/pressure,4.95,OK
2026-05-05 15:51:55,aquanet/hydraulic/flowrate,77.4,OK
2026-05-05 15:51:55,aquanet/alerts,ALERT E.COLI: 4200.0 CFU/100ml exceeds NPS-FM limit of 540.0 - BACTERIAL CONTAMINATION DETECTED,ALERT
2026-05-05 15:51:55,aquanet/alerts,ALERT TURBIDITY: 7.9 NTU exceeds 5.0 NTU - TREATMENT REQUIRED,ALERT
2026-05-05 15:52:05,aquanet/water/turbidity,13.0,ALERT - Turbidity 13.0 NTU exceeds 5.0
2026-05-05 15:52:05,aquanet/water/ecoli,1100.0,ALERT - E.coli 1100.0 CFU/100ml exceeds 540.0
2026-05-05 15:52:05,aquanet/water/ph,6.77,OK
2026-05-05 15:52:05,aquanet/water/nitrate,0.012,OK
2026-05-05 15:52:05,aquanet/hydraulic/pressure,3.08,OK
2026-05-05 15:52:05,aquanet/hydraulic/flowrate,88.2,OK
2026-05-05 15:52:05,aquanet/alerts,ALERT E.COLI: 1100.0 CFU/100ml exceeds NPS-FM limit of 540.0 - BACTERIAL CONTAMINATION DETECTED,ALERT
2026-05-05 15:52:05,aquanet/alerts,ALERT TURBIDITY: 13.0 NTU exceeds 5.0 NTU - TREATMENT REQUIRED,ALERT
2026-05-05 15:52:15,aquanet/water/turbidity,12.0,ALERT - Turbidity 12.0 NTU exceeds 5.0
2026-05-05 15:52:15,aquanet/water/ecoli,3000.0,ALERT - E.coli 3000.0 CFU/100ml exceeds 540.0
2026-05-05 15:52:15,aquanet/water/ph,6.76,OK
2026-05-05 15:52:15,aquanet/water/nitrate,0.45,OK
2026-05-05 15:52:15,aquanet/hydraulic/pressure,2.98,OK
2026-05-05 15:52:15,aquanet/hydraulic/flowrate,70.4,OK
2026-05-05 15:52:15,aquanet/alerts,ALERT E.COLI: 3000.0 CFU/100ml exceeds NPS-FM limit of 540.0 - BACTERIAL CONTAMINATION DETECTED,ALERT
2026-05-05 15:52:15,aquanet/alerts,ALERT TURBIDITY: 12.0 NTU exceeds 5.0 NTU - TREATMENT REQUIRED,ALERT
2026-05-05 15:52:25,aquanet/water/turbidity,11.0,ALERT - Turbidity 11.0 NTU exceeds 5.0
2026-05-05 15:52:25,aquanet/water/ecoli,4400.0,ALERT - E.coli 4400.0 CFU/100ml exceeds 540.0
2026-05-05 15:52:25,aquanet/water/ph,7.24,OK
2026-05-05 15:52:25,aquanet/water/nitrate,0.3,OK
2026-05-05 15:52:25,aquanet/hydraulic/pressure,3.48,OK
2026-05-05 15:52:25,aquanet/hydraulic/flowrate,98.4,OK
2026-05-05 15:52:25,aquanet/alerts,ALERT E.COLI: 4400.0 CFU/100ml exceeds NPS-FM limit of 540.0 - BACTERIAL CONTAMINATION DETECTED,ALERT
2026-05-05 15:52:25,aquanet/alerts,ALERT TURBIDITY: 11.0 NTU exceeds 5.0 NTU - TREATMENT REQUIRED,ALERT
2026-05-05 15:52:35,aquanet/water/turbidity,8.3,ALERT - Turbidity 8.3 NTU exceeds 5.0
2026-05-05 15:52:35,aquanet/water/ecoli,1600.0,ALERT - E.coli 1600.0 CFU/100ml exceeds 540.0
2026-05-05 15:52:35,aquanet/water/ph,6.89,OK
2026-05-05 15:52:35,aquanet/water/nitrate,0.3,OK
2026-05-05 15:52:35,aquanet/hydraulic/pressure,3.02,OK
2026-05-05 15:52:35,aquanet/hydraulic/flowrate,78.5,OK
2026-05-05 15:52:35,aquanet/alerts,ALERT E.COLI: 1600.0 CFU/100ml exceeds NPS-FM limit of 540.0 - BACTERIAL CONTAMINATION DETECTED,ALERT
2026-05-05 15:52:35,aquanet/alerts,ALERT TURBIDITY: 8.3 NTU exceeds 5.0 NTU - TREATMENT REQUIRED,ALERT
2026-05-05 15:52:45,aquanet/water/turbidity,9.7,ALERT - Turbidity 9.7 NTU exceeds 5.0
2026-05-05 15:52:45,aquanet/water/ecoli,1100.0,ALERT - E.coli 1100.0 CFU/100ml exceeds 540.0
2026-05-05 15:52:45,aquanet/water/ph,6.68,OK
2026-05-05 15:52:45,aquanet/water/nitrate,0.28,OK
2026-05-05 15:52:45,aquanet/hydraulic/pressure,3.28,OK
2026-05-05 15:52:45,aquanet/hydraulic/flowrate,80.5,OK
2026-05-05 15:52:45,aquanet/alerts,ALERT E.COLI: 1100.0 CFU/100ml exceeds NPS-FM limit of 540.0 - BACTERIAL CONTAMINATION DETECTED,ALERT
2026-05-05 15:52:45,aquanet/alerts,ALERT TURBIDITY: 9.7 NTU exceeds 5.0 NTU - TREATMENT REQUIRED,ALERT
2026-05-05 15:52:55,aquanet/water/turbidity,9.1,ALERT - Turbidity 9.1 NTU exceeds 5.0
2026-05-05 15:52:55,aquanet/water/ecoli,1000.0,ALERT - E.coli 1000.0 CFU/100ml exceeds 540.0
2026-05-05 15:52:55,aquanet/water/ph,7.21,OK
2026-05-05 15:52:55,aquanet/water/nitrate,0.72,OK
2026-05-05 15:52:55,aquanet/hydraulic/pressure,3.46,OK
2026-05-05 15:52:55,aquanet/hydraulic/flowrate,85.5,OK
2026-05-05 15:52:55,aquanet/alerts,ALERT E.COLI: 1000.0 CFU/100ml exceeds NPS-FM limit of 540.0 - BACTERIAL CONTAMINATION DETECTED,ALERT
2026-05-05 15:52:55,aquanet/alerts,ALERT TURBIDITY: 9.1 NTU exceeds 5.0 NTU - TREATMENT REQUIRED,ALERT
2026-05-05 15:53:05,aquanet/water/turbidity,6.9,ALERT - Turbidity 6.9 NTU exceeds 5.0
2026-05-05 15:53:05,aquanet/water/ecoli,380.0,OK
2026-05-05 15:53:05,aquanet/water/ph,6.99,OK
2026-05-05 15:53:05,aquanet/water/nitrate,0.6,OK
2026-05-05 15:53:05,aquanet/hydraulic/pressure,2.86,OK
2026-05-05 15:53:05,aquanet/hydraulic/flowrate,88.6,OK
2026-05-05 15:53:05,aquanet/alerts,ALERT TURBIDITY: 6.9 NTU exceeds 5.0 NTU - TREATMENT REQUIRED,ALERT
2026-05-05 15:53:15,aquanet/water/turbidity,8.5,ALERT - Turbidity 8.5 NTU exceeds 5.0
2026-05-05 15:53:15,aquanet/water/ecoli,520.0,OK
2026-05-05 15:53:15,aquanet/water/ph,6.77,OK
2026-05-05 15:53:15,aquanet/water/nitrate,0.48,OK
2026-05-05 15:53:15,aquanet/hydraulic/pressure,5.52,ALERT - Pressure 5.52 bar exceeds 5.0
2026-05-05 15:53:15,aquanet/hydraulic/flowrate,89.9,OK
2026-05-05 15:53:15,aquanet/alerts,ALERT TURBIDITY: 8.5 NTU exceeds 5.0 NTU - TREATMENT REQUIRED,ALERT
2026-05-05 15:53:15,aquanet/alerts,ALERT PRESSURE HIGH: 5.52 bar exceeds 5.0 bar - PIPE BURST RISK,ALERT
2026-05-05 15:53:25,aquanet/water/turbidity,8.0,ALERT - Turbidity 8.0 NTU exceeds 5.0
2026-05-05 15:53:25,aquanet/water/ecoli,390.0,OK
2026-05-05 15:53:25,aquanet/water/ph,6.78,OK
2026-05-05 15:53:25,aquanet/water/nitrate,0.4,OK
2026-05-05 15:53:25,aquanet/hydraulic/pressure,3.0,OK
2026-05-05 15:53:25,aquanet/hydraulic/flowrate,71.8,OK
2026-05-05 15:53:25,aquanet/alerts,ALERT TURBIDITY: 8.0 NTU exceeds 5.0 NTU - TREATMENT REQUIRED,ALERT
2026-05-05 15:53:35,aquanet/water/turbidity,7.7,ALERT - Turbidity 7.7 NTU exceeds 5.0
2026-05-05 15:53:35,aquanet/water/ecoli,720.0,ALERT - E.coli 720.0 CFU/100ml exceeds 540.0
2026-05-05 15:53:35,aquanet/water/ph,6.99,OK
2026-05-05 15:53:35,aquanet/water/nitrate,0.36,OK
2026-05-05 15:53:35,aquanet/hydraulic/pressure,4.97,OK
2026-05-05 15:53:35,aquanet/hydraulic/flowrate,95.6,OK
2026-05-05 15:53:35,aquanet/alerts,ALERT E.COLI: 720.0 CFU/100ml exceeds NPS-FM limit of 540.0 - BACTERIAL CONTAMINATION DETECTED,ALERT
2026-05-05 15:53:35,aquanet/alerts,ALERT TURBIDITY: 7.7 NTU exceeds 5.0 NTU - TREATMENT REQUIRED,ALERT
2026-05-05 15:53:45,aquanet/water/turbidity,9.7,ALERT - Turbidity 9.7 NTU exceeds 5.0
2026-05-05 15:53:45,aquanet/water/ecoli,790.0,ALERT - E.coli 790.0 CFU/100ml exceeds 540.0
2026-05-05 15:53:45,aquanet/water/ph,6.78,OK
2026-05-05 15:53:45,aquanet/water/nitrate,0.34,OK
2026-05-05 15:53:45,aquanet/hydraulic/pressure,3.01,OK
2026-05-05 15:53:45,aquanet/hydraulic/flowrate,77.8,OK
2026-05-05 15:53:45,aquanet/alerts,ALERT E.COLI: 790.0 CFU/100ml exceeds NPS-FM limit of 540.0 - BACTERIAL CONTAMINATION DETECTED,ALERT
2026-05-05 15:53:45,aquanet/alerts,ALERT TURBIDITY: 9.7 NTU exceeds 5.0 NTU - TREATMENT REQUIRED,ALERT
2026-05-05 15:53:55,aquanet/water/turbidity,7.5,ALERT - Turbidity 7.5 NTU exceeds 5.0
2026-05-05 15:53:55,aquanet/water/ecoli,590.0,ALERT - E.coli 590.0 CFU/100ml exceeds 540.0
2026-05-05 15:53:55,aquanet/water/ph,6.95,OK
2026-05-05 15:53:55,aquanet/water/nitrate,0.3,OK
2026-05-05 15:53:55,aquanet/hydraulic/pressure,3.09,OK
2026-05-05 15:53:55,aquanet/hydraulic/flowrate,88.7,OK
2026-05-05 15:53:55,aquanet/alerts,ALERT E.COLI: 590.0 CFU/100ml exceeds NPS-FM limit of 540.0 - BACTERIAL CONTAMINATION DETECTED,ALERT
2026-05-05 15:53:55,aquanet/alerts,ALERT TURBIDITY: 7.5 NTU exceeds 5.0 NTU - TREATMENT REQUIRED,ALERT
2026-05-05 15:54:05,aquanet/water/turbidity,10.0,ALERT - Turbidity 10.0 NTU exceeds 5.0
2026-05-05 15:54:05,aquanet/water/ecoli,0.0,OK
2026-05-05 15:54:05,aquanet/water/ph,6.8,OK
2026-05-05 15:54:05,aquanet/water/nitrate,0.31,OK
2026-05-05 15:54:05,aquanet/hydraulic/pressure,5.1,ALERT - Pressure 5.1 bar exceeds 5.0
2026-05-05 15:54:05,aquanet/hydraulic/flowrate,74.7,OK
2026-05-05 15:54:05,aquanet/alerts,ALERT TURBIDITY: 10.0 NTU exceeds 5.0 NTU - TREATMENT REQUIRED,ALERT
2026-05-05 15:54:05,aquanet/alerts,ALERT PRESSURE HIGH: 5.1 bar exceeds 5.0 bar - PIPE BURST RISK,ALERT
2026-05-05 15:54:15,aquanet/water/turbidity,12.0,ALERT - Turbidity 12.0 NTU exceeds 5.0
2026-05-05 15:54:15,aquanet/water/ecoli,9800.0,ALERT - E.coli 9800.0 CFU/100ml exceeds 540.0
2026-05-05 15:54:15,aquanet/water/ph,7.27,OK
2026-05-05 15:54:15,aquanet/water/nitrate,0.31,OK
2026-05-05 15:54:15,aquanet/hydraulic/pressure,3.36,OK
2026-05-05 15:54:15,aquanet/hydraulic/flowrate,99.3,OK
2026-05-05 15:54:15,aquanet/alerts,ALERT E.COLI: 9800.0 CFU/100ml exceeds NPS-FM limit of 540.0 - BACTERIAL CONTAMINATION DETECTED,ALERT
2026-05-05 15:54:15,aquanet/alerts,ALERT TURBIDITY: 12.0 NTU exceeds 5.0 NTU - TREATMENT REQUIRED,ALERT
2026-05-05 15:54:25,aquanet/water/turbidity,7.5,ALERT - Turbidity 7.5 NTU exceeds 5.0
2026-05-05 15:54:25,aquanet/water/ecoli,2100.0,ALERT - E.coli 2100.0 CFU/100ml exceeds 540.0
2026-05-05 15:54:25,aquanet/water/ph,7.07,OK
2026-05-05 15:54:25,aquanet/water/nitrate,0.24,OK
2026-05-05 15:54:25,aquanet/hydraulic/pressure,3.14,OK
2026-05-05 15:54:25,aquanet/hydraulic/flowrate,94.5,OK
2026-05-05 15:54:25,aquanet/alerts,ALERT E.COLI: 2100.0 CFU/100ml exceeds NPS-FM limit of 540.0 - BACTERIAL CONTAMINATION DETECTED,ALERT
2026-05-05 15:54:25,aquanet/alerts,ALERT TURBIDITY: 7.5 NTU exceeds 5.0 NTU - TREATMENT REQUIRED,ALERT
2026-05-05 15:54:35,aquanet/water/turbidity,7.8,ALERT - Turbidity 7.8 NTU exceeds 5.0
2026-05-05 15:54:35,aquanet/water/ecoli,2200.0,ALERT - E.coli 2200.0 CFU/100ml exceeds 540.0
2026-05-05 15:54:35,aquanet/water/ph,7.45,OK
2026-05-05 15:54:35,aquanet/water/nitrate,0.21,OK
2026-05-05 15:54:35,aquanet/hydraulic/pressure,3.13,OK
2026-05-05 15:54:35,aquanet/hydraulic/flowrate,92.6,OK
2026-05-05 15:54:35,aquanet/alerts,ALERT E.COLI: 2200.0 CFU/100ml exceeds NPS-FM limit of 540.0 - BACTERIAL CONTAMINATION DETECTED,ALERT
2026-05-05 15:54:35,aquanet/alerts,ALERT TURBIDITY: 7.8 NTU exceeds 5.0 NTU - TREATMENT REQUIRED,ALERT
2026-05-05 15:54:45,aquanet/water/turbidity,7.0,ALERT - Turbidity 7.0 NTU exceeds 5.0
2026-05-05 15:54:45,aquanet/water/ecoli,1500.0,ALERT - E.coli 1500.0 CFU/100ml exceeds 540.0
2026-05-05 15:54:45,aquanet/water/ph,7.43,OK
2026-05-05 15:54:45,aquanet/water/nitrate,0.29,OK
2026-05-05 15:54:45,aquanet/hydraulic/pressure,3.27,OK
2026-05-05 15:54:45,aquanet/hydraulic/flowrate,86.5,OK
2026-05-05 15:54:45,aquanet/alerts,ALERT E.COLI: 1500.0 CFU/100ml exceeds NPS-FM limit of 540.0 - BACTERIAL CONTAMINATION DETECTED,ALERT
2026-05-05 15:54:45,aquanet/alerts,ALERT TURBIDITY: 7.0 NTU exceeds 5.0 NTU - TREATMENT REQUIRED,ALERT
2026-05-05 15:54:55,aquanet/water/turbidity,8.8,ALERT - Turbidity 8.8 NTU exceeds 5.0
2026-05-05 15:54:55,aquanet/water/ecoli,4000.0,ALERT - E.coli 4000.0 CFU/100ml exceeds 540.0
2026-05-05 15:54:55,aquanet/water/ph,7.07,OK
2026-05-05 15:54:55,aquanet/water/nitrate,0.4,OK
2026-05-05 15:54:55,aquanet/hydraulic/pressure,3.56,OK
2026-05-05 15:54:55,aquanet/hydraulic/flowrate,73.8,OK
2026-05-05 15:54:55,aquanet/alerts,ALERT E.COLI: 4000.0 CFU/100ml exceeds NPS-FM limit of 540.0 - BACTERIAL CONTAMINATION DETECTED,ALERT
2026-05-05 15:54:55,aquanet/alerts,ALERT TURBIDITY: 8.8 NTU exceeds 5.0 NTU - TREATMENT REQUIRED,ALERT
2026-05-05 15:55:05,aquanet/water/turbidity,16.0,ALERT - Turbidity 16.0 NTU exceeds 5.0
2026-05-05 15:55:05,aquanet/water/ecoli,1400.0,ALERT - E.coli 1400.0 CFU/100ml exceeds 540.0
2026-05-05 15:55:05,aquanet/water/ph,6.72,OK
2026-05-05 15:55:05,aquanet/water/nitrate,0.38,OK
2026-05-05 15:55:05,aquanet/hydraulic/pressure,3.14,OK
2026-05-05 15:55:05,aquanet/hydraulic/flowrate,96.9,OK
2026-05-05 15:55:05,aquanet/alerts,ALERT E.COLI: 1400.0 CFU/100ml exceeds NPS-FM limit of 540.0 - BACTERIAL CONTAMINATION DETECTED,ALERT
2026-05-05 15:55:05,aquanet/alerts,ALERT TURBIDITY: 16.0 NTU exceeds 5.0 NTU - TREATMENT REQUIRED,ALERT
2026-05-05 15:55:15,aquanet/water/turbidity,7.2,ALERT - Turbidity 7.2 NTU exceeds 5.0
2026-05-05 15:55:15,aquanet/water/ecoli,890.0,ALERT - E.coli 890.0 CFU/100ml exceeds 540.0
2026-05-05 15:55:15,aquanet/water/ph,6.74,OK
2026-05-05 15:55:15,aquanet/water/nitrate,0.137,OK
2026-05-05 15:55:15,aquanet/hydraulic/pressure,3.16,OK
2026-05-05 15:55:15,aquanet/hydraulic/flowrate,91.5,OK
2026-05-05 15:55:15,aquanet/alerts,ALERT E.COLI: 890.0 CFU/100ml exceeds NPS-FM limit of 540.0 - BACTERIAL CONTAMINATION DETECTED,ALERT
2026-05-05 15:55:15,aquanet/alerts,ALERT TURBIDITY: 7.2 NTU exceeds 5.0 NTU - TREATMENT REQUIRED,ALERT
2026-05-05 15:55:25,aquanet/water/turbidity,15.0,ALERT - Turbidity 15.0 NTU exceeds 5.0
2026-05-05 15:55:25,aquanet/water/ecoli,760.0,ALERT - E.coli 760.0 CFU/100ml exceeds 540.0
2026-05-05 15:55:25,aquanet/water/ph,7.51,OK
2026-05-05 15:55:25,aquanet/water/nitrate,0.4,OK
2026-05-05 15:55:25,aquanet/hydraulic/pressure,3.48,OK
2026-05-05 15:55:25,aquanet/hydraulic/flowrate,86.7,OK
2026-05-05 15:55:25,aquanet/alerts,ALERT E.COLI: 760.0 CFU/100ml exceeds NPS-FM limit of 540.0 - BACTERIAL CONTAMINATION DETECTED,ALERT
2026-05-05 15:55:25,aquanet/alerts,ALERT TURBIDITY: 15.0 NTU exceeds 5.0 NTU - TREATMENT REQUIRED,ALERT
2026-05-05 15:55:35,aquanet/water/turbidity,7.1,ALERT - Turbidity 7.1 NTU exceeds 5.0
2026-05-05 15:55:35,aquanet/water/ecoli,590.0,ALERT - E.coli 590.0 CFU/100ml exceeds 540.0
2026-05-05 15:55:35,aquanet/water/ph,7.26,OK
2026-05-05 15:55:35,aquanet/water/nitrate,0.51,OK
2026-05-05 15:55:35,aquanet/hydraulic/pressure,3.23,OK
2026-05-05 15:55:35,aquanet/hydraulic/flowrate,74.2,OK
2026-05-05 15:55:35,aquanet/alerts,ALERT E.COLI: 590.0 CFU/100ml exceeds NPS-FM limit of 540.0 - BACTERIAL CONTAMINATION DETECTED,ALERT
2026-05-05 15:55:35,aquanet/alerts,ALERT TURBIDITY: 7.1 NTU exceeds 5.0 NTU - TREATMENT REQUIRED,ALERT
2026-05-05 15:55:45,aquanet/water/turbidity,6.9,ALERT - Turbidity 6.9 NTU exceeds 5.0
2026-05-05 15:55:45,aquanet/water/ecoli,790.0,ALERT - E.coli 790.0 CFU/100ml exceeds 540.0
2026-05-05 15:55:45,aquanet/water/ph,7.45,OK
2026-05-05 15:55:45,aquanet/water/nitrate,0.47,OK
2026-05-05 15:55:45,aquanet/hydraulic/pressure,2.94,OK
2026-05-05 15:55:45,aquanet/hydraulic/flowrate,74.6,OK
2026-05-05 15:55:45,aquanet/alerts,ALERT E.COLI: 790.0 CFU/100ml exceeds NPS-FM limit of 540.0 - BACTERIAL CONTAMINATION DETECTED,ALERT
2026-05-05 15:55:45,aquanet/alerts,ALERT TURBIDITY: 6.9 NTU exceeds 5.0 NTU - TREATMENT REQUIRED,ALERT
2026-05-05 15:55:55,aquanet/water/turbidity,12.0,ALERT - Turbidity 12.0 NTU exceeds 5.0
2026-05-05 15:55:55,aquanet/water/ecoli,960.0,ALERT - E.coli 960.0 CFU/100ml exceeds 540.0
2026-05-05 15:55:55,aquanet/water/ph,6.97,OK
2026-05-05 15:55:55,aquanet/water/nitrate,0.35,OK
2026-05-05 15:55:55,aquanet/hydraulic/pressure,3.36,OK
2026-05-05 15:55:55,aquanet/hydraulic/flowrate,74.8,OK
2026-05-05 15:55:55,aquanet/alerts,ALERT E.COLI: 960.0 CFU/100ml exceeds NPS-FM limit of 540.0 - BACTERIAL CONTAMINATION DETECTED,ALERT
2026-05-05 15:55:55,aquanet/alerts,ALERT TURBIDITY: 12.0 NTU exceeds 5.0 NTU - TREATMENT REQUIRED,ALERT
2026-05-05 15:56:05,aquanet/water/turbidity,16.0,ALERT - Turbidity 16.0 NTU exceeds 5.0
2026-05-05 15:56:05,aquanet/water/ecoli,3400.0,ALERT - E.coli 3400.0 CFU/100ml exceeds 540.0
2026-05-05 15:56:05,aquanet/water/ph,6.03,ALERT - pH 6.03 below minimum 6.5
2026-05-05 15:56:05,aquanet/water/nitrate,0.39,OK
2026-05-05 15:56:05,aquanet/hydraulic/pressure,2.85,OK
2026-05-05 15:56:05,aquanet/hydraulic/flowrate,94.0,OK
2026-05-05 15:56:05,aquanet/alerts,ALERT E.COLI: 3400.0 CFU/100ml exceeds NPS-FM limit of 540.0 - BACTERIAL CONTAMINATION DETECTED,ALERT
2026-05-05 15:56:05,aquanet/alerts,ALERT TURBIDITY: 16.0 NTU exceeds 5.0 NTU - TREATMENT REQUIRED,ALERT
2026-05-05 15:56:05,aquanet/alerts,ALERT pH LOW: 6.03 - CORROSION RISK - below 6.5,ALERT
2026-05-05 15:56:15,aquanet/water/turbidity,25.0,ALERT - Turbidity 25.0 NTU exceeds 5.0
2026-05-05 15:56:15,aquanet/water/ecoli,6400.0,ALERT - E.coli 6400.0 CFU/100ml exceeds 540.0
2026-05-05 15:56:15,aquanet/water/ph,6.39,ALERT - pH 6.39 below minimum 6.5
2026-05-05 15:56:15,aquanet/water/nitrate,0.34,OK
2026-05-05 15:56:15,aquanet/hydraulic/pressure,3.26,OK
2026-05-05 15:56:15,aquanet/hydraulic/flowrate,86.7,OK
2026-05-05 15:56:15,aquanet/alerts,ALERT E.COLI: 6400.0 CFU/100ml exceeds NPS-FM limit of 540.0 - BACTERIAL CONTAMINATION DETECTED,ALERT
2026-05-05 15:56:15,aquanet/alerts,ALERT TURBIDITY: 25.0 NTU exceeds 5.0 NTU - TREATMENT REQUIRED,ALERT
2026-05-05 15:56:15,aquanet/alerts,ALERT pH LOW: 6.39 - CORROSION RISK - below 6.5,ALERT
2026-05-05 15:56:25,aquanet/water/turbidity,45.0,ALERT - Turbidity 45.0 NTU exceeds 5.0
2026-05-05 15:56:25,aquanet/water/ecoli,31000.0,ALERT - E.coli 31000.0 CFU/100ml exceeds 540.0
2026-05-05 15:56:25,aquanet/water/ph,6.97,OK
2026-05-05 15:56:25,aquanet/water/nitrate,0.37,OK
2026-05-05 15:56:25,aquanet/hydraulic/pressure,3.03,OK
2026-05-05 15:56:25,aquanet/hydraulic/flowrate,79.3,OK
2026-05-05 15:56:25,aquanet/alerts,ALERT E.COLI: 31000.0 CFU/100ml exceeds NPS-FM limit of 540.0 - BACTERIAL CONTAMINATION DETECTED,ALERT
2026-05-05 15:56:25,aquanet/alerts,ALERT TURBIDITY: 45.0 NTU exceeds 5.0 NTU - TREATMENT REQUIRED,ALERT
2026-05-05 15:56:35,aquanet/water/turbidity,10.0,ALERT - Turbidity 10.0 NTU exceeds 5.0
2026-05-05 15:56:35,aquanet/water/ecoli,2400.0,ALERT - E.coli 2400.0 CFU/100ml exceeds 540.0
2026-05-05 15:56:35,aquanet/water/ph,7.18,OK
2026-05-05 15:56:35,aquanet/water/nitrate,0.5,OK
2026-05-05 15:56:35,aquanet/hydraulic/pressure,3.46,OK
2026-05-05 15:56:35,aquanet/hydraulic/flowrate,87.4,OK
2026-05-05 15:56:35,aquanet/alerts,ALERT E.COLI: 2400.0 CFU/100ml exceeds NPS-FM limit of 540.0 - BACTERIAL CONTAMINATION DETECTED,ALERT
2026-05-05 15:56:35,aquanet/alerts,ALERT TURBIDITY: 10.0 NTU exceeds 5.0 NTU - TREATMENT REQUIRED,ALERT
2026-05-05 15:56:45,aquanet/water/turbidity,6.6,ALERT - Turbidity 6.6 NTU exceeds 5.0
2026-05-05 15:56:45,aquanet/water/ecoli,900.0,ALERT - E.coli 900.0 CFU/100ml exceeds 540.0
2026-05-05 15:56:45,aquanet/water/ph,7.06,OK
2026-05-05 15:56:45,aquanet/water/nitrate,0.57,OK
2026-05-05 15:56:45,aquanet/hydraulic/pressure,3.31,OK
2026-05-05 15:56:45,aquanet/hydraulic/flowrate,79.8,OK
2026-05-05 15:56:45,aquanet/alerts,ALERT E.COLI: 900.0 CFU/100ml exceeds NPS-FM limit of 540.0 - BACTERIAL CONTAMINATION DETECTED,ALERT
2026-05-05 15:56:45,aquanet/alerts,ALERT TURBIDITY: 6.6 NTU exceeds 5.0 NTU - TREATMENT REQUIRED,ALERT
2026-05-05 15:56:55,aquanet/water/turbidity,9.3,ALERT - Turbidity 9.3 NTU exceeds 5.0
2026-05-05 15:56:55,aquanet/water/ecoli,750.0,ALERT - E.coli 750.0 CFU/100ml exceeds 540.0
2026-05-05 15:56:55,aquanet/water/ph,7.13,OK
2026-05-05 15:56:55,aquanet/water/nitrate,0.41,OK
2026-05-05 15:56:55,aquanet/hydraulic/pressure,5.49,ALERT - Pressure 5.49 bar exceeds 5.0
2026-05-05 15:56:55,aquanet/hydraulic/flowrate,76.3,OK
2026-05-05 15:56:55,aquanet/alerts,ALERT E.COLI: 750.0 CFU/100ml exceeds NPS-FM limit of 540.0 - BACTERIAL CONTAMINATION DETECTED,ALERT
2026-05-05 15:56:55,aquanet/alerts,ALERT TURBIDITY: 9.3 NTU exceeds 5.0 NTU - TREATMENT REQUIRED,ALERT
2026-05-05 15:56:55,aquanet/alerts,ALERT PRESSURE HIGH: 5.49 bar exceeds 5.0 bar - PIPE BURST RISK,ALERT
2026-05-05 15:57:05,aquanet/water/turbidity,10.7,ALERT - Turbidity 10.7 NTU exceeds 5.0
2026-05-05 15:57:05,aquanet/water/ecoli,540.0,OK
2026-05-05 15:57:05,aquanet/water/ph,7.11,OK
2026-05-05 15:57:05,aquanet/water/nitrate,0.35,OK
2026-05-05 15:57:05,aquanet/hydraulic/pressure,2.98,OK
2026-05-05 15:57:05,aquanet/hydraulic/flowrate,90.7,OK
2026-05-05 15:57:05,aquanet/alerts,ALERT TURBIDITY: 10.7 NTU exceeds 5.0 NTU - TREATMENT REQUIRED,ALERT
2026-05-05 15:57:15,aquanet/water/turbidity,13.7,ALERT - Turbidity 13.7 NTU exceeds 5.0
2026-05-05 15:57:15,aquanet/water/ecoli,460.0,OK
2026-05-05 15:57:15,aquanet/water/ph,7.12,OK
2026-05-05 15:57:15,aquanet/water/nitrate,0.44,OK
2026-05-05 15:57:15,aquanet/hydraulic/pressure,3.36,OK
2026-05-05 15:57:15,aquanet/hydraulic/flowrate,79.8,OK
2026-05-05 15:57:15,aquanet/alerts,ALERT TURBIDITY: 13.7 NTU exceeds 5.0 NTU - TREATMENT REQUIRED,ALERT
2026-05-05 15:57:25,aquanet/water/turbidity,10.2,ALERT - Turbidity 10.2 NTU exceeds 5.0
2026-05-05 15:57:25,aquanet/water/ecoli,500.0,OK
2026-05-05 15:57:25,aquanet/water/ph,7.2,OK
2026-05-05 15:57:25,aquanet/water/nitrate,0.41,OK
2026-05-05 15:57:25,aquanet/hydraulic/pressure,3.59,OK
2026-05-05 15:57:25,aquanet/hydraulic/flowrate,80.7,OK
2026-05-05 15:57:25,aquanet/alerts,ALERT TURBIDITY: 10.2 NTU exceeds 5.0 NTU - TREATMENT REQUIRED,ALERT
2026-05-05 15:57:35,aquanet/water/turbidity,10.3,ALERT - Turbidity 10.3 NTU exceeds 5.0
2026-05-05 15:57:35,aquanet/water/ecoli,1100.0,ALERT - E.coli 1100.0 CFU/100ml exceeds 540.0
2026-05-05 15:57:35,aquanet/water/ph,7.12,OK
2026-05-05 15:57:35,aquanet/water/nitrate,0.33,OK
2026-05-05 15:57:35,aquanet/hydraulic/pressure,3.23,OK
2026-05-05 15:57:35,aquanet/hydraulic/flowrate,82.1,OK
2026-05-05 15:57:35,aquanet/alerts,ALERT E.COLI: 1100.0 CFU/100ml exceeds NPS-FM limit of 540.0 - BACTERIAL CONTAMINATION DETECTED,ALERT
2026-05-05 15:57:35,aquanet/alerts,ALERT TURBIDITY: 10.3 NTU exceeds 5.0 NTU - TREATMENT REQUIRED,ALERT
2026-05-05 15:57:45,aquanet/water/turbidity,9.1,ALERT - Turbidity 9.1 NTU exceeds 5.0
2026-05-05 15:57:45,aquanet/water/ecoli,500.0,OK
2026-05-05 15:57:45,aquanet/water/ph,6.96,OK
2026-05-05 15:57:45,aquanet/water/nitrate,0.38,OK
2026-05-05 15:57:45,aquanet/hydraulic/pressure,3.11,OK
2026-05-05 15:57:45,aquanet/hydraulic/flowrate,92.0,OK
2026-05-05 15:57:45,aquanet/alerts,ALERT TURBIDITY: 9.1 NTU exceeds 5.0 NTU - TREATMENT REQUIRED,ALERT
2026-05-05 15:57:55,aquanet/water/turbidity,15.6,ALERT - Turbidity 15.6 NTU exceeds 5.0
2026-05-05 15:57:55,aquanet/water/ecoli,1000.0,ALERT - E.coli 1000.0 CFU/100ml exceeds 540.0
2026-05-05 15:57:55,aquanet/water/ph,7.18,OK
2026-05-05 15:57:55,aquanet/water/nitrate,0.33,OK
2026-05-05 15:57:55,aquanet/hydraulic/pressure,3.22,OK
2026-05-05 15:57:55,aquanet/hydraulic/flowrate,84.2,OK
2026-05-05 15:57:55,aquanet/alerts,ALERT E.COLI: 1000.0 CFU/100ml exceeds NPS-FM limit of 540.0 - BACTERIAL CONTAMINATION DETECTED,ALERT
2026-05-05 15:57:55,aquanet/alerts,ALERT TURBIDITY: 15.6 NTU exceeds 5.0 NTU - TREATMENT REQUIRED,ALERT
2026-05-05 15:58:05,aquanet/water/turbidity,22.0,ALERT - Turbidity 22.0 NTU exceeds 5.0
2026-05-05 15:58:05,aquanet/water/ecoli,6000.0,ALERT - E.coli 6000.0 CFU/100ml exceeds 540.0
2026-05-05 15:58:05,aquanet/water/ph,7.15,OK
2026-05-05 15:58:05,aquanet/water/nitrate,0.28,OK
2026-05-05 15:58:05,aquanet/hydraulic/pressure,5.23,ALERT - Pressure 5.23 bar exceeds 5.0
2026-05-05 15:58:05,aquanet/hydraulic/flowrate,87.3,OK
2026-05-05 15:58:05,aquanet/alerts,ALERT E.COLI: 6000.0 CFU/100ml exceeds NPS-FM limit of 540.0 - BACTERIAL CONTAMINATION DETECTED,ALERT
2026-05-05 15:58:05,aquanet/alerts,ALERT TURBIDITY: 22.0 NTU exceeds 5.0 NTU - TREATMENT REQUIRED,ALERT
2026-05-05 15:58:05,aquanet/alerts,ALERT PRESSURE HIGH: 5.23 bar exceeds 5.0 bar - PIPE BURST RISK,ALERT
2026-05-05 15:58:15,aquanet/water/turbidity,9.7,ALERT - Turbidity 9.7 NTU exceeds 5.0
2026-05-05 15:58:15,aquanet/water/ecoli,2500.0,ALERT - E.coli 2500.0 CFU/100ml exceeds 540.0
2026-05-05 15:58:15,aquanet/water/ph,7.09,OK
2026-05-05 15:58:15,aquanet/water/nitrate,0.33,OK
2026-05-05 15:58:15,aquanet/hydraulic/pressure,3.35,OK
2026-05-05 15:58:15,aquanet/hydraulic/flowrate,77.2,OK
2026-05-05 15:58:15,aquanet/alerts,ALERT E.COLI: 2500.0 CFU/100ml exceeds NPS-FM limit of 540.0 - BACTERIAL CONTAMINATION DETECTED,ALERT
2026-05-05 15:58:15,aquanet/alerts,ALERT TURBIDITY: 9.7 NTU exceeds 5.0 NTU - TREATMENT REQUIRED,ALERT
2026-05-05 15:58:25,aquanet/water/turbidity,8.0,ALERT - Turbidity 8.0 NTU exceeds 5.0
2026-05-05 15:58:25,aquanet/water/ecoli,2900.0,ALERT - E.coli 2900.0 CFU/100ml exceeds 540.0
2026-05-05 15:58:25,aquanet/water/ph,7.33,OK
2026-05-05 15:58:25,aquanet/water/nitrate,0.27,OK
2026-05-05 15:58:25,aquanet/hydraulic/pressure,3.54,OK
2026-05-05 15:58:25,aquanet/hydraulic/flowrate,91.7,OK
2026-05-05 15:58:25,aquanet/alerts,ALERT E.COLI: 2900.0 CFU/100ml exceeds NPS-FM limit of 540.0 - BACTERIAL CONTAMINATION DETECTED,ALERT
2026-05-05 15:58:25,aquanet/alerts,ALERT TURBIDITY: 8.0 NTU exceeds 5.0 NTU - TREATMENT REQUIRED,ALERT
2026-05-05 15:58:35,aquanet/water/turbidity,9.6,ALERT - Turbidity 9.6 NTU exceeds 5.0
2026-05-05 15:58:35,aquanet/water/ecoli,500.0,OK
2026-05-05 15:58:35,aquanet/water/ph,7.33,OK
2026-05-05 15:58:35,aquanet/water/nitrate,0.3,OK
2026-05-05 15:58:35,aquanet/hydraulic/pressure,5.11,ALERT - Pressure 5.11 bar exceeds 5.0
2026-05-05 15:58:35,aquanet/hydraulic/flowrate,97.2,OK
2026-05-05 15:58:35,aquanet/alerts,ALERT TURBIDITY: 9.6 NTU exceeds 5.0 NTU - TREATMENT REQUIRED,ALERT
2026-05-05 15:58:35,aquanet/alerts,ALERT PRESSURE HIGH: 5.11 bar exceeds 5.0 bar - PIPE BURST RISK,ALERT
2026-05-05 15:58:45,aquanet/water/turbidity,11.3,ALERT - Turbidity 11.3 NTU exceeds 5.0
2026-05-05 15:58:45,aquanet/water/ecoli,1700.0,ALERT - E.coli 1700.0 CFU/100ml exceeds 540.0
2026-05-05 15:58:45,aquanet/water/ph,6.91,OK
2026-05-05 15:58:45,aquanet/water/nitrate,0.4,OK
2026-05-05 15:58:45,aquanet/hydraulic/pressure,3.51,OK
2026-05-05 15:58:45,aquanet/hydraulic/flowrate,73.9,OK
2026-05-05 15:58:45,aquanet/alerts,ALERT E.COLI: 1700.0 CFU/100ml exceeds NPS-FM limit of 540.0 - BACTERIAL CONTAMINATION DETECTED,ALERT
2026-05-05 15:58:45,aquanet/alerts,ALERT TURBIDITY: 11.3 NTU exceeds 5.0 NTU - TREATMENT REQUIRED,ALERT
2026-05-05 15:58:55,aquanet/water/turbidity,10.6,ALERT - Turbidity 10.6 NTU exceeds 5.0
2026-05-05 15:58:55,aquanet/water/ecoli,600.0,ALERT - E.coli 600.0 CFU/100ml exceeds 540.0
2026-05-05 15:58:55,aquanet/water/ph,6.88,OK
2026-05-05 15:58:55,aquanet/water/nitrate,0.34,OK
2026-05-05 15:58:55,aquanet/hydraulic/pressure,4.9,OK
2026-05-05 15:58:55,aquanet/hydraulic/flowrate,94.1,OK
2026-05-05 15:58:55,aquanet/alerts,ALERT E.COLI: 600.0 CFU/100ml exceeds NPS-FM limit of 540.0 - BACTERIAL CONTAMINATION DETECTED,ALERT
2026-05-05 15:58:55,aquanet/alerts,ALERT TURBIDITY: 10.6 NTU exceeds 5.0 NTU - TREATMENT REQUIRED,ALERT
2026-05-05 15:59:05,aquanet/water/turbidity,12.0,ALERT - Turbidity 12.0 NTU exceeds 5.0
2026-05-05 15:59:05,aquanet/water/ecoli,260.0,OK
2026-05-05 15:59:05,aquanet/water/ph,7.36,OK
2026-05-05 15:59:05,aquanet/water/nitrate,0.45,OK
2026-05-05 15:59:05,aquanet/hydraulic/pressure,3.25,OK
2026-05-05 15:59:05,aquanet/hydraulic/flowrate,89.4,OK
2026-05-05 15:59:05,aquanet/alerts,ALERT TURBIDITY: 12.0 NTU exceeds 5.0 NTU - TREATMENT REQUIRED,ALERT
2026-05-05 15:59:15,aquanet/water/turbidity,14.0,ALERT - Turbidity 14.0 NTU exceeds 5.0
2026-05-05 15:59:15,aquanet/water/ecoli,1100.0,ALERT - E.coli 1100.0 CFU/100ml exceeds 540.0
2026-05-05 15:59:15,aquanet/water/ph,7.57,OK
2026-05-05 15:59:15,aquanet/water/nitrate,0.43,OK
2026-05-05 15:59:15,aquanet/hydraulic/pressure,2.91,OK
2026-05-05 15:59:15,aquanet/hydraulic/flowrate,87.4,OK
2026-05-05 15:59:15,aquanet/alerts,ALERT E.COLI: 1100.0 CFU/100ml exceeds NPS-FM limit of 540.0 - BACTERIAL CONTAMINATION DETECTED,ALERT
2026-05-05 15:59:15,aquanet/alerts,ALERT TURBIDITY: 14.0 NTU exceeds 5.0 NTU - TREATMENT REQUIRED,ALERT
2026-05-05 15:59:25,aquanet/water/turbidity,8.3,ALERT - Turbidity 8.3 NTU exceeds 5.0
2026-05-05 15:59:25,aquanet/water/ecoli,400.0,OK
2026-05-05 15:59:25,aquanet/water/ph,7.58,OK
2026-05-05 15:59:25,aquanet/water/nitrate,0.54,OK
2026-05-05 15:59:25,aquanet/hydraulic/pressure,2.82,OK
2026-05-05 15:59:25,aquanet/hydraulic/flowrate,98.4,OK
2026-05-05 15:59:25,aquanet/alerts,ALERT TURBIDITY: 8.3 NTU exceeds 5.0 NTU - TREATMENT REQUIRED,ALERT
2026-05-05 15:59:35,aquanet/water/turbidity,12.4,ALERT - Turbidity 12.4 NTU exceeds 5.0
2026-05-05 15:59:35,aquanet/water/ecoli,1400.0,ALERT - E.coli 1400.0 CFU/100ml exceeds 540.0
2026-05-05 15:59:35,aquanet/water/ph,7.18,OK
2026-05-05 15:59:35,aquanet/water/nitrate,0.42,OK
2026-05-05 15:59:35,aquanet/hydraulic/pressure,3.08,OK
2026-05-05 15:59:35,aquanet/hydraulic/flowrate,96.1,OK
2026-05-05 15:59:35,aquanet/alerts,ALERT E.COLI: 1400.0 CFU/100ml exceeds NPS-FM limit of 540.0 - BACTERIAL CONTAMINATION DETECTED,ALERT
2026-05-05 15:59:35,aquanet/alerts,ALERT TURBIDITY: 12.4 NTU exceeds 5.0 NTU - TREATMENT REQUIRED,ALERT
2026-05-05 15:59:45,aquanet/water/turbidity,12.7,ALERT - Turbidity 12.7 NTU exceeds 5.0
2026-05-05 15:59:45,aquanet/water/ecoli,800.0,ALERT - E.coli 800.0 CFU/100ml exceeds 540.0
2026-05-05 15:59:45,aquanet/water/ph,7.25,OK
2026-05-05 15:59:45,aquanet/water/nitrate,0.33,OK
2026-05-05 15:59:45,aquanet/hydraulic/pressure,3.37,OK
2026-05-05 15:59:45,aquanet/hydraulic/flowrate,91.5,OK
2026-05-05 15:59:45,aquanet/alerts,ALERT E.COLI: 800.0 CFU/100ml exceeds NPS-FM limit of 540.0 - BACTERIAL CONTAMINATION DETECTED,ALERT
2026-05-05 15:59:45,aquanet/alerts,ALERT TURBIDITY: 12.7 NTU exceeds 5.0 NTU - TREATMENT REQUIRED,ALERT
2026-05-05 15:59:55,aquanet/water/turbidity,17.7,ALERT - Turbidity 17.7 NTU exceeds 5.0
2026-05-05 15:59:55,aquanet/water/ecoli,3600.0,ALERT - E.coli 3600.0 CFU/100ml exceeds 540.0
2026-05-05 15:59:55,aquanet/water/ph,7.59,OK
2026-05-05 15:59:55,aquanet/water/nitrate,0.3,OK
2026-05-05 15:59:55,aquanet/hydraulic/pressure,3.52,OK
2026-05-05 15:59:55,aquanet/hydraulic/flowrate,90.0,OK
2026-05-05 15:59:55,aquanet/alerts,ALERT E.COLI: 3600.0 CFU/100ml exceeds NPS-FM limit of 540.0 - BACTERIAL CONTAMINATION DETECTED,ALERT
2026-05-05 15:59:55,aquanet/alerts,ALERT TURBIDITY: 17.7 NTU exceeds 5.0 NTU - TREATMENT REQUIRED,ALERT
2026-05-05 16:00:05,aquanet/water/turbidity,9.7,ALERT - Turbidity 9.7 NTU exceeds 5.0
2026-05-05 16:00:05,aquanet/water/ecoli,2900.0,ALERT - E.coli 2900.0 CFU/100ml exceeds 540.0
2026-05-05 16:00:05,aquanet/water/ph,7.02,OK
2026-05-05 16:00:05,aquanet/water/nitrate,0.26,OK
2026-05-05 16:00:05,aquanet/hydraulic/pressure,3.57,OK
2026-05-05 16:00:05,aquanet/hydraulic/flowrate,96.8,OK
2026-05-05 16:00:05,aquanet/alerts,ALERT E.COLI: 2900.0 CFU/100ml exceeds NPS-FM limit of 540.0 - BACTERIAL CONTAMINATION DETECTED,ALERT
2026-05-05 16:00:05,aquanet/alerts,ALERT TURBIDITY: 9.7 NTU exceeds 5.0 NTU - TREATMENT REQUIRED,ALERT
2026-05-05 16:00:15,aquanet/water/turbidity,31.0,ALERT - Turbidity 31.0 NTU exceeds 5.0
2026-05-05 16:00:15,aquanet/water/ecoli,41000.0,ALERT - E.coli 41000.0 CFU/100ml exceeds 540.0
2026-05-05 16:00:15,aquanet/water/ph,7.18,OK
2026-05-05 16:00:15,aquanet/water/nitrate,0.31,OK
2026-05-05 16:00:15,aquanet/hydraulic/pressure,3.1,OK
2026-05-05 16:00:15,aquanet/hydraulic/flowrate,83.9,OK
2026-05-05 16:00:15,aquanet/alerts,ALERT E.COLI: 41000.0 CFU/100ml exceeds NPS-FM limit of 540.0 - BACTERIAL CONTAMINATION DETECTED,ALERT
2026-05-05 16:00:15,aquanet/alerts,ALERT TURBIDITY: 31.0 NTU exceeds 5.0 NTU - TREATMENT REQUIRED,ALERT
2026-05-05 16:00:25,aquanet/water/turbidity,11.3,ALERT - Turbidity 11.3 NTU exceeds 5.0
2026-05-05 16:00:25,aquanet/water/ecoli,2200.0,ALERT - E.coli 2200.0 CFU/100ml exceeds 540.0
2026-05-05 16:00:25,aquanet/water/ph,7.36,OK
2026-05-05 16:00:25,aquanet/water/nitrate,0.118,OK
2026-05-05 16:00:25,aquanet/hydraulic/pressure,3.03,OK
2026-05-05 16:00:25,aquanet/hydraulic/flowrate,84.0,OK
2026-05-05 16:00:25,aquanet/alerts,ALERT E.COLI: 2200.0 CFU/100ml exceeds NPS-FM limit of 540.0 - BACTERIAL CONTAMINATION DETECTED,ALERT
2026-05-05 16:00:25,aquanet/alerts,ALERT TURBIDITY: 11.3 NTU exceeds 5.0 NTU - TREATMENT REQUIRED,ALERT
2026-05-05 16:00:35,aquanet/water/turbidity,5.3,ALERT - Turbidity 5.3 NTU exceeds 5.0
2026-05-05 16:00:35,aquanet/water/ecoli,10.0,OK
2026-05-05 16:00:35,aquanet/water/ph,7.19,OK
2026-05-05 16:00:35,aquanet/water/nitrate,0.137,OK
2026-05-05 16:00:35,aquanet/hydraulic/pressure,3.07,OK
2026-05-05 16:00:35,aquanet/hydraulic/flowrate,89.0,OK
2026-05-05 16:00:35,aquanet/alerts,ALERT TURBIDITY: 5.3 NTU exceeds 5.0 NTU - TREATMENT REQUIRED,ALERT
2026-05-05 16:00:45,aquanet/water/turbidity,7.5,ALERT - Turbidity 7.5 NTU exceeds 5.0
2026-05-05 16:00:45,aquanet/water/ecoli,900.0,ALERT - E.coli 900.0 CFU/100ml exceeds 540.0
2026-05-05 16:00:45,aquanet/water/ph,7.04,OK
2026-05-05 16:00:45,aquanet/water/nitrate,0.108,OK
2026-05-05 16:00:45,aquanet/hydraulic/pressure,3.56,OK
2026-05-05 16:00:45,aquanet/hydraulic/flowrate,91.0,OK
2026-05-05 16:00:45,aquanet/alerts,ALERT E.COLI: 900.0 CFU/100ml exceeds NPS-FM limit of 540.0 - BACTERIAL CONTAMINATION DETECTED,ALERT
2026-05-05 16:00:45,aquanet/alerts,ALERT TURBIDITY: 7.5 NTU exceeds 5.0 NTU - TREATMENT REQUIRED,ALERT
2026-05-05 16:00:55,aquanet/water/turbidity,14.0,ALERT - Turbidity 14.0 NTU exceeds 5.0
2026-05-05 16:00:55,aquanet/water/ecoli,500.0,OK
2026-05-05 16:00:55,aquanet/water/ph,7.12,OK
2026-05-05 16:00:55,aquanet/water/nitrate,0.121,OK
2026-05-05 16:00:55,aquanet/hydraulic/pressure,4.84,OK
2026-05-05 16:00:55,aquanet/hydraulic/flowrate,71.5,OK
2026-05-05 16:00:55,aquanet/alerts,ALERT TURBIDITY: 14.0 NTU exceeds 5.0 NTU - TREATMENT REQUIRED,ALERT
2026-05-05 16:01:05,aquanet/water/turbidity,13.2,ALERT - Turbidity 13.2 NTU exceeds 5.0
2026-05-05 16:01:05,aquanet/water/ecoli,240.0,OK
2026-05-05 16:01:05,aquanet/water/ph,7.03,OK
2026-05-05 16:01:05,aquanet/water/nitrate,0.9,OK
2026-05-05 16:01:05,aquanet/hydraulic/pressure,3.46,OK
2026-05-05 16:01:05,aquanet/hydraulic/flowrate,96.8,OK
2026-05-05 16:01:05,aquanet/alerts,ALERT TURBIDITY: 13.2 NTU exceeds 5.0 NTU - TREATMENT REQUIRED,ALERT
2026-05-05 16:01:15,aquanet/water/turbidity,7.6,ALERT - Turbidity 7.6 NTU exceeds 5.0
2026-05-05 16:01:15,aquanet/water/ecoli,500.0,OK
2026-05-05 16:01:15,aquanet/water/ph,7.12,OK
2026-05-05 16:01:15,aquanet/water/nitrate,1.04,OK
2026-05-05 16:01:15,aquanet/hydraulic/pressure,3.6,OK
2026-05-05 16:01:15,aquanet/hydraulic/flowrate,75.6,OK
2026-05-05 16:01:16,aquanet/alerts,ALERT TURBIDITY: 7.6 NTU exceeds 5.0 NTU - TREATMENT REQUIRED,ALERT
2026-05-05 16:01:25,aquanet/water/turbidity,10.0,ALERT - Turbidity 10.0 NTU exceeds 5.0
2026-05-05 16:01:26,aquanet/water/ecoli,600.0,ALERT - E.coli 600.0 CFU/100ml exceeds 540.0
2026-05-05 16:01:26,aquanet/water/ph,6.96,OK
2026-05-05 16:01:26,aquanet/water/nitrate,0.49,OK
2026-05-05 16:01:26,aquanet/hydraulic/pressure,3.38,OK
2026-05-05 16:01:26,aquanet/hydraulic/flowrate,70.0,OK
2026-05-05 16:01:26,aquanet/alerts,ALERT E.COLI: 600.0 CFU/100ml exceeds NPS-FM limit of 540.0 - BACTERIAL CONTAMINATION DETECTED,ALERT
2026-05-05 16:01:26,aquanet/alerts,ALERT TURBIDITY: 10.0 NTU exceeds 5.0 NTU - TREATMENT REQUIRED,ALERT
2026-05-05 16:01:36,aquanet/water/turbidity,10.8,ALERT - Turbidity 10.8 NTU exceeds 5.0
2026-05-05 16:01:36,aquanet/water/ecoli,1900.0,ALERT - E.coli 1900.0 CFU/100ml exceeds 540.0
2026-05-05 16:01:36,aquanet/water/ph,7.03,OK
2026-05-05 16:01:36,aquanet/water/nitrate,0.28,OK
2026-05-05 16:01:36,aquanet/hydraulic/pressure,5.57,ALERT - Pressure 5.57 bar exceeds 5.0
2026-05-05 16:01:36,aquanet/hydraulic/flowrate,95.1,OK
2026-05-05 16:01:36,aquanet/alerts,ALERT E.COLI: 1900.0 CFU/100ml exceeds NPS-FM limit of 540.0 - BACTERIAL CONTAMINATION DETECTED,ALERT
2026-05-05 16:01:36,aquanet/alerts,ALERT TURBIDITY: 10.8 NTU exceeds 5.0 NTU - TREATMENT REQUIRED,ALERT
2026-05-05 16:01:36,aquanet/alerts,ALERT PRESSURE HIGH: 5.57 bar exceeds 5.0 bar - PIPE BURST RISK,ALERT
2026-05-05 16:01:46,aquanet/water/turbidity,7.8,ALERT - Turbidity 7.8 NTU exceeds 5.0
2026-05-05 16:01:46,aquanet/water/ecoli,400.0,OK
2026-05-05 16:01:46,aquanet/water/ph,6.91,OK
2026-05-05 16:01:46,aquanet/water/nitrate,0.32,OK
2026-05-05 16:01:46,aquanet/hydraulic/pressure,3.52,OK
2026-05-05 16:01:46,aquanet/hydraulic/flowrate,74.2,OK
2026-05-05 16:01:46,aquanet/alerts,ALERT TURBIDITY: 7.8 NTU exceeds 5.0 NTU - TREATMENT REQUIRED,ALERT
2026-05-05 16:01:56,aquanet/water/turbidity,10.3,ALERT - Turbidity 10.3 NTU exceeds 5.0
2026-05-05 16:01:56,aquanet/water/ecoli,5000.0,ALERT - E.coli 5000.0 CFU/100ml exceeds 540.0
2026-05-05 16:01:56,aquanet/water/ph,6.61,OK
2026-05-05 16:01:56,aquanet/water/nitrate,0.53,OK
2026-05-05 16:01:56,aquanet/hydraulic/pressure,5.66,ALERT - Pressure 5.66 bar exceeds 5.0
2026-05-05 16:01:56,aquanet/hydraulic/flowrate,75.8,OK
2026-05-05 16:01:56,aquanet/alerts,ALERT E.COLI: 5000.0 CFU/100ml exceeds NPS-FM limit of 540.0 - BACTERIAL CONTAMINATION DETECTED,ALERT
2026-05-05 16:01:56,aquanet/alerts,ALERT TURBIDITY: 10.3 NTU exceeds 5.0 NTU - TREATMENT REQUIRED,ALERT
2026-05-05 16:01:56,aquanet/alerts,ALERT PRESSURE HIGH: 5.66 bar exceeds 5.0 bar - PIPE BURST RISK,ALERT
2026-05-05 16:02:06,aquanet/water/turbidity,11.6,ALERT - Turbidity 11.6 NTU exceeds 5.0
2026-05-05 16:02:06,aquanet/water/ecoli,2300.0,ALERT - E.coli 2300.0 CFU/100ml exceeds 540.0
2026-05-05 16:02:06,aquanet/water/ph,6.89,OK
2026-05-05 16:02:06,aquanet/water/nitrate,0.2,OK
2026-05-05 16:02:06,aquanet/hydraulic/pressure,3.37,OK
2026-05-05 16:02:06,aquanet/hydraulic/flowrate,97.9,OK
2026-05-05 16:02:06,aquanet/alerts,ALERT E.COLI: 2300.0 CFU/100ml exceeds NPS-FM limit of 540.0 - BACTERIAL CONTAMINATION DETECTED,ALERT
2026-05-05 16:02:06,aquanet/alerts,ALERT TURBIDITY: 11.6 NTU exceeds 5.0 NTU - TREATMENT REQUIRED,ALERT
2026-05-05 16:02:16,aquanet/water/turbidity,12.3,ALERT - Turbidity 12.3 NTU exceeds 5.0
2026-05-05 16:02:16,aquanet/water/ecoli,2900.0,ALERT - E.coli 2900.0 CFU/100ml exceeds 540.0
2026-05-05 16:02:16,aquanet/water/ph,7.31,OK
2026-05-05 16:02:16,aquanet/water/nitrate,0.21,OK
2026-05-05 16:02:16,aquanet/hydraulic/pressure,3.31,OK
2026-05-05 16:02:16,aquanet/hydraulic/flowrate,98.2,OK
2026-05-05 16:02:16,aquanet/alerts,ALERT E.COLI: 2900.0 CFU/100ml exceeds NPS-FM limit of 540.0 - BACTERIAL CONTAMINATION DETECTED,ALERT
2026-05-05 16:02:16,aquanet/alerts,ALERT TURBIDITY: 12.3 NTU exceeds 5.0 NTU - TREATMENT REQUIRED,ALERT
2026-05-05 16:02:26,aquanet/water/turbidity,9.5,ALERT - Turbidity 9.5 NTU exceeds 5.0
2026-05-05 16:02:26,aquanet/water/ecoli,1500.0,ALERT - E.coli 1500.0 CFU/100ml exceeds 540.0
2026-05-05 16:02:26,aquanet/water/ph,6.97,OK
2026-05-05 16:02:26,aquanet/water/nitrate,0.179,OK
2026-05-05 16:02:26,aquanet/hydraulic/pressure,3.07,OK
2026-05-05 16:02:26,aquanet/hydraulic/flowrate,96.6,OK
2026-05-05 16:02:26,aquanet/alerts,ALERT E.COLI: 1500.0 CFU/100ml exceeds NPS-FM limit of 540.0 - BACTERIAL CONTAMINATION DETECTED,ALERT
2026-05-05 16:02:26,aquanet/alerts,ALERT TURBIDITY: 9.5 NTU exceeds 5.0 NTU - TREATMENT REQUIRED,ALERT
2026-05-05 16:04:01,aquanet/water/turbidity,15.8,ALERT - Turbidity 15.8 NTU exceeds 5.0
2026-05-05 16:04:01,aquanet/water/ecoli,1500.0,ALERT - E.coli 1500.0 CFU/100ml exceeds 540.0
2026-05-05 16:04:01,aquanet/water/ph,7.02,OK
2026-05-05 16:04:01,aquanet/water/nitrate,0.33,OK
2026-05-05 16:04:01,aquanet/hydraulic/pressure,4.85,OK
2026-05-05 16:04:01,aquanet/hydraulic/flowrate,91.6,OK
2026-05-05 16:04:01,aquanet/alerts,ALERT E.COLI: 1500.0 CFU/100ml exceeds NPS-FM limit of 540.0 - BACTERIAL CONTAMINATION DETECTED,ALERT
2026-05-05 16:04:01,aquanet/alerts,ALERT TURBIDITY: 15.8 NTU exceeds 5.0 NTU - TREATMENT REQUIRED,ALERT
2026-05-05 16:04:11,aquanet/water/turbidity,17.9,ALERT - Turbidity 17.9 NTU exceeds 5.0
2026-05-05 16:04:11,aquanet/water/ecoli,26000.0,ALERT - E.coli 26000.0 CFU/100ml exceeds 540.0
2026-05-05 16:04:11,aquanet/water/ph,7.01,OK
2026-05-05 16:04:11,aquanet/water/nitrate,0.27,OK
2026-05-05 16:04:11,aquanet/hydraulic/pressure,5.79,ALERT - Pressure 5.79 bar exceeds 5.0
2026-05-05 16:04:11,aquanet/hydraulic/flowrate,86.8,OK
2026-05-05 16:04:11,aquanet/alerts,ALERT E.COLI: 26000.0 CFU/100ml exceeds NPS-FM limit of 540.0 - BACTERIAL CONTAMINATION DETECTED,ALERT
2026-05-05 16:04:11,aquanet/alerts,ALERT TURBIDITY: 17.9 NTU exceeds 5.0 NTU - TREATMENT REQUIRED,ALERT
2026-05-05 16:04:11,aquanet/alerts,ALERT PRESSURE HIGH: 5.79 bar exceeds 5.0 bar - PIPE BURST RISK,ALERT
2026-05-05 16:04:21,aquanet/water/turbidity,19.3,ALERT - Turbidity 19.3 NTU exceeds 5.0
2026-05-05 16:04:21,aquanet/water/ecoli,11000.0,ALERT - E.coli 11000.0 CFU/100ml exceeds 540.0
2026-05-05 16:04:21,aquanet/water/ph,6.64,OK
2026-05-05 16:04:21,aquanet/water/nitrate,0.3,OK
2026-05-05 16:04:21,aquanet/hydraulic/pressure,5.65,ALERT - Pressure 5.65 bar exceeds 5.0
2026-05-05 16:04:21,aquanet/hydraulic/flowrate,80.1,OK
2026-05-05 16:04:21,aquanet/alerts,ALERT E.COLI: 11000.0 CFU/100ml exceeds NPS-FM limit of 540.0 - BACTERIAL CONTAMINATION DETECTED,ALERT
2026-05-05 16:04:21,aquanet/alerts,ALERT TURBIDITY: 19.3 NTU exceeds 5.0 NTU - TREATMENT REQUIRED,ALERT
2026-05-05 16:04:21,aquanet/alerts,ALERT PRESSURE HIGH: 5.65 bar exceeds 5.0 bar - PIPE BURST RISK,ALERT
2026-05-05 16:04:31,aquanet/water/turbidity,19.5,ALERT - Turbidity 19.5 NTU exceeds 5.0
2026-05-05 16:04:31,aquanet/water/ecoli,2600.0,ALERT - E.coli 2600.0 CFU/100ml exceeds 540.0
2026-05-05 16:04:31,aquanet/water/ph,6.8,OK
2026-05-05 16:04:31,aquanet/water/nitrate,0.4,OK
2026-05-05 16:04:31,aquanet/hydraulic/pressure,5.26,ALERT - Pressure 5.26 bar exceeds 5.0
2026-05-05 16:04:31,aquanet/hydraulic/flowrate,74.3,OK
2026-05-05 16:04:31,aquanet/alerts,ALERT E.COLI: 2600.0 CFU/100ml exceeds NPS-FM limit of 540.0 - BACTERIAL CONTAMINATION DETECTED,ALERT
2026-05-05 16:04:31,aquanet/alerts,ALERT TURBIDITY: 19.5 NTU exceeds 5.0 NTU - TREATMENT REQUIRED,ALERT
2026-05-05 16:04:31,aquanet/alerts,ALERT PRESSURE HIGH: 5.26 bar exceeds 5.0 bar - PIPE BURST RISK,ALERT
2026-05-05 16:04:41,aquanet/water/turbidity,10.8,ALERT - Turbidity 10.8 NTU exceeds 5.0
2026-05-05 16:04:41,aquanet/water/ecoli,2200.0,ALERT - E.coli 2200.0 CFU/100ml exceeds 540.0
2026-05-05 16:04:41,aquanet/water/ph,6.7,OK
2026-05-05 16:04:41,aquanet/water/nitrate,0.34,OK
2026-05-05 16:04:41,aquanet/hydraulic/pressure,5.71,ALERT - Pressure 5.71 bar exceeds 5.0
2026-05-05 16:04:41,aquanet/hydraulic/flowrate,89.6,OK
2026-05-05 16:04:41,aquanet/alerts,ALERT E.COLI: 2200.0 CFU/100ml exceeds NPS-FM limit of 540.0 - BACTERIAL CONTAMINATION DETECTED,ALERT
2026-05-05 16:04:41,aquanet/alerts,ALERT TURBIDITY: 10.8 NTU exceeds 5.0 NTU - TREATMENT REQUIRED,ALERT
2026-05-05 16:04:41,aquanet/alerts,ALERT PRESSURE HIGH: 5.71 bar exceeds 5.0 bar - PIPE BURST RISK,ALERT
2026-05-05 16:04:51,aquanet/water/turbidity,36.6,ALERT - Turbidity 36.6 NTU exceeds 5.0
2026-05-05 16:04:51,aquanet/water/ecoli,7600.0,ALERT - E.coli 7600.0 CFU/100ml exceeds 540.0
2026-05-05 16:04:51,aquanet/water/ph,7.0,OK
2026-05-05 16:04:51,aquanet/water/nitrate,0.45,OK
2026-05-05 16:04:51,aquanet/hydraulic/pressure,4.64,OK
2026-05-05 16:04:51,aquanet/hydraulic/flowrate,71.1,OK
2026-05-05 16:04:51,aquanet/alerts,ALERT E.COLI: 7600.0 CFU/100ml exceeds NPS-FM limit of 540.0 - BACTERIAL CONTAMINATION DETECTED,ALERT
2026-05-05 16:04:51,aquanet/alerts,ALERT TURBIDITY: 36.6 NTU exceeds 5.0 NTU - TREATMENT REQUIRED,ALERT
2026-05-05 16:06:22,aquanet/water/turbidity,15.8,ALERT - Turbidity 15.8 NTU exceeds 5.0
2026-05-05 16:06:22,aquanet/water/ecoli,1500.0,ALERT - E.coli 1500.0 CFU/100ml exceeds 540.0
2026-05-05 16:06:22,aquanet/water/ph,7.02,OK
2026-05-05 16:06:22,aquanet/water/nitrate,0.33,OK
2026-05-05 16:06:22,aquanet/hydraulic/pressure,4.94,OK
2026-05-05 16:06:22,aquanet/hydraulic/flowrate,92.9,OK
2026-05-05 16:06:22,aquanet/alerts,ALERT E.COLI: 1500.0 CFU/100ml exceeds NPS-FM limit of 540.0 - BACTERIAL CONTAMINATION DETECTED,ALERT
2026-05-05 16:06:22,aquanet/alerts,ALERT TURBIDITY: 15.8 NTU exceeds 5.0 NTU - TREATMENT REQUIRED,ALERT
2026-05-05 16:06:22,aquanet/alerts,ALERT PRESSURE HIGH: 4.94 bar exceeds 4.0 bar - PIPE BURST RISK,ALERT
2026-05-05 16:06:32,aquanet/water/turbidity,17.9,ALERT - Turbidity 17.9 NTU exceeds 5.0
2026-05-05 16:06:32,aquanet/water/ecoli,26000.0,ALERT - E.coli 26000.0 CFU/100ml exceeds 540.0
2026-05-05 16:06:32,aquanet/water/ph,7.01,OK
2026-05-05 16:06:32,aquanet/water/nitrate,0.27,OK
2026-05-05 16:06:32,aquanet/hydraulic/pressure,5.2,ALERT - Pressure 5.2 bar exceeds 5.0
2026-05-05 16:06:32,aquanet/hydraulic/flowrate,79.4,OK
2026-05-05 16:06:32,aquanet/alerts,ALERT E.COLI: 26000.0 CFU/100ml exceeds NPS-FM limit of 540.0 - BACTERIAL CONTAMINATION DETECTED,ALERT
2026-05-05 16:06:32,aquanet/alerts,ALERT TURBIDITY: 17.9 NTU exceeds 5.0 NTU - TREATMENT REQUIRED,ALERT
2026-05-05 16:06:32,aquanet/alerts,ALERT PRESSURE HIGH: 5.2 bar exceeds 4.0 bar - PIPE BURST RISK,ALERT
2026-05-05 16:06:42,aquanet/water/turbidity,19.3,ALERT - Turbidity 19.3 NTU exceeds 5.0
2026-05-05 16:06:42,aquanet/water/ecoli,11000.0,ALERT - E.coli 11000.0 CFU/100ml exceeds 540.0
2026-05-05 16:06:42,aquanet/water/ph,6.64,OK
2026-05-05 16:06:42,aquanet/water/nitrate,0.3,OK
2026-05-05 16:06:42,aquanet/hydraulic/pressure,5.24,ALERT - Pressure 5.24 bar exceeds 5.0
2026-05-05 16:06:42,aquanet/hydraulic/flowrate,72.1,OK
2026-05-05 16:06:42,aquanet/alerts,ALERT E.COLI: 11000.0 CFU/100ml exceeds NPS-FM limit of 540.0 - BACTERIAL CONTAMINATION DETECTED,ALERT
2026-05-05 16:06:42,aquanet/alerts,ALERT TURBIDITY: 19.3 NTU exceeds 5.0 NTU - TREATMENT REQUIRED,ALERT
2026-05-05 16:06:42,aquanet/alerts,ALERT PRESSURE HIGH: 5.24 bar exceeds 4.0 bar - PIPE BURST RISK,ALERT
2026-05-05 16:06:52,aquanet/water/turbidity,19.5,ALERT - Turbidity 19.5 NTU exceeds 5.0
2026-05-05 16:06:52,aquanet/water/ecoli,2600.0,ALERT - E.coli 2600.0 CFU/100ml exceeds 540.0
2026-05-05 16:06:52,aquanet/water/ph,6.8,OK
2026-05-05 16:06:52,aquanet/water/nitrate,0.4,OK
2026-05-05 16:06:52,aquanet/hydraulic/pressure,5.77,ALERT - Pressure 5.77 bar exceeds 5.0
2026-05-05 16:06:52,aquanet/hydraulic/flowrate,92.0,OK
2026-05-05 16:06:52,aquanet/alerts,ALERT E.COLI: 2600.0 CFU/100ml exceeds NPS-FM limit of 540.0 - BACTERIAL CONTAMINATION DETECTED,ALERT
2026-05-05 16:06:52,aquanet/alerts,ALERT TURBIDITY: 19.5 NTU exceeds 5.0 NTU - TREATMENT REQUIRED,ALERT
2026-05-05 16:06:52,aquanet/alerts,ALERT PRESSURE HIGH: 5.77 bar exceeds 4.0 bar - PIPE BURST RISK,ALERT
2026-05-05 16:07:02,aquanet/water/turbidity,10.8,ALERT - Turbidity 10.8 NTU exceeds 5.0
2026-05-05 16:07:02,aquanet/water/ecoli,2200.0,ALERT - E.coli 2200.0 CFU/100ml exceeds 540.0
2026-05-05 16:07:02,aquanet/water/ph,6.7,OK
2026-05-05 16:07:02,aquanet/water/nitrate,0.34,OK
2026-05-05 16:07:02,aquanet/hydraulic/pressure,5.1,ALERT - Pressure 5.1 bar exceeds 5.0
2026-05-05 16:07:02,aquanet/hydraulic/flowrate,91.4,OK
2026-05-05 16:07:02,aquanet/alerts,ALERT E.COLI: 2200.0 CFU/100ml exceeds NPS-FM limit of 540.0 - BACTERIAL CONTAMINATION DETECTED,ALERT
2026-05-05 16:07:02,aquanet/alerts,ALERT TURBIDITY: 10.8 NTU exceeds 5.0 NTU - TREATMENT REQUIRED,ALERT
2026-05-05 16:07:02,aquanet/alerts,ALERT PRESSURE HIGH: 5.1 bar exceeds 4.0 bar - PIPE BURST RISK,ALERT
2026-05-05 16:07:12,aquanet/water/turbidity,36.6,ALERT - Turbidity 36.6 NTU exceeds 5.0
2026-05-05 16:07:12,aquanet/water/ecoli,7600.0,ALERT - E.coli 7600.0 CFU/100ml exceeds 540.0
2026-05-05 16:07:12,aquanet/water/ph,7.0,OK
2026-05-05 16:07:12,aquanet/water/nitrate,0.45,OK
2026-05-05 16:07:12,aquanet/hydraulic/pressure,4.56,OK
2026-05-05 16:07:12,aquanet/hydraulic/flowrate,92.6,OK
2026-05-05 16:07:12,aquanet/alerts,ALERT E.COLI: 7600.0 CFU/100ml exceeds NPS-FM limit of 540.0 - BACTERIAL CONTAMINATION DETECTED,ALERT
2026-05-05 16:07:12,aquanet/alerts,ALERT TURBIDITY: 36.6 NTU exceeds 5.0 NTU - TREATMENT REQUIRED,ALERT
2026-05-05 16:07:12,aquanet/alerts,ALERT PRESSURE HIGH: 4.56 bar exceeds 4.0 bar - PIPE BURST RISK,ALERT
2026-05-05 16:07:22,aquanet/water/turbidity,12.0,ALERT - Turbidity 12.0 NTU exceeds 5.0
2026-05-05 16:07:22,aquanet/water/ecoli,1100.0,ALERT - E.coli 1100.0 CFU/100ml exceeds 540.0
2026-05-05 16:07:22,aquanet/water/ph,6.86,OK
2026-05-05 16:07:22,aquanet/water/nitrate,0.43,OK
2026-05-05 16:07:22,aquanet/hydraulic/pressure,5.03,ALERT - Pressure 5.03 bar exceeds 5.0
2026-05-05 16:07:22,aquanet/hydraulic/flowrate,77.0,OK
2026-05-05 16:07:22,aquanet/alerts,ALERT E.COLI: 1100.0 CFU/100ml exceeds NPS-FM limit of 540.0 - BACTERIAL CONTAMINATION DETECTED,ALERT
2026-05-05 16:07:22,aquanet/alerts,ALERT TURBIDITY: 12.0 NTU exceeds 5.0 NTU - TREATMENT REQUIRED,ALERT
2026-05-05 16:07:22,aquanet/alerts,ALERT PRESSURE HIGH: 5.03 bar exceeds 4.0 bar - PIPE BURST RISK,ALERT
2026-05-05 16:07:32,aquanet/water/turbidity,39.0,ALERT - Turbidity 39.0 NTU exceeds 5.0
2026-05-05 16:07:32,aquanet/water/ecoli,1200.0,ALERT - E.coli 1200.0 CFU/100ml exceeds 540.0
2026-05-05 16:07:32,aquanet/water/ph,6.62,OK
2026-05-05 16:07:32,aquanet/water/nitrate,0.54,OK
2026-05-05 16:07:32,aquanet/hydraulic/pressure,5.4,ALERT - Pressure 5.4 bar exceeds 5.0
2026-05-05 16:07:32,aquanet/hydraulic/flowrate,89.4,OK
2026-05-05 16:07:32,aquanet/alerts,ALERT E.COLI: 1200.0 CFU/100ml exceeds NPS-FM limit of 540.0 - BACTERIAL CONTAMINATION DETECTED,ALERT
2026-05-05 16:07:32,aquanet/alerts,ALERT TURBIDITY: 39.0 NTU exceeds 5.0 NTU - TREATMENT REQUIRED,ALERT
2026-05-05 16:07:32,aquanet/alerts,ALERT PRESSURE HIGH: 5.4 bar exceeds 4.0 bar - PIPE BURST RISK,ALERT
2026-05-05 16:07:42,aquanet/water/turbidity,30.0,ALERT - Turbidity 30.0 NTU exceeds 5.0
2026-05-05 16:07:42,aquanet/water/ecoli,510.0,OK
2026-05-05 16:07:42,aquanet/water/ph,6.91,OK
2026-05-05 16:07:42,aquanet/water/nitrate,0.42,OK
2026-05-05 16:07:42,aquanet/hydraulic/pressure,5.3,ALERT - Pressure 5.3 bar exceeds 5.0
2026-05-05 16:07:42,aquanet/hydraulic/flowrate,72.6,OK
2026-05-05 16:07:42,aquanet/alerts,ALERT TURBIDITY: 30.0 NTU exceeds 5.0 NTU - TREATMENT REQUIRED,ALERT
2026-05-05 16:07:42,aquanet/alerts,ALERT PRESSURE HIGH: 5.3 bar exceeds 4.0 bar - PIPE BURST RISK,ALERT
2026-05-05 16:07:52,aquanet/water/turbidity,11.0,ALERT - Turbidity 11.0 NTU exceeds 5.0
2026-05-05 16:07:52,aquanet/water/ecoli,870.0,ALERT - E.coli 870.0 CFU/100ml exceeds 540.0
2026-05-05 16:07:52,aquanet/water/ph,6.86,OK
2026-05-05 16:07:52,aquanet/water/nitrate,0.33,OK
2026-05-05 16:07:52,aquanet/hydraulic/pressure,5.8,ALERT - Pressure 5.8 bar exceeds 5.0
2026-05-05 16:07:52,aquanet/hydraulic/flowrate,85.6,OK
2026-05-05 16:07:52,aquanet/alerts,ALERT E.COLI: 870.0 CFU/100ml exceeds NPS-FM limit of 540.0 - BACTERIAL CONTAMINATION DETECTED,ALERT
2026-05-05 16:07:52,aquanet/alerts,ALERT TURBIDITY: 11.0 NTU exceeds 5.0 NTU - TREATMENT REQUIRED,ALERT
2026-05-05 16:07:52,aquanet/alerts,ALERT PRESSURE HIGH: 5.8 bar exceeds 4.0 bar - PIPE BURST RISK,ALERT
2026-05-05 16:08:02,aquanet/water/turbidity,16.0,ALERT - Turbidity 16.0 NTU exceeds 5.0
2026-05-05 16:08:02,aquanet/water/ecoli,1200.0,ALERT - E.coli 1200.0 CFU/100ml exceeds 540.0
2026-05-05 16:08:02,aquanet/water/ph,6.7,OK
2026-05-05 16:08:02,aquanet/water/nitrate,0.3,OK
2026-05-05 16:08:02,aquanet/hydraulic/pressure,5.16,ALERT - Pressure 5.16 bar exceeds 5.0
2026-05-05 16:08:02,aquanet/hydraulic/flowrate,84.9,OK
2026-05-05 16:08:02,aquanet/alerts,ALERT E.COLI: 1200.0 CFU/100ml exceeds NPS-FM limit of 540.0 - BACTERIAL CONTAMINATION DETECTED,ALERT
2026-05-05 16:08:02,aquanet/alerts,ALERT TURBIDITY: 16.0 NTU exceeds 5.0 NTU - TREATMENT REQUIRED,ALERT
2026-05-05 16:08:02,aquanet/alerts,ALERT PRESSURE HIGH: 5.16 bar exceeds 4.0 bar - PIPE BURST RISK,ALERT
2026-05-05 16:08:12,aquanet/water/turbidity,12.0,ALERT - Turbidity 12.0 NTU exceeds 5.0
2026-05-05 16:08:12,aquanet/water/ecoli,610.0,ALERT - E.coli 610.0 CFU/100ml exceeds 540.0
2026-05-05 16:08:12,aquanet/water/ph,6.8,OK
2026-05-05 16:08:12,aquanet/water/nitrate,0.26,OK
2026-05-05 16:08:12,aquanet/hydraulic/pressure,3.54,OK
2026-05-05 16:08:12,aquanet/hydraulic/flowrate,85.1,OK
2026-05-05 16:08:12,aquanet/alerts,ALERT E.COLI: 610.0 CFU/100ml exceeds NPS-FM limit of 540.0 - BACTERIAL CONTAMINATION DETECTED,ALERT
2026-05-05 16:08:12,aquanet/alerts,ALERT TURBIDITY: 12.0 NTU exceeds 5.0 NTU - TREATMENT REQUIRED,ALERT
2026-05-05 16:08:22,aquanet/water/turbidity,18.0,ALERT - Turbidity 18.0 NTU exceeds 5.0
2026-05-05 16:08:22,aquanet/water/ecoli,7300.0,ALERT - E.coli 7300.0 CFU/100ml exceeds 540.0
2026-05-05 16:08:22,aquanet/water/ph,6.8,OK
2026-05-05 16:08:22,aquanet/water/nitrate,0.31,OK
2026-05-05 16:08:22,aquanet/hydraulic/pressure,2.91,OK
2026-05-05 16:08:22,aquanet/hydraulic/flowrate,85.0,OK
2026-05-05 16:08:22,aquanet/alerts,ALERT E.COLI: 7300.0 CFU/100ml exceeds NPS-FM limit of 540.0 - BACTERIAL CONTAMINATION DETECTED,ALERT
2026-05-05 16:08:22,aquanet/alerts,ALERT TURBIDITY: 18.0 NTU exceeds 5.0 NTU - TREATMENT REQUIRED,ALERT
2026-05-05 16:08:32,aquanet/water/turbidity,14.0,ALERT - Turbidity 14.0 NTU exceeds 5.0
2026-05-05 16:08:32,aquanet/water/ecoli,2000.0,ALERT - E.coli 2000.0 CFU/100ml exceeds 540.0
2026-05-05 16:08:32,aquanet/water/ph,6.73,OK
2026-05-05 16:08:32,aquanet/water/nitrate,0.118,OK
2026-05-05 16:08:32,aquanet/hydraulic/pressure,5.62,ALERT - Pressure 5.62 bar exceeds 5.0
2026-05-05 16:08:32,aquanet/hydraulic/flowrate,76.4,OK
2026-05-05 16:08:32,aquanet/alerts,ALERT E.COLI: 2000.0 CFU/100ml exceeds NPS-FM limit of 540.0 - BACTERIAL CONTAMINATION DETECTED,ALERT
2026-05-05 16:08:32,aquanet/alerts,ALERT TURBIDITY: 14.0 NTU exceeds 5.0 NTU - TREATMENT REQUIRED,ALERT
2026-05-05 16:08:32,aquanet/alerts,ALERT PRESSURE HIGH: 5.62 bar exceeds 4.0 bar - PIPE BURST RISK,ALERT
2026-05-05 16:08:42,aquanet/water/turbidity,20.0,ALERT - Turbidity 20.0 NTU exceeds 5.0
2026-05-05 16:08:42,aquanet/water/ecoli,2700.0,ALERT - E.coli 2700.0 CFU/100ml exceeds 540.0
2026-05-05 16:08:42,aquanet/water/ph,6.53,OK
2026-05-05 16:08:42,aquanet/water/nitrate,0.137,OK
2026-05-05 16:08:42,aquanet/hydraulic/pressure,5.15,ALERT - Pressure 5.15 bar exceeds 5.0
2026-05-05 16:08:42,aquanet/hydraulic/flowrate,95.6,OK
2026-05-05 16:08:42,aquanet/alerts,ALERT E.COLI: 2700.0 CFU/100ml exceeds NPS-FM limit of 540.0 - BACTERIAL CONTAMINATION DETECTED,ALERT
2026-05-05 16:08:42,aquanet/alerts,ALERT TURBIDITY: 20.0 NTU exceeds 5.0 NTU - TREATMENT REQUIRED,ALERT
2026-05-05 16:08:42,aquanet/alerts,ALERT PRESSURE HIGH: 5.15 bar exceeds 4.0 bar - PIPE BURST RISK,ALERT
2026-05-05 16:08:52,aquanet/water/turbidity,18.0,ALERT - Turbidity 18.0 NTU exceeds 5.0
2026-05-05 16:08:52,aquanet/water/ecoli,3500.0,ALERT - E.coli 3500.0 CFU/100ml exceeds 540.0
2026-05-05 16:08:52,aquanet/water/ph,7.01,OK
2026-05-05 16:08:52,aquanet/water/nitrate,0.108,OK
2026-05-05 16:08:52,aquanet/hydraulic/pressure,5.28,ALERT - Pressure 5.28 bar exceeds 5.0
2026-05-05 16:08:52,aquanet/hydraulic/flowrate,96.0,OK
2026-05-05 16:08:52,aquanet/alerts,ALERT E.COLI: 3500.0 CFU/100ml exceeds NPS-FM limit of 540.0 - BACTERIAL CONTAMINATION DETECTED,ALERT
2026-05-05 16:08:52,aquanet/alerts,ALERT TURBIDITY: 18.0 NTU exceeds 5.0 NTU - TREATMENT REQUIRED,ALERT
2026-05-05 16:08:52,aquanet/alerts,ALERT PRESSURE HIGH: 5.28 bar exceeds 4.0 bar - PIPE BURST RISK,ALERT
2026-05-05 16:09:02,aquanet/water/turbidity,27.0,ALERT - Turbidity 27.0 NTU exceeds 5.0
2026-05-05 16:09:02,aquanet/water/ecoli,9700.0,ALERT - E.coli 9700.0 CFU/100ml exceeds 540.0
2026-05-05 16:09:02,aquanet/water/ph,6.93,OK
2026-05-05 16:09:02,aquanet/water/nitrate,0.121,OK
2026-05-05 16:09:02,aquanet/hydraulic/pressure,4.89,OK
2026-05-05 16:09:02,aquanet/hydraulic/flowrate,81.6,OK
2026-05-05 16:09:02,aquanet/alerts,ALERT E.COLI: 9700.0 CFU/100ml exceeds NPS-FM limit of 540.0 - BACTERIAL CONTAMINATION DETECTED,ALERT
2026-05-05 16:09:02,aquanet/alerts,ALERT TURBIDITY: 27.0 NTU exceeds 5.0 NTU - TREATMENT REQUIRED,ALERT
2026-05-05 16:09:02,aquanet/alerts,ALERT PRESSURE HIGH: 4.89 bar exceeds 4.0 bar - PIPE BURST RISK,ALERT
2026-05-05 16:09:12,aquanet/water/turbidity,11.0,ALERT - Turbidity 11.0 NTU exceeds 5.0
2026-05-05 16:09:12,aquanet/water/ecoli,680.0,ALERT - E.coli 680.0 CFU/100ml exceeds 540.0
2026-05-05 16:09:12,aquanet/water/ph,6.74,OK
2026-05-05 16:09:12,aquanet/water/nitrate,0.9,OK
2026-05-05 16:09:12,aquanet/hydraulic/pressure,5.64,ALERT - Pressure 5.64 bar exceeds 5.0
2026-05-05 16:09:12,aquanet/hydraulic/flowrate,93.0,OK
2026-05-05 16:09:12,aquanet/alerts,ALERT E.COLI: 680.0 CFU/100ml exceeds NPS-FM limit of 540.0 - BACTERIAL CONTAMINATION DETECTED,ALERT
2026-05-05 16:09:12,aquanet/alerts,ALERT TURBIDITY: 11.0 NTU exceeds 5.0 NTU - TREATMENT REQUIRED,ALERT
2026-05-05 16:09:12,aquanet/alerts,ALERT PRESSURE HIGH: 5.64 bar exceeds 4.0 bar - PIPE BURST RISK,ALERT
2026-05-05 16:09:22,aquanet/water/turbidity,10.0,ALERT - Turbidity 10.0 NTU exceeds 5.0
2026-05-05 16:09:22,aquanet/water/ecoli,840.0,ALERT - E.coli 840.0 CFU/100ml exceeds 540.0
2026-05-05 16:09:22,aquanet/water/ph,7.09,OK
2026-05-05 16:09:22,aquanet/water/nitrate,1.04,OK
2026-05-05 16:09:22,aquanet/hydraulic/pressure,5.71,ALERT - Pressure 5.71 bar exceeds 5.0
2026-05-05 16:09:22,aquanet/hydraulic/flowrate,98.9,OK
2026-05-05 16:09:22,aquanet/alerts,ALERT E.COLI: 840.0 CFU/100ml exceeds NPS-FM limit of 540.0 - BACTERIAL CONTAMINATION DETECTED,ALERT
2026-05-05 16:09:22,aquanet/alerts,ALERT TURBIDITY: 10.0 NTU exceeds 5.0 NTU - TREATMENT REQUIRED,ALERT
2026-05-05 16:09:22,aquanet/alerts,ALERT PRESSURE HIGH: 5.71 bar exceeds 4.0 bar - PIPE BURST RISK,ALERT
2026-05-05 16:09:32,aquanet/water/turbidity,13.0,ALERT - Turbidity 13.0 NTU exceeds 5.0
2026-05-05 16:09:32,aquanet/water/ecoli,800.0,ALERT - E.coli 800.0 CFU/100ml exceeds 540.0
2026-05-05 16:09:32,aquanet/water/ph,7.08,OK
2026-05-05 16:09:32,aquanet/water/nitrate,0.49,OK
2026-05-05 16:09:32,aquanet/hydraulic/pressure,5.31,ALERT - Pressure 5.31 bar exceeds 5.0
2026-05-05 16:09:32,aquanet/hydraulic/flowrate,88.4,OK
2026-05-05 16:09:32,aquanet/alerts,ALERT E.COLI: 800.0 CFU/100ml exceeds NPS-FM limit of 540.0 - BACTERIAL CONTAMINATION DETECTED,ALERT
2026-05-05 16:09:32,aquanet/alerts,ALERT TURBIDITY: 13.0 NTU exceeds 5.0 NTU - TREATMENT REQUIRED,ALERT
2026-05-05 16:09:32,aquanet/alerts,ALERT PRESSURE HIGH: 5.31 bar exceeds 4.0 bar - PIPE BURST RISK,ALERT
2026-05-05 16:09:42,aquanet/water/turbidity,40.0,ALERT - Turbidity 40.0 NTU exceeds 5.0
2026-05-05 16:09:42,aquanet/water/ecoli,7400.0,ALERT - E.coli 7400.0 CFU/100ml exceeds 540.0
2026-05-05 16:09:42,aquanet/water/ph,6.61,OK
2026-05-05 16:09:42,aquanet/water/nitrate,0.28,OK
2026-05-05 16:09:42,aquanet/hydraulic/pressure,5.48,ALERT - Pressure 5.48 bar exceeds 5.0
2026-05-05 16:09:42,aquanet/hydraulic/flowrate,78.2,OK
2026-05-05 16:09:42,aquanet/alerts,ALERT E.COLI: 7400.0 CFU/100ml exceeds NPS-FM limit of 540.0 - BACTERIAL CONTAMINATION DETECTED,ALERT
2026-05-05 16:09:42,aquanet/alerts,ALERT TURBIDITY: 40.0 NTU exceeds 5.0 NTU - TREATMENT REQUIRED,ALERT
2026-05-05 16:09:42,aquanet/alerts,ALERT PRESSURE HIGH: 5.48 bar exceeds 4.0 bar - PIPE BURST RISK,ALERT
2026-05-05 16:09:52,aquanet/water/turbidity,15.0,ALERT - Turbidity 15.0 NTU exceeds 5.0
2026-05-05 16:09:52,aquanet/water/ecoli,3500.0,ALERT - E.coli 3500.0 CFU/100ml exceeds 540.0
2026-05-05 16:09:52,aquanet/water/ph,6.47,ALERT - pH 6.47 below minimum 6.5
2026-05-05 16:09:52,aquanet/water/nitrate,0.32,OK
2026-05-05 16:09:52,aquanet/hydraulic/pressure,2.92,OK
2026-05-05 16:09:52,aquanet/hydraulic/flowrate,73.8,OK
2026-05-05 16:09:52,aquanet/alerts,ALERT E.COLI: 3500.0 CFU/100ml exceeds NPS-FM limit of 540.0 - BACTERIAL CONTAMINATION DETECTED,ALERT
2026-05-05 16:09:52,aquanet/alerts,ALERT TURBIDITY: 15.0 NTU exceeds 5.0 NTU - TREATMENT REQUIRED,ALERT
2026-05-05 16:09:52,aquanet/alerts,ALERT pH LOW: 6.47 - CORROSION RISK - below 6.5,ALERT
2026-05-05 16:10:02,aquanet/water/turbidity,25.0,ALERT - Turbidity 25.0 NTU exceeds 5.0
2026-05-05 16:10:02,aquanet/water/ecoli,12000.0,ALERT - E.coli 12000.0 CFU/100ml exceeds 540.0
2026-05-05 16:10:02,aquanet/water/ph,6.42,ALERT - pH 6.42 below minimum 6.5
2026-05-05 16:10:02,aquanet/water/nitrate,0.53,OK
2026-05-05 16:10:02,aquanet/hydraulic/pressure,5.42,ALERT - Pressure 5.42 bar exceeds 5.0
2026-05-05 16:10:02,aquanet/hydraulic/flowrate,82.3,OK
2026-05-05 16:10:02,aquanet/alerts,ALERT E.COLI: 12000.0 CFU/100ml exceeds NPS-FM limit of 540.0 - BACTERIAL CONTAMINATION DETECTED,ALERT
2026-05-05 16:10:02,aquanet/alerts,ALERT TURBIDITY: 25.0 NTU exceeds 5.0 NTU - TREATMENT REQUIRED,ALERT
2026-05-05 16:10:02,aquanet/alerts,ALERT pH LOW: 6.42 - CORROSION RISK - below 6.5,ALERT
2026-05-05 16:10:02,aquanet/alerts,ALERT PRESSURE HIGH: 5.42 bar exceeds 4.0 bar - PIPE BURST RISK,ALERT
2026-05-05 16:10:12,aquanet/water/turbidity,21.0,ALERT - Turbidity 21.0 NTU exceeds 5.0
2026-05-05 16:10:12,aquanet/water/ecoli,11000.0,ALERT - E.coli 11000.0 CFU/100ml exceeds 540.0
2026-05-05 16:10:12,aquanet/water/ph,6.63,OK
2026-05-05 16:10:12,aquanet/water/nitrate,0.2,OK
2026-05-05 16:10:12,aquanet/hydraulic/pressure,5.04,ALERT - Pressure 5.04 bar exceeds 5.0
2026-05-05 16:10:12,aquanet/hydraulic/flowrate,81.4,OK
2026-05-05 16:10:12,aquanet/alerts,ALERT E.COLI: 11000.0 CFU/100ml exceeds NPS-FM limit of 540.0 - BACTERIAL CONTAMINATION DETECTED,ALERT
2026-05-05 16:10:12,aquanet/alerts,ALERT TURBIDITY: 21.0 NTU exceeds 5.0 NTU - TREATMENT REQUIRED,ALERT
2026-05-05 16:10:12,aquanet/alerts,ALERT PRESSURE HIGH: 5.04 bar exceeds 4.0 bar - PIPE BURST RISK,ALERT
2026-05-05 16:10:22,aquanet/water/turbidity,17.0,ALERT - Turbidity 17.0 NTU exceeds 5.0
2026-05-05 16:10:22,aquanet/water/ecoli,2900.0,ALERT - E.coli 2900.0 CFU/100ml exceeds 540.0
2026-05-05 16:10:22,aquanet/water/ph,7.06,OK
2026-05-05 16:10:22,aquanet/water/nitrate,0.21,OK
2026-05-05 16:10:22,aquanet/hydraulic/pressure,5.07,ALERT - Pressure 5.07 bar exceeds 5.0
2026-05-05 16:10:22,aquanet/hydraulic/flowrate,74.3,OK
2026-05-05 16:10:22,aquanet/alerts,ALERT E.COLI: 2900.0 CFU/100ml exceeds NPS-FM limit of 540.0 - BACTERIAL CONTAMINATION DETECTED,ALERT
2026-05-05 16:10:22,aquanet/alerts,ALERT TURBIDITY: 17.0 NTU exceeds 5.0 NTU - TREATMENT REQUIRED,ALERT
2026-05-05 16:10:22,aquanet/alerts,ALERT PRESSURE HIGH: 5.07 bar exceeds 4.0 bar - PIPE BURST RISK,ALERT
2026-05-05 16:10:32,aquanet/water/turbidity,11.0,ALERT - Turbidity 11.0 NTU exceeds 5.0
2026-05-05 16:10:32,aquanet/water/ecoli,1200.0,ALERT - E.coli 1200.0 CFU/100ml exceeds 540.0
2026-05-05 16:10:32,aquanet/water/ph,6.91,OK
2026-05-05 16:10:32,aquanet/water/nitrate,0.179,OK
2026-05-05 16:10:32,aquanet/hydraulic/pressure,5.29,ALERT - Pressure 5.29 bar exceeds 5.0
2026-05-05 16:10:32,aquanet/hydraulic/flowrate,100.0,OK
2026-05-05 16:10:33,aquanet/alerts,ALERT E.COLI: 1200.0 CFU/100ml exceeds NPS-FM limit of 540.0 - BACTERIAL CONTAMINATION DETECTED,ALERT
2026-05-05 16:10:33,aquanet/alerts,ALERT TURBIDITY: 11.0 NTU exceeds 5.0 NTU - TREATMENT REQUIRED,ALERT
2026-05-05 16:10:33,aquanet/alerts,ALERT PRESSURE HIGH: 5.29 bar exceeds 4.0 bar - PIPE BURST RISK,ALERT
2026-05-05 16:10:43,aquanet/water/turbidity,18.0,ALERT - Turbidity 18.0 NTU exceeds 5.0
2026-05-05 16:10:43,aquanet/water/ecoli,2500.0,ALERT - E.coli 2500.0 CFU/100ml exceeds 540.0
2026-05-05 16:10:43,aquanet/water/ph,6.93,OK
2026-05-05 16:10:43,aquanet/water/nitrate,0.22,OK
2026-05-05 16:10:43,aquanet/hydraulic/pressure,5.41,ALERT - Pressure 5.41 bar exceeds 5.0
2026-05-05 16:10:43,aquanet/hydraulic/flowrate,87.8,OK
2026-05-05 16:10:43,aquanet/alerts,ALERT E.COLI: 2500.0 CFU/100ml exceeds NPS-FM limit of 540.0 - BACTERIAL CONTAMINATION DETECTED,ALERT
2026-05-05 16:10:43,aquanet/alerts,ALERT TURBIDITY: 18.0 NTU exceeds 5.0 NTU - TREATMENT REQUIRED,ALERT
2026-05-05 16:10:43,aquanet/alerts,ALERT PRESSURE HIGH: 5.41 bar exceeds 4.0 bar - PIPE BURST RISK,ALERT
2026-05-05 16:10:53,aquanet/water/turbidity,7.8,ALERT - Turbidity 7.8 NTU exceeds 5.0
2026-05-05 16:10:53,aquanet/water/ecoli,1300.0,ALERT - E.coli 1300.0 CFU/100ml exceeds 540.0
2026-05-05 16:10:53,aquanet/water/ph,6.85,OK
2026-05-05 16:10:53,aquanet/water/nitrate,0.094,OK
2026-05-05 16:10:53,aquanet/hydraulic/pressure,4.8,OK
2026-05-05 16:10:53,aquanet/hydraulic/flowrate,76.7,OK
2026-05-05 16:10:53,aquanet/alerts,ALERT E.COLI: 1300.0 CFU/100ml exceeds NPS-FM limit of 540.0 - BACTERIAL CONTAMINATION DETECTED,ALERT
2026-05-05 16:10:53,aquanet/alerts,ALERT TURBIDITY: 7.8 NTU exceeds 5.0 NTU - TREATMENT REQUIRED,ALERT
2026-05-05 16:10:53,aquanet/alerts,ALERT PRESSURE HIGH: 4.8 bar exceeds 4.0 bar - PIPE BURST RISK,ALERT
2026-05-05 16:11:03,aquanet/water/turbidity,9.0,ALERT - Turbidity 9.0 NTU exceeds 5.0
2026-05-05 16:11:03,aquanet/water/ecoli,27000.0,ALERT - E.coli 27000.0 CFU/100ml exceeds 540.0
2026-05-05 16:11:03,aquanet/water/ph,6.95,OK
2026-05-05 16:11:03,aquanet/water/nitrate,0.48,OK
2026-05-05 16:11:03,aquanet/hydraulic/pressure,5.37,ALERT - Pressure 5.37 bar exceeds 5.0
2026-05-05 16:11:03,aquanet/hydraulic/flowrate,92.5,OK
2026-05-05 16:11:03,aquanet/alerts,ALERT E.COLI: 27000.0 CFU/100ml exceeds NPS-FM limit of 540.0 - BACTERIAL CONTAMINATION DETECTED,ALERT
2026-05-05 16:11:03,aquanet/alerts,ALERT TURBIDITY: 9.0 NTU exceeds 5.0 NTU - TREATMENT REQUIRED,ALERT
2026-05-05 16:11:03,aquanet/alerts,ALERT PRESSURE HIGH: 5.37 bar exceeds 4.0 bar - PIPE BURST RISK,ALERT
2026-05-05 16:11:13,aquanet/water/turbidity,11.0,ALERT - Turbidity 11.0 NTU exceeds 5.0
2026-05-05 16:11:13,aquanet/water/ecoli,810.0,ALERT - E.coli 810.0 CFU/100ml exceeds 540.0
2026-05-05 16:11:13,aquanet/water/ph,6.24,ALERT - pH 6.24 below minimum 6.5
2026-05-05 16:11:13,aquanet/water/nitrate,0.28,OK
2026-05-05 16:11:13,aquanet/hydraulic/pressure,5.57,ALERT - Pressure 5.57 bar exceeds 5.0
2026-05-05 16:11:13,aquanet/hydraulic/flowrate,99.9,OK
2026-05-05 16:11:13,aquanet/alerts,ALERT E.COLI: 810.0 CFU/100ml exceeds NPS-FM limit of 540.0 - BACTERIAL CONTAMINATION DETECTED,ALERT
2026-05-05 16:11:13,aquanet/alerts,ALERT TURBIDITY: 11.0 NTU exceeds 5.0 NTU - TREATMENT REQUIRED,ALERT
2026-05-05 16:11:13,aquanet/alerts,ALERT pH LOW: 6.24 - CORROSION RISK - below 6.5,ALERT
2026-05-05 16:11:13,aquanet/alerts,ALERT PRESSURE HIGH: 5.57 bar exceeds 4.0 bar - PIPE BURST RISK,ALERT
2026-05-05 16:11:23,aquanet/water/turbidity,22.0,ALERT - Turbidity 22.0 NTU exceeds 5.0
2026-05-05 16:11:23,aquanet/water/ecoli,3100.0,ALERT - E.coli 3100.0 CFU/100ml exceeds 540.0
2026-05-05 16:11:23,aquanet/water/ph,6.86,OK
2026-05-05 16:11:23,aquanet/water/nitrate,0.58,OK
2026-05-05 16:11:23,aquanet/hydraulic/pressure,3.5,OK
2026-05-05 16:11:23,aquanet/hydraulic/flowrate,81.9,OK
2026-05-05 16:11:23,aquanet/alerts,ALERT E.COLI: 3100.0 CFU/100ml exceeds NPS-FM limit of 540.0 - BACTERIAL CONTAMINATION DETECTED,ALERT
2026-05-05 16:11:23,aquanet/alerts,ALERT TURBIDITY: 22.0 NTU exceeds 5.0 NTU - TREATMENT REQUIRED,ALERT
2026-05-05 16:11:33,aquanet/water/turbidity,6.9,ALERT - Turbidity 6.9 NTU exceeds 5.0
2026-05-05 16:11:33,aquanet/water/ecoli,31000.0,ALERT - E.coli 31000.0 CFU/100ml exceeds 540.0
2026-05-05 16:11:33,aquanet/water/ph,6.67,OK
2026-05-05 16:11:33,aquanet/water/nitrate,0.53,OK
2026-05-05 16:11:33,aquanet/hydraulic/pressure,5.18,ALERT - Pressure 5.18 bar exceeds 5.0
2026-05-05 16:11:33,aquanet/hydraulic/flowrate,79.4,OK
2026-05-05 16:11:33,aquanet/alerts,ALERT E.COLI: 31000.0 CFU/100ml exceeds NPS-FM limit of 540.0 - BACTERIAL CONTAMINATION DETECTED,ALERT
2026-05-05 16:11:33,aquanet/alerts,ALERT TURBIDITY: 6.9 NTU exceeds 5.0 NTU - TREATMENT REQUIRED,ALERT
2026-05-05 16:11:33,aquanet/alerts,ALERT PRESSURE HIGH: 5.18 bar exceeds 4.0 bar - PIPE BURST RISK,ALERT
2026-05-05 16:11:43,aquanet/water/turbidity,7.7,ALERT - Turbidity 7.7 NTU exceeds 5.0
2026-05-05 16:11:43,aquanet/water/ecoli,1100.0,ALERT - E.coli 1100.0 CFU/100ml exceeds 540.0
2026-05-05 16:11:43,aquanet/water/ph,6.08,ALERT - pH 6.08 below minimum 6.5
2026-05-05 16:11:43,aquanet/water/nitrate,0.69,OK
2026-05-05 16:11:43,aquanet/hydraulic/pressure,5.2,ALERT - Pressure 5.2 bar exceeds 5.0
2026-05-05 16:11:43,aquanet/hydraulic/flowrate,94.2,OK
2026-05-05 16:11:43,aquanet/alerts,ALERT E.COLI: 1100.0 CFU/100ml exceeds NPS-FM limit of 540.0 - BACTERIAL CONTAMINATION DETECTED,ALERT
2026-05-05 16:11:43,aquanet/alerts,ALERT TURBIDITY: 7.7 NTU exceeds 5.0 NTU - TREATMENT REQUIRED,ALERT
2026-05-05 16:11:43,aquanet/alerts,ALERT pH LOW: 6.08 - CORROSION RISK - below 6.5,ALERT
2026-05-05 16:11:43,aquanet/alerts,ALERT PRESSURE HIGH: 5.2 bar exceeds 4.0 bar - PIPE BURST RISK,ALERT
2026-05-05 16:11:53,aquanet/water/turbidity,7.1,ALERT - Turbidity 7.1 NTU exceeds 5.0
2026-05-05 16:11:53,aquanet/water/ecoli,850.0,ALERT - E.coli 850.0 CFU/100ml exceeds 540.0
2026-05-05 16:11:53,aquanet/water/ph,6.95,OK
2026-05-05 16:11:53,aquanet/water/nitrate,0.53,OK
2026-05-05 16:11:53,aquanet/hydraulic/pressure,5.54,ALERT - Pressure 5.54 bar exceeds 5.0
2026-05-05 16:11:53,aquanet/hydraulic/flowrate,97.2,OK
2026-05-05 16:11:53,aquanet/alerts,ALERT E.COLI: 850.0 CFU/100ml exceeds NPS-FM limit of 540.0 - BACTERIAL CONTAMINATION DETECTED,ALERT
2026-05-05 16:11:53,aquanet/alerts,ALERT TURBIDITY: 7.1 NTU exceeds 5.0 NTU - TREATMENT REQUIRED,ALERT
2026-05-05 16:11:53,aquanet/alerts,ALERT PRESSURE HIGH: 5.54 bar exceeds 4.0 bar - PIPE BURST RISK,ALERT
2026-05-05 16:12:03,aquanet/water/turbidity,15.0,ALERT - Turbidity 15.0 NTU exceeds 5.0
2026-05-05 16:12:03,aquanet/water/ecoli,4400.0,ALERT - E.coli 4400.0 CFU/100ml exceeds 540.0
2026-05-05 16:12:03,aquanet/water/ph,6.79,OK
2026-05-05 16:12:03,aquanet/water/nitrate,0.57,OK
2026-05-05 16:12:03,aquanet/hydraulic/pressure,3.52,OK
2026-05-05 16:12:03,aquanet/hydraulic/flowrate,96.5,OK
2026-05-05 16:12:03,aquanet/alerts,ALERT E.COLI: 4400.0 CFU/100ml exceeds NPS-FM limit of 540.0 - BACTERIAL CONTAMINATION DETECTED,ALERT
2026-05-05 16:12:03,aquanet/alerts,ALERT TURBIDITY: 15.0 NTU exceeds 5.0 NTU - TREATMENT REQUIRED,ALERT
2026-05-05 16:12:13,aquanet/water/turbidity,7.9,ALERT - Turbidity 7.9 NTU exceeds 5.0
2026-05-05 16:12:13,aquanet/water/ecoli,4200.0,ALERT - E.coli 4200.0 CFU/100ml exceeds 540.0
2026-05-05 16:12:13,aquanet/water/ph,6.87,OK
2026-05-05 16:12:13,aquanet/water/nitrate,0.27,OK
2026-05-05 16:12:13,aquanet/hydraulic/pressure,5.4,ALERT - Pressure 5.4 bar exceeds 5.0
2026-05-05 16:12:13,aquanet/hydraulic/flowrate,89.6,OK
2026-05-05 16:12:13,aquanet/alerts,ALERT E.COLI: 4200.0 CFU/100ml exceeds NPS-FM limit of 540.0 - BACTERIAL CONTAMINATION DETECTED,ALERT
2026-05-05 16:12:13,aquanet/alerts,ALERT TURBIDITY: 7.9 NTU exceeds 5.0 NTU - TREATMENT REQUIRED,ALERT
2026-05-05 16:12:13,aquanet/alerts,ALERT PRESSURE HIGH: 5.4 bar exceeds 4.0 bar - PIPE BURST RISK,ALERT
2026-05-05 16:12:23,aquanet/water/turbidity,13.0,ALERT - Turbidity 13.0 NTU exceeds 5.0
2026-05-05 16:12:23,aquanet/water/ecoli,1100.0,ALERT - E.coli 1100.0 CFU/100ml exceeds 540.0
2026-05-05 16:12:23,aquanet/water/ph,6.77,OK
2026-05-05 16:12:23,aquanet/water/nitrate,0.012,OK
2026-05-05 16:12:23,aquanet/hydraulic/pressure,5.26,ALERT - Pressure 5.26 bar exceeds 5.0
2026-05-05 16:12:23,aquanet/hydraulic/flowrate,84.6,OK
2026-05-05 16:12:23,aquanet/alerts,ALERT E.COLI: 1100.0 CFU/100ml exceeds NPS-FM limit of 540.0 - BACTERIAL CONTAMINATION DETECTED,ALERT
2026-05-05 16:12:23,aquanet/alerts,ALERT TURBIDITY: 13.0 NTU exceeds 5.0 NTU - TREATMENT REQUIRED,ALERT
2026-05-05 16:12:23,aquanet/alerts,ALERT PRESSURE HIGH: 5.26 bar exceeds 4.0 bar - PIPE BURST RISK,ALERT
2026-05-05 16:12:33,aquanet/water/turbidity,12.0,ALERT - Turbidity 12.0 NTU exceeds 5.0
2026-05-05 16:12:33,aquanet/water/ecoli,3000.0,ALERT - E.coli 3000.0 CFU/100ml exceeds 540.0
2026-05-05 16:12:33,aquanet/water/ph,6.76,OK
2026-05-05 16:12:33,aquanet/water/nitrate,0.45,OK
2026-05-05 16:12:33,aquanet/hydraulic/pressure,5.94,ALERT - Pressure 5.94 bar exceeds 5.0
2026-05-05 16:12:33,aquanet/hydraulic/flowrate,78.5,OK
2026-05-05 16:12:33,aquanet/alerts,ALERT E.COLI: 3000.0 CFU/100ml exceeds NPS-FM limit of 540.0 - BACTERIAL CONTAMINATION DETECTED,ALERT
2026-05-05 16:12:33,aquanet/alerts,ALERT TURBIDITY: 12.0 NTU exceeds 5.0 NTU - TREATMENT REQUIRED,ALERT
2026-05-05 16:12:33,aquanet/alerts,ALERT PRESSURE HIGH: 5.94 bar exceeds 4.0 bar - PIPE BURST RISK,ALERT
2026-05-05 16:12:43,aquanet/water/turbidity,11.0,ALERT - Turbidity 11.0 NTU exceeds 5.0
2026-05-05 16:12:43,aquanet/water/ecoli,4400.0,ALERT - E.coli 4400.0 CFU/100ml exceeds 540.0
2026-05-05 16:12:43,aquanet/water/ph,7.24,OK
2026-05-05 16:12:43,aquanet/water/nitrate,0.3,OK
2026-05-05 16:12:43,aquanet/hydraulic/pressure,5.02,ALERT - Pressure 5.02 bar exceeds 5.0
2026-05-05 16:12:43,aquanet/hydraulic/flowrate,92.1,OK
2026-05-05 16:12:43,aquanet/alerts,ALERT E.COLI: 4400.0 CFU/100ml exceeds NPS-FM limit of 540.0 - BACTERIAL CONTAMINATION DETECTED,ALERT
2026-05-05 16:12:43,aquanet/alerts,ALERT TURBIDITY: 11.0 NTU exceeds 5.0 NTU - TREATMENT REQUIRED,ALERT
2026-05-05 16:12:43,aquanet/alerts,ALERT PRESSURE HIGH: 5.02 bar exceeds 4.0 bar - PIPE BURST RISK,ALERT
2026-05-05 16:12:53,aquanet/water/turbidity,8.3,ALERT - Turbidity 8.3 NTU exceeds 5.0
2026-05-05 16:12:53,aquanet/water/ecoli,1600.0,ALERT - E.coli 1600.0 CFU/100ml exceeds 540.0
2026-05-05 16:12:53,aquanet/water/ph,6.89,OK
2026-05-05 16:12:53,aquanet/water/nitrate,0.3,OK
2026-05-05 16:12:53,aquanet/hydraulic/pressure,3.18,OK
2026-05-05 16:12:53,aquanet/hydraulic/flowrate,98.1,OK
2026-05-05 16:12:53,aquanet/alerts,ALERT E.COLI: 1600.0 CFU/100ml exceeds NPS-FM limit of 540.0 - BACTERIAL CONTAMINATION DETECTED,ALERT
2026-05-05 16:12:53,aquanet/alerts,ALERT TURBIDITY: 8.3 NTU exceeds 5.0 NTU - TREATMENT REQUIRED,ALERT
2026-05-05 16:13:03,aquanet/water/turbidity,9.7,ALERT - Turbidity 9.7 NTU exceeds 5.0
2026-05-05 16:13:03,aquanet/water/ecoli,1100.0,ALERT - E.coli 1100.0 CFU/100ml exceeds 540.0
2026-05-05 16:13:03,aquanet/water/ph,6.68,OK
2026-05-05 16:13:03,aquanet/water/nitrate,0.28,OK
2026-05-05 16:13:03,aquanet/hydraulic/pressure,5.23,ALERT - Pressure 5.23 bar exceeds 5.0
2026-05-05 16:13:03,aquanet/hydraulic/flowrate,99.9,OK
2026-05-05 16:13:03,aquanet/alerts,ALERT E.COLI: 1100.0 CFU/100ml exceeds NPS-FM limit of 540.0 - BACTERIAL CONTAMINATION DETECTED,ALERT
2026-05-05 16:13:03,aquanet/alerts,ALERT TURBIDITY: 9.7 NTU exceeds 5.0 NTU - TREATMENT REQUIRED,ALERT
2026-05-05 16:13:03,aquanet/alerts,ALERT PRESSURE HIGH: 5.23 bar exceeds 4.0 bar - PIPE BURST RISK,ALERT
2026-05-05 16:13:13,aquanet/water/turbidity,9.1,ALERT - Turbidity 9.1 NTU exceeds 5.0
2026-05-05 16:13:13,aquanet/water/ecoli,1000.0,ALERT - E.coli 1000.0 CFU/100ml exceeds 540.0
2026-05-05 16:13:13,aquanet/water/ph,7.21,OK
2026-05-05 16:13:13,aquanet/water/nitrate,0.72,OK
2026-05-05 16:13:13,aquanet/hydraulic/pressure,4.81,OK
2026-05-05 16:13:13,aquanet/hydraulic/flowrate,86.0,OK
2026-05-05 16:13:13,aquanet/alerts,ALERT E.COLI: 1000.0 CFU/100ml exceeds NPS-FM limit of 540.0 - BACTERIAL CONTAMINATION DETECTED,ALERT
2026-05-05 16:13:13,aquanet/alerts,ALERT TURBIDITY: 9.1 NTU exceeds 5.0 NTU - TREATMENT REQUIRED,ALERT
2026-05-05 16:13:13,aquanet/alerts,ALERT PRESSURE HIGH: 4.81 bar exceeds 4.0 bar - PIPE BURST RISK,ALERT
2026-05-05 16:13:23,aquanet/water/turbidity,6.9,ALERT - Turbidity 6.9 NTU exceeds 5.0
2026-05-05 16:13:23,aquanet/water/ecoli,380.0,OK
2026-05-05 16:13:23,aquanet/water/ph,6.99,OK
2026-05-05 16:13:23,aquanet/water/nitrate,0.6,OK
2026-05-05 16:13:23,aquanet/hydraulic/pressure,5.19,ALERT - Pressure 5.19 bar exceeds 5.0
2026-05-05 16:13:23,aquanet/hydraulic/flowrate,75.1,OK
2026-05-05 16:13:23,aquanet/alerts,ALERT TURBIDITY: 6.9 NTU exceeds 5.0 NTU - TREATMENT REQUIRED,ALERT
2026-05-05 16:13:23,aquanet/alerts,ALERT PRESSURE HIGH: 5.19 bar exceeds 4.0 bar - PIPE BURST RISK,ALERT
2026-05-05 16:13:33,aquanet/water/turbidity,8.5,ALERT - Turbidity 8.5 NTU exceeds 5.0
2026-05-05 16:13:33,aquanet/water/ecoli,520.0,OK
2026-05-05 16:13:33,aquanet/water/ph,6.77,OK
2026-05-05 16:13:33,aquanet/water/nitrate,0.48,OK
2026-05-05 16:13:33,aquanet/hydraulic/pressure,5.79,ALERT - Pressure 5.79 bar exceeds 5.0
2026-05-05 16:13:33,aquanet/hydraulic/flowrate,96.7,OK
2026-05-05 16:13:33,aquanet/alerts,ALERT TURBIDITY: 8.5 NTU exceeds 5.0 NTU - TREATMENT REQUIRED,ALERT
2026-05-05 16:13:33,aquanet/alerts,ALERT PRESSURE HIGH: 5.79 bar exceeds 4.0 bar - PIPE BURST RISK,ALERT
2026-05-05 16:13:43,aquanet/water/turbidity,8.0,ALERT - Turbidity 8.0 NTU exceeds 5.0
2026-05-05 16:13:43,aquanet/water/ecoli,390.0,OK
2026-05-05 16:13:43,aquanet/water/ph,6.78,OK
2026-05-05 16:13:43,aquanet/water/nitrate,0.4,OK
2026-05-05 16:13:43,aquanet/hydraulic/pressure,5.39,ALERT - Pressure 5.39 bar exceeds 5.0
2026-05-05 16:13:43,aquanet/hydraulic/flowrate,91.2,OK
2026-05-05 16:13:43,aquanet/alerts,ALERT TURBIDITY: 8.0 NTU exceeds 5.0 NTU - TREATMENT REQUIRED,ALERT
2026-05-05 16:13:43,aquanet/alerts,ALERT PRESSURE HIGH: 5.39 bar exceeds 4.0 bar - PIPE BURST RISK,ALERT
2026-05-05 16:13:53,aquanet/water/turbidity,7.7,ALERT - Turbidity 7.7 NTU exceeds 5.0
2026-05-05 16:13:53,aquanet/water/ecoli,720.0,ALERT - E.coli 720.0 CFU/100ml exceeds 540.0
2026-05-05 16:13:53,aquanet/water/ph,6.99,OK
2026-05-05 16:13:53,aquanet/water/nitrate,0.36,OK
2026-05-05 16:13:53,aquanet/hydraulic/pressure,5.27,ALERT - Pressure 5.27 bar exceeds 5.0
2026-05-05 16:13:53,aquanet/hydraulic/flowrate,96.6,OK
2026-05-05 16:13:53,aquanet/alerts,ALERT E.COLI: 720.0 CFU/100ml exceeds NPS-FM limit of 540.0 - BACTERIAL CONTAMINATION DETECTED,ALERT
2026-05-05 16:13:53,aquanet/alerts,ALERT TURBIDITY: 7.7 NTU exceeds 5.0 NTU - TREATMENT REQUIRED,ALERT
2026-05-05 16:13:53,aquanet/alerts,ALERT PRESSURE HIGH: 5.27 bar exceeds 4.0 bar - PIPE BURST RISK,ALERT
2026-05-05 16:14:03,aquanet/water/turbidity,9.7,ALERT - Turbidity 9.7 NTU exceeds 5.0
2026-05-05 16:14:03,aquanet/water/ecoli,790.0,ALERT - E.coli 790.0 CFU/100ml exceeds 540.0
2026-05-05 16:14:03,aquanet/water/ph,6.78,OK
2026-05-05 16:14:03,aquanet/water/nitrate,0.34,OK
2026-05-05 16:14:03,aquanet/hydraulic/pressure,4.95,OK
2026-05-05 16:14:03,aquanet/hydraulic/flowrate,84.4,OK
2026-05-05 16:14:03,aquanet/alerts,ALERT E.COLI: 790.0 CFU/100ml exceeds NPS-FM limit of 540.0 - BACTERIAL CONTAMINATION DETECTED,ALERT
2026-05-05 16:14:03,aquanet/alerts,ALERT TURBIDITY: 9.7 NTU exceeds 5.0 NTU - TREATMENT REQUIRED,ALERT
2026-05-05 16:14:03,aquanet/alerts,ALERT PRESSURE HIGH: 4.95 bar exceeds 4.0 bar - PIPE BURST RISK,ALERT
2026-05-05 16:14:13,aquanet/water/turbidity,7.5,ALERT - Turbidity 7.5 NTU exceeds 5.0
2026-05-05 16:14:13,aquanet/water/ecoli,590.0,ALERT - E.coli 590.0 CFU/100ml exceeds 540.0
2026-05-05 16:14:13,aquanet/water/ph,6.95,OK
2026-05-05 16:14:13,aquanet/water/nitrate,0.3,OK
2026-05-05 16:14:13,aquanet/hydraulic/pressure,3.02,OK
2026-05-05 16:14:13,aquanet/hydraulic/flowrate,88.6,OK
2026-05-05 16:14:13,aquanet/alerts,ALERT E.COLI: 590.0 CFU/100ml exceeds NPS-FM limit of 540.0 - BACTERIAL CONTAMINATION DETECTED,ALERT
2026-05-05 16:14:13,aquanet/alerts,ALERT TURBIDITY: 7.5 NTU exceeds 5.0 NTU - TREATMENT REQUIRED,ALERT
2026-05-05 16:14:23,aquanet/water/turbidity,10.0,ALERT - Turbidity 10.0 NTU exceeds 5.0
2026-05-05 16:14:23,aquanet/water/ecoli,0.0,OK
2026-05-05 16:14:23,aquanet/water/ph,6.8,OK
2026-05-05 16:14:23,aquanet/water/nitrate,0.31,OK
2026-05-05 16:14:23,aquanet/hydraulic/pressure,3.18,OK
2026-05-05 16:14:23,aquanet/hydraulic/flowrate,71.0,OK
2026-05-05 16:14:23,aquanet/alerts,ALERT TURBIDITY: 10.0 NTU exceeds 5.0 NTU - TREATMENT REQUIRED,ALERT
2026-05-05 16:14:33,aquanet/water/turbidity,12.0,ALERT - Turbidity 12.0 NTU exceeds 5.0
2026-05-05 16:14:33,aquanet/water/ecoli,9800.0,ALERT - E.coli 9800.0 CFU/100ml exceeds 540.0
2026-05-05 16:14:33,aquanet/water/ph,7.27,OK
2026-05-05 16:14:33,aquanet/water/nitrate,0.31,OK
2026-05-05 16:14:33,aquanet/hydraulic/pressure,4.89,OK
2026-05-05 16:14:33,aquanet/hydraulic/flowrate,94.8,OK
2026-05-05 16:14:33,aquanet/alerts,ALERT E.COLI: 9800.0 CFU/100ml exceeds NPS-FM limit of 540.0 - BACTERIAL CONTAMINATION DETECTED,ALERT
2026-05-05 16:14:33,aquanet/alerts,ALERT TURBIDITY: 12.0 NTU exceeds 5.0 NTU - TREATMENT REQUIRED,ALERT
2026-05-05 16:14:33,aquanet/alerts,ALERT PRESSURE HIGH: 4.89 bar exceeds 4.0 bar - PIPE BURST RISK,ALERT
2026-05-05 16:14:43,aquanet/water/turbidity,7.5,ALERT - Turbidity 7.5 NTU exceeds 5.0
2026-05-05 16:14:43,aquanet/water/ecoli,2100.0,ALERT - E.coli 2100.0 CFU/100ml exceeds 540.0
2026-05-05 16:14:43,aquanet/water/ph,7.07,OK
2026-05-05 16:14:43,aquanet/water/nitrate,0.24,OK
2026-05-05 16:14:43,aquanet/hydraulic/pressure,5.56,ALERT - Pressure 5.56 bar exceeds 5.0
2026-05-05 16:14:43,aquanet/hydraulic/flowrate,89.7,OK
2026-05-05 16:14:43,aquanet/alerts,ALERT E.COLI: 2100.0 CFU/100ml exceeds NPS-FM limit of 540.0 - BACTERIAL CONTAMINATION DETECTED,ALERT
2026-05-05 16:14:43,aquanet/alerts,ALERT TURBIDITY: 7.5 NTU exceeds 5.0 NTU - TREATMENT REQUIRED,ALERT
2026-05-05 16:14:43,aquanet/alerts,ALERT PRESSURE HIGH: 5.56 bar exceeds 4.0 bar - PIPE BURST RISK,ALERT
2026-05-05 16:14:53,aquanet/water/turbidity,7.8,ALERT - Turbidity 7.8 NTU exceeds 5.0
2026-05-05 16:14:53,aquanet/water/ecoli,2200.0,ALERT - E.coli 2200.0 CFU/100ml exceeds 540.0
2026-05-05 16:14:53,aquanet/water/ph,7.45,OK
2026-05-05 16:14:53,aquanet/water/nitrate,0.21,OK
2026-05-05 16:14:53,aquanet/hydraulic/pressure,3.59,OK
2026-05-05 16:14:53,aquanet/hydraulic/flowrate,84.1,OK
2026-05-05 16:14:53,aquanet/alerts,ALERT E.COLI: 2200.0 CFU/100ml exceeds NPS-FM limit of 540.0 - BACTERIAL CONTAMINATION DETECTED,ALERT
2026-05-05 16:14:53,aquanet/alerts,ALERT TURBIDITY: 7.8 NTU exceeds 5.0 NTU - TREATMENT REQUIRED,ALERT
2026-05-05 16:15:03,aquanet/water/turbidity,7.0,ALERT - Turbidity 7.0 NTU exceeds 5.0
2026-05-05 16:15:03,aquanet/water/ecoli,1500.0,ALERT - E.coli 1500.0 CFU/100ml exceeds 540.0
2026-05-05 16:15:03,aquanet/water/ph,7.43,OK
2026-05-05 16:15:03,aquanet/water/nitrate,0.29,OK
2026-05-05 16:15:03,aquanet/hydraulic/pressure,4.87,OK
2026-05-05 16:15:03,aquanet/hydraulic/flowrate,72.2,OK
2026-05-05 16:15:03,aquanet/alerts,ALERT E.COLI: 1500.0 CFU/100ml exceeds NPS-FM limit of 540.0 - BACTERIAL CONTAMINATION DETECTED,ALERT
2026-05-05 16:15:03,aquanet/alerts,ALERT TURBIDITY: 7.0 NTU exceeds 5.0 NTU - TREATMENT REQUIRED,ALERT
2026-05-05 16:15:03,aquanet/alerts,ALERT PRESSURE HIGH: 4.87 bar exceeds 4.0 bar - PIPE BURST RISK,ALERT
2026-05-05 16:15:13,aquanet/water/turbidity,8.8,ALERT - Turbidity 8.8 NTU exceeds 5.0
2026-05-05 16:15:13,aquanet/water/ecoli,4000.0,ALERT - E.coli 4000.0 CFU/100ml exceeds 540.0
2026-05-05 16:15:13,aquanet/water/ph,7.07,OK
2026-05-05 16:15:13,aquanet/water/nitrate,0.4,OK
2026-05-05 16:15:13,aquanet/hydraulic/pressure,4.81,OK
2026-05-05 16:15:13,aquanet/hydraulic/flowrate,85.4,OK
2026-05-05 16:15:13,aquanet/alerts,ALERT E.COLI: 4000.0 CFU/100ml exceeds NPS-FM limit of 540.0 - BACTERIAL CONTAMINATION DETECTED,ALERT
2026-05-05 16:15:13,aquanet/alerts,ALERT TURBIDITY: 8.8 NTU exceeds 5.0 NTU - TREATMENT REQUIRED,ALERT
2026-05-05 16:15:13,aquanet/alerts,ALERT PRESSURE HIGH: 4.81 bar exceeds 4.0 bar - PIPE BURST RISK,ALERT
2026-05-05 16:15:23,aquanet/water/turbidity,16.0,ALERT - Turbidity 16.0 NTU exceeds 5.0
2026-05-05 16:15:23,aquanet/water/ecoli,1400.0,ALERT - E.coli 1400.0 CFU/100ml exceeds 540.0
2026-05-05 16:15:23,aquanet/water/ph,6.72,OK
2026-05-05 16:15:23,aquanet/water/nitrate,0.38,OK
2026-05-05 16:15:23,aquanet/hydraulic/pressure,5.77,ALERT - Pressure 5.77 bar exceeds 5.0
2026-05-05 16:15:23,aquanet/hydraulic/flowrate,89.4,OK
2026-05-05 16:15:23,aquanet/alerts,ALERT E.COLI: 1400.0 CFU/100ml exceeds NPS-FM limit of 540.0 - BACTERIAL CONTAMINATION DETECTED,ALERT
2026-05-05 16:15:23,aquanet/alerts,ALERT TURBIDITY: 16.0 NTU exceeds 5.0 NTU - TREATMENT REQUIRED,ALERT
2026-05-05 16:15:23,aquanet/alerts,ALERT PRESSURE HIGH: 5.77 bar exceeds 4.0 bar - PIPE BURST RISK,ALERT
2026-05-05 16:15:33,aquanet/water/turbidity,7.2,ALERT - Turbidity 7.2 NTU exceeds 5.0
2026-05-05 16:15:33,aquanet/water/ecoli,890.0,ALERT - E.coli 890.0 CFU/100ml exceeds 540.0
2026-05-05 16:15:33,aquanet/water/ph,6.74,OK
2026-05-05 16:15:33,aquanet/water/nitrate,0.137,OK
2026-05-05 16:15:33,aquanet/hydraulic/pressure,5.4,ALERT - Pressure 5.4 bar exceeds 5.0
2026-05-05 16:15:33,aquanet/hydraulic/flowrate,81.6,OK
2026-05-05 16:15:33,aquanet/alerts,ALERT E.COLI: 890.0 CFU/100ml exceeds NPS-FM limit of 540.0 - BACTERIAL CONTAMINATION DETECTED,ALERT
2026-05-05 16:15:33,aquanet/alerts,ALERT TURBIDITY: 7.2 NTU exceeds 5.0 NTU - TREATMENT REQUIRED,ALERT
2026-05-05 16:15:33,aquanet/alerts,ALERT PRESSURE HIGH: 5.4 bar exceeds 4.0 bar - PIPE BURST RISK,ALERT
2026-05-05 16:15:43,aquanet/water/turbidity,15.0,ALERT - Turbidity 15.0 NTU exceeds 5.0
2026-05-05 16:15:43,aquanet/water/ecoli,760.0,ALERT - E.coli 760.0 CFU/100ml exceeds 540.0
2026-05-05 16:15:43,aquanet/water/ph,7.51,OK
2026-05-05 16:15:43,aquanet/water/nitrate,0.4,OK
2026-05-05 16:15:43,aquanet/hydraulic/pressure,3.29,OK
2026-05-05 16:15:43,aquanet/hydraulic/flowrate,72.5,OK
2026-05-05 16:15:43,aquanet/alerts,ALERT E.COLI: 760.0 CFU/100ml exceeds NPS-FM limit of 540.0 - BACTERIAL CONTAMINATION DETECTED,ALERT
2026-05-05 16:15:43,aquanet/alerts,ALERT TURBIDITY: 15.0 NTU exceeds 5.0 NTU - TREATMENT REQUIRED,ALERT
2026-05-05 16:15:53,aquanet/water/turbidity,7.1,ALERT - Turbidity 7.1 NTU exceeds 5.0
2026-05-05 16:15:53,aquanet/water/ecoli,590.0,ALERT - E.coli 590.0 CFU/100ml exceeds 540.0
2026-05-05 16:15:53,aquanet/water/ph,7.26,OK
2026-05-05 16:15:53,aquanet/water/nitrate,0.51,OK
2026-05-05 16:15:53,aquanet/hydraulic/pressure,5.19,ALERT - Pressure 5.19 bar exceeds 5.0
2026-05-05 16:15:53,aquanet/hydraulic/flowrate,95.6,OK
2026-05-05 16:15:53,aquanet/alerts,ALERT E.COLI: 590.0 CFU/100ml exceeds NPS-FM limit of 540.0 - BACTERIAL CONTAMINATION DETECTED,ALERT
2026-05-05 16:15:53,aquanet/alerts,ALERT TURBIDITY: 7.1 NTU exceeds 5.0 NTU - TREATMENT REQUIRED,ALERT
2026-05-05 16:15:53,aquanet/alerts,ALERT PRESSURE HIGH: 5.19 bar exceeds 4.0 bar - PIPE BURST RISK,ALERT
2026-05-05 16:16:03,aquanet/water/turbidity,6.9,ALERT - Turbidity 6.9 NTU exceeds 5.0
2026-05-05 16:16:03,aquanet/water/ecoli,790.0,ALERT - E.coli 790.0 CFU/100ml exceeds 540.0
2026-05-05 16:16:03,aquanet/water/ph,7.45,OK
2026-05-05 16:16:03,aquanet/water/nitrate,0.47,OK
2026-05-05 16:16:03,aquanet/hydraulic/pressure,3.41,OK
2026-05-05 16:16:03,aquanet/hydraulic/flowrate,80.5,OK
2026-05-05 16:16:03,aquanet/alerts,ALERT E.COLI: 790.0 CFU/100ml exceeds NPS-FM limit of 540.0 - BACTERIAL CONTAMINATION DETECTED,ALERT
2026-05-05 16:16:03,aquanet/alerts,ALERT TURBIDITY: 6.9 NTU exceeds 5.0 NTU - TREATMENT REQUIRED,ALERT
2026-05-05 16:16:13,aquanet/water/turbidity,12.0,ALERT - Turbidity 12.0 NTU exceeds 5.0
2026-05-05 16:16:13,aquanet/water/ecoli,960.0,ALERT - E.coli 960.0 CFU/100ml exceeds 540.0
2026-05-05 16:16:13,aquanet/water/ph,6.97,OK
2026-05-05 16:16:13,aquanet/water/nitrate,0.35,OK
2026-05-05 16:16:13,aquanet/hydraulic/pressure,5.19,ALERT - Pressure 5.19 bar exceeds 5.0
2026-05-05 16:16:13,aquanet/hydraulic/flowrate,97.9,OK
2026-05-05 16:16:13,aquanet/alerts,ALERT E.COLI: 960.0 CFU/100ml exceeds NPS-FM limit of 540.0 - BACTERIAL CONTAMINATION DETECTED,ALERT
2026-05-05 16:16:13,aquanet/alerts,ALERT TURBIDITY: 12.0 NTU exceeds 5.0 NTU - TREATMENT REQUIRED,ALERT
2026-05-05 16:16:13,aquanet/alerts,ALERT PRESSURE HIGH: 5.19 bar exceeds 4.0 bar - PIPE BURST RISK,ALERT
2026-05-05 16:16:23,aquanet/water/turbidity,16.0,ALERT - Turbidity 16.0 NTU exceeds 5.0
2026-05-05 16:16:23,aquanet/water/ecoli,3400.0,ALERT - E.coli 3400.0 CFU/100ml exceeds 540.0
2026-05-05 16:16:23,aquanet/water/ph,6.03,ALERT - pH 6.03 below minimum 6.5
2026-05-05 16:16:23,aquanet/water/nitrate,0.39,OK
2026-05-05 16:16:23,aquanet/hydraulic/pressure,5.54,ALERT - Pressure 5.54 bar exceeds 5.0
2026-05-05 16:16:23,aquanet/hydraulic/flowrate,93.1,OK
2026-05-05 16:16:23,aquanet/alerts,ALERT E.COLI: 3400.0 CFU/100ml exceeds NPS-FM limit of 540.0 - BACTERIAL CONTAMINATION DETECTED,ALERT
2026-05-05 16:16:23,aquanet/alerts,ALERT TURBIDITY: 16.0 NTU exceeds 5.0 NTU - TREATMENT REQUIRED,ALERT
2026-05-05 16:16:23,aquanet/alerts,ALERT pH LOW: 6.03 - CORROSION RISK - below 6.5,ALERT
2026-05-05 16:16:23,aquanet/alerts,ALERT PRESSURE HIGH: 5.54 bar exceeds 4.0 bar - PIPE BURST RISK,ALERT
2026-05-05 16:16:33,aquanet/water/turbidity,25.0,ALERT - Turbidity 25.0 NTU exceeds 5.0
2026-05-05 16:16:33,aquanet/water/ecoli,6400.0,ALERT - E.coli 6400.0 CFU/100ml exceeds 540.0
2026-05-05 16:16:33,aquanet/water/ph,6.39,ALERT - pH 6.39 below minimum 6.5
2026-05-05 16:16:33,aquanet/water/nitrate,0.34,OK
2026-05-05 16:16:33,aquanet/hydraulic/pressure,4.38,OK
2026-05-05 16:16:33,aquanet/hydraulic/flowrate,82.9,OK
2026-05-05 16:16:33,aquanet/alerts,ALERT E.COLI: 6400.0 CFU/100ml exceeds NPS-FM limit of 540.0 - BACTERIAL CONTAMINATION DETECTED,ALERT
2026-05-05 16:16:33,aquanet/alerts,ALERT TURBIDITY: 25.0 NTU exceeds 5.0 NTU - TREATMENT REQUIRED,ALERT
2026-05-05 16:16:33,aquanet/alerts,ALERT pH LOW: 6.39 - CORROSION RISK - below 6.5,ALERT
2026-05-05 16:16:33,aquanet/alerts,ALERT PRESSURE HIGH: 4.38 bar exceeds 4.0 bar - PIPE BURST RISK,ALERT
2026-05-05 16:16:43,aquanet/water/turbidity,45.0,ALERT - Turbidity 45.0 NTU exceeds 5.0
2026-05-05 16:16:43,aquanet/water/ecoli,31000.0,ALERT - E.coli 31000.0 CFU/100ml exceeds 540.0
2026-05-05 16:16:43,aquanet/water/ph,6.97,OK
2026-05-05 16:16:43,aquanet/water/nitrate,0.37,OK
2026-05-05 16:16:43,aquanet/hydraulic/pressure,4.92,OK
2026-05-05 16:16:43,aquanet/hydraulic/flowrate,88.6,OK
2026-05-05 16:16:43,aquanet/alerts,ALERT E.COLI: 31000.0 CFU/100ml exceeds NPS-FM limit of 540.0 - BACTERIAL CONTAMINATION DETECTED,ALERT
2026-05-05 16:16:43,aquanet/alerts,ALERT TURBIDITY: 45.0 NTU exceeds 5.0 NTU - TREATMENT REQUIRED,ALERT
2026-05-05 16:16:43,aquanet/alerts,ALERT PRESSURE HIGH: 4.92 bar exceeds 4.0 bar - PIPE BURST RISK,ALERT
2026-05-05 16:16:53,aquanet/water/turbidity,10.0,ALERT - Turbidity 10.0 NTU exceeds 5.0
2026-05-05 16:16:53,aquanet/water/ecoli,2400.0,ALERT - E.coli 2400.0 CFU/100ml exceeds 540.0
2026-05-05 16:16:53,aquanet/water/ph,7.18,OK
2026-05-05 16:16:53,aquanet/water/nitrate,0.5,OK
2026-05-05 16:16:53,aquanet/hydraulic/pressure,5.2,ALERT - Pressure 5.2 bar exceeds 5.0
2026-05-05 16:16:53,aquanet/hydraulic/flowrate,72.4,OK
2026-05-05 16:16:53,aquanet/alerts,ALERT E.COLI: 2400.0 CFU/100ml exceeds NPS-FM limit of 540.0 - BACTERIAL CONTAMINATION DETECTED,ALERT
2026-05-05 16:16:53,aquanet/alerts,ALERT TURBIDITY: 10.0 NTU exceeds 5.0 NTU - TREATMENT REQUIRED,ALERT
2026-05-05 16:16:53,aquanet/alerts,ALERT PRESSURE HIGH: 5.2 bar exceeds 4.0 bar - PIPE BURST RISK,ALERT
2026-05-05 16:17:03,aquanet/water/turbidity,6.6,ALERT - Turbidity 6.6 NTU exceeds 5.0
2026-05-05 16:17:03,aquanet/water/ecoli,900.0,ALERT - E.coli 900.0 CFU/100ml exceeds 540.0
2026-05-05 16:17:03,aquanet/water/ph,7.06,OK
2026-05-05 16:17:03,aquanet/water/nitrate,0.57,OK
2026-05-05 16:17:03,aquanet/hydraulic/pressure,4.61,OK
2026-05-05 16:17:03,aquanet/hydraulic/flowrate,97.7,OK
2026-05-05 16:17:03,aquanet/alerts,ALERT E.COLI: 900.0 CFU/100ml exceeds NPS-FM limit of 540.0 - BACTERIAL CONTAMINATION DETECTED,ALERT
2026-05-05 16:17:03,aquanet/alerts,ALERT TURBIDITY: 6.6 NTU exceeds 5.0 NTU - TREATMENT REQUIRED,ALERT
2026-05-05 16:17:03,aquanet/alerts,ALERT PRESSURE HIGH: 4.61 bar exceeds 4.0 bar - PIPE BURST RISK,ALERT
2026-05-05 16:17:13,aquanet/water/turbidity,9.3,ALERT - Turbidity 9.3 NTU exceeds 5.0
2026-05-05 16:17:13,aquanet/water/ecoli,750.0,ALERT - E.coli 750.0 CFU/100ml exceeds 540.0
2026-05-05 16:17:13,aquanet/water/ph,7.13,OK
2026-05-05 16:17:13,aquanet/water/nitrate,0.41,OK
2026-05-05 16:17:13,aquanet/hydraulic/pressure,5.04,ALERT - Pressure 5.04 bar exceeds 5.0
2026-05-05 16:17:13,aquanet/hydraulic/flowrate,84.4,OK
2026-05-05 16:17:13,aquanet/alerts,ALERT E.COLI: 750.0 CFU/100ml exceeds NPS-FM limit of 540.0 - BACTERIAL CONTAMINATION DETECTED,ALERT
2026-05-05 16:17:13,aquanet/alerts,ALERT TURBIDITY: 9.3 NTU exceeds 5.0 NTU - TREATMENT REQUIRED,ALERT
2026-05-05 16:17:13,aquanet/alerts,ALERT PRESSURE HIGH: 5.04 bar exceeds 4.0 bar - PIPE BURST RISK,ALERT
2026-05-05 16:17:23,aquanet/water/turbidity,10.7,ALERT - Turbidity 10.7 NTU exceeds 5.0
2026-05-05 16:17:23,aquanet/water/ecoli,540.0,OK
2026-05-05 16:17:23,aquanet/water/ph,7.11,OK
2026-05-05 16:17:23,aquanet/water/nitrate,0.35,OK
2026-05-05 16:17:23,aquanet/hydraulic/pressure,5.23,ALERT - Pressure 5.23 bar exceeds 5.0
2026-05-05 16:17:23,aquanet/hydraulic/flowrate,80.5,OK
2026-05-05 16:17:23,aquanet/alerts,ALERT TURBIDITY: 10.7 NTU exceeds 5.0 NTU - TREATMENT REQUIRED,ALERT
2026-05-05 16:17:23,aquanet/alerts,ALERT PRESSURE HIGH: 5.23 bar exceeds 4.0 bar - PIPE BURST RISK,ALERT
2026-05-05 16:17:33,aquanet/water/turbidity,13.7,ALERT - Turbidity 13.7 NTU exceeds 5.0
2026-05-05 16:17:33,aquanet/water/ecoli,460.0,OK
2026-05-05 16:17:33,aquanet/water/ph,7.12,OK
2026-05-05 16:17:33,aquanet/water/nitrate,0.44,OK
2026-05-05 16:17:33,aquanet/hydraulic/pressure,5.44,ALERT - Pressure 5.44 bar exceeds 5.0
2026-05-05 16:17:33,aquanet/hydraulic/flowrate,91.6,OK
2026-05-05 16:17:33,aquanet/alerts,ALERT TURBIDITY: 13.7 NTU exceeds 5.0 NTU - TREATMENT REQUIRED,ALERT
2026-05-05 16:17:33,aquanet/alerts,ALERT PRESSURE HIGH: 5.44 bar exceeds 4.0 bar - PIPE BURST RISK,ALERT
2026-05-05 16:17:43,aquanet/water/turbidity,10.2,ALERT - Turbidity 10.2 NTU exceeds 5.0
2026-05-05 16:17:43,aquanet/water/ecoli,500.0,OK
2026-05-05 16:17:43,aquanet/water/ph,7.2,OK
2026-05-05 16:17:43,aquanet/water/nitrate,0.41,OK
2026-05-05 16:17:43,aquanet/hydraulic/pressure,3.53,OK
2026-05-05 16:17:43,aquanet/hydraulic/flowrate,72.2,OK
2026-05-05 16:17:43,aquanet/alerts,ALERT TURBIDITY: 10.2 NTU exceeds 5.0 NTU - TREATMENT REQUIRED,ALERT
2026-05-05 16:17:53,aquanet/water/turbidity,10.3,ALERT - Turbidity 10.3 NTU exceeds 5.0
2026-05-05 16:17:53,aquanet/water/ecoli,1100.0,ALERT - E.coli 1100.0 CFU/100ml exceeds 540.0
2026-05-05 16:17:53,aquanet/water/ph,7.12,OK
2026-05-05 16:17:53,aquanet/water/nitrate,0.33,OK
2026-05-05 16:17:53,aquanet/hydraulic/pressure,4.39,OK
2026-05-05 16:17:53,aquanet/hydraulic/flowrate,76.6,OK
2026-05-05 16:17:53,aquanet/alerts,ALERT E.COLI: 1100.0 CFU/100ml exceeds NPS-FM limit of 540.0 - BACTERIAL CONTAMINATION DETECTED,ALERT
2026-05-05 16:17:53,aquanet/alerts,ALERT TURBIDITY: 10.3 NTU exceeds 5.0 NTU - TREATMENT REQUIRED,ALERT
2026-05-05 16:17:53,aquanet/alerts,ALERT PRESSURE HIGH: 4.39 bar exceeds 4.0 bar - PIPE BURST RISK,ALERT
2026-05-05 16:18:03,aquanet/water/turbidity,9.1,ALERT - Turbidity 9.1 NTU exceeds 5.0
2026-05-05 16:18:03,aquanet/water/ecoli,500.0,OK
2026-05-05 16:18:03,aquanet/water/ph,6.96,OK
2026-05-05 16:18:03,aquanet/water/nitrate,0.38,OK
2026-05-05 16:18:03,aquanet/hydraulic/pressure,5.36,ALERT - Pressure 5.36 bar exceeds 5.0
2026-05-05 16:18:03,aquanet/hydraulic/flowrate,90.7,OK
2026-05-05 16:18:03,aquanet/alerts,ALERT TURBIDITY: 9.1 NTU exceeds 5.0 NTU - TREATMENT REQUIRED,ALERT
2026-05-05 16:18:03,aquanet/alerts,ALERT PRESSURE HIGH: 5.36 bar exceeds 4.0 bar - PIPE BURST RISK,ALERT
2026-05-05 16:18:13,aquanet/water/turbidity,15.6,ALERT - Turbidity 15.6 NTU exceeds 5.0
2026-05-05 16:18:13,aquanet/water/ecoli,1000.0,ALERT - E.coli 1000.0 CFU/100ml exceeds 540.0
2026-05-05 16:18:13,aquanet/water/ph,7.18,OK
2026-05-05 16:18:13,aquanet/water/nitrate,0.33,OK
2026-05-05 16:18:13,aquanet/hydraulic/pressure,5.48,ALERT - Pressure 5.48 bar exceeds 5.0
2026-05-05 16:18:13,aquanet/hydraulic/flowrate,98.5,OK
2026-05-05 16:18:13,aquanet/alerts,ALERT E.COLI: 1000.0 CFU/100ml exceeds NPS-FM limit of 540.0 - BACTERIAL CONTAMINATION DETECTED,ALERT
2026-05-05 16:18:13,aquanet/alerts,ALERT TURBIDITY: 15.6 NTU exceeds 5.0 NTU - TREATMENT REQUIRED,ALERT
2026-05-05 16:18:13,aquanet/alerts,ALERT PRESSURE HIGH: 5.48 bar exceeds 4.0 bar - PIPE BURST RISK,ALERT
2026-05-05 16:18:23,aquanet/water/turbidity,22.0,ALERT - Turbidity 22.0 NTU exceeds 5.0
2026-05-05 16:18:23,aquanet/water/ecoli,6000.0,ALERT - E.coli 6000.0 CFU/100ml exceeds 540.0
2026-05-05 16:18:23,aquanet/water/ph,7.15,OK
2026-05-05 16:18:23,aquanet/water/nitrate,0.28,OK
2026-05-05 16:18:23,aquanet/hydraulic/pressure,4.73,OK
2026-05-05 16:18:23,aquanet/hydraulic/flowrate,93.6,OK
2026-05-05 16:18:23,aquanet/alerts,ALERT E.COLI: 6000.0 CFU/100ml exceeds NPS-FM limit of 540.0 - BACTERIAL CONTAMINATION DETECTED,ALERT
2026-05-05 16:18:23,aquanet/alerts,ALERT TURBIDITY: 22.0 NTU exceeds 5.0 NTU - TREATMENT REQUIRED,ALERT
2026-05-05 16:18:23,aquanet/alerts,ALERT PRESSURE HIGH: 4.73 bar exceeds 4.0 bar - PIPE BURST RISK,ALERT
2026-05-05 16:18:33,aquanet/water/turbidity,9.7,ALERT - Turbidity 9.7 NTU exceeds 5.0
2026-05-05 16:18:33,aquanet/water/ecoli,2500.0,ALERT - E.coli 2500.0 CFU/100ml exceeds 540.0
2026-05-05 16:18:33,aquanet/water/ph,7.09,OK
2026-05-05 16:18:33,aquanet/water/nitrate,0.33,OK
2026-05-05 16:18:33,aquanet/hydraulic/pressure,4.91,OK
2026-05-05 16:18:33,aquanet/hydraulic/flowrate,88.1,OK
2026-05-05 16:18:33,aquanet/alerts,ALERT E.COLI: 2500.0 CFU/100ml exceeds NPS-FM limit of 540.0 - BACTERIAL CONTAMINATION DETECTED,ALERT
2026-05-05 16:18:33,aquanet/alerts,ALERT TURBIDITY: 9.7 NTU exceeds 5.0 NTU - TREATMENT REQUIRED,ALERT
2026-05-05 16:18:33,aquanet/alerts,ALERT PRESSURE HIGH: 4.91 bar exceeds 4.0 bar - PIPE BURST RISK,ALERT
2026-05-05 16:18:43,aquanet/water/turbidity,8.0,ALERT - Turbidity 8.0 NTU exceeds 5.0
2026-05-05 16:18:43,aquanet/water/ecoli,2900.0,ALERT - E.coli 2900.0 CFU/100ml exceeds 540.0
2026-05-05 16:18:43,aquanet/water/ph,7.33,OK
2026-05-05 16:18:43,aquanet/water/nitrate,0.27,OK
2026-05-05 16:18:43,aquanet/hydraulic/pressure,5.25,ALERT - Pressure 5.25 bar exceeds 5.0
2026-05-05 16:18:43,aquanet/hydraulic/flowrate,87.3,OK
2026-05-05 16:18:43,aquanet/alerts,ALERT E.COLI: 2900.0 CFU/100ml exceeds NPS-FM limit of 540.0 - BACTERIAL CONTAMINATION DETECTED,ALERT
2026-05-05 16:18:43,aquanet/alerts,ALERT TURBIDITY: 8.0 NTU exceeds 5.0 NTU - TREATMENT REQUIRED,ALERT
2026-05-05 16:18:43,aquanet/alerts,ALERT PRESSURE HIGH: 5.25 bar exceeds 4.0 bar - PIPE BURST RISK,ALERT
2026-05-05 16:18:53,aquanet/water/turbidity,9.6,ALERT - Turbidity 9.6 NTU exceeds 5.0
2026-05-05 16:18:53,aquanet/water/ecoli,500.0,OK
2026-05-05 16:18:53,aquanet/water/ph,7.33,OK
2026-05-05 16:18:53,aquanet/water/nitrate,0.3,OK
2026-05-05 16:18:53,aquanet/hydraulic/pressure,6.02,ALERT - Pressure 6.02 bar exceeds 5.0
2026-05-05 16:18:53,aquanet/hydraulic/flowrate,87.0,OK
2026-05-05 16:18:53,aquanet/alerts,ALERT TURBIDITY: 9.6 NTU exceeds 5.0 NTU - TREATMENT REQUIRED,ALERT
2026-05-05 16:18:53,aquanet/alerts,ALERT PRESSURE HIGH: 6.02 bar exceeds 4.0 bar - PIPE BURST RISK,ALERT
2026-05-05 16:19:03,aquanet/water/turbidity,11.3,ALERT - Turbidity 11.3 NTU exceeds 5.0
2026-05-05 16:19:03,aquanet/water/ecoli,1700.0,ALERT - E.coli 1700.0 CFU/100ml exceeds 540.0
2026-05-05 16:19:03,aquanet/water/ph,6.91,OK
2026-05-05 16:19:03,aquanet/water/nitrate,0.4,OK
2026-05-05 16:19:03,aquanet/hydraulic/pressure,2.87,OK
2026-05-05 16:19:03,aquanet/hydraulic/flowrate,85.1,OK
2026-05-05 16:19:03,aquanet/alerts,ALERT E.COLI: 1700.0 CFU/100ml exceeds NPS-FM limit of 540.0 - BACTERIAL CONTAMINATION DETECTED,ALERT
2026-05-05 16:19:03,aquanet/alerts,ALERT TURBIDITY: 11.3 NTU exceeds 5.0 NTU - TREATMENT REQUIRED,ALERT
2026-05-05 16:19:13,aquanet/water/turbidity,10.6,ALERT - Turbidity 10.6 NTU exceeds 5.0
2026-05-05 16:19:13,aquanet/water/ecoli,600.0,ALERT - E.coli 600.0 CFU/100ml exceeds 540.0
2026-05-05 16:19:13,aquanet/water/ph,6.88,OK
2026-05-05 16:19:13,aquanet/water/nitrate,0.34,OK
2026-05-05 16:19:13,aquanet/hydraulic/pressure,3.08,OK
2026-05-05 16:19:13,aquanet/hydraulic/flowrate,97.2,OK
2026-05-05 16:19:13,aquanet/alerts,ALERT E.COLI: 600.0 CFU/100ml exceeds NPS-FM limit of 540.0 - BACTERIAL CONTAMINATION DETECTED,ALERT
2026-05-05 16:19:13,aquanet/alerts,ALERT TURBIDITY: 10.6 NTU exceeds 5.0 NTU - TREATMENT REQUIRED,ALERT
2026-05-05 16:19:23,aquanet/water/turbidity,12.0,ALERT - Turbidity 12.0 NTU exceeds 5.0
2026-05-05 16:19:23,aquanet/water/ecoli,260.0,OK
2026-05-05 16:19:23,aquanet/water/ph,7.36,OK
2026-05-05 16:19:23,aquanet/water/nitrate,0.45,OK
2026-05-05 16:19:23,aquanet/hydraulic/pressure,5.21,ALERT - Pressure 5.21 bar exceeds 5.0
2026-05-05 16:19:23,aquanet/hydraulic/flowrate,84.3,OK
2026-05-05 16:19:23,aquanet/alerts,ALERT TURBIDITY: 12.0 NTU exceeds 5.0 NTU - TREATMENT REQUIRED,ALERT
2026-05-05 16:19:23,aquanet/alerts,ALERT PRESSURE HIGH: 5.21 bar exceeds 4.0 bar - PIPE BURST RISK,ALERT
2026-05-05 16:19:33,aquanet/water/turbidity,14.0,ALERT - Turbidity 14.0 NTU exceeds 5.0
2026-05-05 16:19:33,aquanet/water/ecoli,1100.0,ALERT - E.coli 1100.0 CFU/100ml exceeds 540.0
2026-05-05 16:19:33,aquanet/water/ph,7.57,OK
2026-05-05 16:19:33,aquanet/water/nitrate,0.43,OK
2026-05-05 16:19:33,aquanet/hydraulic/pressure,3.44,OK
2026-05-05 16:19:33,aquanet/hydraulic/flowrate,75.1,OK
2026-05-05 16:19:33,aquanet/alerts,ALERT E.COLI: 1100.0 CFU/100ml exceeds NPS-FM limit of 540.0 - BACTERIAL CONTAMINATION DETECTED,ALERT
2026-05-05 16:19:33,aquanet/alerts,ALERT TURBIDITY: 14.0 NTU exceeds 5.0 NTU - TREATMENT REQUIRED,ALERT
2026-05-05 16:19:43,aquanet/water/turbidity,8.3,ALERT - Turbidity 8.3 NTU exceeds 5.0
2026-05-05 16:19:43,aquanet/water/ecoli,400.0,OK
2026-05-05 16:19:43,aquanet/water/ph,7.58,OK
2026-05-05 16:19:43,aquanet/water/nitrate,0.54,OK
2026-05-05 16:19:43,aquanet/hydraulic/pressure,5.28,ALERT - Pressure 5.28 bar exceeds 5.0
2026-05-05 16:19:43,aquanet/hydraulic/flowrate,74.3,OK
2026-05-05 16:19:43,aquanet/alerts,ALERT TURBIDITY: 8.3 NTU exceeds 5.0 NTU - TREATMENT REQUIRED,ALERT
2026-05-05 16:19:43,aquanet/alerts,ALERT PRESSURE HIGH: 5.28 bar exceeds 4.0 bar - PIPE BURST RISK,ALERT
2026-05-05 16:19:53,aquanet/water/turbidity,12.4,ALERT - Turbidity 12.4 NTU exceeds 5.0
2026-05-05 16:19:53,aquanet/water/ecoli,1400.0,ALERT - E.coli 1400.0 CFU/100ml exceeds 540.0
2026-05-05 16:19:53,aquanet/water/ph,7.18,OK
2026-05-05 16:19:53,aquanet/water/nitrate,0.42,OK
2026-05-05 16:19:53,aquanet/hydraulic/pressure,4.62,OK
2026-05-05 16:19:53,aquanet/hydraulic/flowrate,91.4,OK
2026-05-05 16:19:53,aquanet/alerts,ALERT E.COLI: 1400.0 CFU/100ml exceeds NPS-FM limit of 540.0 - BACTERIAL CONTAMINATION DETECTED,ALERT
2026-05-05 16:19:53,aquanet/alerts,ALERT TURBIDITY: 12.4 NTU exceeds 5.0 NTU - TREATMENT REQUIRED,ALERT
2026-05-05 16:19:53,aquanet/alerts,ALERT PRESSURE HIGH: 4.62 bar exceeds 4.0 bar - PIPE BURST RISK,ALERT
2026-05-05 16:20:03,aquanet/water/turbidity,12.7,ALERT - Turbidity 12.7 NTU exceeds 5.0
2026-05-05 16:20:03,aquanet/water/ecoli,800.0,ALERT - E.coli 800.0 CFU/100ml exceeds 540.0
2026-05-05 16:20:03,aquanet/water/ph,7.25,OK
2026-05-05 16:20:03,aquanet/water/nitrate,0.33,OK
2026-05-05 16:20:03,aquanet/hydraulic/pressure,5.22,ALERT - Pressure 5.22 bar exceeds 5.0
2026-05-05 16:20:03,aquanet/hydraulic/flowrate,86.6,OK
2026-05-05 16:20:03,aquanet/alerts,ALERT E.COLI: 800.0 CFU/100ml exceeds NPS-FM limit of 540.0 - BACTERIAL CONTAMINATION DETECTED,ALERT
2026-05-05 16:20:03,aquanet/alerts,ALERT TURBIDITY: 12.7 NTU exceeds 5.0 NTU - TREATMENT REQUIRED,ALERT
2026-05-05 16:20:03,aquanet/alerts,ALERT PRESSURE HIGH: 5.22 bar exceeds 4.0 bar - PIPE BURST RISK,ALERT
2026-05-05 16:20:13,aquanet/water/turbidity,17.7,ALERT - Turbidity 17.7 NTU exceeds 5.0
2026-05-05 16:20:13,aquanet/water/ecoli,3600.0,ALERT - E.coli 3600.0 CFU/100ml exceeds 540.0
2026-05-05 16:20:13,aquanet/water/ph,7.59,OK
2026-05-05 16:20:13,aquanet/water/nitrate,0.3,OK
2026-05-05 16:20:13,aquanet/hydraulic/pressure,4.47,OK
2026-05-05 16:20:13,aquanet/hydraulic/flowrate,90.7,OK
2026-05-05 16:20:13,aquanet/alerts,ALERT E.COLI: 3600.0 CFU/100ml exceeds NPS-FM limit of 540.0 - BACTERIAL CONTAMINATION DETECTED,ALERT
2026-05-05 16:20:13,aquanet/alerts,ALERT TURBIDITY: 17.7 NTU exceeds 5.0 NTU - TREATMENT REQUIRED,ALERT
2026-05-05 16:20:13,aquanet/alerts,ALERT PRESSURE HIGH: 4.47 bar exceeds 4.0 bar - PIPE BURST RISK,ALERT
2026-05-05 16:20:23,aquanet/water/turbidity,9.7,ALERT - Turbidity 9.7 NTU exceeds 5.0
2026-05-05 16:20:23,aquanet/water/ecoli,2900.0,ALERT - E.coli 2900.0 CFU/100ml exceeds 540.0
2026-05-05 16:20:23,aquanet/water/ph,7.02,OK
2026-05-05 16:20:23,aquanet/water/nitrate,0.26,OK
2026-05-05 16:20:23,aquanet/hydraulic/pressure,5.95,ALERT - Pressure 5.95 bar exceeds 5.0
2026-05-05 16:20:23,aquanet/hydraulic/flowrate,95.5,OK
2026-05-05 16:20:23,aquanet/alerts,ALERT E.COLI: 2900.0 CFU/100ml exceeds NPS-FM limit of 540.0 - BACTERIAL CONTAMINATION DETECTED,ALERT
2026-05-05 16:20:23,aquanet/alerts,ALERT TURBIDITY: 9.7 NTU exceeds 5.0 NTU - TREATMENT REQUIRED,ALERT
2026-05-05 16:20:23,aquanet/alerts,ALERT PRESSURE HIGH: 5.95 bar exceeds 4.0 bar - PIPE BURST RISK,ALERT
2026-05-05 16:20:33,aquanet/water/turbidity,31.0,ALERT - Turbidity 31.0 NTU exceeds 5.0
2026-05-05 16:20:33,aquanet/water/ecoli,41000.0,ALERT - E.coli 41000.0 CFU/100ml exceeds 540.0
2026-05-05 16:20:33,aquanet/water/ph,7.18,OK
2026-05-05 16:20:33,aquanet/water/nitrate,0.31,OK
2026-05-05 16:20:33,aquanet/hydraulic/pressure,4.79,OK
2026-05-05 16:20:33,aquanet/hydraulic/flowrate,99.4,OK
2026-05-05 16:20:33,aquanet/alerts,ALERT E.COLI: 41000.0 CFU/100ml exceeds NPS-FM limit of 540.0 - BACTERIAL CONTAMINATION DETECTED,ALERT
2026-05-05 16:20:33,aquanet/alerts,ALERT TURBIDITY: 31.0 NTU exceeds 5.0 NTU - TREATMENT REQUIRED,ALERT
2026-05-05 16:20:33,aquanet/alerts,ALERT PRESSURE HIGH: 4.79 bar exceeds 4.0 bar - PIPE BURST RISK,ALERT
2026-05-05 16:20:43,aquanet/water/turbidity,11.3,ALERT - Turbidity 11.3 NTU exceeds 5.0
2026-05-05 16:20:43,aquanet/water/ecoli,2200.0,ALERT - E.coli 2200.0 CFU/100ml exceeds 540.0
2026-05-05 16:20:43,aquanet/water/ph,7.36,OK
2026-05-05 16:20:44,aquanet/water/nitrate,0.118,OK
2026-05-05 16:20:44,aquanet/hydraulic/pressure,5.83,ALERT - Pressure 5.83 bar exceeds 5.0
2026-05-05 16:20:44,aquanet/hydraulic/flowrate,72.1,OK
2026-05-05 16:20:44,aquanet/alerts,ALERT E.COLI: 2200.0 CFU/100ml exceeds NPS-FM limit of 540.0 - BACTERIAL CONTAMINATION DETECTED,ALERT
2026-05-05 16:20:44,aquanet/alerts,ALERT TURBIDITY: 11.3 NTU exceeds 5.0 NTU - TREATMENT REQUIRED,ALERT
2026-05-05 16:20:44,aquanet/alerts,ALERT PRESSURE HIGH: 5.83 bar exceeds 4.0 bar - PIPE BURST RISK,ALERT
2026-05-05 16:20:54,aquanet/water/turbidity,5.3,ALERT - Turbidity 5.3 NTU exceeds 5.0
2026-05-05 16:20:54,aquanet/water/ecoli,10.0,OK
2026-05-05 16:20:54,aquanet/water/ph,7.19,OK
2026-05-05 16:20:54,aquanet/water/nitrate,0.137,OK
2026-05-05 16:20:54,aquanet/hydraulic/pressure,5.74,ALERT - Pressure 5.74 bar exceeds 5.0
2026-05-05 16:20:54,aquanet/hydraulic/flowrate,85.0,OK
2026-05-05 16:20:54,aquanet/alerts,ALERT TURBIDITY: 5.3 NTU exceeds 5.0 NTU - TREATMENT REQUIRED,ALERT
2026-05-05 16:20:54,aquanet/alerts,ALERT PRESSURE HIGH: 5.74 bar exceeds 4.0 bar - PIPE BURST RISK,ALERT
2026-05-05 16:21:04,aquanet/water/turbidity,7.5,ALERT - Turbidity 7.5 NTU exceeds 5.0
2026-05-05 16:21:04,aquanet/water/ecoli,900.0,ALERT - E.coli 900.0 CFU/100ml exceeds 540.0
2026-05-05 16:21:04,aquanet/water/ph,7.04,OK
2026-05-05 16:21:04,aquanet/water/nitrate,0.108,OK
2026-05-05 16:21:04,aquanet/hydraulic/pressure,3.14,OK
2026-05-05 16:21:04,aquanet/hydraulic/flowrate,96.3,OK
2026-05-05 16:21:04,aquanet/alerts,ALERT E.COLI: 900.0 CFU/100ml exceeds NPS-FM limit of 540.0 - BACTERIAL CONTAMINATION DETECTED,ALERT
2026-05-05 16:21:04,aquanet/alerts,ALERT TURBIDITY: 7.5 NTU exceeds 5.0 NTU - TREATMENT REQUIRED,ALERT
2026-05-05 16:21:14,aquanet/water/turbidity,14.0,ALERT - Turbidity 14.0 NTU exceeds 5.0
2026-05-05 16:21:14,aquanet/water/ecoli,500.0,OK
2026-05-05 16:21:14,aquanet/water/ph,7.12,OK
2026-05-05 16:21:14,aquanet/water/nitrate,0.121,OK
2026-05-05 16:21:14,aquanet/hydraulic/pressure,4.45,OK
2026-05-05 16:21:14,aquanet/hydraulic/flowrate,93.9,OK
2026-05-05 16:21:14,aquanet/alerts,ALERT TURBIDITY: 14.0 NTU exceeds 5.0 NTU - TREATMENT REQUIRED,ALERT
2026-05-05 16:21:14,aquanet/alerts,ALERT PRESSURE HIGH: 4.45 bar exceeds 4.0 bar - PIPE BURST RISK,ALERT
2026-05-05 16:21:24,aquanet/water/turbidity,13.2,ALERT - Turbidity 13.2 NTU exceeds 5.0
2026-05-05 16:21:24,aquanet/water/ecoli,240.0,OK
2026-05-05 16:21:24,aquanet/water/ph,7.03,OK
2026-05-05 16:21:24,aquanet/water/nitrate,0.9,OK
2026-05-05 16:21:24,aquanet/hydraulic/pressure,2.91,OK
2026-05-05 16:21:24,aquanet/hydraulic/flowrate,71.4,OK
2026-05-05 16:21:24,aquanet/alerts,ALERT TURBIDITY: 13.2 NTU exceeds 5.0 NTU - TREATMENT REQUIRED,ALERT
2026-05-05 16:21:34,aquanet/water/turbidity,7.6,ALERT - Turbidity 7.6 NTU exceeds 5.0
2026-05-05 16:21:34,aquanet/water/ecoli,500.0,OK
2026-05-05 16:21:34,aquanet/water/ph,7.12,OK
2026-05-05 16:21:34,aquanet/water/nitrate,1.04,OK
2026-05-05 16:21:34,aquanet/hydraulic/pressure,3.06,OK
2026-05-05 16:21:34,aquanet/hydraulic/flowrate,77.2,OK
2026-05-05 16:21:34,aquanet/alerts,ALERT TURBIDITY: 7.6 NTU exceeds 5.0 NTU - TREATMENT REQUIRED,ALERT
2026-05-05 16:21:44,aquanet/water/turbidity,10.0,ALERT - Turbidity 10.0 NTU exceeds 5.0
2026-05-05 16:21:44,aquanet/water/ecoli,600.0,ALERT - E.coli 600.0 CFU/100ml exceeds 540.0
2026-05-05 16:21:44,aquanet/water/ph,6.96,OK
2026-05-05 16:21:44,aquanet/water/nitrate,0.49,OK
2026-05-05 16:21:44,aquanet/hydraulic/pressure,4.69,OK
2026-05-05 16:21:44,aquanet/hydraulic/flowrate,93.3,OK
2026-05-05 16:21:44,aquanet/alerts,ALERT E.COLI: 600.0 CFU/100ml exceeds NPS-FM limit of 540.0 - BACTERIAL CONTAMINATION DETECTED,ALERT
2026-05-05 16:21:44,aquanet/alerts,ALERT TURBIDITY: 10.0 NTU exceeds 5.0 NTU - TREATMENT REQUIRED,ALERT
2026-05-05 16:21:44,aquanet/alerts,ALERT PRESSURE HIGH: 4.69 bar exceeds 4.0 bar - PIPE BURST RISK,ALERT
2026-05-05 16:21:54,aquanet/water/turbidity,10.8,ALERT - Turbidity 10.8 NTU exceeds 5.0
2026-05-05 16:21:54,aquanet/water/ecoli,1900.0,ALERT - E.coli 1900.0 CFU/100ml exceeds 540.0
2026-05-05 16:21:54,aquanet/water/ph,7.03,OK
2026-05-05 16:21:54,aquanet/water/nitrate,0.28,OK
2026-05-05 16:21:54,aquanet/hydraulic/pressure,5.63,ALERT - Pressure 5.63 bar exceeds 5.0
2026-05-05 16:21:54,aquanet/hydraulic/flowrate,76.8,OK
2026-05-05 16:21:54,aquanet/alerts,ALERT E.COLI: 1900.0 CFU/100ml exceeds NPS-FM limit of 540.0 - BACTERIAL CONTAMINATION DETECTED,ALERT
2026-05-05 16:21:54,aquanet/alerts,ALERT TURBIDITY: 10.8 NTU exceeds 5.0 NTU - TREATMENT REQUIRED,ALERT
2026-05-05 16:21:54,aquanet/alerts,ALERT PRESSURE HIGH: 5.63 bar exceeds 4.0 bar - PIPE BURST RISK,ALERT
2026-05-05 16:22:04,aquanet/water/turbidity,7.8,ALERT - Turbidity 7.8 NTU exceeds 5.0
2026-05-05 16:22:04,aquanet/water/ecoli,400.0,OK
2026-05-05 16:22:04,aquanet/water/ph,6.91,OK
2026-05-05 16:22:04,aquanet/water/nitrate,0.32,OK
2026-05-05 16:22:04,aquanet/hydraulic/pressure,4.8,OK
2026-05-05 16:22:04,aquanet/hydraulic/flowrate,70.4,OK
2026-05-05 16:22:04,aquanet/alerts,ALERT TURBIDITY: 7.8 NTU exceeds 5.0 NTU - TREATMENT REQUIRED,ALERT
2026-05-05 16:22:04,aquanet/alerts,ALERT PRESSURE HIGH: 4.8 bar exceeds 4.0 bar - PIPE BURST RISK,ALERT
2026-05-05 16:22:14,aquanet/water/turbidity,10.3,ALERT - Turbidity 10.3 NTU exceeds 5.0
2026-05-05 16:22:14,aquanet/water/ecoli,5000.0,ALERT - E.coli 5000.0 CFU/100ml exceeds 540.0
2026-05-05 16:22:14,aquanet/water/ph,6.61,OK
2026-05-05 16:22:14,aquanet/water/nitrate,0.53,OK
2026-05-05 16:22:14,aquanet/hydraulic/pressure,5.7,ALERT - Pressure 5.7 bar exceeds 5.0
2026-05-05 16:22:14,aquanet/hydraulic/flowrate,94.6,OK
2026-05-05 16:22:14,aquanet/alerts,ALERT E.COLI: 5000.0 CFU/100ml exceeds NPS-FM limit of 540.0 - BACTERIAL CONTAMINATION DETECTED,ALERT
2026-05-05 16:22:14,aquanet/alerts,ALERT TURBIDITY: 10.3 NTU exceeds 5.0 NTU - TREATMENT REQUIRED,ALERT
2026-05-05 16:22:14,aquanet/alerts,ALERT PRESSURE HIGH: 5.7 bar exceeds 4.0 bar - PIPE BURST RISK,ALERT
2026-05-05 16:22:24,aquanet/water/turbidity,11.6,ALERT - Turbidity 11.6 NTU exceeds 5.0
2026-05-05 16:22:24,aquanet/water/ecoli,2300.0,ALERT - E.coli 2300.0 CFU/100ml exceeds 540.0
2026-05-05 16:22:24,aquanet/water/ph,6.89,OK
2026-05-05 16:22:24,aquanet/water/nitrate,0.2,OK
2026-05-05 16:22:24,aquanet/hydraulic/pressure,4.86,OK
2026-05-05 16:22:24,aquanet/hydraulic/flowrate,87.8,OK
2026-05-05 16:22:24,aquanet/alerts,ALERT E.COLI: 2300.0 CFU/100ml exceeds NPS-FM limit of 540.0 - BACTERIAL CONTAMINATION DETECTED,ALERT
2026-05-05 16:22:24,aquanet/alerts,ALERT TURBIDITY: 11.6 NTU exceeds 5.0 NTU - TREATMENT REQUIRED,ALERT
2026-05-05 16:22:24,aquanet/alerts,ALERT PRESSURE HIGH: 4.86 bar exceeds 4.0 bar - PIPE BURST RISK,ALERT
2026-05-05 16:27:04,aquanet/water/turbidity,15.8,ALERT - Turbidity 15.8 NTU exceeds 5.0
2026-05-05 16:27:04,aquanet/water/ecoli,1500.0,ALERT - E.coli 1500.0 CFU/100ml exceeds 540.0
2026-05-05 16:27:04,aquanet/water/ph,7.02,OK
2026-05-05 16:27:04,aquanet/water/nitrate,0.33,OK
2026-05-05 16:27:04,aquanet/hydraulic/pressure,2.86,OK
2026-05-05 16:27:04,aquanet/hydraulic/flowrate,84.7,OK
2026-05-05 16:27:04,aquanet/alerts,ALERT E.COLI: 1500.0 CFU/100ml exceeds NPS-FM limit of 540.0 - BACTERIAL CONTAMINATION DETECTED,ALERT
2026-05-05 16:27:04,aquanet/alerts,ALERT TURBIDITY: 15.8 NTU exceeds 5.0 NTU - TREATMENT REQUIRED,ALERT
2026-05-05 16:27:14,aquanet/water/turbidity,17.9,ALERT - Turbidity 17.9 NTU exceeds 5.0
2026-05-05 16:27:14,aquanet/water/ecoli,26000.0,ALERT - E.coli 26000.0 CFU/100ml exceeds 540.0
2026-05-05 16:27:14,aquanet/water/ph,7.01,OK
2026-05-05 16:27:14,aquanet/water/nitrate,0.27,OK
2026-05-05 16:27:14,aquanet/hydraulic/pressure,5.41,ALERT - Pressure 5.41 bar exceeds 5.0
2026-05-05 16:27:14,aquanet/hydraulic/flowrate,86.8,OK
2026-05-05 16:27:14,aquanet/alerts,ALERT E.COLI: 26000.0 CFU/100ml exceeds NPS-FM limit of 540.0 - BACTERIAL CONTAMINATION DETECTED,ALERT
2026-05-05 16:27:14,aquanet/alerts,ALERT TURBIDITY: 17.9 NTU exceeds 5.0 NTU - TREATMENT REQUIRED,ALERT
2026-05-05 16:27:14,aquanet/alerts,ALERT PRESSURE HIGH: 5.41 bar exceeds 4.0 bar - PIPE BURST RISK,ALERT
2026-05-05 16:27:24,aquanet/water/turbidity,19.3,ALERT - Turbidity 19.3 NTU exceeds 5.0
2026-05-05 16:27:24,aquanet/water/ecoli,11000.0,ALERT - E.coli 11000.0 CFU/100ml exceeds 540.0
2026-05-05 16:27:24,aquanet/water/ph,6.64,OK
2026-05-05 16:27:24,aquanet/water/nitrate,0.3,OK
2026-05-05 16:27:24,aquanet/hydraulic/pressure,5.52,ALERT - Pressure 5.52 bar exceeds 5.0
2026-05-05 16:27:24,aquanet/hydraulic/flowrate,83.7,OK
2026-05-05 16:27:24,aquanet/alerts,ALERT E.COLI: 11000.0 CFU/100ml exceeds NPS-FM limit of 540.0 - BACTERIAL CONTAMINATION DETECTED,ALERT
2026-05-05 16:27:24,aquanet/alerts,ALERT TURBIDITY: 19.3 NTU exceeds 5.0 NTU - TREATMENT REQUIRED,ALERT
2026-05-05 16:27:24,aquanet/alerts,ALERT PRESSURE HIGH: 5.52 bar exceeds 4.0 bar - PIPE BURST RISK,ALERT
2026-05-05 16:27:34,aquanet/water/turbidity,19.5,ALERT - Turbidity 19.5 NTU exceeds 5.0
2026-05-05 16:27:34,aquanet/water/ecoli,2600.0,ALERT - E.coli 2600.0 CFU/100ml exceeds 540.0
2026-05-05 16:27:34,aquanet/water/ph,6.8,OK
2026-05-05 16:27:34,aquanet/water/nitrate,0.4,OK
2026-05-05 16:27:34,aquanet/hydraulic/pressure,4.78,OK
2026-05-05 16:27:34,aquanet/hydraulic/flowrate,77.9,OK
2026-05-05 16:27:34,aquanet/alerts,ALERT E.COLI: 2600.0 CFU/100ml exceeds NPS-FM limit of 540.0 - BACTERIAL CONTAMINATION DETECTED,ALERT
2026-05-05 16:27:34,aquanet/alerts,ALERT TURBIDITY: 19.5 NTU exceeds 5.0 NTU - TREATMENT REQUIRED,ALERT
2026-05-05 16:27:34,aquanet/alerts,ALERT PRESSURE HIGH: 4.78 bar exceeds 4.0 bar - PIPE BURST RISK,ALERT
2026-05-05 16:27:44,aquanet/water/turbidity,10.8,ALERT - Turbidity 10.8 NTU exceeds 5.0
2026-05-05 16:27:44,aquanet/water/ecoli,2200.0,ALERT - E.coli 2200.0 CFU/100ml exceeds 540.0
2026-05-05 16:27:44,aquanet/water/ph,6.7,OK
2026-05-05 16:27:44,aquanet/water/nitrate,0.34,OK
2026-05-05 16:27:44,aquanet/hydraulic/pressure,4.89,OK
2026-05-05 16:27:44,aquanet/hydraulic/flowrate,71.3,OK
2026-05-05 16:27:44,aquanet/alerts,ALERT E.COLI: 2200.0 CFU/100ml exceeds NPS-FM limit of 540.0 - BACTERIAL CONTAMINATION DETECTED,ALERT
2026-05-05 16:27:44,aquanet/alerts,ALERT TURBIDITY: 10.8 NTU exceeds 5.0 NTU - TREATMENT REQUIRED,ALERT
2026-05-05 16:27:44,aquanet/alerts,ALERT PRESSURE HIGH: 4.89 bar exceeds 4.0 bar - PIPE BURST RISK,ALERT
2026-05-05 16:27:54,aquanet/water/turbidity,36.6,ALERT - Turbidity 36.6 NTU exceeds 5.0
2026-05-05 16:27:54,aquanet/water/ecoli,7600.0,ALERT - E.coli 7600.0 CFU/100ml exceeds 540.0
2026-05-05 16:27:54,aquanet/water/ph,7.0,OK
2026-05-05 16:27:54,aquanet/water/nitrate,0.45,OK
2026-05-05 16:27:54,aquanet/hydraulic/pressure,4.91,OK
2026-05-05 16:27:54,aquanet/hydraulic/flowrate,92.5,OK
2026-05-05 16:27:54,aquanet/alerts,ALERT E.COLI: 7600.0 CFU/100ml exceeds NPS-FM limit of 540.0 - BACTERIAL CONTAMINATION DETECTED,ALERT
2026-05-05 16:27:54,aquanet/alerts,ALERT TURBIDITY: 36.6 NTU exceeds 5.0 NTU - TREATMENT REQUIRED,ALERT
2026-05-05 16:27:54,aquanet/alerts,ALERT PRESSURE HIGH: 4.91 bar exceeds 4.0 bar - PIPE BURST RISK,ALERT
2026-05-05 16:28:04,aquanet/water/turbidity,12.0,ALERT - Turbidity 12.0 NTU exceeds 5.0
2026-05-05 16:28:04,aquanet/water/ecoli,1100.0,ALERT - E.coli 1100.0 CFU/100ml exceeds 540.0
2026-05-05 16:28:04,aquanet/water/ph,6.86,OK
2026-05-05 16:28:04,aquanet/water/nitrate,0.43,OK
2026-05-05 16:28:04,aquanet/hydraulic/pressure,5.15,ALERT - Pressure 5.15 bar exceeds 5.0
2026-05-05 16:28:04,aquanet/hydraulic/flowrate,87.3,OK
2026-05-05 16:28:04,aquanet/alerts,ALERT E.COLI: 1100.0 CFU/100ml exceeds NPS-FM limit of 540.0 - BACTERIAL CONTAMINATION DETECTED,ALERT
2026-05-05 16:28:04,aquanet/alerts,ALERT TURBIDITY: 12.0 NTU exceeds 5.0 NTU - TREATMENT REQUIRED,ALERT
2026-05-05 16:28:04,aquanet/alerts,ALERT PRESSURE HIGH: 5.15 bar exceeds 4.0 bar - PIPE BURST RISK,ALERT
2026-05-05 16:28:14,aquanet/water/turbidity,39.0,ALERT - Turbidity 39.0 NTU exceeds 5.0
2026-05-05 16:28:14,aquanet/water/ecoli,1200.0,ALERT - E.coli 1200.0 CFU/100ml exceeds 540.0
2026-05-05 16:28:14,aquanet/water/ph,6.62,OK
2026-05-05 16:28:14,aquanet/water/nitrate,0.54,OK
2026-05-05 16:28:14,aquanet/hydraulic/pressure,3.06,OK
2026-05-05 16:28:14,aquanet/hydraulic/flowrate,77.1,OK
2026-05-05 16:28:14,aquanet/alerts,ALERT E.COLI: 1200.0 CFU/100ml exceeds NPS-FM limit of 540.0 - BACTERIAL CONTAMINATION DETECTED,ALERT
2026-05-05 16:28:14,aquanet/alerts,ALERT TURBIDITY: 39.0 NTU exceeds 5.0 NTU - TREATMENT REQUIRED,ALERT
2026-05-05 16:28:24,aquanet/water/turbidity,30.0,ALERT - Turbidity 30.0 NTU exceeds 5.0
2026-05-05 16:28:24,aquanet/water/ecoli,510.0,OK
2026-05-05 16:28:24,aquanet/water/ph,6.91,OK
2026-05-05 16:28:24,aquanet/water/nitrate,0.42,OK
2026-05-05 16:28:24,aquanet/hydraulic/pressure,5.53,ALERT - Pressure 5.53 bar exceeds 5.0
2026-05-05 16:28:24,aquanet/hydraulic/flowrate,80.7,OK
2026-05-05 16:28:24,aquanet/alerts,ALERT TURBIDITY: 30.0 NTU exceeds 5.0 NTU - TREATMENT REQUIRED,ALERT
2026-05-05 16:28:24,aquanet/alerts,ALERT PRESSURE HIGH: 5.53 bar exceeds 4.0 bar - PIPE BURST RISK,ALERT
2026-05-05 16:28:34,aquanet/water/turbidity,11.0,ALERT - Turbidity 11.0 NTU exceeds 5.0
2026-05-05 16:28:34,aquanet/water/ecoli,870.0,ALERT - E.coli 870.0 CFU/100ml exceeds 540.0
2026-05-05 16:28:34,aquanet/water/ph,6.86,OK
2026-05-05 16:28:34,aquanet/water/nitrate,0.33,OK
2026-05-05 16:28:34,aquanet/hydraulic/pressure,4.6,OK
2026-05-05 16:28:34,aquanet/hydraulic/flowrate,86.7,OK
2026-05-05 16:28:34,aquanet/alerts,ALERT E.COLI: 870.0 CFU/100ml exceeds NPS-FM limit of 540.0 - BACTERIAL CONTAMINATION DETECTED,ALERT
2026-05-05 16:28:34,aquanet/alerts,ALERT TURBIDITY: 11.0 NTU exceeds 5.0 NTU - TREATMENT REQUIRED,ALERT
2026-05-05 16:28:34,aquanet/alerts,ALERT PRESSURE HIGH: 4.6 bar exceeds 4.0 bar - PIPE BURST RISK,ALERT
2026-05-05 16:28:44,aquanet/water/turbidity,16.0,ALERT - Turbidity 16.0 NTU exceeds 5.0
2026-05-05 16:28:44,aquanet/water/ecoli,1200.0,ALERT - E.coli 1200.0 CFU/100ml exceeds 540.0
2026-05-05 16:28:44,aquanet/water/ph,6.7,OK
2026-05-05 16:28:44,aquanet/water/nitrate,0.3,OK
2026-05-05 16:28:44,aquanet/hydraulic/pressure,4.67,OK
2026-05-05 16:28:44,aquanet/hydraulic/flowrate,94.9,OK
2026-05-05 16:28:44,aquanet/alerts,ALERT E.COLI: 1200.0 CFU/100ml exceeds NPS-FM limit of 540.0 - BACTERIAL CONTAMINATION DETECTED,ALERT
2026-05-05 16:28:44,aquanet/alerts,ALERT TURBIDITY: 16.0 NTU exceeds 5.0 NTU - TREATMENT REQUIRED,ALERT
2026-05-05 16:28:44,aquanet/alerts,ALERT PRESSURE HIGH: 4.67 bar exceeds 4.0 bar - PIPE BURST RISK,ALERT
2026-05-05 16:28:54,aquanet/water/turbidity,12.0,ALERT - Turbidity 12.0 NTU exceeds 5.0
2026-05-05 16:28:54,aquanet/water/ecoli,610.0,ALERT - E.coli 610.0 CFU/100ml exceeds 540.0
2026-05-05 16:28:54,aquanet/water/ph,6.8,OK
2026-05-05 16:28:54,aquanet/water/nitrate,0.26,OK
2026-05-05 16:28:54,aquanet/hydraulic/pressure,4.89,OK
2026-05-05 16:28:54,aquanet/hydraulic/flowrate,71.8,OK
2026-05-05 16:28:54,aquanet/alerts,ALERT E.COLI: 610.0 CFU/100ml exceeds NPS-FM limit of 540.0 - BACTERIAL CONTAMINATION DETECTED,ALERT
2026-05-05 16:28:54,aquanet/alerts,ALERT TURBIDITY: 12.0 NTU exceeds 5.0 NTU - TREATMENT REQUIRED,ALERT
2026-05-05 16:28:54,aquanet/alerts,ALERT PRESSURE HIGH: 4.89 bar exceeds 4.0 bar - PIPE BURST RISK,ALERT
2026-05-05 16:29:04,aquanet/water/turbidity,18.0,ALERT - Turbidity 18.0 NTU exceeds 5.0
2026-05-05 16:29:04,aquanet/water/ecoli,7300.0,ALERT - E.coli 7300.0 CFU/100ml exceeds 540.0
2026-05-05 16:29:04,aquanet/water/ph,6.8,OK
2026-05-05 16:29:04,aquanet/water/nitrate,0.31,OK
2026-05-05 16:29:04,aquanet/hydraulic/pressure,4.87,OK
2026-05-05 16:29:04,aquanet/hydraulic/flowrate,71.1,OK
2026-05-05 16:29:04,aquanet/alerts,ALERT E.COLI: 7300.0 CFU/100ml exceeds NPS-FM limit of 540.0 - BACTERIAL CONTAMINATION DETECTED,ALERT
2026-05-05 16:29:04,aquanet/alerts,ALERT TURBIDITY: 18.0 NTU exceeds 5.0 NTU - TREATMENT REQUIRED,ALERT
2026-05-05 16:29:04,aquanet/alerts,ALERT PRESSURE HIGH: 4.87 bar exceeds 4.0 bar - PIPE BURST RISK,ALERT
2026-05-05 16:29:14,aquanet/water/turbidity,14.0,ALERT - Turbidity 14.0 NTU exceeds 5.0
2026-05-05 16:29:14,aquanet/water/ecoli,2000.0,ALERT - E.coli 2000.0 CFU/100ml exceeds 540.0
2026-05-05 16:29:14,aquanet/water/ph,6.73,OK
2026-05-05 16:29:14,aquanet/water/nitrate,0.118,OK
2026-05-05 16:29:14,aquanet/hydraulic/pressure,5.25,ALERT - Pressure 5.25 bar exceeds 5.0
2026-05-05 16:29:14,aquanet/hydraulic/flowrate,82.4,OK
2026-05-05 16:29:14,aquanet/alerts,ALERT E.COLI: 2000.0 CFU/100ml exceeds NPS-FM limit of 540.0 - BACTERIAL CONTAMINATION DETECTED,ALERT
2026-05-05 16:29:14,aquanet/alerts,ALERT TURBIDITY: 14.0 NTU exceeds 5.0 NTU - TREATMENT REQUIRED,ALERT
2026-05-05 16:29:14,aquanet/alerts,ALERT PRESSURE HIGH: 5.25 bar exceeds 4.0 bar - PIPE BURST RISK,ALERT
2026-05-05 16:29:24,aquanet/water/turbidity,20.0,ALERT - Turbidity 20.0 NTU exceeds 5.0
2026-05-05 16:29:24,aquanet/water/ecoli,2700.0,ALERT - E.coli 2700.0 CFU/100ml exceeds 540.0
2026-05-05 16:29:24,aquanet/water/ph,6.53,OK
2026-05-05 16:29:24,aquanet/water/nitrate,0.137,OK
2026-05-05 16:29:24,aquanet/hydraulic/pressure,4.76,OK
2026-05-05 16:29:24,aquanet/hydraulic/flowrate,70.6,OK
2026-05-05 16:29:24,aquanet/alerts,ALERT E.COLI: 2700.0 CFU/100ml exceeds NPS-FM limit of 540.0 - BACTERIAL CONTAMINATION DETECTED,ALERT
2026-05-05 16:29:24,aquanet/alerts,ALERT TURBIDITY: 20.0 NTU exceeds 5.0 NTU - TREATMENT REQUIRED,ALERT
2026-05-05 16:29:24,aquanet/alerts,ALERT PRESSURE HIGH: 4.76 bar exceeds 4.0 bar - PIPE BURST RISK,ALERT
2026-05-05 16:29:34,aquanet/water/turbidity,18.0,ALERT - Turbidity 18.0 NTU exceeds 5.0
2026-05-05 16:29:34,aquanet/water/ecoli,3500.0,ALERT - E.coli 3500.0 CFU/100ml exceeds 540.0
2026-05-05 16:29:34,aquanet/water/ph,7.01,OK
2026-05-05 16:29:34,aquanet/water/nitrate,0.108,OK
2026-05-05 16:29:34,aquanet/hydraulic/pressure,3.07,OK
2026-05-05 16:29:34,aquanet/hydraulic/flowrate,83.4,OK
2026-05-05 16:29:34,aquanet/alerts,ALERT E.COLI: 3500.0 CFU/100ml exceeds NPS-FM limit of 540.0 - BACTERIAL CONTAMINATION DETECTED,ALERT
2026-05-05 16:29:34,aquanet/alerts,ALERT TURBIDITY: 18.0 NTU exceeds 5.0 NTU - TREATMENT REQUIRED,ALERT
2026-05-05 16:29:44,aquanet/water/turbidity,27.0,ALERT - Turbidity 27.0 NTU exceeds 5.0
2026-05-05 16:29:44,aquanet/water/ecoli,9700.0,ALERT - E.coli 9700.0 CFU/100ml exceeds 540.0
2026-05-05 16:29:44,aquanet/water/ph,6.93,OK
2026-05-05 16:29:44,aquanet/water/nitrate,0.121,OK
2026-05-05 16:29:44,aquanet/hydraulic/pressure,5.44,ALERT - Pressure 5.44 bar exceeds 5.0
2026-05-05 16:29:44,aquanet/hydraulic/flowrate,76.4,OK
2026-05-05 16:29:44,aquanet/alerts,ALERT E.COLI: 9700.0 CFU/100ml exceeds NPS-FM limit of 540.0 - BACTERIAL CONTAMINATION DETECTED,ALERT
2026-05-05 16:29:44,aquanet/alerts,ALERT TURBIDITY: 27.0 NTU exceeds 5.0 NTU - TREATMENT REQUIRED,ALERT
2026-05-05 16:29:44,aquanet/alerts,ALERT PRESSURE HIGH: 5.44 bar exceeds 4.0 bar - PIPE BURST RISK,ALERT
2026-05-05 16:29:54,aquanet/water/turbidity,11.0,ALERT - Turbidity 11.0 NTU exceeds 5.0
2026-05-05 16:29:54,aquanet/water/ecoli,680.0,ALERT - E.coli 680.0 CFU/100ml exceeds 540.0
2026-05-05 16:29:54,aquanet/water/ph,6.74,OK
2026-05-05 16:29:54,aquanet/water/nitrate,0.9,OK
2026-05-05 16:29:54,aquanet/hydraulic/pressure,5.57,ALERT - Pressure 5.57 bar exceeds 5.0
2026-05-05 16:29:54,aquanet/hydraulic/flowrate,83.3,OK
2026-05-05 16:29:54,aquanet/alerts,ALERT E.COLI: 680.0 CFU/100ml exceeds NPS-FM limit of 540.0 - BACTERIAL CONTAMINATION DETECTED,ALERT
2026-05-05 16:29:54,aquanet/alerts,ALERT TURBIDITY: 11.0 NTU exceeds 5.0 NTU - TREATMENT REQUIRED,ALERT
2026-05-05 16:29:54,aquanet/alerts,ALERT PRESSURE HIGH: 5.57 bar exceeds 4.0 bar - PIPE BURST RISK,ALERT
2026-05-05 16:30:04,aquanet/water/turbidity,10.0,ALERT - Turbidity 10.0 NTU exceeds 5.0
2026-05-05 16:30:04,aquanet/water/ecoli,840.0,ALERT - E.coli 840.0 CFU/100ml exceeds 540.0
2026-05-05 16:30:04,aquanet/water/ph,7.09,OK
2026-05-05 16:30:04,aquanet/water/nitrate,1.04,OK
2026-05-05 16:30:04,aquanet/hydraulic/pressure,5.33,ALERT - Pressure 5.33 bar exceeds 5.0
2026-05-05 16:30:04,aquanet/hydraulic/flowrate,70.4,OK
2026-05-05 16:30:04,aquanet/alerts,ALERT E.COLI: 840.0 CFU/100ml exceeds NPS-FM limit of 540.0 - BACTERIAL CONTAMINATION DETECTED,ALERT
2026-05-05 16:30:04,aquanet/alerts,ALERT TURBIDITY: 10.0 NTU exceeds 5.0 NTU - TREATMENT REQUIRED,ALERT
2026-05-05 16:30:04,aquanet/alerts,ALERT PRESSURE HIGH: 5.33 bar exceeds 4.0 bar - PIPE BURST RISK,ALERT
2026-05-05 16:30:14,aquanet/water/turbidity,13.0,ALERT - Turbidity 13.0 NTU exceeds 5.0
2026-05-05 16:30:14,aquanet/water/ecoli,800.0,ALERT - E.coli 800.0 CFU/100ml exceeds 540.0
2026-05-05 16:30:14,aquanet/water/ph,7.08,OK
2026-05-05 16:30:14,aquanet/water/nitrate,0.49,OK
2026-05-05 16:30:14,aquanet/hydraulic/pressure,4.45,OK
2026-05-05 16:30:14,aquanet/hydraulic/flowrate,91.4,OK
2026-05-05 16:30:14,aquanet/alerts,ALERT E.COLI: 800.0 CFU/100ml exceeds NPS-FM limit of 540.0 - BACTERIAL CONTAMINATION DETECTED,ALERT
2026-05-05 16:30:14,aquanet/alerts,ALERT TURBIDITY: 13.0 NTU exceeds 5.0 NTU - TREATMENT REQUIRED,ALERT
2026-05-05 16:30:14,aquanet/alerts,ALERT PRESSURE HIGH: 4.45 bar exceeds 4.0 bar - PIPE BURST RISK,ALERT
2026-05-05 16:30:24,aquanet/water/turbidity,40.0,ALERT - Turbidity 40.0 NTU exceeds 5.0
2026-05-05 16:30:24,aquanet/water/ecoli,7400.0,ALERT - E.coli 7400.0 CFU/100ml exceeds 540.0
2026-05-05 16:30:24,aquanet/water/ph,6.61,OK
2026-05-05 16:30:24,aquanet/water/nitrate,0.28,OK
2026-05-05 16:30:24,aquanet/hydraulic/pressure,4.64,OK
2026-05-05 16:30:24,aquanet/hydraulic/flowrate,71.8,OK
2026-05-05 16:30:24,aquanet/alerts,ALERT E.COLI: 7400.0 CFU/100ml exceeds NPS-FM limit of 540.0 - BACTERIAL CONTAMINATION DETECTED,ALERT
2026-05-05 16:30:24,aquanet/alerts,ALERT TURBIDITY: 40.0 NTU exceeds 5.0 NTU - TREATMENT REQUIRED,ALERT
2026-05-05 16:30:24,aquanet/alerts,ALERT PRESSURE HIGH: 4.64 bar exceeds 4.0 bar - PIPE BURST RISK,ALERT
2026-05-05 16:30:34,aquanet/water/turbidity,15.0,ALERT - Turbidity 15.0 NTU exceeds 5.0
2026-05-05 16:30:34,aquanet/water/ecoli,3500.0,ALERT - E.coli 3500.0 CFU/100ml exceeds 540.0
2026-05-05 16:30:34,aquanet/water/ph,6.47,ALERT - pH 6.47 below minimum 6.5
2026-05-05 16:30:34,aquanet/water/nitrate,0.32,OK
2026-05-05 16:30:34,aquanet/hydraulic/pressure,5.13,ALERT - Pressure 5.13 bar exceeds 5.0
2026-05-05 16:30:34,aquanet/hydraulic/flowrate,74.4,OK
2026-05-05 16:30:34,aquanet/alerts,ALERT E.COLI: 3500.0 CFU/100ml exceeds NPS-FM limit of 540.0 - BACTERIAL CONTAMINATION DETECTED,ALERT
2026-05-05 16:30:34,aquanet/alerts,ALERT TURBIDITY: 15.0 NTU exceeds 5.0 NTU - TREATMENT REQUIRED,ALERT
2026-05-05 16:30:34,aquanet/alerts,ALERT pH LOW: 6.47 - CORROSION RISK - below 6.5,ALERT
2026-05-05 16:30:34,aquanet/alerts,ALERT PRESSURE HIGH: 5.13 bar exceeds 4.0 bar - PIPE BURST RISK,ALERT
2026-05-05 16:30:44,aquanet/water/turbidity,25.0,ALERT - Turbidity 25.0 NTU exceeds 5.0
2026-05-05 16:30:44,aquanet/water/ecoli,12000.0,ALERT - E.coli 12000.0 CFU/100ml exceeds 540.0
2026-05-05 16:30:44,aquanet/water/ph,6.42,ALERT - pH 6.42 below minimum 6.5
2026-05-05 16:30:44,aquanet/water/nitrate,0.53,OK
2026-05-05 16:30:44,aquanet/hydraulic/pressure,5.45,ALERT - Pressure 5.45 bar exceeds 5.0
2026-05-05 16:30:44,aquanet/hydraulic/flowrate,90.1,OK
2026-05-05 16:30:44,aquanet/alerts,ALERT E.COLI: 12000.0 CFU/100ml exceeds NPS-FM limit of 540.0 - BACTERIAL CONTAMINATION DETECTED,ALERT
2026-05-05 16:30:44,aquanet/alerts,ALERT TURBIDITY: 25.0 NTU exceeds 5.0 NTU - TREATMENT REQUIRED,ALERT
2026-05-05 16:30:44,aquanet/alerts,ALERT pH LOW: 6.42 - CORROSION RISK - below 6.5,ALERT
2026-05-05 16:30:44,aquanet/alerts,ALERT PRESSURE HIGH: 5.45 bar exceeds 4.0 bar - PIPE BURST RISK,ALERT
2026-05-05 16:30:54,aquanet/water/turbidity,21.0,ALERT - Turbidity 21.0 NTU exceeds 5.0
2026-05-05 16:30:54,aquanet/water/ecoli,11000.0,ALERT - E.coli 11000.0 CFU/100ml exceeds 540.0
2026-05-05 16:30:54,aquanet/water/ph,6.63,OK
2026-05-05 16:30:54,aquanet/water/nitrate,0.2,OK
2026-05-05 16:30:54,aquanet/hydraulic/pressure,3.03,OK
2026-05-05 16:30:54,aquanet/hydraulic/flowrate,75.7,OK
2026-05-05 16:30:54,aquanet/alerts,ALERT E.COLI: 11000.0 CFU/100ml exceeds NPS-FM limit of 540.0 - BACTERIAL CONTAMINATION DETECTED,ALERT
2026-05-05 16:30:54,aquanet/alerts,ALERT TURBIDITY: 21.0 NTU exceeds 5.0 NTU - TREATMENT REQUIRED,ALERT
2026-05-05 16:31:04,aquanet/water/turbidity,17.0,ALERT - Turbidity 17.0 NTU exceeds 5.0
2026-05-05 16:31:04,aquanet/water/ecoli,2900.0,ALERT - E.coli 2900.0 CFU/100ml exceeds 540.0
2026-05-05 16:31:04,aquanet/water/ph,7.06,OK
2026-05-05 16:31:04,aquanet/water/nitrate,0.21,OK
2026-05-05 16:31:04,aquanet/hydraulic/pressure,5.71,ALERT - Pressure 5.71 bar exceeds 5.0
2026-05-05 16:31:04,aquanet/hydraulic/flowrate,90.9,OK
2026-05-05 16:31:04,aquanet/alerts,ALERT E.COLI: 2900.0 CFU/100ml exceeds NPS-FM limit of 540.0 - BACTERIAL CONTAMINATION DETECTED,ALERT
2026-05-05 16:31:04,aquanet/alerts,ALERT TURBIDITY: 17.0 NTU exceeds 5.0 NTU - TREATMENT REQUIRED,ALERT
2026-05-05 16:31:04,aquanet/alerts,ALERT PRESSURE HIGH: 5.71 bar exceeds 4.0 bar - PIPE BURST RISK,ALERT
2026-05-05 16:31:14,aquanet/water/turbidity,11.0,ALERT - Turbidity 11.0 NTU exceeds 5.0
2026-05-05 16:31:14,aquanet/water/ecoli,1200.0,ALERT - E.coli 1200.0 CFU/100ml exceeds 540.0
2026-05-05 16:31:14,aquanet/water/ph,6.91,OK
2026-05-05 16:31:14,aquanet/water/nitrate,0.179,OK
2026-05-05 16:31:15,aquanet/hydraulic/pressure,5.05,ALERT - Pressure 5.05 bar exceeds 5.0
2026-05-05 16:31:15,aquanet/hydraulic/flowrate,98.1,OK
2026-05-05 16:31:15,aquanet/alerts,ALERT E.COLI: 1200.0 CFU/100ml exceeds NPS-FM limit of 540.0 - BACTERIAL CONTAMINATION DETECTED,ALERT
2026-05-05 16:31:15,aquanet/alerts,ALERT TURBIDITY: 11.0 NTU exceeds 5.0 NTU - TREATMENT REQUIRED,ALERT
2026-05-05 16:31:15,aquanet/alerts,ALERT PRESSURE HIGH: 5.05 bar exceeds 4.0 bar - PIPE BURST RISK,ALERT
2026-05-05 16:31:24,aquanet/water/turbidity,18.0,ALERT - Turbidity 18.0 NTU exceeds 5.0
2026-05-05 16:31:24,aquanet/water/ecoli,2500.0,ALERT - E.coli 2500.0 CFU/100ml exceeds 540.0
2026-05-05 16:31:24,aquanet/water/ph,6.93,OK
2026-05-05 16:31:24,aquanet/water/nitrate,0.22,OK
2026-05-05 16:31:24,aquanet/hydraulic/pressure,3.17,OK
2026-05-05 16:31:24,aquanet/hydraulic/flowrate,91.0,OK
2026-05-05 16:31:24,aquanet/alerts,ALERT E.COLI: 2500.0 CFU/100ml exceeds NPS-FM limit of 540.0 - BACTERIAL CONTAMINATION DETECTED,ALERT
2026-05-05 16:31:24,aquanet/alerts,ALERT TURBIDITY: 18.0 NTU exceeds 5.0 NTU - TREATMENT REQUIRED,ALERT
2026-05-05 16:31:35,aquanet/water/turbidity,7.8,ALERT - Turbidity 7.8 NTU exceeds 5.0
2026-05-05 16:31:35,aquanet/water/ecoli,1300.0,ALERT - E.coli 1300.0 CFU/100ml exceeds 540.0
2026-05-05 16:31:35,aquanet/water/ph,6.85,OK
2026-05-05 16:31:35,aquanet/water/nitrate,0.094,OK
2026-05-05 16:31:35,aquanet/hydraulic/pressure,5.02,ALERT - Pressure 5.02 bar exceeds 5.0
2026-05-05 16:31:35,aquanet/hydraulic/flowrate,93.7,OK
2026-05-05 16:31:35,aquanet/alerts,ALERT E.COLI: 1300.0 CFU/100ml exceeds NPS-FM limit of 540.0 - BACTERIAL CONTAMINATION DETECTED,ALERT
2026-05-05 16:31:35,aquanet/alerts,ALERT TURBIDITY: 7.8 NTU exceeds 5.0 NTU - TREATMENT REQUIRED,ALERT
2026-05-05 16:31:35,aquanet/alerts,ALERT PRESSURE HIGH: 5.02 bar exceeds 4.0 bar - PIPE BURST RISK,ALERT
2026-05-05 16:31:45,aquanet/water/turbidity,9.0,ALERT - Turbidity 9.0 NTU exceeds 5.0
2026-05-05 16:31:45,aquanet/water/ecoli,27000.0,ALERT - E.coli 27000.0 CFU/100ml exceeds 540.0
2026-05-05 16:31:45,aquanet/water/ph,6.95,OK
2026-05-05 16:31:45,aquanet/water/nitrate,0.48,OK
2026-05-05 16:31:45,aquanet/hydraulic/pressure,2.99,OK
2026-05-05 16:31:45,aquanet/hydraulic/flowrate,72.1,OK
2026-05-05 16:31:45,aquanet/alerts,ALERT E.COLI: 27000.0 CFU/100ml exceeds NPS-FM limit of 540.0 - BACTERIAL CONTAMINATION DETECTED,ALERT
2026-05-05 16:31:45,aquanet/alerts,ALERT TURBIDITY: 9.0 NTU exceeds 5.0 NTU - TREATMENT REQUIRED,ALERT
2026-05-05 16:31:55,aquanet/water/turbidity,11.0,ALERT - Turbidity 11.0 NTU exceeds 5.0
2026-05-05 16:31:55,aquanet/water/ecoli,810.0,ALERT - E.coli 810.0 CFU/100ml exceeds 540.0
2026-05-05 16:31:55,aquanet/water/ph,6.24,ALERT - pH 6.24 below minimum 6.5
2026-05-05 16:31:55,aquanet/water/nitrate,0.28,OK
2026-05-05 16:31:55,aquanet/hydraulic/pressure,5.47,ALERT - Pressure 5.47 bar exceeds 5.0
2026-05-05 16:31:55,aquanet/hydraulic/flowrate,98.1,OK
2026-05-05 16:31:55,aquanet/alerts,ALERT E.COLI: 810.0 CFU/100ml exceeds NPS-FM limit of 540.0 - BACTERIAL CONTAMINATION DETECTED,ALERT
2026-05-05 16:31:55,aquanet/alerts,ALERT TURBIDITY: 11.0 NTU exceeds 5.0 NTU - TREATMENT REQUIRED,ALERT
2026-05-05 16:31:55,aquanet/alerts,ALERT pH LOW: 6.24 - CORROSION RISK - below 6.5,ALERT
2026-05-05 16:31:55,aquanet/alerts,ALERT PRESSURE HIGH: 5.47 bar exceeds 4.0 bar - PIPE BURST RISK,ALERT
2026-05-05 16:32:05,aquanet/water/turbidity,22.0,ALERT - Turbidity 22.0 NTU exceeds 5.0
2026-05-05 16:32:05,aquanet/water/ecoli,3100.0,ALERT - E.coli 3100.0 CFU/100ml exceeds 540.0
2026-05-05 16:32:05,aquanet/water/ph,6.86,OK
2026-05-05 16:32:05,aquanet/water/nitrate,0.58,OK
2026-05-05 16:32:05,aquanet/hydraulic/pressure,2.82,OK
2026-05-05 16:32:05,aquanet/hydraulic/flowrate,75.6,OK
2026-05-05 16:32:05,aquanet/alerts,ALERT E.COLI: 3100.0 CFU/100ml exceeds NPS-FM limit of 540.0 - BACTERIAL CONTAMINATION DETECTED,ALERT
2026-05-05 16:32:05,aquanet/alerts,ALERT TURBIDITY: 22.0 NTU exceeds 5.0 NTU - TREATMENT REQUIRED,ALERT
2026-05-05 16:32:15,aquanet/water/turbidity,6.9,ALERT - Turbidity 6.9 NTU exceeds 5.0
2026-05-05 16:32:15,aquanet/water/ecoli,31000.0,ALERT - E.coli 31000.0 CFU/100ml exceeds 540.0
2026-05-05 16:32:15,aquanet/water/ph,6.67,OK
2026-05-05 16:32:15,aquanet/water/nitrate,0.53,OK
2026-05-05 16:32:15,aquanet/hydraulic/pressure,5.53,ALERT - Pressure 5.53 bar exceeds 5.0
2026-05-05 16:32:15,aquanet/hydraulic/flowrate,89.5,OK
2026-05-05 16:32:15,aquanet/alerts,ALERT E.COLI: 31000.0 CFU/100ml exceeds NPS-FM limit of 540.0 - BACTERIAL CONTAMINATION DETECTED,ALERT
2026-05-05 16:32:15,aquanet/alerts,ALERT TURBIDITY: 6.9 NTU exceeds 5.0 NTU - TREATMENT REQUIRED,ALERT
2026-05-05 16:32:15,aquanet/alerts,ALERT PRESSURE HIGH: 5.53 bar exceeds 4.0 bar - PIPE BURST RISK,ALERT
2026-05-05 16:32:25,aquanet/water/turbidity,7.7,ALERT - Turbidity 7.7 NTU exceeds 5.0
2026-05-05 16:32:25,aquanet/water/ecoli,1100.0,ALERT - E.coli 1100.0 CFU/100ml exceeds 540.0
2026-05-05 16:32:25,aquanet/water/ph,6.08,ALERT - pH 6.08 below minimum 6.5
2026-05-05 16:32:25,aquanet/water/nitrate,0.69,OK
2026-05-05 16:32:25,aquanet/hydraulic/pressure,3.44,OK
2026-05-05 16:32:25,aquanet/hydraulic/flowrate,90.3,OK
2026-05-05 16:32:25,aquanet/alerts,ALERT E.COLI: 1100.0 CFU/100ml exceeds NPS-FM limit of 540.0 - BACTERIAL CONTAMINATION DETECTED,ALERT
2026-05-05 16:32:25,aquanet/alerts,ALERT TURBIDITY: 7.7 NTU exceeds 5.0 NTU - TREATMENT REQUIRED,ALERT
2026-05-05 16:32:25,aquanet/alerts,ALERT pH LOW: 6.08 - CORROSION RISK - below 6.5,ALERT
2026-05-05 16:32:35,aquanet/water/turbidity,7.1,ALERT - Turbidity 7.1 NTU exceeds 5.0
2026-05-05 16:32:35,aquanet/water/ecoli,850.0,ALERT - E.coli 850.0 CFU/100ml exceeds 540.0
2026-05-05 16:32:35,aquanet/water/ph,6.95,OK
2026-05-05 16:32:35,aquanet/water/nitrate,0.53,OK
2026-05-05 16:32:35,aquanet/hydraulic/pressure,3.17,OK
2026-05-05 16:32:35,aquanet/hydraulic/flowrate,97.6,OK
2026-05-05 16:32:35,aquanet/alerts,ALERT E.COLI: 850.0 CFU/100ml exceeds NPS-FM limit of 540.0 - BACTERIAL CONTAMINATION DETECTED,ALERT
2026-05-05 16:32:35,aquanet/alerts,ALERT TURBIDITY: 7.1 NTU exceeds 5.0 NTU - TREATMENT REQUIRED,ALERT
2026-05-05 16:32:45,aquanet/water/turbidity,15.0,ALERT - Turbidity 15.0 NTU exceeds 5.0
2026-05-05 16:32:45,aquanet/water/ecoli,4400.0,ALERT - E.coli 4400.0 CFU/100ml exceeds 540.0
2026-05-05 16:32:45,aquanet/water/ph,6.79,OK
2026-05-05 16:32:45,aquanet/water/nitrate,0.57,OK
2026-05-05 16:32:45,aquanet/hydraulic/pressure,4.82,OK
2026-05-05 16:32:45,aquanet/hydraulic/flowrate,87.7,OK
2026-05-05 16:32:45,aquanet/alerts,ALERT E.COLI: 4400.0 CFU/100ml exceeds NPS-FM limit of 540.0 - BACTERIAL CONTAMINATION DETECTED,ALERT
2026-05-05 16:32:45,aquanet/alerts,ALERT TURBIDITY: 15.0 NTU exceeds 5.0 NTU - TREATMENT REQUIRED,ALERT
2026-05-05 16:32:45,aquanet/alerts,ALERT PRESSURE HIGH: 4.82 bar exceeds 4.0 bar - PIPE BURST RISK,ALERT
2026-05-05 16:32:55,aquanet/water/turbidity,7.9,ALERT - Turbidity 7.9 NTU exceeds 5.0
2026-05-05 16:32:55,aquanet/water/ecoli,4200.0,ALERT - E.coli 4200.0 CFU/100ml exceeds 540.0
2026-05-05 16:32:55,aquanet/water/ph,6.87,OK
2026-05-05 16:32:55,aquanet/water/nitrate,0.27,OK
2026-05-05 16:32:55,aquanet/hydraulic/pressure,5.18,ALERT - Pressure 5.18 bar exceeds 5.0
2026-05-05 16:32:55,aquanet/hydraulic/flowrate,73.4,OK
2026-05-05 16:32:55,aquanet/alerts,ALERT E.COLI: 4200.0 CFU/100ml exceeds NPS-FM limit of 540.0 - BACTERIAL CONTAMINATION DETECTED,ALERT
2026-05-05 16:32:55,aquanet/alerts,ALERT TURBIDITY: 7.9 NTU exceeds 5.0 NTU - TREATMENT REQUIRED,ALERT
2026-05-05 16:32:55,aquanet/alerts,ALERT PRESSURE HIGH: 5.18 bar exceeds 4.0 bar - PIPE BURST RISK,ALERT
2026-05-05 16:33:05,aquanet/water/turbidity,13.0,ALERT - Turbidity 13.0 NTU exceeds 5.0
2026-05-05 16:33:05,aquanet/water/ecoli,1100.0,ALERT - E.coli 1100.0 CFU/100ml exceeds 540.0
2026-05-05 16:33:05,aquanet/water/ph,6.77,OK
2026-05-05 16:33:05,aquanet/water/nitrate,0.012,OK
2026-05-05 16:33:05,aquanet/hydraulic/pressure,4.6,OK
2026-05-05 16:33:05,aquanet/hydraulic/flowrate,88.1,OK
2026-05-05 16:33:05,aquanet/alerts,ALERT E.COLI: 1100.0 CFU/100ml exceeds NPS-FM limit of 540.0 - BACTERIAL CONTAMINATION DETECTED,ALERT
2026-05-05 16:33:05,aquanet/alerts,ALERT TURBIDITY: 13.0 NTU exceeds 5.0 NTU - TREATMENT REQUIRED,ALERT
2026-05-05 16:33:05,aquanet/alerts,ALERT PRESSURE HIGH: 4.6 bar exceeds 4.0 bar - PIPE BURST RISK,ALERT
2026-05-05 16:33:15,aquanet/water/turbidity,12.0,ALERT - Turbidity 12.0 NTU exceeds 5.0
2026-05-05 16:33:15,aquanet/water/ecoli,3000.0,ALERT - E.coli 3000.0 CFU/100ml exceeds 540.0
2026-05-05 16:33:15,aquanet/water/ph,6.76,OK
2026-05-05 16:33:15,aquanet/water/nitrate,0.45,OK
2026-05-05 16:33:15,aquanet/hydraulic/pressure,5.45,ALERT - Pressure 5.45 bar exceeds 5.0
2026-05-05 16:33:15,aquanet/hydraulic/flowrate,82.7,OK
2026-05-05 16:33:15,aquanet/alerts,ALERT E.COLI: 3000.0 CFU/100ml exceeds NPS-FM limit of 540.0 - BACTERIAL CONTAMINATION DETECTED,ALERT
2026-05-05 16:33:15,aquanet/alerts,ALERT TURBIDITY: 12.0 NTU exceeds 5.0 NTU - TREATMENT REQUIRED,ALERT
2026-05-05 16:33:15,aquanet/alerts,ALERT PRESSURE HIGH: 5.45 bar exceeds 4.0 bar - PIPE BURST RISK,ALERT
2026-05-05 16:33:25,aquanet/water/turbidity,11.0,ALERT - Turbidity 11.0 NTU exceeds 5.0
2026-05-05 16:33:25,aquanet/water/ecoli,4400.0,ALERT - E.coli 4400.0 CFU/100ml exceeds 540.0
2026-05-05 16:33:25,aquanet/water/ph,7.24,OK
2026-05-05 16:33:25,aquanet/water/nitrate,0.3,OK
2026-05-05 16:33:25,aquanet/hydraulic/pressure,3.12,OK
2026-05-05 16:33:25,aquanet/hydraulic/flowrate,95.2,OK
2026-05-05 16:33:25,aquanet/alerts,ALERT E.COLI: 4400.0 CFU/100ml exceeds NPS-FM limit of 540.0 - BACTERIAL CONTAMINATION DETECTED,ALERT
2026-05-05 16:33:25,aquanet/alerts,ALERT TURBIDITY: 11.0 NTU exceeds 5.0 NTU - TREATMENT REQUIRED,ALERT
2026-05-05 16:33:35,aquanet/water/turbidity,8.3,ALERT - Turbidity 8.3 NTU exceeds 5.0
2026-05-05 16:33:35,aquanet/water/ecoli,1600.0,ALERT - E.coli 1600.0 CFU/100ml exceeds 540.0
2026-05-05 16:33:35,aquanet/water/ph,6.89,OK
2026-05-05 16:33:35,aquanet/water/nitrate,0.3,OK
2026-05-05 16:33:35,aquanet/hydraulic/pressure,5.02,ALERT - Pressure 5.02 bar exceeds 5.0
2026-05-05 16:33:35,aquanet/hydraulic/flowrate,77.5,OK
2026-05-05 16:33:35,aquanet/alerts,ALERT E.COLI: 1600.0 CFU/100ml exceeds NPS-FM limit of 540.0 - BACTERIAL CONTAMINATION DETECTED,ALERT
2026-05-05 16:33:35,aquanet/alerts,ALERT TURBIDITY: 8.3 NTU exceeds 5.0 NTU - TREATMENT REQUIRED,ALERT
2026-05-05 16:33:35,aquanet/alerts,ALERT PRESSURE HIGH: 5.02 bar exceeds 4.0 bar - PIPE BURST RISK,ALERT
2026-05-05 16:33:45,aquanet/water/turbidity,9.7,ALERT - Turbidity 9.7 NTU exceeds 5.0
2026-05-05 16:33:45,aquanet/water/ecoli,1100.0,ALERT - E.coli 1100.0 CFU/100ml exceeds 540.0
2026-05-05 16:33:45,aquanet/water/ph,6.68,OK
2026-05-05 16:33:45,aquanet/water/nitrate,0.28,OK
2026-05-05 16:33:45,aquanet/hydraulic/pressure,4.75,OK
2026-05-05 16:33:45,aquanet/hydraulic/flowrate,86.6,OK
2026-05-05 16:33:45,aquanet/alerts,ALERT E.COLI: 1100.0 CFU/100ml exceeds NPS-FM limit of 540.0 - BACTERIAL CONTAMINATION DETECTED,ALERT
2026-05-05 16:33:45,aquanet/alerts,ALERT TURBIDITY: 9.7 NTU exceeds 5.0 NTU - TREATMENT REQUIRED,ALERT
2026-05-05 16:33:45,aquanet/alerts,ALERT PRESSURE HIGH: 4.75 bar exceeds 4.0 bar - PIPE BURST RISK,ALERT
2026-05-05 16:33:55,aquanet/water/turbidity,9.1,ALERT - Turbidity 9.1 NTU exceeds 5.0
2026-05-05 16:33:55,aquanet/water/ecoli,1000.0,ALERT - E.coli 1000.0 CFU/100ml exceeds 540.0
2026-05-05 16:33:55,aquanet/water/ph,7.21,OK
2026-05-05 16:33:55,aquanet/water/nitrate,0.72,OK
2026-05-05 16:33:55,aquanet/hydraulic/pressure,5.22,ALERT - Pressure 5.22 bar exceeds 5.0
2026-05-05 16:33:55,aquanet/hydraulic/flowrate,88.5,OK
2026-05-05 16:33:55,aquanet/alerts,ALERT E.COLI: 1000.0 CFU/100ml exceeds NPS-FM limit of 540.0 - BACTERIAL CONTAMINATION DETECTED,ALERT
2026-05-05 16:33:55,aquanet/alerts,ALERT TURBIDITY: 9.1 NTU exceeds 5.0 NTU - TREATMENT REQUIRED,ALERT
2026-05-05 16:33:55,aquanet/alerts,ALERT PRESSURE HIGH: 5.22 bar exceeds 4.0 bar - PIPE BURST RISK,ALERT
2026-05-05 16:34:05,aquanet/water/turbidity,6.9,ALERT - Turbidity 6.9 NTU exceeds 5.0
2026-05-05 16:34:05,aquanet/water/ecoli,380.0,OK
2026-05-05 16:34:05,aquanet/water/ph,6.99,OK
2026-05-05 16:34:05,aquanet/water/nitrate,0.6,OK
2026-05-05 16:34:05,aquanet/hydraulic/pressure,5.56,ALERT - Pressure 5.56 bar exceeds 5.0
2026-05-05 16:34:05,aquanet/hydraulic/flowrate,91.9,OK
2026-05-05 16:34:05,aquanet/alerts,ALERT TURBIDITY: 6.9 NTU exceeds 5.0 NTU - TREATMENT REQUIRED,ALERT
2026-05-05 16:34:05,aquanet/alerts,ALERT PRESSURE HIGH: 5.56 bar exceeds 4.0 bar - PIPE BURST RISK,ALERT
2026-05-05 16:34:15,aquanet/water/turbidity,8.5,ALERT - Turbidity 8.5 NTU exceeds 5.0
2026-05-05 16:34:15,aquanet/water/ecoli,520.0,OK
2026-05-05 16:34:15,aquanet/water/ph,6.77,OK
2026-05-05 16:34:15,aquanet/water/nitrate,0.48,OK
2026-05-05 16:34:15,aquanet/hydraulic/pressure,4.65,OK
2026-05-05 16:34:15,aquanet/hydraulic/flowrate,84.9,OK
2026-05-05 16:34:15,aquanet/alerts,ALERT TURBIDITY: 8.5 NTU exceeds 5.0 NTU - TREATMENT REQUIRED,ALERT
2026-05-05 16:34:15,aquanet/alerts,ALERT PRESSURE HIGH: 4.65 bar exceeds 4.0 bar - PIPE BURST RISK,ALERT
2026-05-05 16:34:25,aquanet/water/turbidity,8.0,ALERT - Turbidity 8.0 NTU exceeds 5.0
2026-05-05 16:34:25,aquanet/water/ecoli,390.0,OK
2026-05-05 16:34:25,aquanet/water/ph,6.78,OK
2026-05-05 16:34:25,aquanet/water/nitrate,0.4,OK
2026-05-05 16:34:25,aquanet/hydraulic/pressure,4.85,OK
2026-05-05 16:34:25,aquanet/hydraulic/flowrate,85.6,OK
2026-05-05 16:34:25,aquanet/alerts,ALERT TURBIDITY: 8.0 NTU exceeds 5.0 NTU - TREATMENT REQUIRED,ALERT
2026-05-05 16:34:25,aquanet/alerts,ALERT PRESSURE HIGH: 4.85 bar exceeds 4.0 bar - PIPE BURST RISK,ALERT
2026-05-05 16:34:35,aquanet/water/turbidity,7.7,ALERT - Turbidity 7.7 NTU exceeds 5.0
2026-05-05 16:34:35,aquanet/water/ecoli,720.0,ALERT - E.coli 720.0 CFU/100ml exceeds 540.0
2026-05-05 16:34:35,aquanet/water/ph,6.99,OK
2026-05-05 16:34:35,aquanet/water/nitrate,0.36,OK
2026-05-05 16:34:35,aquanet/hydraulic/pressure,5.51,ALERT - Pressure 5.51 bar exceeds 5.0
2026-05-05 16:34:35,aquanet/hydraulic/flowrate,78.0,OK
2026-05-05 16:34:35,aquanet/alerts,ALERT E.COLI: 720.0 CFU/100ml exceeds NPS-FM limit of 540.0 - BACTERIAL CONTAMINATION DETECTED,ALERT
2026-05-05 16:34:35,aquanet/alerts,ALERT TURBIDITY: 7.7 NTU exceeds 5.0 NTU - TREATMENT REQUIRED,ALERT
2026-05-05 16:34:35,aquanet/alerts,ALERT PRESSURE HIGH: 5.51 bar exceeds 4.0 bar - PIPE BURST RISK,ALERT
2026-05-05 16:34:45,aquanet/water/turbidity,9.7,ALERT - Turbidity 9.7 NTU exceeds 5.0
2026-05-05 16:34:45,aquanet/water/ecoli,790.0,ALERT - E.coli 790.0 CFU/100ml exceeds 540.0
2026-05-05 16:34:45,aquanet/water/ph,6.78,OK
2026-05-05 16:34:45,aquanet/water/nitrate,0.34,OK
2026-05-05 16:34:45,aquanet/hydraulic/pressure,5.15,ALERT - Pressure 5.15 bar exceeds 5.0
2026-05-05 16:34:45,aquanet/hydraulic/flowrate,77.2,OK
2026-05-05 16:34:45,aquanet/alerts,ALERT E.COLI: 790.0 CFU/100ml exceeds NPS-FM limit of 540.0 - BACTERIAL CONTAMINATION DETECTED,ALERT
2026-05-05 16:34:45,aquanet/alerts,ALERT TURBIDITY: 9.7 NTU exceeds 5.0 NTU - TREATMENT REQUIRED,ALERT
2026-05-05 16:34:45,aquanet/alerts,ALERT PRESSURE HIGH: 5.15 bar exceeds 4.0 bar - PIPE BURST RISK,ALERT
2026-05-05 16:34:55,aquanet/water/turbidity,7.5,ALERT - Turbidity 7.5 NTU exceeds 5.0
2026-05-05 16:34:55,aquanet/water/ecoli,590.0,ALERT - E.coli 590.0 CFU/100ml exceeds 540.0
2026-05-05 16:34:55,aquanet/water/ph,6.95,OK
2026-05-05 16:34:55,aquanet/water/nitrate,0.3,OK
2026-05-05 16:34:55,aquanet/hydraulic/pressure,4.73,OK
2026-05-05 16:34:55,aquanet/hydraulic/flowrate,92.8,OK
2026-05-05 16:34:55,aquanet/alerts,ALERT E.COLI: 590.0 CFU/100ml exceeds NPS-FM limit of 540.0 - BACTERIAL CONTAMINATION DETECTED,ALERT
2026-05-05 16:34:55,aquanet/alerts,ALERT TURBIDITY: 7.5 NTU exceeds 5.0 NTU - TREATMENT REQUIRED,ALERT
2026-05-05 16:34:55,aquanet/alerts,ALERT PRESSURE HIGH: 4.73 bar exceeds 4.0 bar - PIPE BURST RISK,ALERT
2026-05-05 16:35:05,aquanet/water/turbidity,10.0,ALERT - Turbidity 10.0 NTU exceeds 5.0
2026-05-05 16:35:05,aquanet/water/ecoli,0.0,OK
2026-05-05 16:35:05,aquanet/water/ph,6.8,OK
2026-05-05 16:35:05,aquanet/water/nitrate,0.31,OK
2026-05-05 16:35:05,aquanet/hydraulic/pressure,3.6,OK
2026-05-05 16:35:05,aquanet/hydraulic/flowrate,97.8,OK
2026-05-05 16:35:05,aquanet/alerts,ALERT TURBIDITY: 10.0 NTU exceeds 5.0 NTU - TREATMENT REQUIRED,ALERT
2026-05-05 16:35:15,aquanet/water/turbidity,12.0,ALERT - Turbidity 12.0 NTU exceeds 5.0
2026-05-05 16:35:15,aquanet/water/ecoli,9800.0,ALERT - E.coli 9800.0 CFU/100ml exceeds 540.0
2026-05-05 16:35:15,aquanet/water/ph,7.27,OK
2026-05-05 16:35:15,aquanet/water/nitrate,0.31,OK
2026-05-05 16:35:15,aquanet/hydraulic/pressure,5.98,ALERT - Pressure 5.98 bar exceeds 5.0
2026-05-05 16:35:15,aquanet/hydraulic/flowrate,97.7,OK
2026-05-05 16:35:15,aquanet/alerts,ALERT E.COLI: 9800.0 CFU/100ml exceeds NPS-FM limit of 540.0 - BACTERIAL CONTAMINATION DETECTED,ALERT
2026-05-05 16:35:15,aquanet/alerts,ALERT TURBIDITY: 12.0 NTU exceeds 5.0 NTU - TREATMENT REQUIRED,ALERT
2026-05-05 16:35:15,aquanet/alerts,ALERT PRESSURE HIGH: 5.98 bar exceeds 4.0 bar - PIPE BURST RISK,ALERT
2026-05-05 16:35:25,aquanet/water/turbidity,7.5,ALERT - Turbidity 7.5 NTU exceeds 5.0
2026-05-05 16:35:25,aquanet/water/ecoli,2100.0,ALERT - E.coli 2100.0 CFU/100ml exceeds 540.0
2026-05-05 16:35:25,aquanet/water/ph,7.07,OK
2026-05-05 16:35:25,aquanet/water/nitrate,0.24,OK
2026-05-05 16:35:25,aquanet/hydraulic/pressure,4.76,OK
2026-05-05 16:35:25,aquanet/hydraulic/flowrate,89.8,OK
2026-05-05 16:35:25,aquanet/alerts,ALERT E.COLI: 2100.0 CFU/100ml exceeds NPS-FM limit of 540.0 - BACTERIAL CONTAMINATION DETECTED,ALERT
2026-05-05 16:35:25,aquanet/alerts,ALERT TURBIDITY: 7.5 NTU exceeds 5.0 NTU - TREATMENT REQUIRED,ALERT
2026-05-05 16:35:25,aquanet/alerts,ALERT PRESSURE HIGH: 4.76 bar exceeds 4.0 bar - PIPE BURST RISK,ALERT
2026-05-05 16:35:35,aquanet/water/turbidity,7.8,ALERT - Turbidity 7.8 NTU exceeds 5.0
2026-05-05 16:35:35,aquanet/water/ecoli,2200.0,ALERT - E.coli 2200.0 CFU/100ml exceeds 540.0
2026-05-05 16:35:35,aquanet/water/ph,7.45,OK
2026-05-05 16:35:35,aquanet/water/nitrate,0.21,OK
2026-05-05 16:35:35,aquanet/hydraulic/pressure,5.19,ALERT - Pressure 5.19 bar exceeds 5.0
2026-05-05 16:35:35,aquanet/hydraulic/flowrate,84.5,OK
2026-05-05 16:35:35,aquanet/alerts,ALERT E.COLI: 2200.0 CFU/100ml exceeds NPS-FM limit of 540.0 - BACTERIAL CONTAMINATION DETECTED,ALERT
2026-05-05 16:35:35,aquanet/alerts,ALERT TURBIDITY: 7.8 NTU exceeds 5.0 NTU - TREATMENT REQUIRED,ALERT
2026-05-05 16:35:35,aquanet/alerts,ALERT PRESSURE HIGH: 5.19 bar exceeds 4.0 bar - PIPE BURST RISK,ALERT
2026-05-05 16:35:45,aquanet/water/turbidity,7.0,ALERT - Turbidity 7.0 NTU exceeds 5.0
2026-05-05 16:35:45,aquanet/water/ecoli,1500.0,ALERT - E.coli 1500.0 CFU/100ml exceeds 540.0
2026-05-05 16:35:45,aquanet/water/ph,7.43,OK
2026-05-05 16:35:45,aquanet/water/nitrate,0.29,OK
2026-05-05 16:35:45,aquanet/hydraulic/pressure,4.85,OK
2026-05-05 16:35:45,aquanet/hydraulic/flowrate,99.9,OK
2026-05-05 16:35:45,aquanet/alerts,ALERT E.COLI: 1500.0 CFU/100ml exceeds NPS-FM limit of 540.0 - BACTERIAL CONTAMINATION DETECTED,ALERT
2026-05-05 16:35:45,aquanet/alerts,ALERT TURBIDITY: 7.0 NTU exceeds 5.0 NTU - TREATMENT REQUIRED,ALERT
2026-05-05 16:35:45,aquanet/alerts,ALERT PRESSURE HIGH: 4.85 bar exceeds 4.0 bar - PIPE BURST RISK,ALERT
2026-05-05 16:35:55,aquanet/water/turbidity,8.8,ALERT - Turbidity 8.8 NTU exceeds 5.0
2026-05-05 16:35:55,aquanet/water/ecoli,4000.0,ALERT - E.coli 4000.0 CFU/100ml exceeds 540.0
2026-05-05 16:35:55,aquanet/water/ph,7.07,OK
2026-05-05 16:35:55,aquanet/water/nitrate,0.4,OK
2026-05-05 16:35:55,aquanet/hydraulic/pressure,5.62,ALERT - Pressure 5.62 bar exceeds 5.0
2026-05-05 16:35:55,aquanet/hydraulic/flowrate,72.3,OK
2026-05-05 16:35:55,aquanet/alerts,ALERT E.COLI: 4000.0 CFU/100ml exceeds NPS-FM limit of 540.0 - BACTERIAL CONTAMINATION DETECTED,ALERT
2026-05-05 16:35:55,aquanet/alerts,ALERT TURBIDITY: 8.8 NTU exceeds 5.0 NTU - TREATMENT REQUIRED,ALERT
2026-05-05 16:35:55,aquanet/alerts,ALERT PRESSURE HIGH: 5.62 bar exceeds 4.0 bar - PIPE BURST RISK,ALERT
2026-05-05 16:36:05,aquanet/water/turbidity,16.0,ALERT - Turbidity 16.0 NTU exceeds 5.0
2026-05-05 16:36:05,aquanet/water/ecoli,1400.0,ALERT - E.coli 1400.0 CFU/100ml exceeds 540.0
2026-05-05 16:36:05,aquanet/water/ph,6.72,OK
2026-05-05 16:36:05,aquanet/water/nitrate,0.38,OK
2026-05-05 16:36:05,aquanet/hydraulic/pressure,5.41,ALERT - Pressure 5.41 bar exceeds 5.0
2026-05-05 16:36:05,aquanet/hydraulic/flowrate,98.1,OK
2026-05-05 16:36:05,aquanet/alerts,ALERT E.COLI: 1400.0 CFU/100ml exceeds NPS-FM limit of 540.0 - BACTERIAL CONTAMINATION DETECTED,ALERT
2026-05-05 16:36:05,aquanet/alerts,ALERT TURBIDITY: 16.0 NTU exceeds 5.0 NTU - TREATMENT REQUIRED,ALERT
2026-05-05 16:36:05,aquanet/alerts,ALERT PRESSURE HIGH: 5.41 bar exceeds 4.0 bar - PIPE BURST RISK,ALERT
2026-05-05 16:36:15,aquanet/water/turbidity,7.2,ALERT - Turbidity 7.2 NTU exceeds 5.0
2026-05-05 16:36:15,aquanet/water/ecoli,890.0,ALERT - E.coli 890.0 CFU/100ml exceeds 540.0
2026-05-05 16:36:15,aquanet/water/ph,6.74,OK
2026-05-05 16:36:15,aquanet/water/nitrate,0.137,OK
2026-05-05 16:36:15,aquanet/hydraulic/pressure,5.19,ALERT - Pressure 5.19 bar exceeds 5.0
2026-05-05 16:36:15,aquanet/hydraulic/flowrate,82.3,OK
2026-05-05 16:36:15,aquanet/alerts,ALERT E.COLI: 890.0 CFU/100ml exceeds NPS-FM limit of 540.0 - BACTERIAL CONTAMINATION DETECTED,ALERT
2026-05-05 16:36:15,aquanet/alerts,ALERT TURBIDITY: 7.2 NTU exceeds 5.0 NTU - TREATMENT REQUIRED,ALERT
2026-05-05 16:36:15,aquanet/alerts,ALERT PRESSURE HIGH: 5.19 bar exceeds 4.0 bar - PIPE BURST RISK,ALERT
2026-05-05 16:36:25,aquanet/water/turbidity,15.0,ALERT - Turbidity 15.0 NTU exceeds 5.0
2026-05-05 16:36:25,aquanet/water/ecoli,760.0,ALERT - E.coli 760.0 CFU/100ml exceeds 540.0
2026-05-05 16:36:25,aquanet/water/ph,7.51,OK
2026-05-05 16:36:25,aquanet/water/nitrate,0.4,OK
2026-05-05 16:36:25,aquanet/hydraulic/pressure,4.81,OK
2026-05-05 16:36:25,aquanet/hydraulic/flowrate,89.9,OK
2026-05-05 16:36:25,aquanet/alerts,ALERT E.COLI: 760.0 CFU/100ml exceeds NPS-FM limit of 540.0 - BACTERIAL CONTAMINATION DETECTED,ALERT
2026-05-05 16:36:25,aquanet/alerts,ALERT TURBIDITY: 15.0 NTU exceeds 5.0 NTU - TREATMENT REQUIRED,ALERT
2026-05-05 16:36:25,aquanet/alerts,ALERT PRESSURE HIGH: 4.81 bar exceeds 4.0 bar - PIPE BURST RISK,ALERT
2026-05-05 16:36:35,aquanet/water/turbidity,7.1,ALERT - Turbidity 7.1 NTU exceeds 5.0
2026-05-05 16:36:35,aquanet/water/ecoli,590.0,ALERT - E.coli 590.0 CFU/100ml exceeds 540.0
2026-05-05 16:36:35,aquanet/water/ph,7.26,OK
2026-05-05 16:36:35,aquanet/water/nitrate,0.51,OK
2026-05-05 16:36:35,aquanet/hydraulic/pressure,5.94,ALERT - Pressure 5.94 bar exceeds 5.0
2026-05-05 16:36:35,aquanet/hydraulic/flowrate,80.7,OK
2026-05-05 16:36:35,aquanet/alerts,ALERT E.COLI: 590.0 CFU/100ml exceeds NPS-FM limit of 540.0 - BACTERIAL CONTAMINATION DETECTED,ALERT
2026-05-05 16:36:35,aquanet/alerts,ALERT TURBIDITY: 7.1 NTU exceeds 5.0 NTU - TREATMENT REQUIRED,ALERT
2026-05-05 16:36:35,aquanet/alerts,ALERT PRESSURE HIGH: 5.94 bar exceeds 4.0 bar - PIPE BURST RISK,ALERT
2026-05-05 16:36:45,aquanet/water/turbidity,6.9,ALERT - Turbidity 6.9 NTU exceeds 5.0
2026-05-05 16:36:45,aquanet/water/ecoli,790.0,ALERT - E.coli 790.0 CFU/100ml exceeds 540.0
2026-05-05 16:36:45,aquanet/water/ph,7.45,OK
2026-05-05 16:36:45,aquanet/water/nitrate,0.47,OK
2026-05-05 16:36:45,aquanet/hydraulic/pressure,5.92,ALERT - Pressure 5.92 bar exceeds 5.0
2026-05-05 16:36:45,aquanet/hydraulic/flowrate,99.7,OK
2026-05-05 16:36:45,aquanet/alerts,ALERT E.COLI: 790.0 CFU/100ml exceeds NPS-FM limit of 540.0 - BACTERIAL CONTAMINATION DETECTED,ALERT
2026-05-05 16:36:45,aquanet/alerts,ALERT TURBIDITY: 6.9 NTU exceeds 5.0 NTU - TREATMENT REQUIRED,ALERT
2026-05-05 16:36:45,aquanet/alerts,ALERT PRESSURE HIGH: 5.92 bar exceeds 4.0 bar - PIPE BURST RISK,ALERT
2026-05-05 16:36:55,aquanet/water/turbidity,12.0,ALERT - Turbidity 12.0 NTU exceeds 5.0
2026-05-05 16:36:55,aquanet/water/ecoli,960.0,ALERT - E.coli 960.0 CFU/100ml exceeds 540.0
2026-05-05 16:36:55,aquanet/water/ph,6.97,OK
2026-05-05 16:36:55,aquanet/water/nitrate,0.35,OK
2026-05-05 16:36:55,aquanet/hydraulic/pressure,5.47,ALERT - Pressure 5.47 bar exceeds 5.0
2026-05-05 16:36:55,aquanet/hydraulic/flowrate,86.9,OK
2026-05-05 16:36:55,aquanet/alerts,ALERT E.COLI: 960.0 CFU/100ml exceeds NPS-FM limit of 540.0 - BACTERIAL CONTAMINATION DETECTED,ALERT
2026-05-05 16:36:55,aquanet/alerts,ALERT TURBIDITY: 12.0 NTU exceeds 5.0 NTU - TREATMENT REQUIRED,ALERT
2026-05-05 16:36:55,aquanet/alerts,ALERT PRESSURE HIGH: 5.47 bar exceeds 4.0 bar - PIPE BURST RISK,ALERT
2026-05-05 16:37:05,aquanet/water/turbidity,16.0,ALERT - Turbidity 16.0 NTU exceeds 5.0
2026-05-05 16:37:05,aquanet/water/ecoli,3400.0,ALERT - E.coli 3400.0 CFU/100ml exceeds 540.0
2026-05-05 16:37:05,aquanet/water/ph,6.03,ALERT - pH 6.03 below minimum 6.5
2026-05-05 16:37:05,aquanet/water/nitrate,0.39,OK
2026-05-05 16:37:05,aquanet/hydraulic/pressure,3.09,OK
2026-05-05 16:37:05,aquanet/hydraulic/flowrate,94.2,OK
2026-05-05 16:37:05,aquanet/alerts,ALERT E.COLI: 3400.0 CFU/100ml exceeds NPS-FM limit of 540.0 - BACTERIAL CONTAMINATION DETECTED,ALERT
2026-05-05 16:37:05,aquanet/alerts,ALERT TURBIDITY: 16.0 NTU exceeds 5.0 NTU - TREATMENT REQUIRED,ALERT
2026-05-05 16:37:05,aquanet/alerts,ALERT pH LOW: 6.03 - CORROSION RISK - below 6.5,ALERT
2026-05-05 16:37:15,aquanet/water/turbidity,25.0,ALERT - Turbidity 25.0 NTU exceeds 5.0
2026-05-05 16:37:15,aquanet/water/ecoli,6400.0,ALERT - E.coli 6400.0 CFU/100ml exceeds 540.0
2026-05-05 16:37:15,aquanet/water/ph,6.39,ALERT - pH 6.39 below minimum 6.5
2026-05-05 16:37:15,aquanet/water/nitrate,0.34,OK
2026-05-05 16:37:15,aquanet/hydraulic/pressure,5.21,ALERT - Pressure 5.21 bar exceeds 5.0
2026-05-05 16:37:15,aquanet/hydraulic/flowrate,72.7,OK
2026-05-05 16:37:15,aquanet/alerts,ALERT E.COLI: 6400.0 CFU/100ml exceeds NPS-FM limit of 540.0 - BACTERIAL CONTAMINATION DETECTED,ALERT
2026-05-05 16:37:15,aquanet/alerts,ALERT TURBIDITY: 25.0 NTU exceeds 5.0 NTU - TREATMENT REQUIRED,ALERT
2026-05-05 16:37:15,aquanet/alerts,ALERT pH LOW: 6.39 - CORROSION RISK - below 6.5,ALERT
2026-05-05 16:37:15,aquanet/alerts,ALERT PRESSURE HIGH: 5.21 bar exceeds 4.0 bar - PIPE BURST RISK,ALERT
2026-05-05 16:37:25,aquanet/water/turbidity,45.0,ALERT - Turbidity 45.0 NTU exceeds 5.0
2026-05-05 16:37:25,aquanet/water/ecoli,31000.0,ALERT - E.coli 31000.0 CFU/100ml exceeds 540.0
2026-05-05 16:37:25,aquanet/water/ph,6.97,OK
2026-05-05 16:37:25,aquanet/water/nitrate,0.37,OK
2026-05-05 16:37:25,aquanet/hydraulic/pressure,4.97,OK
2026-05-05 16:37:25,aquanet/hydraulic/flowrate,78.4,OK
2026-05-05 16:37:25,aquanet/alerts,ALERT E.COLI: 31000.0 CFU/100ml exceeds NPS-FM limit of 540.0 - BACTERIAL CONTAMINATION DETECTED,ALERT
2026-05-05 16:37:25,aquanet/alerts,ALERT TURBIDITY: 45.0 NTU exceeds 5.0 NTU - TREATMENT REQUIRED,ALERT
2026-05-05 16:37:25,aquanet/alerts,ALERT PRESSURE HIGH: 4.97 bar exceeds 4.0 bar - PIPE BURST RISK,ALERT
2026-05-05 16:37:35,aquanet/water/turbidity,10.0,ALERT - Turbidity 10.0 NTU exceeds 5.0
2026-05-05 16:37:35,aquanet/water/ecoli,2400.0,ALERT - E.coli 2400.0 CFU/100ml exceeds 540.0
2026-05-05 16:37:35,aquanet/water/ph,7.18,OK
2026-05-05 16:37:35,aquanet/water/nitrate,0.5,OK
2026-05-05 16:37:35,aquanet/hydraulic/pressure,4.47,OK
2026-05-05 16:37:35,aquanet/hydraulic/flowrate,84.2,OK
2026-05-05 16:37:35,aquanet/alerts,ALERT E.COLI: 2400.0 CFU/100ml exceeds NPS-FM limit of 540.0 - BACTERIAL CONTAMINATION DETECTED,ALERT
2026-05-05 16:37:35,aquanet/alerts,ALERT TURBIDITY: 10.0 NTU exceeds 5.0 NTU - TREATMENT REQUIRED,ALERT
2026-05-05 16:37:35,aquanet/alerts,ALERT PRESSURE HIGH: 4.47 bar exceeds 4.0 bar - PIPE BURST RISK,ALERT
2026-05-05 16:37:45,aquanet/water/turbidity,6.6,ALERT - Turbidity 6.6 NTU exceeds 5.0
2026-05-05 16:37:45,aquanet/water/ecoli,900.0,ALERT - E.coli 900.0 CFU/100ml exceeds 540.0
2026-05-05 16:37:45,aquanet/water/ph,7.06,OK
2026-05-05 16:37:45,aquanet/water/nitrate,0.57,OK
2026-05-05 16:37:45,aquanet/hydraulic/pressure,5.91,ALERT - Pressure 5.91 bar exceeds 5.0
2026-05-05 16:37:45,aquanet/hydraulic/flowrate,70.1,OK
2026-05-05 16:37:45,aquanet/alerts,ALERT E.COLI: 900.0 CFU/100ml exceeds NPS-FM limit of 540.0 - BACTERIAL CONTAMINATION DETECTED,ALERT
2026-05-05 16:37:45,aquanet/alerts,ALERT TURBIDITY: 6.6 NTU exceeds 5.0 NTU - TREATMENT REQUIRED,ALERT
2026-05-05 16:37:45,aquanet/alerts,ALERT PRESSURE HIGH: 5.91 bar exceeds 4.0 bar - PIPE BURST RISK,ALERT
2026-05-05 16:37:55,aquanet/water/turbidity,9.3,ALERT - Turbidity 9.3 NTU exceeds 5.0
2026-05-05 16:37:55,aquanet/water/ecoli,750.0,ALERT - E.coli 750.0 CFU/100ml exceeds 540.0
2026-05-05 16:37:55,aquanet/water/ph,7.13,OK
2026-05-05 16:37:55,aquanet/water/nitrate,0.41,OK
2026-05-05 16:37:55,aquanet/hydraulic/pressure,5.51,ALERT - Pressure 5.51 bar exceeds 5.0
2026-05-05 16:37:55,aquanet/hydraulic/flowrate,74.4,OK
2026-05-05 16:37:55,aquanet/alerts,ALERT E.COLI: 750.0 CFU/100ml exceeds NPS-FM limit of 540.0 - BACTERIAL CONTAMINATION DETECTED,ALERT
2026-05-05 16:37:55,aquanet/alerts,ALERT TURBIDITY: 9.3 NTU exceeds 5.0 NTU - TREATMENT REQUIRED,ALERT
2026-05-05 16:37:55,aquanet/alerts,ALERT PRESSURE HIGH: 5.51 bar exceeds 4.0 bar - PIPE BURST RISK,ALERT
2026-05-05 16:38:05,aquanet/water/turbidity,10.7,ALERT - Turbidity 10.7 NTU exceeds 5.0
2026-05-05 16:38:05,aquanet/water/ecoli,540.0,OK
2026-05-05 16:38:05,aquanet/water/ph,7.11,OK
2026-05-05 16:38:05,aquanet/water/nitrate,0.35,OK
2026-05-05 16:38:05,aquanet/hydraulic/pressure,4.92,OK
2026-05-05 16:38:05,aquanet/hydraulic/flowrate,93.0,OK
2026-05-05 16:38:05,aquanet/alerts,ALERT TURBIDITY: 10.7 NTU exceeds 5.0 NTU - TREATMENT REQUIRED,ALERT
2026-05-05 16:38:05,aquanet/alerts,ALERT PRESSURE HIGH: 4.92 bar exceeds 4.0 bar - PIPE BURST RISK,ALERT
2026-05-05 16:38:15,aquanet/water/turbidity,13.7,ALERT - Turbidity 13.7 NTU exceeds 5.0
2026-05-05 16:38:15,aquanet/water/ecoli,460.0,OK
2026-05-05 16:38:15,aquanet/water/ph,7.12,OK
2026-05-05 16:38:15,aquanet/water/nitrate,0.44,OK
2026-05-05 16:38:15,aquanet/hydraulic/pressure,5.54,ALERT - Pressure 5.54 bar exceeds 5.0
2026-05-05 16:38:15,aquanet/hydraulic/flowrate,77.7,OK
2026-05-05 16:38:15,aquanet/alerts,ALERT TURBIDITY: 13.7 NTU exceeds 5.0 NTU - TREATMENT REQUIRED,ALERT
2026-05-05 16:38:15,aquanet/alerts,ALERT PRESSURE HIGH: 5.54 bar exceeds 4.0 bar - PIPE BURST RISK,ALERT
2026-05-05 16:38:25,aquanet/water/turbidity,10.2,ALERT - Turbidity 10.2 NTU exceeds 5.0
2026-05-05 16:38:25,aquanet/water/ecoli,500.0,OK
2026-05-05 16:38:25,aquanet/water/ph,7.2,OK
2026-05-05 16:38:25,aquanet/water/nitrate,0.41,OK
2026-05-05 16:38:25,aquanet/hydraulic/pressure,3.33,OK
2026-05-05 16:38:25,aquanet/hydraulic/flowrate,99.5,OK
2026-05-05 16:38:25,aquanet/alerts,ALERT TURBIDITY: 10.2 NTU exceeds 5.0 NTU - TREATMENT REQUIRED,ALERT
2026-05-05 16:38:35,aquanet/water/turbidity,10.3,ALERT - Turbidity 10.3 NTU exceeds 5.0
2026-05-05 16:38:35,aquanet/water/ecoli,1100.0,ALERT - E.coli 1100.0 CFU/100ml exceeds 540.0
2026-05-05 16:38:35,aquanet/water/ph,7.12,OK
2026-05-05 16:38:35,aquanet/water/nitrate,0.33,OK
2026-05-05 16:38:35,aquanet/hydraulic/pressure,5.18,ALERT - Pressure 5.18 bar exceeds 5.0
2026-05-05 16:38:35,aquanet/hydraulic/flowrate,77.3,OK
2026-05-05 16:38:35,aquanet/alerts,ALERT E.COLI: 1100.0 CFU/100ml exceeds NPS-FM limit of 540.0 - BACTERIAL CONTAMINATION DETECTED,ALERT
2026-05-05 16:38:35,aquanet/alerts,ALERT TURBIDITY: 10.3 NTU exceeds 5.0 NTU - TREATMENT REQUIRED,ALERT
2026-05-05 16:38:35,aquanet/alerts,ALERT PRESSURE HIGH: 5.18 bar exceeds 4.0 bar - PIPE BURST RISK,ALERT
2026-05-05 16:38:45,aquanet/water/turbidity,9.1,ALERT - Turbidity 9.1 NTU exceeds 5.0
2026-05-05 16:38:45,aquanet/water/ecoli,500.0,OK
2026-05-05 16:38:45,aquanet/water/ph,6.96,OK
2026-05-05 16:38:45,aquanet/water/nitrate,0.38,OK
2026-05-05 16:38:45,aquanet/hydraulic/pressure,5.41,ALERT - Pressure 5.41 bar exceeds 5.0
2026-05-05 16:38:45,aquanet/hydraulic/flowrate,87.8,OK
2026-05-05 16:38:45,aquanet/alerts,ALERT TURBIDITY: 9.1 NTU exceeds 5.0 NTU - TREATMENT REQUIRED,ALERT
2026-05-05 16:38:45,aquanet/alerts,ALERT PRESSURE HIGH: 5.41 bar exceeds 4.0 bar - PIPE BURST RISK,ALERT
2026-05-05 16:38:55,aquanet/water/turbidity,15.6,ALERT - Turbidity 15.6 NTU exceeds 5.0
2026-05-05 16:38:55,aquanet/water/ecoli,1000.0,ALERT - E.coli 1000.0 CFU/100ml exceeds 540.0
2026-05-05 16:38:55,aquanet/water/ph,7.18,OK
2026-05-05 16:38:55,aquanet/water/nitrate,0.33,OK
2026-05-05 16:38:55,aquanet/hydraulic/pressure,5.51,ALERT - Pressure 5.51 bar exceeds 5.0
2026-05-05 16:38:55,aquanet/hydraulic/flowrate,99.9,OK
2026-05-05 16:38:55,aquanet/alerts,ALERT E.COLI: 1000.0 CFU/100ml exceeds NPS-FM limit of 540.0 - BACTERIAL CONTAMINATION DETECTED,ALERT
2026-05-05 16:38:55,aquanet/alerts,ALERT TURBIDITY: 15.6 NTU exceeds 5.0 NTU - TREATMENT REQUIRED,ALERT
2026-05-05 16:38:55,aquanet/alerts,ALERT PRESSURE HIGH: 5.51 bar exceeds 4.0 bar - PIPE BURST RISK,ALERT
2026-05-05 16:39:05,aquanet/water/turbidity,22.0,ALERT - Turbidity 22.0 NTU exceeds 5.0
2026-05-05 16:39:05,aquanet/water/ecoli,6000.0,ALERT - E.coli 6000.0 CFU/100ml exceeds 540.0
2026-05-05 16:39:05,aquanet/water/ph,7.15,OK
2026-05-05 16:39:05,aquanet/water/nitrate,0.28,OK
2026-05-05 16:39:05,aquanet/hydraulic/pressure,5.15,ALERT - Pressure 5.15 bar exceeds 5.0
2026-05-05 16:39:05,aquanet/hydraulic/flowrate,88.8,OK
2026-05-05 16:39:05,aquanet/alerts,ALERT E.COLI: 6000.0 CFU/100ml exceeds NPS-FM limit of 540.0 - BACTERIAL CONTAMINATION DETECTED,ALERT
2026-05-05 16:39:05,aquanet/alerts,ALERT TURBIDITY: 22.0 NTU exceeds 5.0 NTU - TREATMENT REQUIRED,ALERT
2026-05-05 16:39:05,aquanet/alerts,ALERT PRESSURE HIGH: 5.15 bar exceeds 4.0 bar - PIPE BURST RISK,ALERT
2026-05-05 16:39:15,aquanet/water/turbidity,9.7,ALERT - Turbidity 9.7 NTU exceeds 5.0
2026-05-05 16:39:15,aquanet/water/ecoli,2500.0,ALERT - E.coli 2500.0 CFU/100ml exceeds 540.0
2026-05-05 16:39:15,aquanet/water/ph,7.09,OK
2026-05-05 16:39:15,aquanet/water/nitrate,0.33,OK
2026-05-05 16:39:15,aquanet/hydraulic/pressure,5.17,ALERT - Pressure 5.17 bar exceeds 5.0
2026-05-05 16:39:15,aquanet/hydraulic/flowrate,72.0,OK
2026-05-05 16:39:15,aquanet/alerts,ALERT E.COLI: 2500.0 CFU/100ml exceeds NPS-FM limit of 540.0 - BACTERIAL CONTAMINATION DETECTED,ALERT
2026-05-05 16:39:15,aquanet/alerts,ALERT TURBIDITY: 9.7 NTU exceeds 5.0 NTU - TREATMENT REQUIRED,ALERT
2026-05-05 16:39:15,aquanet/alerts,ALERT PRESSURE HIGH: 5.17 bar exceeds 4.0 bar - PIPE BURST RISK,ALERT
2026-05-05 16:39:25,aquanet/water/turbidity,8.0,ALERT - Turbidity 8.0 NTU exceeds 5.0
2026-05-05 16:39:25,aquanet/water/ecoli,2900.0,ALERT - E.coli 2900.0 CFU/100ml exceeds 540.0
2026-05-05 16:39:25,aquanet/water/ph,7.33,OK
2026-05-05 16:39:25,aquanet/water/nitrate,0.27,OK
2026-05-05 16:39:25,aquanet/hydraulic/pressure,3.59,OK
2026-05-05 16:39:25,aquanet/hydraulic/flowrate,86.8,OK
2026-05-05 16:39:25,aquanet/alerts,ALERT E.COLI: 2900.0 CFU/100ml exceeds NPS-FM limit of 540.0 - BACTERIAL CONTAMINATION DETECTED,ALERT
2026-05-05 16:39:25,aquanet/alerts,ALERT TURBIDITY: 8.0 NTU exceeds 5.0 NTU - TREATMENT REQUIRED,ALERT
2026-05-05 16:39:35,aquanet/water/turbidity,9.6,ALERT - Turbidity 9.6 NTU exceeds 5.0
2026-05-05 16:39:35,aquanet/water/ecoli,500.0,OK
2026-05-05 16:39:35,aquanet/water/ph,7.33,OK
2026-05-05 16:39:35,aquanet/water/nitrate,0.3,OK
2026-05-05 16:39:35,aquanet/hydraulic/pressure,4.98,OK
2026-05-05 16:39:35,aquanet/hydraulic/flowrate,85.6,OK
2026-05-05 16:39:35,aquanet/alerts,ALERT TURBIDITY: 9.6 NTU exceeds 5.0 NTU - TREATMENT REQUIRED,ALERT
2026-05-05 16:39:35,aquanet/alerts,ALERT PRESSURE HIGH: 4.98 bar exceeds 4.0 bar - PIPE BURST RISK,ALERT
2026-05-05 16:39:45,aquanet/water/turbidity,11.3,ALERT - Turbidity 11.3 NTU exceeds 5.0
2026-05-05 16:39:45,aquanet/water/ecoli,1700.0,ALERT - E.coli 1700.0 CFU/100ml exceeds 540.0
2026-05-05 16:39:45,aquanet/water/ph,6.91,OK
2026-05-05 16:39:45,aquanet/water/nitrate,0.4,OK
2026-05-05 16:39:45,aquanet/hydraulic/pressure,5.54,ALERT - Pressure 5.54 bar exceeds 5.0
2026-05-05 16:39:45,aquanet/hydraulic/flowrate,92.2,OK
2026-05-05 16:39:45,aquanet/alerts,ALERT E.COLI: 1700.0 CFU/100ml exceeds NPS-FM limit of 540.0 - BACTERIAL CONTAMINATION DETECTED,ALERT
2026-05-05 16:39:45,aquanet/alerts,ALERT TURBIDITY: 11.3 NTU exceeds 5.0 NTU - TREATMENT REQUIRED,ALERT
2026-05-05 16:39:45,aquanet/alerts,ALERT PRESSURE HIGH: 5.54 bar exceeds 4.0 bar - PIPE BURST RISK,ALERT
2026-05-05 16:39:55,aquanet/water/turbidity,10.6,ALERT - Turbidity 10.6 NTU exceeds 5.0
2026-05-05 16:39:55,aquanet/water/ecoli,600.0,ALERT - E.coli 600.0 CFU/100ml exceeds 540.0
2026-05-05 16:39:55,aquanet/water/ph,6.88,OK
2026-05-05 16:39:55,aquanet/water/nitrate,0.34,OK
2026-05-05 16:39:55,aquanet/hydraulic/pressure,5.54,ALERT - Pressure 5.54 bar exceeds 5.0
2026-05-05 16:39:55,aquanet/hydraulic/flowrate,70.3,OK
2026-05-05 16:39:55,aquanet/alerts,ALERT E.COLI: 600.0 CFU/100ml exceeds NPS-FM limit of 540.0 - BACTERIAL CONTAMINATION DETECTED,ALERT
2026-05-05 16:39:55,aquanet/alerts,ALERT TURBIDITY: 10.6 NTU exceeds 5.0 NTU - TREATMENT REQUIRED,ALERT
2026-05-05 16:39:55,aquanet/alerts,ALERT PRESSURE HIGH: 5.54 bar exceeds 4.0 bar - PIPE BURST RISK,ALERT
2026-05-05 16:40:05,aquanet/water/turbidity,12.0,ALERT - Turbidity 12.0 NTU exceeds 5.0
2026-05-05 16:40:05,aquanet/water/ecoli,260.0,OK
2026-05-05 16:40:05,aquanet/water/ph,7.36,OK
2026-05-05 16:40:05,aquanet/water/nitrate,0.45,OK
2026-05-05 16:40:05,aquanet/hydraulic/pressure,5.1,ALERT - Pressure 5.1 bar exceeds 5.0
2026-05-05 16:40:05,aquanet/hydraulic/flowrate,93.6,OK
2026-05-05 16:40:05,aquanet/alerts,ALERT TURBIDITY: 12.0 NTU exceeds 5.0 NTU - TREATMENT REQUIRED,ALERT
2026-05-05 16:40:05,aquanet/alerts,ALERT PRESSURE HIGH: 5.1 bar exceeds 4.0 bar - PIPE BURST RISK,ALERT
2026-05-05 16:40:15,aquanet/water/turbidity,14.0,ALERT - Turbidity 14.0 NTU exceeds 5.0
2026-05-05 16:40:15,aquanet/water/ecoli,1100.0,ALERT - E.coli 1100.0 CFU/100ml exceeds 540.0
2026-05-05 16:40:15,aquanet/water/ph,7.57,OK
2026-05-05 16:40:15,aquanet/water/nitrate,0.43,OK
2026-05-05 16:40:15,aquanet/hydraulic/pressure,3.36,OK
2026-05-05 16:40:15,aquanet/hydraulic/flowrate,90.8,OK
2026-05-05 16:40:15,aquanet/alerts,ALERT E.COLI: 1100.0 CFU/100ml exceeds NPS-FM limit of 540.0 - BACTERIAL CONTAMINATION DETECTED,ALERT
2026-05-05 16:40:15,aquanet/alerts,ALERT TURBIDITY: 14.0 NTU exceeds 5.0 NTU - TREATMENT REQUIRED,ALERT
2026-05-05 16:40:25,aquanet/water/turbidity,8.3,ALERT - Turbidity 8.3 NTU exceeds 5.0
2026-05-05 16:40:25,aquanet/water/ecoli,400.0,OK
2026-05-05 16:40:25,aquanet/water/ph,7.58,OK
2026-05-05 16:40:25,aquanet/water/nitrate,0.54,OK
2026-05-05 16:40:25,aquanet/hydraulic/pressure,3.24,OK
2026-05-05 16:40:25,aquanet/hydraulic/flowrate,96.4,OK
2026-05-05 16:40:25,aquanet/alerts,ALERT TURBIDITY: 8.3 NTU exceeds 5.0 NTU - TREATMENT REQUIRED,ALERT
2026-05-05 16:40:35,aquanet/water/turbidity,12.4,ALERT - Turbidity 12.4 NTU exceeds 5.0
2026-05-05 16:40:35,aquanet/water/ecoli,1400.0,ALERT - E.coli 1400.0 CFU/100ml exceeds 540.0
2026-05-05 16:40:35,aquanet/water/ph,7.18,OK
2026-05-05 16:40:35,aquanet/water/nitrate,0.42,OK
2026-05-05 16:40:35,aquanet/hydraulic/pressure,3.37,OK
2026-05-05 16:40:35,aquanet/hydraulic/flowrate,96.2,OK
2026-05-05 16:40:35,aquanet/alerts,ALERT E.COLI: 1400.0 CFU/100ml exceeds NPS-FM limit of 540.0 - BACTERIAL CONTAMINATION DETECTED,ALERT
2026-05-05 16:40:35,aquanet/alerts,ALERT TURBIDITY: 12.4 NTU exceeds 5.0 NTU - TREATMENT REQUIRED,ALERT
2026-05-05 16:40:45,aquanet/water/turbidity,12.7,ALERT - Turbidity 12.7 NTU exceeds 5.0
2026-05-05 16:40:45,aquanet/water/ecoli,800.0,ALERT - E.coli 800.0 CFU/100ml exceeds 540.0
2026-05-05 16:40:45,aquanet/water/ph,7.25,OK
2026-05-05 16:40:46,aquanet/water/nitrate,0.33,OK
2026-05-05 16:40:46,aquanet/hydraulic/pressure,5.18,ALERT - Pressure 5.18 bar exceeds 5.0
2026-05-05 16:40:46,aquanet/hydraulic/flowrate,74.8,OK
2026-05-05 16:40:46,aquanet/alerts,ALERT E.COLI: 800.0 CFU/100ml exceeds NPS-FM limit of 540.0 - BACTERIAL CONTAMINATION DETECTED,ALERT
2026-05-05 16:40:46,aquanet/alerts,ALERT TURBIDITY: 12.7 NTU exceeds 5.0 NTU - TREATMENT REQUIRED,ALERT
2026-05-05 16:40:46,aquanet/alerts,ALERT PRESSURE HIGH: 5.18 bar exceeds 4.0 bar - PIPE BURST RISK,ALERT
2026-05-05 16:40:56,aquanet/water/turbidity,17.7,ALERT - Turbidity 17.7 NTU exceeds 5.0
2026-05-05 16:40:56,aquanet/water/ecoli,3600.0,ALERT - E.coli 3600.0 CFU/100ml exceeds 540.0
2026-05-05 16:40:56,aquanet/water/ph,7.59,OK
2026-05-05 16:40:56,aquanet/water/nitrate,0.3,OK
2026-05-05 16:40:56,aquanet/hydraulic/pressure,4.43,OK
2026-05-05 16:40:56,aquanet/hydraulic/flowrate,73.1,OK
2026-05-05 16:40:56,aquanet/alerts,ALERT E.COLI: 3600.0 CFU/100ml exceeds NPS-FM limit of 540.0 - BACTERIAL CONTAMINATION DETECTED,ALERT
2026-05-05 16:40:56,aquanet/alerts,ALERT TURBIDITY: 17.7 NTU exceeds 5.0 NTU - TREATMENT REQUIRED,ALERT
2026-05-05 16:40:56,aquanet/alerts,ALERT PRESSURE HIGH: 4.43 bar exceeds 4.0 bar - PIPE BURST RISK,ALERT
2026-05-05 16:41:06,aquanet/water/turbidity,9.7,ALERT - Turbidity 9.7 NTU exceeds 5.0
2026-05-05 16:41:06,aquanet/water/ecoli,2900.0,ALERT - E.coli 2900.0 CFU/100ml exceeds 540.0
2026-05-05 16:41:06,aquanet/water/ph,7.02,OK
2026-05-05 16:41:06,aquanet/water/nitrate,0.26,OK
2026-05-05 16:41:06,aquanet/hydraulic/pressure,5.86,ALERT - Pressure 5.86 bar exceeds 5.0
2026-05-05 16:41:06,aquanet/hydraulic/flowrate,72.2,OK
2026-05-05 16:41:06,aquanet/alerts,ALERT E.COLI: 2900.0 CFU/100ml exceeds NPS-FM limit of 540.0 - BACTERIAL CONTAMINATION DETECTED,ALERT
2026-05-05 16:41:06,aquanet/alerts,ALERT TURBIDITY: 9.7 NTU exceeds 5.0 NTU - TREATMENT REQUIRED,ALERT
2026-05-05 16:41:06,aquanet/alerts,ALERT PRESSURE HIGH: 5.86 bar exceeds 4.0 bar - PIPE BURST RISK,ALERT
2026-05-05 16:41:16,aquanet/water/turbidity,31.0,ALERT - Turbidity 31.0 NTU exceeds 5.0
2026-05-05 16:41:16,aquanet/water/ecoli,41000.0,ALERT - E.coli 41000.0 CFU/100ml exceeds 540.0
2026-05-05 16:41:16,aquanet/water/ph,7.18,OK
2026-05-05 16:41:16,aquanet/water/nitrate,0.31,OK
2026-05-05 16:41:16,aquanet/hydraulic/pressure,3.17,OK
2026-05-05 16:41:16,aquanet/hydraulic/flowrate,95.6,OK
2026-05-05 16:41:16,aquanet/alerts,ALERT E.COLI: 41000.0 CFU/100ml exceeds NPS-FM limit of 540.0 - BACTERIAL CONTAMINATION DETECTED,ALERT
2026-05-05 16:41:16,aquanet/alerts,ALERT TURBIDITY: 31.0 NTU exceeds 5.0 NTU - TREATMENT REQUIRED,ALERT
2026-05-05 16:41:26,aquanet/water/turbidity,11.3,ALERT - Turbidity 11.3 NTU exceeds 5.0
2026-05-05 16:41:26,aquanet/water/ecoli,2200.0,ALERT - E.coli 2200.0 CFU/100ml exceeds 540.0
2026-05-05 16:41:26,aquanet/water/ph,7.36,OK
2026-05-05 16:41:26,aquanet/water/nitrate,0.118,OK
2026-05-05 16:41:26,aquanet/hydraulic/pressure,5.36,ALERT - Pressure 5.36 bar exceeds 5.0
2026-05-05 16:41:26,aquanet/hydraulic/flowrate,72.3,OK
2026-05-05 16:41:26,aquanet/alerts,ALERT E.COLI: 2200.0 CFU/100ml exceeds NPS-FM limit of 540.0 - BACTERIAL CONTAMINATION DETECTED,ALERT
2026-05-05 16:41:26,aquanet/alerts,ALERT TURBIDITY: 11.3 NTU exceeds 5.0 NTU - TREATMENT REQUIRED,ALERT
2026-05-05 16:41:26,aquanet/alerts,ALERT PRESSURE HIGH: 5.36 bar exceeds 4.0 bar - PIPE BURST RISK,ALERT
2026-05-05 16:41:36,aquanet/water/turbidity,5.3,ALERT - Turbidity 5.3 NTU exceeds 5.0
2026-05-05 16:41:36,aquanet/water/ecoli,10.0,OK
2026-05-05 16:41:36,aquanet/water/ph,7.19,OK
2026-05-05 16:41:36,aquanet/water/nitrate,0.137,OK
2026-05-05 16:41:36,aquanet/hydraulic/pressure,5.32,ALERT - Pressure 5.32 bar exceeds 5.0
2026-05-05 16:41:36,aquanet/hydraulic/flowrate,90.2,OK
2026-05-05 16:41:36,aquanet/alerts,ALERT TURBIDITY: 5.3 NTU exceeds 5.0 NTU - TREATMENT REQUIRED,ALERT
2026-05-05 16:41:36,aquanet/alerts,ALERT PRESSURE HIGH: 5.32 bar exceeds 4.0 bar - PIPE BURST RISK,ALERT
2026-05-05 16:41:46,aquanet/water/turbidity,7.5,ALERT - Turbidity 7.5 NTU exceeds 5.0
2026-05-05 16:41:46,aquanet/water/ecoli,900.0,ALERT - E.coli 900.0 CFU/100ml exceeds 540.0
2026-05-05 16:41:46,aquanet/water/ph,7.04,OK
2026-05-05 16:41:46,aquanet/water/nitrate,0.108,OK
2026-05-05 16:41:46,aquanet/hydraulic/pressure,3.23,OK
2026-05-05 16:41:46,aquanet/hydraulic/flowrate,91.0,OK
2026-05-05 16:41:46,aquanet/alerts,ALERT E.COLI: 900.0 CFU/100ml exceeds NPS-FM limit of 540.0 - BACTERIAL CONTAMINATION DETECTED,ALERT
2026-05-05 16:41:46,aquanet/alerts,ALERT TURBIDITY: 7.5 NTU exceeds 5.0 NTU - TREATMENT REQUIRED,ALERT
2026-05-05 16:41:56,aquanet/water/turbidity,14.0,ALERT - Turbidity 14.0 NTU exceeds 5.0
2026-05-05 16:41:56,aquanet/water/ecoli,500.0,OK
2026-05-05 16:41:56,aquanet/water/ph,7.12,OK
2026-05-05 16:41:56,aquanet/water/nitrate,0.121,OK
2026-05-05 16:41:56,aquanet/hydraulic/pressure,4.88,OK
2026-05-05 16:41:56,aquanet/hydraulic/flowrate,77.0,OK
2026-05-05 16:41:56,aquanet/alerts,ALERT TURBIDITY: 14.0 NTU exceeds 5.0 NTU - TREATMENT REQUIRED,ALERT
2026-05-05 16:41:56,aquanet/alerts,ALERT PRESSURE HIGH: 4.88 bar exceeds 4.0 bar - PIPE BURST RISK,ALERT
2026-05-05 16:42:06,aquanet/water/turbidity,13.2,ALERT - Turbidity 13.2 NTU exceeds 5.0
2026-05-05 16:42:06,aquanet/water/ecoli,240.0,OK
2026-05-05 16:42:06,aquanet/water/ph,7.03,OK
2026-05-05 16:42:06,aquanet/water/nitrate,0.9,OK
2026-05-05 16:42:06,aquanet/hydraulic/pressure,5.61,ALERT - Pressure 5.61 bar exceeds 5.0
2026-05-05 16:42:06,aquanet/hydraulic/flowrate,79.3,OK
2026-05-05 16:42:06,aquanet/alerts,ALERT TURBIDITY: 13.2 NTU exceeds 5.0 NTU - TREATMENT REQUIRED,ALERT
2026-05-05 16:42:06,aquanet/alerts,ALERT PRESSURE HIGH: 5.61 bar exceeds 4.0 bar - PIPE BURST RISK,ALERT
2026-05-05 16:42:16,aquanet/water/turbidity,7.6,ALERT - Turbidity 7.6 NTU exceeds 5.0
2026-05-05 16:42:16,aquanet/water/ecoli,500.0,OK
2026-05-05 16:42:16,aquanet/water/ph,7.12,OK
2026-05-05 16:42:16,aquanet/water/nitrate,1.04,OK
2026-05-05 16:42:16,aquanet/hydraulic/pressure,5.63,ALERT - Pressure 5.63 bar exceeds 5.0
2026-05-05 16:42:16,aquanet/hydraulic/flowrate,97.0,OK
2026-05-05 16:42:16,aquanet/alerts,ALERT TURBIDITY: 7.6 NTU exceeds 5.0 NTU - TREATMENT REQUIRED,ALERT
2026-05-05 16:42:16,aquanet/alerts,ALERT PRESSURE HIGH: 5.63 bar exceeds 4.0 bar - PIPE BURST RISK,ALERT
2026-05-05 16:42:26,aquanet/water/turbidity,10.0,ALERT - Turbidity 10.0 NTU exceeds 5.0
2026-05-05 16:42:26,aquanet/water/ecoli,600.0,ALERT - E.coli 600.0 CFU/100ml exceeds 540.0
2026-05-05 16:42:26,aquanet/water/ph,6.96,OK
2026-05-05 16:42:26,aquanet/water/nitrate,0.49,OK
2026-05-05 16:42:26,aquanet/hydraulic/pressure,5.63,ALERT - Pressure 5.63 bar exceeds 5.0
2026-05-05 16:42:26,aquanet/hydraulic/flowrate,72.4,OK
2026-05-05 16:42:26,aquanet/alerts,ALERT E.COLI: 600.0 CFU/100ml exceeds NPS-FM limit of 540.0 - BACTERIAL CONTAMINATION DETECTED,ALERT
2026-05-05 16:42:26,aquanet/alerts,ALERT TURBIDITY: 10.0 NTU exceeds 5.0 NTU - TREATMENT REQUIRED,ALERT
2026-05-05 16:42:26,aquanet/alerts,ALERT PRESSURE HIGH: 5.63 bar exceeds 4.0 bar - PIPE BURST RISK,ALERT
2026-05-05 16:42:36,aquanet/water/turbidity,10.8,ALERT - Turbidity 10.8 NTU exceeds 5.0
2026-05-05 16:42:36,aquanet/water/ecoli,1900.0,ALERT - E.coli 1900.0 CFU/100ml exceeds 540.0
2026-05-05 16:42:36,aquanet/water/ph,7.03,OK
2026-05-05 16:42:36,aquanet/water/nitrate,0.28,OK
2026-05-05 16:42:36,aquanet/hydraulic/pressure,4.68,OK
2026-05-05 16:42:36,aquanet/hydraulic/flowrate,75.4,OK
2026-05-05 16:42:36,aquanet/alerts,ALERT E.COLI: 1900.0 CFU/100ml exceeds NPS-FM limit of 540.0 - BACTERIAL CONTAMINATION DETECTED,ALERT
2026-05-05 16:42:36,aquanet/alerts,ALERT TURBIDITY: 10.8 NTU exceeds 5.0 NTU - TREATMENT REQUIRED,ALERT
2026-05-05 16:42:36,aquanet/alerts,ALERT PRESSURE HIGH: 4.68 bar exceeds 4.0 bar - PIPE BURST RISK,ALERT
2026-05-05 16:42:46,aquanet/water/turbidity,7.8,ALERT - Turbidity 7.8 NTU exceeds 5.0
2026-05-05 16:42:46,aquanet/water/ecoli,400.0,OK
2026-05-05 16:42:46,aquanet/water/ph,6.91,OK
2026-05-05 16:42:46,aquanet/water/nitrate,0.32,OK
2026-05-05 16:42:46,aquanet/hydraulic/pressure,3.36,OK
2026-05-05 16:42:46,aquanet/hydraulic/flowrate,94.3,OK
2026-05-05 16:42:46,aquanet/alerts,ALERT TURBIDITY: 7.8 NTU exceeds 5.0 NTU - TREATMENT REQUIRED,ALERT
2026-05-05 16:42:56,aquanet/water/turbidity,10.3,ALERT - Turbidity 10.3 NTU exceeds 5.0
2026-05-05 16:42:56,aquanet/water/ecoli,5000.0,ALERT - E.coli 5000.0 CFU/100ml exceeds 540.0
2026-05-05 16:42:56,aquanet/water/ph,6.61,OK
2026-05-05 16:42:56,aquanet/water/nitrate,0.53,OK
2026-05-05 16:42:56,aquanet/hydraulic/pressure,4.99,OK
2026-05-05 16:42:56,aquanet/hydraulic/flowrate,88.7,OK
2026-05-05 16:42:56,aquanet/alerts,ALERT E.COLI: 5000.0 CFU/100ml exceeds NPS-FM limit of 540.0 - BACTERIAL CONTAMINATION DETECTED,ALERT
2026-05-05 16:42:56,aquanet/alerts,ALERT TURBIDITY: 10.3 NTU exceeds 5.0 NTU - TREATMENT REQUIRED,ALERT
2026-05-05 16:42:56,aquanet/alerts,ALERT PRESSURE HIGH: 4.99 bar exceeds 4.0 bar - PIPE BURST RISK,ALERT
2026-05-05 16:43:06,aquanet/water/turbidity,11.6,ALERT - Turbidity 11.6 NTU exceeds 5.0
2026-05-05 16:43:06,aquanet/water/ecoli,2300.0,ALERT - E.coli 2300.0 CFU/100ml exceeds 540.0
2026-05-05 16:43:06,aquanet/water/ph,6.89,OK
2026-05-05 16:43:06,aquanet/water/nitrate,0.2,OK
2026-05-05 16:43:06,aquanet/hydraulic/pressure,4.79,OK
2026-05-05 16:43:06,aquanet/hydraulic/flowrate,99.6,OK
2026-05-05 16:43:06,aquanet/alerts,ALERT E.COLI: 2300.0 CFU/100ml exceeds NPS-FM limit of 540.0 - BACTERIAL CONTAMINATION DETECTED,ALERT
2026-05-05 16:43:06,aquanet/alerts,ALERT TURBIDITY: 11.6 NTU exceeds 5.0 NTU - TREATMENT REQUIRED,ALERT
2026-05-05 16:43:06,aquanet/alerts,ALERT PRESSURE HIGH: 4.79 bar exceeds 4.0 bar - PIPE BURST RISK,ALERT
2026-05-05 16:43:16,aquanet/water/turbidity,12.3,ALERT - Turbidity 12.3 NTU exceeds 5.0
2026-05-05 16:43:16,aquanet/water/ecoli,2900.0,ALERT - E.coli 2900.0 CFU/100ml exceeds 540.0
2026-05-05 16:43:16,aquanet/water/ph,7.31,OK
2026-05-05 16:43:16,aquanet/water/nitrate,0.21,OK
2026-05-05 16:43:16,aquanet/hydraulic/pressure,5.28,ALERT - Pressure 5.28 bar exceeds 5.0
2026-05-05 16:43:16,aquanet/hydraulic/flowrate,86.9,OK
2026-05-05 16:43:16,aquanet/alerts,ALERT E.COLI: 2900.0 CFU/100ml exceeds NPS-FM limit of 540.0 - BACTERIAL CONTAMINATION DETECTED,ALERT
2026-05-05 16:43:16,aquanet/alerts,ALERT TURBIDITY: 12.3 NTU exceeds 5.0 NTU - TREATMENT REQUIRED,ALERT
2026-05-05 16:43:16,aquanet/alerts,ALERT PRESSURE HIGH: 5.28 bar exceeds 4.0 bar - PIPE BURST RISK,ALERT
2026-05-05 16:43:26,aquanet/water/turbidity,9.5,ALERT - Turbidity 9.5 NTU exceeds 5.0
2026-05-05 16:43:26,aquanet/water/ecoli,1500.0,ALERT - E.coli 1500.0 CFU/100ml exceeds 540.0
2026-05-05 16:43:26,aquanet/water/ph,6.97,OK
2026-05-05 16:43:26,aquanet/water/nitrate,0.179,OK
2026-05-05 16:43:26,aquanet/hydraulic/pressure,5.48,ALERT - Pressure 5.48 bar exceeds 5.0
2026-05-05 16:43:26,aquanet/hydraulic/flowrate,84.4,OK
2026-05-05 16:43:26,aquanet/alerts,ALERT E.COLI: 1500.0 CFU/100ml exceeds NPS-FM limit of 540.0 - BACTERIAL CONTAMINATION DETECTED,ALERT
2026-05-05 16:43:26,aquanet/alerts,ALERT TURBIDITY: 9.5 NTU exceeds 5.0 NTU - TREATMENT REQUIRED,ALERT
2026-05-05 16:43:26,aquanet/alerts,ALERT PRESSURE HIGH: 5.48 bar exceeds 4.0 bar - PIPE BURST RISK,ALERT
2026-05-05 16:43:36,aquanet/water/turbidity,15.5,ALERT - Turbidity 15.5 NTU exceeds 5.0
2026-05-05 16:43:36,aquanet/water/ecoli,2200.0,ALERT - E.coli 2200.0 CFU/100ml exceeds 540.0
2026-05-05 16:43:36,aquanet/water/ph,6.85,OK
2026-05-05 16:43:36,aquanet/water/nitrate,0.22,OK
2026-05-05 16:43:36,aquanet/hydraulic/pressure,4.88,OK
2026-05-05 16:43:36,aquanet/hydraulic/flowrate,85.2,OK
2026-05-05 16:43:36,aquanet/alerts,ALERT E.COLI: 2200.0 CFU/100ml exceeds NPS-FM limit of 540.0 - BACTERIAL CONTAMINATION DETECTED,ALERT
2026-05-05 16:43:36,aquanet/alerts,ALERT TURBIDITY: 15.5 NTU exceeds 5.0 NTU - TREATMENT REQUIRED,ALERT
2026-05-05 16:43:36,aquanet/alerts,ALERT PRESSURE HIGH: 4.88 bar exceeds 4.0 bar - PIPE BURST RISK,ALERT
2026-05-05 16:43:46,aquanet/water/turbidity,12.1,ALERT - Turbidity 12.1 NTU exceeds 5.0
2026-05-05 16:43:46,aquanet/water/ecoli,1000.0,ALERT - E.coli 1000.0 CFU/100ml exceeds 540.0
2026-05-05 16:43:46,aquanet/water/ph,7.17,OK
2026-05-05 16:43:46,aquanet/water/nitrate,0.094,OK
2026-05-05 16:43:46,aquanet/hydraulic/pressure,3.15,OK
2026-05-05 16:43:46,aquanet/hydraulic/flowrate,74.1,OK
2026-05-05 16:43:46,aquanet/alerts,ALERT E.COLI: 1000.0 CFU/100ml exceeds NPS-FM limit of 540.0 - BACTERIAL CONTAMINATION DETECTED,ALERT
2026-05-05 16:43:46,aquanet/alerts,ALERT TURBIDITY: 12.1 NTU exceeds 5.0 NTU - TREATMENT REQUIRED,ALERT
2026-05-05 16:43:56,aquanet/water/turbidity,13.8,ALERT - Turbidity 13.8 NTU exceeds 5.0
2026-05-05 16:43:56,aquanet/water/ecoli,5000.0,ALERT - E.coli 5000.0 CFU/100ml exceeds 540.0
2026-05-05 16:43:56,aquanet/water/ph,7.18,OK
2026-05-05 16:43:56,aquanet/water/nitrate,0.48,OK
2026-05-05 16:43:56,aquanet/hydraulic/pressure,5.64,ALERT - Pressure 5.64 bar exceeds 5.0
2026-05-05 16:43:56,aquanet/hydraulic/flowrate,80.9,OK
2026-05-05 16:43:56,aquanet/alerts,ALERT E.COLI: 5000.0 CFU/100ml exceeds NPS-FM limit of 540.0 - BACTERIAL CONTAMINATION DETECTED,ALERT
2026-05-05 16:43:56,aquanet/alerts,ALERT TURBIDITY: 13.8 NTU exceeds 5.0 NTU - TREATMENT REQUIRED,ALERT
2026-05-05 16:43:56,aquanet/alerts,ALERT PRESSURE HIGH: 5.64 bar exceeds 4.0 bar - PIPE BURST RISK,ALERT
2026-05-05 16:44:06,aquanet/water/turbidity,14.2,ALERT - Turbidity 14.2 NTU exceeds 5.0
2026-05-05 16:44:06,aquanet/water/ecoli,13000.0,ALERT - E.coli 13000.0 CFU/100ml exceeds 540.0
2026-05-05 16:44:06,aquanet/water/ph,7.13,OK
2026-05-05 16:44:06,aquanet/water/nitrate,0.28,OK
2026-05-05 16:44:06,aquanet/hydraulic/pressure,5.64,ALERT - Pressure 5.64 bar exceeds 5.0
2026-05-05 16:44:06,aquanet/hydraulic/flowrate,72.4,OK
2026-05-05 16:44:06,aquanet/alerts,ALERT E.COLI: 13000.0 CFU/100ml exceeds NPS-FM limit of 540.0 - BACTERIAL CONTAMINATION DETECTED,ALERT
2026-05-05 16:44:06,aquanet/alerts,ALERT TURBIDITY: 14.2 NTU exceeds 5.0 NTU - TREATMENT REQUIRED,ALERT
2026-05-05 16:44:06,aquanet/alerts,ALERT PRESSURE HIGH: 5.64 bar exceeds 4.0 bar - PIPE BURST RISK,ALERT
2026-05-05 16:44:16,aquanet/water/turbidity,6.8,ALERT - Turbidity 6.8 NTU exceeds 5.0
2026-05-05 16:44:16,aquanet/water/ecoli,300.0,OK
2026-05-05 16:44:16,aquanet/water/ph,7.05,OK
2026-05-05 16:44:16,aquanet/water/nitrate,0.58,OK
2026-05-05 16:44:16,aquanet/hydraulic/pressure,5.0,OK
2026-05-05 16:44:16,aquanet/hydraulic/flowrate,73.4,OK
2026-05-05 16:44:16,aquanet/alerts,ALERT TURBIDITY: 6.8 NTU exceeds 5.0 NTU - TREATMENT REQUIRED,ALERT
2026-05-05 16:44:16,aquanet/alerts,ALERT PRESSURE HIGH: 5.0 bar exceeds 4.0 bar - PIPE BURST RISK,ALERT
2026-05-05 16:44:26,aquanet/water/turbidity,6.5,ALERT - Turbidity 6.5 NTU exceeds 5.0
2026-05-05 16:44:26,aquanet/water/ecoli,700.0,ALERT - E.coli 700.0 CFU/100ml exceeds 540.0
2026-05-05 16:44:26,aquanet/water/ph,7.1,OK
2026-05-05 16:44:26,aquanet/water/nitrate,0.53,OK
2026-05-05 16:44:26,aquanet/hydraulic/pressure,4.62,OK
2026-05-05 16:44:26,aquanet/hydraulic/flowrate,92.1,OK
2026-05-05 16:44:26,aquanet/alerts,ALERT E.COLI: 700.0 CFU/100ml exceeds NPS-FM limit of 540.0 - BACTERIAL CONTAMINATION DETECTED,ALERT
2026-05-05 16:44:26,aquanet/alerts,ALERT TURBIDITY: 6.5 NTU exceeds 5.0 NTU - TREATMENT REQUIRED,ALERT
2026-05-05 16:44:26,aquanet/alerts,ALERT PRESSURE HIGH: 4.62 bar exceeds 4.0 bar - PIPE BURST RISK,ALERT
2026-05-05 16:44:36,aquanet/water/turbidity,7.5,ALERT - Turbidity 7.5 NTU exceeds 5.0
2026-05-05 16:44:36,aquanet/water/ecoli,1600.0,ALERT - E.coli 1600.0 CFU/100ml exceeds 540.0
2026-05-05 16:44:36,aquanet/water/ph,6.96,OK
2026-05-05 16:44:36,aquanet/water/nitrate,0.69,OK
2026-05-05 16:44:36,aquanet/hydraulic/pressure,5.65,ALERT - Pressure 5.65 bar exceeds 5.0
2026-05-05 16:44:36,aquanet/hydraulic/flowrate,79.2,OK
2026-05-05 16:44:36,aquanet/alerts,ALERT E.COLI: 1600.0 CFU/100ml exceeds NPS-FM limit of 540.0 - BACTERIAL CONTAMINATION DETECTED,ALERT
2026-05-05 16:44:36,aquanet/alerts,ALERT TURBIDITY: 7.5 NTU exceeds 5.0 NTU - TREATMENT REQUIRED,ALERT
2026-05-05 16:44:36,aquanet/alerts,ALERT PRESSURE HIGH: 5.65 bar exceeds 4.0 bar - PIPE BURST RISK,ALERT
2026-05-05 16:44:46,aquanet/water/turbidity,6.7,ALERT - Turbidity 6.7 NTU exceeds 5.0
2026-05-05 16:44:46,aquanet/water/ecoli,400.0,OK
2026-05-05 16:44:46,aquanet/water/ph,7.01,OK
2026-05-05 16:44:46,aquanet/water/nitrate,0.53,OK
2026-05-05 16:44:46,aquanet/hydraulic/pressure,4.96,OK
2026-05-05 16:44:46,aquanet/hydraulic/flowrate,74.9,OK
2026-05-05 16:44:46,aquanet/alerts,ALERT TURBIDITY: 6.7 NTU exceeds 5.0 NTU - TREATMENT REQUIRED,ALERT
2026-05-05 16:44:46,aquanet/alerts,ALERT PRESSURE HIGH: 4.96 bar exceeds 4.0 bar - PIPE BURST RISK,ALERT
2026-05-05 16:44:56,aquanet/water/turbidity,20.0,ALERT - Turbidity 20.0 NTU exceeds 5.0
2026-05-05 16:44:56,aquanet/water/ecoli,13000.0,ALERT - E.coli 13000.0 CFU/100ml exceeds 540.0
2026-05-05 16:44:56,aquanet/water/ph,7.17,OK
2026-05-05 16:44:56,aquanet/water/nitrate,0.57,OK
2026-05-05 16:44:56,aquanet/hydraulic/pressure,5.24,ALERT - Pressure 5.24 bar exceeds 5.0
2026-05-05 16:44:56,aquanet/hydraulic/flowrate,73.0,OK
2026-05-05 16:44:56,aquanet/alerts,ALERT E.COLI: 13000.0 CFU/100ml exceeds NPS-FM limit of 540.0 - BACTERIAL CONTAMINATION DETECTED,ALERT
2026-05-05 16:44:56,aquanet/alerts,ALERT TURBIDITY: 20.0 NTU exceeds 5.0 NTU - TREATMENT REQUIRED,ALERT
2026-05-05 16:44:56,aquanet/alerts,ALERT PRESSURE HIGH: 5.24 bar exceeds 4.0 bar - PIPE BURST RISK,ALERT
2026-05-05 16:45:06,aquanet/water/turbidity,17.4,ALERT - Turbidity 17.4 NTU exceeds 5.0
2026-05-05 16:45:06,aquanet/water/ecoli,2000.0,ALERT - E.coli 2000.0 CFU/100ml exceeds 540.0
2026-05-05 16:45:06,aquanet/water/ph,7.05,OK
2026-05-05 16:45:06,aquanet/water/nitrate,0.27,OK
2026-05-05 16:45:06,aquanet/hydraulic/pressure,5.87,ALERT - Pressure 5.87 bar exceeds 5.0
2026-05-05 16:45:06,aquanet/hydraulic/flowrate,81.3,OK
2026-05-05 16:45:06,aquanet/alerts,ALERT E.COLI: 2000.0 CFU/100ml exceeds NPS-FM limit of 540.0 - BACTERIAL CONTAMINATION DETECTED,ALERT
2026-05-05 16:45:06,aquanet/alerts,ALERT TURBIDITY: 17.4 NTU exceeds 5.0 NTU - TREATMENT REQUIRED,ALERT
2026-05-05 16:45:06,aquanet/alerts,ALERT PRESSURE HIGH: 5.87 bar exceeds 4.0 bar - PIPE BURST RISK,ALERT
2026-05-05 16:45:16,aquanet/water/turbidity,15.0,ALERT - Turbidity 15.0 NTU exceeds 5.0
2026-05-05 16:45:16,aquanet/water/ecoli,1500.0,ALERT - E.coli 1500.0 CFU/100ml exceeds 540.0
2026-05-05 16:45:16,aquanet/water/ph,7.11,OK
2026-05-05 16:45:16,aquanet/water/nitrate,0.012,OK
2026-05-05 16:45:16,aquanet/hydraulic/pressure,5.25,ALERT - Pressure 5.25 bar exceeds 5.0
2026-05-05 16:45:16,aquanet/hydraulic/flowrate,97.6,OK
2026-05-05 16:45:16,aquanet/alerts,ALERT E.COLI: 1500.0 CFU/100ml exceeds NPS-FM limit of 540.0 - BACTERIAL CONTAMINATION DETECTED,ALERT
2026-05-05 16:45:16,aquanet/alerts,ALERT TURBIDITY: 15.0 NTU exceeds 5.0 NTU - TREATMENT REQUIRED,ALERT
2026-05-05 16:45:16,aquanet/alerts,ALERT PRESSURE HIGH: 5.25 bar exceeds 4.0 bar - PIPE BURST RISK,ALERT
2026-05-05 16:45:26,aquanet/water/turbidity,12.8,ALERT - Turbidity 12.8 NTU exceeds 5.0
2026-05-05 16:45:26,aquanet/water/ecoli,1900.0,ALERT - E.coli 1900.0 CFU/100ml exceeds 540.0
2026-05-05 16:45:26,aquanet/water/ph,7.3,OK
2026-05-05 16:45:26,aquanet/water/nitrate,0.45,OK
2026-05-05 16:45:26,aquanet/hydraulic/pressure,3.29,OK
2026-05-05 16:45:26,aquanet/hydraulic/flowrate,99.5,OK
2026-05-05 16:45:26,aquanet/alerts,ALERT E.COLI: 1900.0 CFU/100ml exceeds NPS-FM limit of 540.0 - BACTERIAL CONTAMINATION DETECTED,ALERT
2026-05-05 16:45:26,aquanet/alerts,ALERT TURBIDITY: 12.8 NTU exceeds 5.0 NTU - TREATMENT REQUIRED,ALERT
2026-05-05 16:45:36,aquanet/water/turbidity,8.2,ALERT - Turbidity 8.2 NTU exceeds 5.0
2026-05-05 16:45:36,aquanet/water/ecoli,1100.0,ALERT - E.coli 1100.0 CFU/100ml exceeds 540.0
2026-05-05 16:45:36,aquanet/water/ph,7.13,OK
2026-05-05 16:45:36,aquanet/water/nitrate,0.3,OK
2026-05-05 16:45:36,aquanet/hydraulic/pressure,3.45,OK
2026-05-05 16:45:36,aquanet/hydraulic/flowrate,77.8,OK
2026-05-05 16:45:36,aquanet/alerts,ALERT E.COLI: 1100.0 CFU/100ml exceeds NPS-FM limit of 540.0 - BACTERIAL CONTAMINATION DETECTED,ALERT
2026-05-05 16:45:36,aquanet/alerts,ALERT TURBIDITY: 8.2 NTU exceeds 5.0 NTU - TREATMENT REQUIRED,ALERT
2026-05-05 16:45:46,aquanet/water/turbidity,11.1,ALERT - Turbidity 11.1 NTU exceeds 5.0
2026-05-05 16:45:46,aquanet/water/ecoli,1800.0,ALERT - E.coli 1800.0 CFU/100ml exceeds 540.0
2026-05-05 16:45:46,aquanet/water/ph,7.13,OK
2026-05-05 16:45:46,aquanet/water/nitrate,0.3,OK
2026-05-05 16:45:46,aquanet/hydraulic/pressure,5.45,ALERT - Pressure 5.45 bar exceeds 5.0
2026-05-05 16:45:46,aquanet/hydraulic/flowrate,77.1,OK
2026-05-05 16:45:46,aquanet/alerts,ALERT E.COLI: 1800.0 CFU/100ml exceeds NPS-FM limit of 540.0 - BACTERIAL CONTAMINATION DETECTED,ALERT
2026-05-05 16:45:46,aquanet/alerts,ALERT TURBIDITY: 11.1 NTU exceeds 5.0 NTU - TREATMENT REQUIRED,ALERT
2026-05-05 16:45:46,aquanet/alerts,ALERT PRESSURE HIGH: 5.45 bar exceeds 4.0 bar - PIPE BURST RISK,ALERT
2026-05-05 16:45:56,aquanet/water/turbidity,9.9,ALERT - Turbidity 9.9 NTU exceeds 5.0
2026-05-05 16:45:56,aquanet/water/ecoli,1600.0,ALERT - E.coli 1600.0 CFU/100ml exceeds 540.0
2026-05-05 16:45:56,aquanet/water/ph,6.97,OK
2026-05-05 16:45:56,aquanet/water/nitrate,0.28,OK
2026-05-05 16:45:56,aquanet/hydraulic/pressure,2.93,OK
2026-05-05 16:45:56,aquanet/hydraulic/flowrate,99.1,OK
2026-05-05 16:45:56,aquanet/alerts,ALERT E.COLI: 1600.0 CFU/100ml exceeds NPS-FM limit of 540.0 - BACTERIAL CONTAMINATION DETECTED,ALERT
2026-05-05 16:45:56,aquanet/alerts,ALERT TURBIDITY: 9.9 NTU exceeds 5.0 NTU - TREATMENT REQUIRED,ALERT
2026-05-05 16:46:06,aquanet/water/turbidity,7.6,ALERT - Turbidity 7.6 NTU exceeds 5.0
2026-05-05 16:46:06,aquanet/water/ecoli,4500.0,ALERT - E.coli 4500.0 CFU/100ml exceeds 540.0
2026-05-05 16:46:06,aquanet/water/ph,7.08,OK
2026-05-05 16:46:06,aquanet/water/nitrate,0.72,OK
2026-05-05 16:46:06,aquanet/hydraulic/pressure,4.94,OK
2026-05-05 16:46:06,aquanet/hydraulic/flowrate,88.3,OK
2026-05-05 16:46:06,aquanet/alerts,ALERT E.COLI: 4500.0 CFU/100ml exceeds NPS-FM limit of 540.0 - BACTERIAL CONTAMINATION DETECTED,ALERT
2026-05-05 16:46:06,aquanet/alerts,ALERT TURBIDITY: 7.6 NTU exceeds 5.0 NTU - TREATMENT REQUIRED,ALERT
2026-05-05 16:46:06,aquanet/alerts,ALERT PRESSURE HIGH: 4.94 bar exceeds 4.0 bar - PIPE BURST RISK,ALERT
2026-05-05 16:46:16,aquanet/water/turbidity,7.1,ALERT - Turbidity 7.1 NTU exceeds 5.0
2026-05-05 16:46:16,aquanet/water/ecoli,12000.0,ALERT - E.coli 12000.0 CFU/100ml exceeds 540.0
2026-05-05 16:46:16,aquanet/water/ph,6.92,OK
2026-05-05 16:46:16,aquanet/water/nitrate,0.6,OK
2026-05-05 16:46:16,aquanet/hydraulic/pressure,4.94,OK
2026-05-05 16:46:16,aquanet/hydraulic/flowrate,90.3,OK
2026-05-05 16:46:16,aquanet/alerts,ALERT E.COLI: 12000.0 CFU/100ml exceeds NPS-FM limit of 540.0 - BACTERIAL CONTAMINATION DETECTED,ALERT
2026-05-05 16:46:16,aquanet/alerts,ALERT TURBIDITY: 7.1 NTU exceeds 5.0 NTU - TREATMENT REQUIRED,ALERT
2026-05-05 16:46:16,aquanet/alerts,ALERT PRESSURE HIGH: 4.94 bar exceeds 4.0 bar - PIPE BURST RISK,ALERT
2026-05-05 16:46:26,aquanet/water/turbidity,10.8,ALERT - Turbidity 10.8 NTU exceeds 5.0
2026-05-05 16:46:26,aquanet/water/ecoli,3500.0,ALERT - E.coli 3500.0 CFU/100ml exceeds 540.0
2026-05-05 16:46:26,aquanet/water/ph,6.93,OK
2026-05-05 16:46:26,aquanet/water/nitrate,0.48,OK
2026-05-05 16:46:26,aquanet/hydraulic/pressure,3.32,OK
2026-05-05 16:46:26,aquanet/hydraulic/flowrate,76.5,OK
2026-05-05 16:46:26,aquanet/alerts,ALERT E.COLI: 3500.0 CFU/100ml exceeds NPS-FM limit of 540.0 - BACTERIAL CONTAMINATION DETECTED,ALERT
2026-05-05 16:46:26,aquanet/alerts,ALERT TURBIDITY: 10.8 NTU exceeds 5.0 NTU - TREATMENT REQUIRED,ALERT
2026-05-05 16:46:36,aquanet/water/turbidity,9.0,ALERT - Turbidity 9.0 NTU exceeds 5.0
2026-05-05 16:46:36,aquanet/water/ecoli,3400.0,ALERT - E.coli 3400.0 CFU/100ml exceeds 540.0
2026-05-05 16:46:36,aquanet/water/ph,6.87,OK
2026-05-05 16:46:36,aquanet/water/nitrate,0.4,OK
2026-05-05 16:46:36,aquanet/hydraulic/pressure,5.43,ALERT - Pressure 5.43 bar exceeds 5.0
2026-05-05 16:46:36,aquanet/hydraulic/flowrate,81.4,OK
2026-05-05 16:46:36,aquanet/alerts,ALERT E.COLI: 3400.0 CFU/100ml exceeds NPS-FM limit of 540.0 - BACTERIAL CONTAMINATION DETECTED,ALERT
2026-05-05 16:46:36,aquanet/alerts,ALERT TURBIDITY: 9.0 NTU exceeds 5.0 NTU - TREATMENT REQUIRED,ALERT
2026-05-05 16:46:36,aquanet/alerts,ALERT PRESSURE HIGH: 5.43 bar exceeds 4.0 bar - PIPE BURST RISK,ALERT
2026-05-05 16:46:46,aquanet/water/turbidity,12.6,ALERT - Turbidity 12.6 NTU exceeds 5.0
2026-05-05 16:46:46,aquanet/water/ecoli,2300.0,ALERT - E.coli 2300.0 CFU/100ml exceeds 540.0
2026-05-05 16:46:46,aquanet/water/ph,6.9,OK
2026-05-05 16:46:46,aquanet/water/nitrate,0.36,OK
2026-05-05 16:46:46,aquanet/hydraulic/pressure,4.95,OK
2026-05-05 16:46:46,aquanet/hydraulic/flowrate,84.9,OK
2026-05-05 16:46:46,aquanet/alerts,ALERT E.COLI: 2300.0 CFU/100ml exceeds NPS-FM limit of 540.0 - BACTERIAL CONTAMINATION DETECTED,ALERT
2026-05-05 16:46:46,aquanet/alerts,ALERT TURBIDITY: 12.6 NTU exceeds 5.0 NTU - TREATMENT REQUIRED,ALERT
2026-05-05 16:46:46,aquanet/alerts,ALERT PRESSURE HIGH: 4.95 bar exceeds 4.0 bar - PIPE BURST RISK,ALERT
2026-05-05 16:46:56,aquanet/water/turbidity,33.0,ALERT - Turbidity 33.0 NTU exceeds 5.0
2026-05-05 16:46:56,aquanet/water/ecoli,1800.0,ALERT - E.coli 1800.0 CFU/100ml exceeds 540.0
2026-05-05 16:46:56,aquanet/water/ph,7.29,OK
2026-05-05 16:46:56,aquanet/water/nitrate,0.34,OK
2026-05-05 16:46:56,aquanet/hydraulic/pressure,5.34,ALERT - Pressure 5.34 bar exceeds 5.0
2026-05-05 16:46:56,aquanet/hydraulic/flowrate,94.9,OK
2026-05-05 16:46:56,aquanet/alerts,ALERT E.COLI: 1800.0 CFU/100ml exceeds NPS-FM limit of 540.0 - BACTERIAL CONTAMINATION DETECTED,ALERT
2026-05-05 16:46:56,aquanet/alerts,ALERT TURBIDITY: 33.0 NTU exceeds 5.0 NTU - TREATMENT REQUIRED,ALERT
2026-05-05 16:46:56,aquanet/alerts,ALERT PRESSURE HIGH: 5.34 bar exceeds 4.0 bar - PIPE BURST RISK,ALERT
2026-05-05 16:47:06,aquanet/water/turbidity,12.2,ALERT - Turbidity 12.2 NTU exceeds 5.0
2026-05-05 16:47:06,aquanet/water/ecoli,1300.0,ALERT - E.coli 1300.0 CFU/100ml exceeds 540.0
2026-05-05 16:47:06,aquanet/water/ph,7.04,OK
2026-05-05 16:47:06,aquanet/water/nitrate,0.3,OK
2026-05-05 16:47:06,aquanet/hydraulic/pressure,4.4,OK
2026-05-05 16:47:06,aquanet/hydraulic/flowrate,73.4,OK
2026-05-05 16:47:06,aquanet/alerts,ALERT E.COLI: 1300.0 CFU/100ml exceeds NPS-FM limit of 540.0 - BACTERIAL CONTAMINATION DETECTED,ALERT
2026-05-05 16:47:06,aquanet/alerts,ALERT TURBIDITY: 12.2 NTU exceeds 5.0 NTU - TREATMENT REQUIRED,ALERT
2026-05-05 16:47:06,aquanet/alerts,ALERT PRESSURE HIGH: 4.4 bar exceeds 4.0 bar - PIPE BURST RISK,ALERT
2026-05-05 16:47:16,aquanet/water/turbidity,28.0,ALERT - Turbidity 28.0 NTU exceeds 5.0
2026-05-05 16:47:16,aquanet/water/ecoli,3500.0,ALERT - E.coli 3500.0 CFU/100ml exceeds 540.0
2026-05-05 16:47:16,aquanet/water/ph,6.84,OK
2026-05-05 16:47:16,aquanet/water/nitrate,0.31,OK
2026-05-05 16:47:16,aquanet/hydraulic/pressure,5.65,ALERT - Pressure 5.65 bar exceeds 5.0
2026-05-05 16:47:16,aquanet/hydraulic/flowrate,99.3,OK
2026-05-05 16:47:16,aquanet/alerts,ALERT E.COLI: 3500.0 CFU/100ml exceeds NPS-FM limit of 540.0 - BACTERIAL CONTAMINATION DETECTED,ALERT
2026-05-05 16:47:16,aquanet/alerts,ALERT TURBIDITY: 28.0 NTU exceeds 5.0 NTU - TREATMENT REQUIRED,ALERT
2026-05-05 16:47:16,aquanet/alerts,ALERT PRESSURE HIGH: 5.65 bar exceeds 4.0 bar - PIPE BURST RISK,ALERT
2026-05-05 16:47:26,aquanet/water/turbidity,25.0,ALERT - Turbidity 25.0 NTU exceeds 5.0
2026-05-05 16:47:26,aquanet/water/ecoli,1800.0,ALERT - E.coli 1800.0 CFU/100ml exceeds 540.0
2026-05-05 16:47:26,aquanet/water/ph,7.09,OK
2026-05-05 16:47:26,aquanet/water/nitrate,0.31,OK
2026-05-05 16:47:26,aquanet/hydraulic/pressure,3.42,OK
2026-05-05 16:47:26,aquanet/hydraulic/flowrate,96.4,OK
2026-05-05 16:47:26,aquanet/alerts,ALERT E.COLI: 1800.0 CFU/100ml exceeds NPS-FM limit of 540.0 - BACTERIAL CONTAMINATION DETECTED,ALERT
2026-05-05 16:47:26,aquanet/alerts,ALERT TURBIDITY: 25.0 NTU exceeds 5.0 NTU - TREATMENT REQUIRED,ALERT
2026-05-05 16:47:36,aquanet/water/turbidity,13.6,ALERT - Turbidity 13.6 NTU exceeds 5.0
2026-05-05 16:47:36,aquanet/water/ecoli,500.0,OK
2026-05-05 16:47:36,aquanet/water/ph,7.06,OK
2026-05-05 16:47:36,aquanet/water/nitrate,0.24,OK
2026-05-05 16:47:36,aquanet/hydraulic/pressure,4.58,OK
2026-05-05 16:47:36,aquanet/hydraulic/flowrate,96.1,OK
2026-05-05 16:47:36,aquanet/alerts,ALERT TURBIDITY: 13.6 NTU exceeds 5.0 NTU - TREATMENT REQUIRED,ALERT
2026-05-05 16:47:36,aquanet/alerts,ALERT PRESSURE HIGH: 4.58 bar exceeds 4.0 bar - PIPE BURST RISK,ALERT
2026-05-05 16:47:46,aquanet/water/turbidity,8.1,ALERT - Turbidity 8.1 NTU exceeds 5.0
2026-05-05 16:47:46,aquanet/water/ecoli,2000.0,ALERT - E.coli 2000.0 CFU/100ml exceeds 540.0
2026-05-05 16:47:46,aquanet/water/ph,7.0,OK
2026-05-05 16:47:46,aquanet/water/nitrate,0.21,OK
2026-05-05 16:47:46,aquanet/hydraulic/pressure,5.59,ALERT - Pressure 5.59 bar exceeds 5.0
2026-05-05 16:47:46,aquanet/hydraulic/flowrate,83.5,OK
2026-05-05 16:47:46,aquanet/alerts,ALERT E.COLI: 2000.0 CFU/100ml exceeds NPS-FM limit of 540.0 - BACTERIAL CONTAMINATION DETECTED,ALERT
2026-05-05 16:47:46,aquanet/alerts,ALERT TURBIDITY: 8.1 NTU exceeds 5.0 NTU - TREATMENT REQUIRED,ALERT
2026-05-05 16:47:46,aquanet/alerts,ALERT PRESSURE HIGH: 5.59 bar exceeds 4.0 bar - PIPE BURST RISK,ALERT
2026-05-05 16:47:56,aquanet/water/turbidity,26.0,ALERT - Turbidity 26.0 NTU exceeds 5.0
2026-05-05 16:47:56,aquanet/water/ecoli,3100.0,ALERT - E.coli 3100.0 CFU/100ml exceeds 540.0
2026-05-05 16:47:56,aquanet/water/ph,7.03,OK
2026-05-05 16:47:56,aquanet/water/nitrate,0.29,OK
2026-05-05 16:47:56,aquanet/hydraulic/pressure,5.28,ALERT - Pressure 5.28 bar exceeds 5.0
2026-05-05 16:47:56,aquanet/hydraulic/flowrate,88.0,OK
2026-05-05 16:47:56,aquanet/alerts,ALERT E.COLI: 3100.0 CFU/100ml exceeds NPS-FM limit of 540.0 - BACTERIAL CONTAMINATION DETECTED,ALERT
2026-05-05 16:47:56,aquanet/alerts,ALERT TURBIDITY: 26.0 NTU exceeds 5.0 NTU - TREATMENT REQUIRED,ALERT
2026-05-05 16:47:56,aquanet/alerts,ALERT PRESSURE HIGH: 5.28 bar exceeds 4.0 bar - PIPE BURST RISK,ALERT
2026-05-05 16:48:06,aquanet/water/turbidity,25.0,ALERT - Turbidity 25.0 NTU exceeds 5.0
2026-05-05 16:48:06,aquanet/water/ecoli,840.0,ALERT - E.coli 840.0 CFU/100ml exceeds 540.0
2026-05-05 16:48:06,aquanet/water/ph,7.04,OK
2026-05-05 16:48:06,aquanet/water/nitrate,0.4,OK
2026-05-05 16:48:06,aquanet/hydraulic/pressure,5.46,ALERT - Pressure 5.46 bar exceeds 5.0
2026-05-05 16:48:06,aquanet/hydraulic/flowrate,88.4,OK
2026-05-05 16:48:06,aquanet/alerts,ALERT E.COLI: 840.0 CFU/100ml exceeds NPS-FM limit of 540.0 - BACTERIAL CONTAMINATION DETECTED,ALERT
2026-05-05 16:48:06,aquanet/alerts,ALERT TURBIDITY: 25.0 NTU exceeds 5.0 NTU - TREATMENT REQUIRED,ALERT
2026-05-05 16:48:06,aquanet/alerts,ALERT PRESSURE HIGH: 5.46 bar exceeds 4.0 bar - PIPE BURST RISK,ALERT
2026-05-05 16:48:16,aquanet/water/turbidity,7.4,ALERT - Turbidity 7.4 NTU exceeds 5.0
2026-05-05 16:48:16,aquanet/water/ecoli,530.0,OK
2026-05-05 16:48:16,aquanet/water/ph,6.96,OK
2026-05-05 16:48:16,aquanet/water/nitrate,0.38,OK
2026-05-05 16:48:16,aquanet/hydraulic/pressure,5.05,ALERT - Pressure 5.05 bar exceeds 5.0
2026-05-05 16:48:16,aquanet/hydraulic/flowrate,85.4,OK
2026-05-05 16:48:16,aquanet/alerts,ALERT TURBIDITY: 7.4 NTU exceeds 5.0 NTU - TREATMENT REQUIRED,ALERT
2026-05-05 16:48:16,aquanet/alerts,ALERT PRESSURE HIGH: 5.05 bar exceeds 4.0 bar - PIPE BURST RISK,ALERT
2026-05-05 16:48:26,aquanet/water/turbidity,6.6,ALERT - Turbidity 6.6 NTU exceeds 5.0
2026-05-05 16:48:26,aquanet/water/ecoli,14000.0,ALERT - E.coli 14000.0 CFU/100ml exceeds 540.0
2026-05-05 16:48:26,aquanet/water/ph,6.99,OK
2026-05-05 16:48:26,aquanet/water/nitrate,0.137,OK
2026-05-05 16:48:26,aquanet/hydraulic/pressure,4.7,OK
2026-05-05 16:48:26,aquanet/hydraulic/flowrate,79.6,OK
2026-05-05 16:48:26,aquanet/alerts,ALERT E.COLI: 14000.0 CFU/100ml exceeds NPS-FM limit of 540.0 - BACTERIAL CONTAMINATION DETECTED,ALERT
2026-05-05 16:48:26,aquanet/alerts,ALERT TURBIDITY: 6.6 NTU exceeds 5.0 NTU - TREATMENT REQUIRED,ALERT
2026-05-05 16:48:26,aquanet/alerts,ALERT PRESSURE HIGH: 4.7 bar exceeds 4.0 bar - PIPE BURST RISK,ALERT
2026-05-05 16:48:36,aquanet/water/turbidity,29.0,ALERT - Turbidity 29.0 NTU exceeds 5.0
2026-05-05 16:48:36,aquanet/water/ecoli,2100.0,ALERT - E.coli 2100.0 CFU/100ml exceeds 540.0
2026-05-05 16:48:36,aquanet/water/ph,6.93,OK
2026-05-05 16:48:36,aquanet/water/nitrate,0.4,OK
2026-05-05 16:48:36,aquanet/hydraulic/pressure,4.64,OK
2026-05-05 16:48:36,aquanet/hydraulic/flowrate,87.1,OK
2026-05-05 16:48:36,aquanet/alerts,ALERT E.COLI: 2100.0 CFU/100ml exceeds NPS-FM limit of 540.0 - BACTERIAL CONTAMINATION DETECTED,ALERT
2026-05-05 16:48:36,aquanet/alerts,ALERT TURBIDITY: 29.0 NTU exceeds 5.0 NTU - TREATMENT REQUIRED,ALERT
2026-05-05 16:48:36,aquanet/alerts,ALERT PRESSURE HIGH: 4.64 bar exceeds 4.0 bar - PIPE BURST RISK,ALERT
2026-05-05 16:48:46,aquanet/water/turbidity,7.6,ALERT - Turbidity 7.6 NTU exceeds 5.0
2026-05-05 16:48:46,aquanet/water/ecoli,1200.0,ALERT - E.coli 1200.0 CFU/100ml exceeds 540.0
2026-05-05 16:48:46,aquanet/water/ph,6.72,OK
2026-05-05 16:48:46,aquanet/water/nitrate,0.51,OK
2026-05-05 16:48:46,aquanet/hydraulic/pressure,5.12,ALERT - Pressure 5.12 bar exceeds 5.0
2026-05-05 16:48:46,aquanet/hydraulic/flowrate,82.1,OK
2026-05-05 16:48:46,aquanet/alerts,ALERT E.COLI: 1200.0 CFU/100ml exceeds NPS-FM limit of 540.0 - BACTERIAL CONTAMINATION DETECTED,ALERT
2026-05-05 16:48:46,aquanet/alerts,ALERT TURBIDITY: 7.6 NTU exceeds 5.0 NTU - TREATMENT REQUIRED,ALERT
2026-05-05 16:48:46,aquanet/alerts,ALERT PRESSURE HIGH: 5.12 bar exceeds 4.0 bar - PIPE BURST RISK,ALERT
2026-05-05 16:48:56,aquanet/water/turbidity,10.2,ALERT - Turbidity 10.2 NTU exceeds 5.0
2026-05-05 16:48:56,aquanet/water/ecoli,1700.0,ALERT - E.coli 1700.0 CFU/100ml exceeds 540.0
2026-05-05 16:48:56,aquanet/water/ph,6.84,OK
2026-05-05 16:48:56,aquanet/water/nitrate,0.47,OK
2026-05-05 16:48:56,aquanet/hydraulic/pressure,4.73,OK
2026-05-05 16:48:56,aquanet/hydraulic/flowrate,83.0,OK
2026-05-05 16:48:56,aquanet/alerts,ALERT E.COLI: 1700.0 CFU/100ml exceeds NPS-FM limit of 540.0 - BACTERIAL CONTAMINATION DETECTED,ALERT
2026-05-05 16:48:56,aquanet/alerts,ALERT TURBIDITY: 10.2 NTU exceeds 5.0 NTU - TREATMENT REQUIRED,ALERT
2026-05-05 16:48:56,aquanet/alerts,ALERT PRESSURE HIGH: 4.73 bar exceeds 4.0 bar - PIPE BURST RISK,ALERT
2026-05-05 16:49:06,aquanet/water/turbidity,16.1,ALERT - Turbidity 16.1 NTU exceeds 5.0
2026-05-05 16:49:06,aquanet/water/ecoli,1500.0,ALERT - E.coli 1500.0 CFU/100ml exceeds 540.0
2026-05-05 16:49:06,aquanet/water/ph,6.99,OK
2026-05-05 16:49:06,aquanet/water/nitrate,0.35,OK
2026-05-05 16:49:06,aquanet/hydraulic/pressure,5.16,ALERT - Pressure 5.16 bar exceeds 5.0
2026-05-05 16:49:06,aquanet/hydraulic/flowrate,97.4,OK
2026-05-05 16:49:06,aquanet/alerts,ALERT E.COLI: 1500.0 CFU/100ml exceeds NPS-FM limit of 540.0 - BACTERIAL CONTAMINATION DETECTED,ALERT
2026-05-05 16:49:06,aquanet/alerts,ALERT TURBIDITY: 16.1 NTU exceeds 5.0 NTU - TREATMENT REQUIRED,ALERT
2026-05-05 16:49:06,aquanet/alerts,ALERT PRESSURE HIGH: 5.16 bar exceeds 4.0 bar - PIPE BURST RISK,ALERT
2026-05-05 16:49:16,aquanet/water/turbidity,10.8,ALERT - Turbidity 10.8 NTU exceeds 5.0
2026-05-05 16:49:16,aquanet/water/ecoli,1100.0,ALERT - E.coli 1100.0 CFU/100ml exceeds 540.0
2026-05-05 16:49:16,aquanet/water/ph,6.95,OK
2026-05-05 16:49:16,aquanet/water/nitrate,0.39,OK
2026-05-05 16:49:16,aquanet/hydraulic/pressure,5.27,ALERT - Pressure 5.27 bar exceeds 5.0
2026-05-05 16:49:16,aquanet/hydraulic/flowrate,90.1,OK
2026-05-05 16:49:16,aquanet/alerts,ALERT E.COLI: 1100.0 CFU/100ml exceeds NPS-FM limit of 540.0 - BACTERIAL CONTAMINATION DETECTED,ALERT
2026-05-05 16:49:16,aquanet/alerts,ALERT TURBIDITY: 10.8 NTU exceeds 5.0 NTU - TREATMENT REQUIRED,ALERT
2026-05-05 16:49:16,aquanet/alerts,ALERT PRESSURE HIGH: 5.27 bar exceeds 4.0 bar - PIPE BURST RISK,ALERT
2026-05-05 16:49:26,aquanet/water/turbidity,11.2,ALERT - Turbidity 11.2 NTU exceeds 5.0
2026-05-05 16:49:26,aquanet/water/ecoli,240.0,OK
2026-05-05 16:49:26,aquanet/water/ph,6.9,OK
2026-05-05 16:49:26,aquanet/water/nitrate,0.34,OK
2026-05-05 16:49:26,aquanet/hydraulic/pressure,5.32,ALERT - Pressure 5.32 bar exceeds 5.0
2026-05-05 16:49:26,aquanet/hydraulic/flowrate,81.3,OK
2026-05-05 16:49:26,aquanet/alerts,ALERT TURBIDITY: 11.2 NTU exceeds 5.0 NTU - TREATMENT REQUIRED,ALERT
2026-05-05 16:49:26,aquanet/alerts,ALERT PRESSURE HIGH: 5.32 bar exceeds 4.0 bar - PIPE BURST RISK,ALERT
2026-05-05 16:49:36,aquanet/water/turbidity,11.7,ALERT - Turbidity 11.7 NTU exceeds 5.0
2026-05-05 16:49:36,aquanet/water/ecoli,20000.0,ALERT - E.coli 20000.0 CFU/100ml exceeds 540.0
2026-05-05 16:49:36,aquanet/water/ph,7.02,OK
2026-05-05 16:49:36,aquanet/water/nitrate,0.37,OK
2026-05-05 16:49:36,aquanet/hydraulic/pressure,4.77,OK
2026-05-05 16:49:36,aquanet/hydraulic/flowrate,87.3,OK
2026-05-05 16:49:36,aquanet/alerts,ALERT E.COLI: 20000.0 CFU/100ml exceeds NPS-FM limit of 540.0 - BACTERIAL CONTAMINATION DETECTED,ALERT
2026-05-05 16:49:36,aquanet/alerts,ALERT TURBIDITY: 11.7 NTU exceeds 5.0 NTU - TREATMENT REQUIRED,ALERT
2026-05-05 16:49:36,aquanet/alerts,ALERT PRESSURE HIGH: 4.77 bar exceeds 4.0 bar - PIPE BURST RISK,ALERT
2026-05-05 16:49:46,aquanet/water/turbidity,13.5,ALERT - Turbidity 13.5 NTU exceeds 5.0
2026-05-05 16:49:46,aquanet/water/ecoli,200.0,OK
2026-05-05 16:49:46,aquanet/water/ph,7.1,OK
2026-05-05 16:49:46,aquanet/water/nitrate,0.5,OK
2026-05-05 16:49:46,aquanet/hydraulic/pressure,2.93,OK
2026-05-05 16:49:46,aquanet/hydraulic/flowrate,99.3,OK
2026-05-05 16:49:46,aquanet/alerts,ALERT TURBIDITY: 13.5 NTU exceeds 5.0 NTU - TREATMENT REQUIRED,ALERT
2026-05-05 16:49:56,aquanet/water/turbidity,115.0,ALERT - Turbidity 115.0 NTU exceeds 5.0
2026-05-05 16:49:56,aquanet/water/ecoli,11000.0,ALERT - E.coli 11000.0 CFU/100ml exceeds 540.0
2026-05-05 16:49:56,aquanet/water/ph,7.04,OK
2026-05-05 16:49:56,aquanet/water/nitrate,0.57,OK
2026-05-05 16:49:56,aquanet/hydraulic/pressure,5.82,ALERT - Pressure 5.82 bar exceeds 5.0
2026-05-05 16:49:56,aquanet/hydraulic/flowrate,84.7,OK
2026-05-05 16:49:56,aquanet/alerts,ALERT E.COLI: 11000.0 CFU/100ml exceeds NPS-FM limit of 540.0 - BACTERIAL CONTAMINATION DETECTED,ALERT
2026-05-05 16:49:56,aquanet/alerts,ALERT TURBIDITY: 115.0 NTU exceeds 5.0 NTU - TREATMENT REQUIRED,ALERT
2026-05-05 16:49:56,aquanet/alerts,ALERT PRESSURE HIGH: 5.82 bar exceeds 4.0 bar - PIPE BURST RISK,ALERT
2026-05-05 16:50:06,aquanet/water/turbidity,11.2,ALERT - Turbidity 11.2 NTU exceeds 5.0
2026-05-05 16:50:06,aquanet/water/ecoli,2700.0,ALERT - E.coli 2700.0 CFU/100ml exceeds 540.0
2026-05-05 16:50:06,aquanet/water/ph,6.73,OK
2026-05-05 16:50:06,aquanet/water/nitrate,0.41,OK
2026-05-05 16:50:06,aquanet/hydraulic/pressure,5.81,ALERT - Pressure 5.81 bar exceeds 5.0
2026-05-05 16:50:06,aquanet/hydraulic/flowrate,97.0,OK
2026-05-05 16:50:06,aquanet/alerts,ALERT E.COLI: 2700.0 CFU/100ml exceeds NPS-FM limit of 540.0 - BACTERIAL CONTAMINATION DETECTED,ALERT
2026-05-05 16:50:06,aquanet/alerts,ALERT TURBIDITY: 11.2 NTU exceeds 5.0 NTU - TREATMENT REQUIRED,ALERT
2026-05-05 16:50:06,aquanet/alerts,ALERT PRESSURE HIGH: 5.81 bar exceeds 4.0 bar - PIPE BURST RISK,ALERT
2026-05-05 16:50:16,aquanet/water/turbidity,45.0,ALERT - Turbidity 45.0 NTU exceeds 5.0
2026-05-05 16:50:16,aquanet/water/ecoli,400.0,OK
2026-05-05 16:50:16,aquanet/water/ph,6.99,OK
2026-05-05 16:50:16,aquanet/water/nitrate,0.35,OK
2026-05-05 16:50:16,aquanet/hydraulic/pressure,5.16,ALERT - Pressure 5.16 bar exceeds 5.0
2026-05-05 16:50:16,aquanet/hydraulic/flowrate,99.2,OK
2026-05-05 16:50:16,aquanet/alerts,ALERT TURBIDITY: 45.0 NTU exceeds 5.0 NTU - TREATMENT REQUIRED,ALERT
2026-05-05 16:50:16,aquanet/alerts,ALERT PRESSURE HIGH: 5.16 bar exceeds 4.0 bar - PIPE BURST RISK,ALERT
2026-05-05 16:50:26,aquanet/water/turbidity,23.0,ALERT - Turbidity 23.0 NTU exceeds 5.0
2026-05-05 16:50:26,aquanet/water/ecoli,900.0,ALERT - E.coli 900.0 CFU/100ml exceeds 540.0
2026-05-05 16:50:26,aquanet/water/ph,7.31,OK
2026-05-05 16:50:26,aquanet/water/nitrate,0.44,OK
2026-05-05 16:50:26,aquanet/hydraulic/pressure,4.51,OK
2026-05-05 16:50:26,aquanet/hydraulic/flowrate,84.2,OK
2026-05-05 16:50:26,aquanet/alerts,ALERT E.COLI: 900.0 CFU/100ml exceeds NPS-FM limit of 540.0 - BACTERIAL CONTAMINATION DETECTED,ALERT
2026-05-05 16:50:26,aquanet/alerts,ALERT TURBIDITY: 23.0 NTU exceeds 5.0 NTU - TREATMENT REQUIRED,ALERT
2026-05-05 16:50:26,aquanet/alerts,ALERT PRESSURE HIGH: 4.51 bar exceeds 4.0 bar - PIPE BURST RISK,ALERT
2026-05-05 16:50:36,aquanet/water/turbidity,9.2,ALERT - Turbidity 9.2 NTU exceeds 5.0
2026-05-05 16:50:36,aquanet/water/ecoli,2100.0,ALERT - E.coli 2100.0 CFU/100ml exceeds 540.0
2026-05-05 16:50:36,aquanet/water/ph,6.99,OK
2026-05-05 16:50:36,aquanet/water/nitrate,0.41,OK
2026-05-05 16:50:36,aquanet/hydraulic/pressure,5.31,ALERT - Pressure 5.31 bar exceeds 5.0
2026-05-05 16:50:36,aquanet/hydraulic/flowrate,73.0,OK
2026-05-05 16:50:36,aquanet/alerts,ALERT E.COLI: 2100.0 CFU/100ml exceeds NPS-FM limit of 540.0 - BACTERIAL CONTAMINATION DETECTED,ALERT
2026-05-05 16:50:36,aquanet/alerts,ALERT TURBIDITY: 9.2 NTU exceeds 5.0 NTU - TREATMENT REQUIRED,ALERT
2026-05-05 16:50:36,aquanet/alerts,ALERT PRESSURE HIGH: 5.31 bar exceeds 4.0 bar - PIPE BURST RISK,ALERT
2026-05-05 16:50:46,aquanet/water/turbidity,16.2,ALERT - Turbidity 16.2 NTU exceeds 5.0
2026-05-05 16:50:46,aquanet/water/ecoli,2100.0,ALERT - E.coli 2100.0 CFU/100ml exceeds 540.0
2026-05-05 16:50:46,aquanet/water/ph,7.09,OK
2026-05-05 16:50:46,aquanet/water/nitrate,0.33,OK
2026-05-05 16:50:46,aquanet/hydraulic/pressure,4.99,OK
2026-05-05 16:50:46,aquanet/hydraulic/flowrate,71.0,OK
2026-05-05 16:50:46,aquanet/alerts,ALERT E.COLI: 2100.0 CFU/100ml exceeds NPS-FM limit of 540.0 - BACTERIAL CONTAMINATION DETECTED,ALERT
2026-05-05 16:50:46,aquanet/alerts,ALERT TURBIDITY: 16.2 NTU exceeds 5.0 NTU - TREATMENT REQUIRED,ALERT
2026-05-05 16:50:46,aquanet/alerts,ALERT PRESSURE HIGH: 4.99 bar exceeds 4.0 bar - PIPE BURST RISK,ALERT
2026-05-05 16:50:56,aquanet/water/turbidity,16.6,ALERT - Turbidity 16.6 NTU exceeds 5.0
2026-05-05 16:50:56,aquanet/water/ecoli,2100.0,ALERT - E.coli 2100.0 CFU/100ml exceeds 540.0
2026-05-05 16:50:56,aquanet/water/ph,6.94,OK
2026-05-05 16:50:56,aquanet/water/nitrate,0.38,OK
2026-05-05 16:50:56,aquanet/hydraulic/pressure,5.1,ALERT - Pressure 5.1 bar exceeds 5.0
2026-05-05 16:50:56,aquanet/hydraulic/flowrate,88.9,OK
2026-05-05 16:50:56,aquanet/alerts,ALERT E.COLI: 2100.0 CFU/100ml exceeds NPS-FM limit of 540.0 - BACTERIAL CONTAMINATION DETECTED,ALERT
2026-05-05 16:50:56,aquanet/alerts,ALERT TURBIDITY: 16.6 NTU exceeds 5.0 NTU - TREATMENT REQUIRED,ALERT
2026-05-05 16:50:56,aquanet/alerts,ALERT PRESSURE HIGH: 5.1 bar exceeds 4.0 bar - PIPE BURST RISK,ALERT
2026-05-05 16:51:06,aquanet/water/turbidity,7.0,ALERT - Turbidity 7.0 NTU exceeds 5.0
2026-05-05 16:51:06,aquanet/water/ecoli,700.0,ALERT - E.coli 700.0 CFU/100ml exceeds 540.0
2026-05-05 16:51:06,aquanet/water/ph,6.69,OK
2026-05-05 16:51:06,aquanet/water/nitrate,0.33,OK
2026-05-05 16:51:06,aquanet/hydraulic/pressure,5.54,ALERT - Pressure 5.54 bar exceeds 5.0
2026-05-05 16:51:06,aquanet/hydraulic/flowrate,94.3,OK
2026-05-05 16:51:06,aquanet/alerts,ALERT E.COLI: 700.0 CFU/100ml exceeds NPS-FM limit of 540.0 - BACTERIAL CONTAMINATION DETECTED,ALERT
2026-05-05 16:51:06,aquanet/alerts,ALERT TURBIDITY: 7.0 NTU exceeds 5.0 NTU - TREATMENT REQUIRED,ALERT
2026-05-05 16:51:06,aquanet/alerts,ALERT PRESSURE HIGH: 5.54 bar exceeds 4.0 bar - PIPE BURST RISK,ALERT
2026-05-05 16:51:16,aquanet/water/turbidity,10.8,ALERT - Turbidity 10.8 NTU exceeds 5.0
2026-05-05 16:51:16,aquanet/water/ecoli,1200.0,ALERT - E.coli 1200.0 CFU/100ml exceeds 540.0
2026-05-05 16:51:16,aquanet/water/ph,7.23,OK
2026-05-05 16:51:16,aquanet/water/nitrate,0.28,OK
2026-05-05 16:51:16,aquanet/hydraulic/pressure,5.27,ALERT - Pressure 5.27 bar exceeds 5.0
2026-05-05 16:51:16,aquanet/hydraulic/flowrate,82.7,OK
2026-05-05 16:51:16,aquanet/alerts,ALERT E.COLI: 1200.0 CFU/100ml exceeds NPS-FM limit of 540.0 - BACTERIAL CONTAMINATION DETECTED,ALERT
2026-05-05 16:51:16,aquanet/alerts,ALERT TURBIDITY: 10.8 NTU exceeds 5.0 NTU - TREATMENT REQUIRED,ALERT
2026-05-05 16:51:16,aquanet/alerts,ALERT PRESSURE HIGH: 5.27 bar exceeds 4.0 bar - PIPE BURST RISK,ALERT
2026-05-05 16:51:26,aquanet/water/turbidity,12.3,ALERT - Turbidity 12.3 NTU exceeds 5.0
2026-05-05 16:51:26,aquanet/water/ecoli,1100.0,ALERT - E.coli 1100.0 CFU/100ml exceeds 540.0
2026-05-05 16:51:26,aquanet/water/ph,7.06,OK
2026-05-05 16:51:26,aquanet/water/nitrate,0.33,OK
2026-05-05 16:51:26,aquanet/hydraulic/pressure,4.6,OK
2026-05-05 16:51:26,aquanet/hydraulic/flowrate,92.2,OK
2026-05-05 16:51:26,aquanet/alerts,ALERT E.COLI: 1100.0 CFU/100ml exceeds NPS-FM limit of 540.0 - BACTERIAL CONTAMINATION DETECTED,ALERT
2026-05-05 16:51:26,aquanet/alerts,ALERT TURBIDITY: 12.3 NTU exceeds 5.0 NTU - TREATMENT REQUIRED,ALERT
2026-05-05 16:51:26,aquanet/alerts,ALERT PRESSURE HIGH: 4.6 bar exceeds 4.0 bar - PIPE BURST RISK,ALERT
2026-05-05 16:51:36,aquanet/water/turbidity,13.2,ALERT - Turbidity 13.2 NTU exceeds 5.0
2026-05-05 16:51:36,aquanet/water/ecoli,1100.0,ALERT - E.coli 1100.0 CFU/100ml exceeds 540.0
2026-05-05 16:51:36,aquanet/water/ph,7.16,OK
2026-05-05 16:51:36,aquanet/water/nitrate,0.27,OK
2026-05-05 16:51:36,aquanet/hydraulic/pressure,3.33,OK
2026-05-05 16:51:36,aquanet/hydraulic/flowrate,97.2,OK
2026-05-05 16:51:36,aquanet/alerts,ALERT E.COLI: 1100.0 CFU/100ml exceeds NPS-FM limit of 540.0 - BACTERIAL CONTAMINATION DETECTED,ALERT
2026-05-05 16:51:36,aquanet/alerts,ALERT TURBIDITY: 13.2 NTU exceeds 5.0 NTU - TREATMENT REQUIRED,ALERT
2026-05-05 16:51:46,aquanet/water/turbidity,9.6,ALERT - Turbidity 9.6 NTU exceeds 5.0
2026-05-05 16:51:46,aquanet/water/ecoli,2200.0,ALERT - E.coli 2200.0 CFU/100ml exceeds 540.0
2026-05-05 16:51:46,aquanet/water/ph,7.27,OK
2026-05-05 16:51:46,aquanet/water/nitrate,0.3,OK
2026-05-05 16:51:46,aquanet/hydraulic/pressure,5.84,ALERT - Pressure 5.84 bar exceeds 5.0
2026-05-05 16:51:46,aquanet/hydraulic/flowrate,72.7,OK
2026-05-05 16:51:46,aquanet/alerts,ALERT E.COLI: 2200.0 CFU/100ml exceeds NPS-FM limit of 540.0 - BACTERIAL CONTAMINATION DETECTED,ALERT
2026-05-05 16:51:46,aquanet/alerts,ALERT TURBIDITY: 9.6 NTU exceeds 5.0 NTU - TREATMENT REQUIRED,ALERT
2026-05-05 16:51:46,aquanet/alerts,ALERT PRESSURE HIGH: 5.84 bar exceeds 4.0 bar - PIPE BURST RISK,ALERT
2026-05-05 16:51:56,aquanet/water/turbidity,13.6,ALERT - Turbidity 13.6 NTU exceeds 5.0
2026-05-05 16:51:56,aquanet/water/ecoli,1800.0,ALERT - E.coli 1800.0 CFU/100ml exceeds 540.0
2026-05-05 16:51:56,aquanet/water/ph,6.91,OK
2026-05-05 16:51:56,aquanet/water/nitrate,0.4,OK
2026-05-05 16:51:56,aquanet/hydraulic/pressure,4.65,OK
2026-05-05 16:51:56,aquanet/hydraulic/flowrate,78.2,OK
2026-05-05 16:51:56,aquanet/alerts,ALERT E.COLI: 1800.0 CFU/100ml exceeds NPS-FM limit of 540.0 - BACTERIAL CONTAMINATION DETECTED,ALERT
2026-05-05 16:51:56,aquanet/alerts,ALERT TURBIDITY: 13.6 NTU exceeds 5.0 NTU - TREATMENT REQUIRED,ALERT
2026-05-05 16:51:56,aquanet/alerts,ALERT PRESSURE HIGH: 4.65 bar exceeds 4.0 bar - PIPE BURST RISK,ALERT
2026-05-05 16:52:06,aquanet/water/turbidity,7.3,ALERT - Turbidity 7.3 NTU exceeds 5.0
2026-05-05 16:52:06,aquanet/water/ecoli,600.0,ALERT - E.coli 600.0 CFU/100ml exceeds 540.0
2026-05-05 16:52:06,aquanet/water/ph,7.01,OK
2026-05-05 16:52:06,aquanet/water/nitrate,0.34,OK
2026-05-05 16:52:06,aquanet/hydraulic/pressure,4.77,OK
2026-05-05 16:52:06,aquanet/hydraulic/flowrate,71.9,OK
2026-05-05 16:52:06,aquanet/alerts,ALERT E.COLI: 600.0 CFU/100ml exceeds NPS-FM limit of 540.0 - BACTERIAL CONTAMINATION DETECTED,ALERT
2026-05-05 16:52:06,aquanet/alerts,ALERT TURBIDITY: 7.3 NTU exceeds 5.0 NTU - TREATMENT REQUIRED,ALERT
2026-05-05 16:52:06,aquanet/alerts,ALERT PRESSURE HIGH: 4.77 bar exceeds 4.0 bar - PIPE BURST RISK,ALERT
2026-05-05 16:52:16,aquanet/water/turbidity,7.4,ALERT - Turbidity 7.4 NTU exceeds 5.0
2026-05-05 16:52:16,aquanet/water/ecoli,3000.0,ALERT - E.coli 3000.0 CFU/100ml exceeds 540.0
2026-05-05 16:52:16,aquanet/water/ph,7.1,OK
2026-05-05 16:52:16,aquanet/water/nitrate,0.45,OK
2026-05-05 16:52:16,aquanet/hydraulic/pressure,5.41,ALERT - Pressure 5.41 bar exceeds 5.0
2026-05-05 16:52:16,aquanet/hydraulic/flowrate,80.9,OK
2026-05-05 16:52:16,aquanet/alerts,ALERT E.COLI: 3000.0 CFU/100ml exceeds NPS-FM limit of 540.0 - BACTERIAL CONTAMINATION DETECTED,ALERT
2026-05-05 16:52:16,aquanet/alerts,ALERT TURBIDITY: 7.4 NTU exceeds 5.0 NTU - TREATMENT REQUIRED,ALERT
2026-05-05 16:52:16,aquanet/alerts,ALERT PRESSURE HIGH: 5.41 bar exceeds 4.0 bar - PIPE BURST RISK,ALERT
2026-05-05 16:52:26,aquanet/water/turbidity,9.9,ALERT - Turbidity 9.9 NTU exceeds 5.0
2026-05-05 16:52:26,aquanet/water/ecoli,730.0,ALERT - E.coli 730.0 CFU/100ml exceeds 540.0
2026-05-05 16:52:26,aquanet/water/ph,7.13,OK
2026-05-05 16:52:26,aquanet/water/nitrate,0.43,OK
2026-05-05 16:52:26,aquanet/hydraulic/pressure,3.43,OK
2026-05-05 16:52:26,aquanet/hydraulic/flowrate,83.3,OK
2026-05-05 16:52:26,aquanet/alerts,ALERT E.COLI: 730.0 CFU/100ml exceeds NPS-FM limit of 540.0 - BACTERIAL CONTAMINATION DETECTED,ALERT
2026-05-05 16:52:26,aquanet/alerts,ALERT TURBIDITY: 9.9 NTU exceeds 5.0 NTU - TREATMENT REQUIRED,ALERT
2026-05-05 16:52:36,aquanet/water/turbidity,9.6,ALERT - Turbidity 9.6 NTU exceeds 5.0
2026-05-05 16:52:36,aquanet/water/ecoli,1500.0,ALERT - E.coli 1500.0 CFU/100ml exceeds 540.0
2026-05-05 16:52:36,aquanet/water/ph,7.02,OK
2026-05-05 16:52:36,aquanet/water/nitrate,0.54,OK
2026-05-05 16:52:36,aquanet/hydraulic/pressure,5.26,ALERT - Pressure 5.26 bar exceeds 5.0
2026-05-05 16:52:36,aquanet/hydraulic/flowrate,73.1,OK
2026-05-05 16:52:36,aquanet/alerts,ALERT E.COLI: 1500.0 CFU/100ml exceeds NPS-FM limit of 540.0 - BACTERIAL CONTAMINATION DETECTED,ALERT
2026-05-05 16:52:36,aquanet/alerts,ALERT TURBIDITY: 9.6 NTU exceeds 5.0 NTU - TREATMENT REQUIRED,ALERT
2026-05-05 16:52:36,aquanet/alerts,ALERT PRESSURE HIGH: 5.26 bar exceeds 4.0 bar - PIPE BURST RISK,ALERT
2026-05-05 16:52:46,aquanet/water/turbidity,8.2,ALERT - Turbidity 8.2 NTU exceeds 5.0
2026-05-05 16:52:46,aquanet/water/ecoli,26000.0,ALERT - E.coli 26000.0 CFU/100ml exceeds 540.0
2026-05-05 16:52:46,aquanet/water/ph,7.01,OK
2026-05-05 16:52:46,aquanet/water/nitrate,0.42,OK
2026-05-05 16:52:46,aquanet/hydraulic/pressure,5.11,ALERT - Pressure 5.11 bar exceeds 5.0
2026-05-05 16:52:46,aquanet/hydraulic/flowrate,95.5,OK
2026-05-05 16:52:46,aquanet/alerts,ALERT E.COLI: 26000.0 CFU/100ml exceeds NPS-FM limit of 540.0 - BACTERIAL CONTAMINATION DETECTED,ALERT
2026-05-05 16:52:46,aquanet/alerts,ALERT TURBIDITY: 8.2 NTU exceeds 5.0 NTU - TREATMENT REQUIRED,ALERT
2026-05-05 16:52:46,aquanet/alerts,ALERT PRESSURE HIGH: 5.11 bar exceeds 4.0 bar - PIPE BURST RISK,ALERT
2026-05-05 16:52:56,aquanet/water/turbidity,15.8,ALERT - Turbidity 15.8 NTU exceeds 5.0
2026-05-05 16:52:56,aquanet/water/ecoli,11000.0,ALERT - E.coli 11000.0 CFU/100ml exceeds 540.0
2026-05-05 16:52:56,aquanet/water/ph,6.64,OK
2026-05-05 16:52:56,aquanet/water/nitrate,0.33,OK
2026-05-05 16:52:56,aquanet/hydraulic/pressure,2.99,OK
2026-05-05 16:52:56,aquanet/hydraulic/flowrate,80.5,OK
2026-05-05 16:52:56,aquanet/alerts,ALERT E.COLI: 11000.0 CFU/100ml exceeds NPS-FM limit of 540.0 - BACTERIAL CONTAMINATION DETECTED,ALERT
2026-05-05 16:52:56,aquanet/alerts,ALERT TURBIDITY: 15.8 NTU exceeds 5.0 NTU - TREATMENT REQUIRED,ALERT
2026-05-05 16:53:06,aquanet/water/turbidity,17.9,ALERT - Turbidity 17.9 NTU exceeds 5.0
2026-05-05 16:53:06,aquanet/water/ecoli,2600.0,ALERT - E.coli 2600.0 CFU/100ml exceeds 540.0
2026-05-05 16:53:06,aquanet/water/ph,6.8,OK
2026-05-05 16:53:06,aquanet/water/nitrate,0.3,OK
2026-05-05 16:53:06,aquanet/hydraulic/pressure,4.92,OK
2026-05-05 16:53:06,aquanet/hydraulic/flowrate,79.9,OK
2026-05-05 16:53:06,aquanet/alerts,ALERT E.COLI: 2600.0 CFU/100ml exceeds NPS-FM limit of 540.0 - BACTERIAL CONTAMINATION DETECTED,ALERT
2026-05-05 16:53:06,aquanet/alerts,ALERT TURBIDITY: 17.9 NTU exceeds 5.0 NTU - TREATMENT REQUIRED,ALERT
2026-05-05 16:53:06,aquanet/alerts,ALERT PRESSURE HIGH: 4.92 bar exceeds 4.0 bar - PIPE BURST RISK,ALERT
2026-05-05 16:53:16,aquanet/water/turbidity,19.3,ALERT - Turbidity 19.3 NTU exceeds 5.0
2026-05-05 16:53:16,aquanet/water/ecoli,2200.0,ALERT - E.coli 2200.0 CFU/100ml exceeds 540.0
2026-05-05 16:53:16,aquanet/water/ph,6.7,OK
2026-05-05 16:53:16,aquanet/water/nitrate,0.26,OK
2026-05-05 16:53:16,aquanet/hydraulic/pressure,5.28,ALERT - Pressure 5.28 bar exceeds 5.0
2026-05-05 16:53:16,aquanet/hydraulic/flowrate,85.7,OK
2026-05-05 16:53:16,aquanet/alerts,ALERT E.COLI: 2200.0 CFU/100ml exceeds NPS-FM limit of 540.0 - BACTERIAL CONTAMINATION DETECTED,ALERT
2026-05-05 16:53:16,aquanet/alerts,ALERT TURBIDITY: 19.3 NTU exceeds 5.0 NTU - TREATMENT REQUIRED,ALERT
2026-05-05 16:53:16,aquanet/alerts,ALERT PRESSURE HIGH: 5.28 bar exceeds 4.0 bar - PIPE BURST RISK,ALERT
2026-05-05 16:53:26,aquanet/water/turbidity,19.5,ALERT - Turbidity 19.5 NTU exceeds 5.0
2026-05-05 16:53:26,aquanet/water/ecoli,7600.0,ALERT - E.coli 7600.0 CFU/100ml exceeds 540.0
2026-05-05 16:53:26,aquanet/water/ph,7.0,OK
2026-05-05 16:53:26,aquanet/water/nitrate,0.31,OK
2026-05-05 16:53:26,aquanet/hydraulic/pressure,5.5,ALERT - Pressure 5.5 bar exceeds 5.0
2026-05-05 16:53:26,aquanet/hydraulic/flowrate,93.0,OK
2026-05-05 16:53:26,aquanet/alerts,ALERT E.COLI: 7600.0 CFU/100ml exceeds NPS-FM limit of 540.0 - BACTERIAL CONTAMINATION DETECTED,ALERT
2026-05-05 16:53:26,aquanet/alerts,ALERT TURBIDITY: 19.5 NTU exceeds 5.0 NTU - TREATMENT REQUIRED,ALERT
2026-05-05 16:53:26,aquanet/alerts,ALERT PRESSURE HIGH: 5.5 bar exceeds 4.0 bar - PIPE BURST RISK,ALERT
2026-05-05 16:53:36,aquanet/water/turbidity,10.8,ALERT - Turbidity 10.8 NTU exceeds 5.0
2026-05-05 16:53:36,aquanet/water/ecoli,1100.0,ALERT - E.coli 1100.0 CFU/100ml exceeds 540.0
2026-05-05 16:53:36,aquanet/water/ph,6.86,OK
2026-05-05 16:53:36,aquanet/water/nitrate,0.118,OK
2026-05-05 16:53:36,aquanet/hydraulic/pressure,4.79,OK
2026-05-05 16:53:36,aquanet/hydraulic/flowrate,87.6,OK
2026-05-05 16:53:36,aquanet/alerts,ALERT E.COLI: 1100.0 CFU/100ml exceeds NPS-FM limit of 540.0 - BACTERIAL CONTAMINATION DETECTED,ALERT
2026-05-05 16:53:36,aquanet/alerts,ALERT TURBIDITY: 10.8 NTU exceeds 5.0 NTU - TREATMENT REQUIRED,ALERT
2026-05-05 16:53:36,aquanet/alerts,ALERT PRESSURE HIGH: 4.79 bar exceeds 4.0 bar - PIPE BURST RISK,ALERT
2026-05-05 16:53:46,aquanet/water/turbidity,36.6,ALERT - Turbidity 36.6 NTU exceeds 5.0
2026-05-05 16:53:46,aquanet/water/ecoli,1200.0,ALERT - E.coli 1200.0 CFU/100ml exceeds 540.0
2026-05-05 16:53:46,aquanet/water/ph,6.62,OK
2026-05-05 16:53:46,aquanet/water/nitrate,0.137,OK
2026-05-05 16:53:46,aquanet/hydraulic/pressure,4.49,OK
2026-05-05 16:53:46,aquanet/hydraulic/flowrate,75.9,OK
2026-05-05 16:53:46,aquanet/alerts,ALERT E.COLI: 1200.0 CFU/100ml exceeds NPS-FM limit of 540.0 - BACTERIAL CONTAMINATION DETECTED,ALERT
2026-05-05 16:53:46,aquanet/alerts,ALERT TURBIDITY: 36.6 NTU exceeds 5.0 NTU - TREATMENT REQUIRED,ALERT
2026-05-05 16:53:46,aquanet/alerts,ALERT PRESSURE HIGH: 4.49 bar exceeds 4.0 bar - PIPE BURST RISK,ALERT
2026-05-05 16:53:56,aquanet/water/turbidity,12.0,ALERT - Turbidity 12.0 NTU exceeds 5.0
2026-05-05 16:53:56,aquanet/water/ecoli,510.0,OK
2026-05-05 16:53:56,aquanet/water/ph,6.91,OK
2026-05-05 16:53:56,aquanet/water/nitrate,0.108,OK
2026-05-05 16:53:56,aquanet/hydraulic/pressure,5.51,ALERT - Pressure 5.51 bar exceeds 5.0
2026-05-05 16:53:56,aquanet/hydraulic/flowrate,93.3,OK
2026-05-05 16:53:56,aquanet/alerts,ALERT TURBIDITY: 12.0 NTU exceeds 5.0 NTU - TREATMENT REQUIRED,ALERT
2026-05-05 16:53:56,aquanet/alerts,ALERT PRESSURE HIGH: 5.51 bar exceeds 4.0 bar - PIPE BURST RISK,ALERT
2026-05-05 16:54:06,aquanet/water/turbidity,39.0,ALERT - Turbidity 39.0 NTU exceeds 5.0
2026-05-05 16:54:06,aquanet/water/ecoli,870.0,ALERT - E.coli 870.0 CFU/100ml exceeds 540.0
2026-05-05 16:54:06,aquanet/water/ph,6.86,OK
2026-05-05 16:54:06,aquanet/water/nitrate,0.121,OK
2026-05-05 16:54:06,aquanet/hydraulic/pressure,5.73,ALERT - Pressure 5.73 bar exceeds 5.0
2026-05-05 16:54:06,aquanet/hydraulic/flowrate,88.4,OK
2026-05-05 16:54:06,aquanet/alerts,ALERT E.COLI: 870.0 CFU/100ml exceeds NPS-FM limit of 540.0 - BACTERIAL CONTAMINATION DETECTED,ALERT
2026-05-05 16:54:06,aquanet/alerts,ALERT TURBIDITY: 39.0 NTU exceeds 5.0 NTU - TREATMENT REQUIRED,ALERT
2026-05-05 16:54:06,aquanet/alerts,ALERT PRESSURE HIGH: 5.73 bar exceeds 4.0 bar - PIPE BURST RISK,ALERT
2026-05-05 16:54:16,aquanet/water/turbidity,30.0,ALERT - Turbidity 30.0 NTU exceeds 5.0
2026-05-05 16:54:16,aquanet/water/ecoli,1200.0,ALERT - E.coli 1200.0 CFU/100ml exceeds 540.0
2026-05-05 16:54:16,aquanet/water/ph,6.7,OK
2026-05-05 16:54:16,aquanet/water/nitrate,0.9,OK
2026-05-05 16:54:16,aquanet/hydraulic/pressure,3.09,OK
2026-05-05 16:54:16,aquanet/hydraulic/flowrate,76.5,OK
2026-05-05 16:54:16,aquanet/alerts,ALERT E.COLI: 1200.0 CFU/100ml exceeds NPS-FM limit of 540.0 - BACTERIAL CONTAMINATION DETECTED,ALERT
2026-05-05 16:54:16,aquanet/alerts,ALERT TURBIDITY: 30.0 NTU exceeds 5.0 NTU - TREATMENT REQUIRED,ALERT
2026-05-05 16:54:26,aquanet/water/turbidity,11.0,ALERT - Turbidity 11.0 NTU exceeds 5.0
2026-05-05 16:54:26,aquanet/water/ecoli,610.0,ALERT - E.coli 610.0 CFU/100ml exceeds 540.0
2026-05-05 16:54:26,aquanet/water/ph,6.8,OK
2026-05-05 16:54:26,aquanet/water/nitrate,1.04,OK
2026-05-05 16:54:26,aquanet/hydraulic/pressure,5.15,ALERT - Pressure 5.15 bar exceeds 5.0
2026-05-05 16:54:26,aquanet/hydraulic/flowrate,71.9,OK
2026-05-05 16:54:26,aquanet/alerts,ALERT E.COLI: 610.0 CFU/100ml exceeds NPS-FM limit of 540.0 - BACTERIAL CONTAMINATION DETECTED,ALERT
2026-05-05 16:54:26,aquanet/alerts,ALERT TURBIDITY: 11.0 NTU exceeds 5.0 NTU - TREATMENT REQUIRED,ALERT
2026-05-05 16:54:26,aquanet/alerts,ALERT PRESSURE HIGH: 5.15 bar exceeds 4.0 bar - PIPE BURST RISK,ALERT
2026-05-05 16:54:36,aquanet/water/turbidity,16.0,ALERT - Turbidity 16.0 NTU exceeds 5.0
2026-05-05 16:54:36,aquanet/water/ecoli,7300.0,ALERT - E.coli 7300.0 CFU/100ml exceeds 540.0
2026-05-05 16:54:36,aquanet/water/ph,6.8,OK
2026-05-05 16:54:36,aquanet/water/nitrate,0.49,OK
2026-05-05 16:54:36,aquanet/hydraulic/pressure,3.56,OK
2026-05-05 16:54:36,aquanet/hydraulic/flowrate,81.4,OK
2026-05-05 16:54:36,aquanet/alerts,ALERT E.COLI: 7300.0 CFU/100ml exceeds NPS-FM limit of 540.0 - BACTERIAL CONTAMINATION DETECTED,ALERT
2026-05-05 16:54:36,aquanet/alerts,ALERT TURBIDITY: 16.0 NTU exceeds 5.0 NTU - TREATMENT REQUIRED,ALERT
2026-05-05 16:54:46,aquanet/water/turbidity,12.0,ALERT - Turbidity 12.0 NTU exceeds 5.0
2026-05-05 16:54:46,aquanet/water/ecoli,2000.0,ALERT - E.coli 2000.0 CFU/100ml exceeds 540.0
2026-05-05 16:54:46,aquanet/water/ph,6.73,OK
2026-05-05 16:54:46,aquanet/water/nitrate,0.28,OK
2026-05-05 16:54:46,aquanet/hydraulic/pressure,5.27,ALERT - Pressure 5.27 bar exceeds 5.0
2026-05-05 16:54:46,aquanet/hydraulic/flowrate,75.5,OK
2026-05-05 16:54:46,aquanet/alerts,ALERT E.COLI: 2000.0 CFU/100ml exceeds NPS-FM limit of 540.0 - BACTERIAL CONTAMINATION DETECTED,ALERT
2026-05-05 16:54:46,aquanet/alerts,ALERT TURBIDITY: 12.0 NTU exceeds 5.0 NTU - TREATMENT REQUIRED,ALERT
2026-05-05 16:54:46,aquanet/alerts,ALERT PRESSURE HIGH: 5.27 bar exceeds 4.0 bar - PIPE BURST RISK,ALERT
2026-05-05 16:54:56,aquanet/water/turbidity,18.0,ALERT - Turbidity 18.0 NTU exceeds 5.0
2026-05-05 16:54:56,aquanet/water/ecoli,2700.0,ALERT - E.coli 2700.0 CFU/100ml exceeds 540.0
2026-05-05 16:54:56,aquanet/water/ph,6.53,OK
2026-05-05 16:54:56,aquanet/water/nitrate,0.32,OK
2026-05-05 16:54:56,aquanet/hydraulic/pressure,4.71,OK
2026-05-05 16:54:56,aquanet/hydraulic/flowrate,73.2,OK
2026-05-05 16:54:56,aquanet/alerts,ALERT E.COLI: 2700.0 CFU/100ml exceeds NPS-FM limit of 540.0 - BACTERIAL CONTAMINATION DETECTED,ALERT
2026-05-05 16:54:56,aquanet/alerts,ALERT TURBIDITY: 18.0 NTU exceeds 5.0 NTU - TREATMENT REQUIRED,ALERT
2026-05-05 16:54:56,aquanet/alerts,ALERT PRESSURE HIGH: 4.71 bar exceeds 4.0 bar - PIPE BURST RISK,ALERT
2026-05-05 16:55:06,aquanet/water/turbidity,14.0,ALERT - Turbidity 14.0 NTU exceeds 5.0
2026-05-05 16:55:06,aquanet/water/ecoli,3500.0,ALERT - E.coli 3500.0 CFU/100ml exceeds 540.0
2026-05-05 16:55:06,aquanet/water/ph,7.01,OK
2026-05-05 16:55:06,aquanet/water/nitrate,0.53,OK
2026-05-05 16:55:06,aquanet/hydraulic/pressure,2.93,OK
2026-05-05 16:55:06,aquanet/hydraulic/flowrate,91.8,OK
2026-05-05 16:55:06,aquanet/alerts,ALERT E.COLI: 3500.0 CFU/100ml exceeds NPS-FM limit of 540.0 - BACTERIAL CONTAMINATION DETECTED,ALERT
2026-05-05 16:55:06,aquanet/alerts,ALERT TURBIDITY: 14.0 NTU exceeds 5.0 NTU - TREATMENT REQUIRED,ALERT
2026-05-05 16:55:16,aquanet/water/turbidity,20.0,ALERT - Turbidity 20.0 NTU exceeds 5.0
2026-05-05 16:55:16,aquanet/water/ecoli,9700.0,ALERT - E.coli 9700.0 CFU/100ml exceeds 540.0
2026-05-05 16:55:16,aquanet/water/ph,6.93,OK
2026-05-05 16:55:16,aquanet/water/nitrate,0.2,OK
2026-05-05 16:55:16,aquanet/hydraulic/pressure,5.37,ALERT - Pressure 5.37 bar exceeds 5.0
2026-05-05 16:55:16,aquanet/hydraulic/flowrate,92.8,OK
2026-05-05 16:55:16,aquanet/alerts,ALERT E.COLI: 9700.0 CFU/100ml exceeds NPS-FM limit of 540.0 - BACTERIAL CONTAMINATION DETECTED,ALERT
2026-05-05 16:55:16,aquanet/alerts,ALERT TURBIDITY: 20.0 NTU exceeds 5.0 NTU - TREATMENT REQUIRED,ALERT
2026-05-05 16:55:16,aquanet/alerts,ALERT PRESSURE HIGH: 5.37 bar exceeds 4.0 bar - PIPE BURST RISK,ALERT
2026-05-05 16:55:26,aquanet/water/turbidity,18.0,ALERT - Turbidity 18.0 NTU exceeds 5.0
2026-05-05 16:55:26,aquanet/water/ecoli,680.0,ALERT - E.coli 680.0 CFU/100ml exceeds 540.0
2026-05-05 16:55:26,aquanet/water/ph,6.74,OK
2026-05-05 16:55:26,aquanet/water/nitrate,0.21,OK
2026-05-05 16:55:26,aquanet/hydraulic/pressure,5.49,ALERT - Pressure 5.49 bar exceeds 5.0
2026-05-05 16:55:26,aquanet/hydraulic/flowrate,85.4,OK
2026-05-05 16:55:26,aquanet/alerts,ALERT E.COLI: 680.0 CFU/100ml exceeds NPS-FM limit of 540.0 - BACTERIAL CONTAMINATION DETECTED,ALERT
2026-05-05 16:55:26,aquanet/alerts,ALERT TURBIDITY: 18.0 NTU exceeds 5.0 NTU - TREATMENT REQUIRED,ALERT
2026-05-05 16:55:26,aquanet/alerts,ALERT PRESSURE HIGH: 5.49 bar exceeds 4.0 bar - PIPE BURST RISK,ALERT
2026-05-05 16:55:36,aquanet/water/turbidity,27.0,ALERT - Turbidity 27.0 NTU exceeds 5.0
2026-05-05 16:55:36,aquanet/water/ecoli,840.0,ALERT - E.coli 840.0 CFU/100ml exceeds 540.0
2026-05-05 16:55:36,aquanet/water/ph,7.09,OK
2026-05-05 16:55:36,aquanet/water/nitrate,0.179,OK
2026-05-05 16:55:36,aquanet/hydraulic/pressure,5.89,ALERT - Pressure 5.89 bar exceeds 5.0
2026-05-05 16:55:36,aquanet/hydraulic/flowrate,82.8,OK
2026-05-05 16:55:36,aquanet/alerts,ALERT E.COLI: 840.0 CFU/100ml exceeds NPS-FM limit of 540.0 - BACTERIAL CONTAMINATION DETECTED,ALERT
2026-05-05 16:55:36,aquanet/alerts,ALERT TURBIDITY: 27.0 NTU exceeds 5.0 NTU - TREATMENT REQUIRED,ALERT
2026-05-05 16:55:36,aquanet/alerts,ALERT PRESSURE HIGH: 5.89 bar exceeds 4.0 bar - PIPE BURST RISK,ALERT
2026-05-05 16:55:46,aquanet/water/turbidity,11.0,ALERT - Turbidity 11.0 NTU exceeds 5.0
2026-05-05 16:55:46,aquanet/water/ecoli,800.0,ALERT - E.coli 800.0 CFU/100ml exceeds 540.0
2026-05-05 16:55:46,aquanet/water/ph,7.08,OK
2026-05-05 16:55:46,aquanet/water/nitrate,0.22,OK
2026-05-05 16:55:46,aquanet/hydraulic/pressure,2.92,OK
2026-05-05 16:55:46,aquanet/hydraulic/flowrate,85.9,OK
2026-05-05 16:55:46,aquanet/alerts,ALERT E.COLI: 800.0 CFU/100ml exceeds NPS-FM limit of 540.0 - BACTERIAL CONTAMINATION DETECTED,ALERT
2026-05-05 16:55:46,aquanet/alerts,ALERT TURBIDITY: 11.0 NTU exceeds 5.0 NTU - TREATMENT REQUIRED,ALERT
2026-05-05 16:55:56,aquanet/water/turbidity,10.0,ALERT - Turbidity 10.0 NTU exceeds 5.0
2026-05-05 16:55:56,aquanet/water/ecoli,7400.0,ALERT - E.coli 7400.0 CFU/100ml exceeds 540.0
2026-05-05 16:55:56,aquanet/water/ph,6.61,OK
2026-05-05 16:55:56,aquanet/water/nitrate,0.094,OK
2026-05-05 16:55:56,aquanet/hydraulic/pressure,4.66,OK
2026-05-05 16:55:56,aquanet/hydraulic/flowrate,73.0,OK
2026-05-05 16:55:56,aquanet/alerts,ALERT E.COLI: 7400.0 CFU/100ml exceeds NPS-FM limit of 540.0 - BACTERIAL CONTAMINATION DETECTED,ALERT
2026-05-05 16:55:56,aquanet/alerts,ALERT TURBIDITY: 10.0 NTU exceeds 5.0 NTU - TREATMENT REQUIRED,ALERT
2026-05-05 16:55:56,aquanet/alerts,ALERT PRESSURE HIGH: 4.66 bar exceeds 4.0 bar - PIPE BURST RISK,ALERT
2026-05-05 16:56:06,aquanet/water/turbidity,13.0,ALERT - Turbidity 13.0 NTU exceeds 5.0
2026-05-05 16:56:06,aquanet/water/ecoli,3500.0,ALERT - E.coli 3500.0 CFU/100ml exceeds 540.0
2026-05-05 16:56:06,aquanet/water/ph,6.47,ALERT - pH 6.47 below minimum 6.5
2026-05-05 16:56:06,aquanet/water/nitrate,0.48,OK
2026-05-05 16:56:06,aquanet/hydraulic/pressure,5.25,ALERT - Pressure 5.25 bar exceeds 5.0
2026-05-05 16:56:06,aquanet/hydraulic/flowrate,71.2,OK
2026-05-05 16:56:06,aquanet/alerts,ALERT E.COLI: 3500.0 CFU/100ml exceeds NPS-FM limit of 540.0 - BACTERIAL CONTAMINATION DETECTED,ALERT
2026-05-05 16:56:06,aquanet/alerts,ALERT TURBIDITY: 13.0 NTU exceeds 5.0 NTU - TREATMENT REQUIRED,ALERT
2026-05-05 16:56:06,aquanet/alerts,ALERT pH LOW: 6.47 - CORROSION RISK - below 6.5,ALERT
2026-05-05 16:56:06,aquanet/alerts,ALERT PRESSURE HIGH: 5.25 bar exceeds 4.0 bar - PIPE BURST RISK,ALERT
2026-05-05 16:56:16,aquanet/water/turbidity,40.0,ALERT - Turbidity 40.0 NTU exceeds 5.0
2026-05-05 16:56:16,aquanet/water/ecoli,12000.0,ALERT - E.coli 12000.0 CFU/100ml exceeds 540.0
2026-05-05 16:56:16,aquanet/water/ph,6.42,ALERT - pH 6.42 below minimum 6.5
2026-05-05 16:56:16,aquanet/water/nitrate,0.28,OK
2026-05-05 16:56:16,aquanet/hydraulic/pressure,3.13,OK
2026-05-05 16:56:16,aquanet/hydraulic/flowrate,80.3,OK
2026-05-05 16:56:16,aquanet/alerts,ALERT E.COLI: 12000.0 CFU/100ml exceeds NPS-FM limit of 540.0 - BACTERIAL CONTAMINATION DETECTED,ALERT
2026-05-05 16:56:16,aquanet/alerts,ALERT TURBIDITY: 40.0 NTU exceeds 5.0 NTU - TREATMENT REQUIRED,ALERT
2026-05-05 16:56:16,aquanet/alerts,ALERT pH LOW: 6.42 - CORROSION RISK - below 6.5,ALERT
2026-05-05 16:56:26,aquanet/water/turbidity,15.0,ALERT - Turbidity 15.0 NTU exceeds 5.0
2026-05-05 16:56:27,aquanet/water/ecoli,11000.0,ALERT - E.coli 11000.0 CFU/100ml exceeds 540.0
2026-05-05 16:56:27,aquanet/water/ph,6.63,OK
2026-05-05 16:56:27,aquanet/water/nitrate,0.58,OK
2026-05-05 16:56:27,aquanet/hydraulic/pressure,5.28,ALERT - Pressure 5.28 bar exceeds 5.0
2026-05-05 16:56:27,aquanet/hydraulic/flowrate,81.5,OK
2026-05-05 16:56:27,aquanet/alerts,ALERT E.COLI: 11000.0 CFU/100ml exceeds NPS-FM limit of 540.0 - BACTERIAL CONTAMINATION DETECTED,ALERT
2026-05-05 16:56:27,aquanet/alerts,ALERT TURBIDITY: 15.0 NTU exceeds 5.0 NTU - TREATMENT REQUIRED,ALERT
2026-05-05 16:56:27,aquanet/alerts,ALERT PRESSURE HIGH: 5.28 bar exceeds 4.0 bar - PIPE BURST RISK,ALERT
2026-05-05 16:56:37,aquanet/water/turbidity,25.0,ALERT - Turbidity 25.0 NTU exceeds 5.0
2026-05-05 16:56:37,aquanet/water/ecoli,2900.0,ALERT - E.coli 2900.0 CFU/100ml exceeds 540.0
2026-05-05 16:56:37,aquanet/water/ph,7.06,OK
2026-05-05 16:56:37,aquanet/water/nitrate,0.53,OK
2026-05-05 16:56:37,aquanet/hydraulic/pressure,5.18,ALERT - Pressure 5.18 bar exceeds 5.0
2026-05-05 16:56:37,aquanet/hydraulic/flowrate,71.6,OK
2026-05-05 16:56:37,aquanet/alerts,ALERT E.COLI: 2900.0 CFU/100ml exceeds NPS-FM limit of 540.0 - BACTERIAL CONTAMINATION DETECTED,ALERT
2026-05-05 16:56:37,aquanet/alerts,ALERT TURBIDITY: 25.0 NTU exceeds 5.0 NTU - TREATMENT REQUIRED,ALERT
2026-05-05 16:56:37,aquanet/alerts,ALERT PRESSURE HIGH: 5.18 bar exceeds 4.0 bar - PIPE BURST RISK,ALERT
2026-05-05 16:56:47,aquanet/water/turbidity,21.0,ALERT - Turbidity 21.0 NTU exceeds 5.0
2026-05-05 16:56:47,aquanet/water/ecoli,1200.0,ALERT - E.coli 1200.0 CFU/100ml exceeds 540.0
2026-05-05 16:56:47,aquanet/water/ph,6.91,OK
2026-05-05 16:56:47,aquanet/water/nitrate,0.69,OK
2026-05-05 16:56:47,aquanet/hydraulic/pressure,4.66,OK
2026-05-05 16:56:47,aquanet/hydraulic/flowrate,70.9,OK
2026-05-05 16:56:47,aquanet/alerts,ALERT E.COLI: 1200.0 CFU/100ml exceeds NPS-FM limit of 540.0 - BACTERIAL CONTAMINATION DETECTED,ALERT
2026-05-05 16:56:47,aquanet/alerts,ALERT TURBIDITY: 21.0 NTU exceeds 5.0 NTU - TREATMENT REQUIRED,ALERT
2026-05-05 16:56:47,aquanet/alerts,ALERT PRESSURE HIGH: 4.66 bar exceeds 4.0 bar - PIPE BURST RISK,ALERT
2026-05-05 16:56:57,aquanet/water/turbidity,17.0,ALERT - Turbidity 17.0 NTU exceeds 5.0
2026-05-05 16:56:57,aquanet/water/ecoli,2500.0,ALERT - E.coli 2500.0 CFU/100ml exceeds 540.0
2026-05-05 16:56:57,aquanet/water/ph,6.93,OK
2026-05-05 16:56:57,aquanet/water/nitrate,0.53,OK
2026-05-05 16:56:57,aquanet/hydraulic/pressure,5.46,ALERT - Pressure 5.46 bar exceeds 5.0
2026-05-05 16:56:57,aquanet/hydraulic/flowrate,82.5,OK
2026-05-05 16:56:57,aquanet/alerts,ALERT E.COLI: 2500.0 CFU/100ml exceeds NPS-FM limit of 540.0 - BACTERIAL CONTAMINATION DETECTED,ALERT
2026-05-05 16:56:57,aquanet/alerts,ALERT TURBIDITY: 17.0 NTU exceeds 5.0 NTU - TREATMENT REQUIRED,ALERT
2026-05-05 16:56:57,aquanet/alerts,ALERT PRESSURE HIGH: 5.46 bar exceeds 4.0 bar - PIPE BURST RISK,ALERT
2026-05-05 16:57:07,aquanet/water/turbidity,11.0,ALERT - Turbidity 11.0 NTU exceeds 5.0
2026-05-05 16:57:07,aquanet/water/ecoli,1300.0,ALERT - E.coli 1300.0 CFU/100ml exceeds 540.0
2026-05-05 16:57:07,aquanet/water/ph,6.85,OK
2026-05-05 16:57:07,aquanet/water/nitrate,0.57,OK
2026-05-05 16:57:07,aquanet/hydraulic/pressure,4.31,OK
2026-05-05 16:57:07,aquanet/hydraulic/flowrate,83.0,OK
2026-05-05 16:57:07,aquanet/alerts,ALERT E.COLI: 1300.0 CFU/100ml exceeds NPS-FM limit of 540.0 - BACTERIAL CONTAMINATION DETECTED,ALERT
2026-05-05 16:57:07,aquanet/alerts,ALERT TURBIDITY: 11.0 NTU exceeds 5.0 NTU - TREATMENT REQUIRED,ALERT
2026-05-05 16:57:07,aquanet/alerts,ALERT PRESSURE HIGH: 4.31 bar exceeds 4.0 bar - PIPE BURST RISK,ALERT
2026-05-05 16:57:17,aquanet/water/turbidity,18.0,ALERT - Turbidity 18.0 NTU exceeds 5.0
2026-05-05 16:57:17,aquanet/water/ecoli,27000.0,ALERT - E.coli 27000.0 CFU/100ml exceeds 540.0
2026-05-05 16:57:17,aquanet/water/ph,6.95,OK
2026-05-05 16:57:17,aquanet/water/nitrate,0.27,OK
2026-05-05 16:57:17,aquanet/hydraulic/pressure,4.45,OK
2026-05-05 16:57:17,aquanet/hydraulic/flowrate,93.7,OK
2026-05-05 16:57:17,aquanet/alerts,ALERT E.COLI: 27000.0 CFU/100ml exceeds NPS-FM limit of 540.0 - BACTERIAL CONTAMINATION DETECTED,ALERT
2026-05-05 16:57:17,aquanet/alerts,ALERT TURBIDITY: 18.0 NTU exceeds 5.0 NTU - TREATMENT REQUIRED,ALERT
2026-05-05 16:57:17,aquanet/alerts,ALERT PRESSURE HIGH: 4.45 bar exceeds 4.0 bar - PIPE BURST RISK,ALERT
2026-05-05 16:57:27,aquanet/water/turbidity,7.8,ALERT - Turbidity 7.8 NTU exceeds 5.0
2026-05-05 16:57:27,aquanet/water/ecoli,810.0,ALERT - E.coli 810.0 CFU/100ml exceeds 540.0
2026-05-05 16:57:27,aquanet/water/ph,6.24,ALERT - pH 6.24 below minimum 6.5
2026-05-05 16:57:27,aquanet/water/nitrate,0.012,OK
2026-05-05 16:57:27,aquanet/hydraulic/pressure,5.18,ALERT - Pressure 5.18 bar exceeds 5.0
2026-05-05 16:57:27,aquanet/hydraulic/flowrate,71.4,OK
2026-05-05 16:57:27,aquanet/alerts,ALERT E.COLI: 810.0 CFU/100ml exceeds NPS-FM limit of 540.0 - BACTERIAL CONTAMINATION DETECTED,ALERT
2026-05-05 16:57:27,aquanet/alerts,ALERT TURBIDITY: 7.8 NTU exceeds 5.0 NTU - TREATMENT REQUIRED,ALERT
2026-05-05 16:57:27,aquanet/alerts,ALERT pH LOW: 6.24 - CORROSION RISK - below 6.5,ALERT
2026-05-05 16:57:27,aquanet/alerts,ALERT PRESSURE HIGH: 5.18 bar exceeds 4.0 bar - PIPE BURST RISK,ALERT
2026-05-05 16:57:37,aquanet/water/turbidity,9.0,ALERT - Turbidity 9.0 NTU exceeds 5.0
2026-05-05 16:57:37,aquanet/water/ecoli,3100.0,ALERT - E.coli 3100.0 CFU/100ml exceeds 540.0
2026-05-05 16:57:37,aquanet/water/ph,6.86,OK
2026-05-05 16:57:37,aquanet/water/nitrate,0.45,OK
2026-05-05 16:57:37,aquanet/hydraulic/pressure,4.84,OK
2026-05-05 16:57:37,aquanet/hydraulic/flowrate,83.3,OK
2026-05-05 16:57:37,aquanet/alerts,ALERT E.COLI: 3100.0 CFU/100ml exceeds NPS-FM limit of 540.0 - BACTERIAL CONTAMINATION DETECTED,ALERT
2026-05-05 16:57:37,aquanet/alerts,ALERT TURBIDITY: 9.0 NTU exceeds 5.0 NTU - TREATMENT REQUIRED,ALERT
2026-05-05 16:57:37,aquanet/alerts,ALERT PRESSURE HIGH: 4.84 bar exceeds 4.0 bar - PIPE BURST RISK,ALERT
2026-05-05 16:57:47,aquanet/water/turbidity,11.0,ALERT - Turbidity 11.0 NTU exceeds 5.0
2026-05-05 16:57:47,aquanet/water/ecoli,31000.0,ALERT - E.coli 31000.0 CFU/100ml exceeds 540.0
2026-05-05 16:57:47,aquanet/water/ph,6.67,OK
2026-05-05 16:57:47,aquanet/water/nitrate,0.3,OK
2026-05-05 16:57:47,aquanet/hydraulic/pressure,5.48,ALERT - Pressure 5.48 bar exceeds 5.0
2026-05-05 16:57:47,aquanet/hydraulic/flowrate,76.9,OK
2026-05-05 16:57:47,aquanet/alerts,ALERT E.COLI: 31000.0 CFU/100ml exceeds NPS-FM limit of 540.0 - BACTERIAL CONTAMINATION DETECTED,ALERT
2026-05-05 16:57:47,aquanet/alerts,ALERT TURBIDITY: 11.0 NTU exceeds 5.0 NTU - TREATMENT REQUIRED,ALERT
2026-05-05 16:57:47,aquanet/alerts,ALERT PRESSURE HIGH: 5.48 bar exceeds 4.0 bar - PIPE BURST RISK,ALERT
2026-05-05 16:57:57,aquanet/water/turbidity,22.0,ALERT - Turbidity 22.0 NTU exceeds 5.0
2026-05-05 16:57:57,aquanet/water/ecoli,1100.0,ALERT - E.coli 1100.0 CFU/100ml exceeds 540.0
2026-05-05 16:57:57,aquanet/water/ph,6.08,ALERT - pH 6.08 below minimum 6.5
2026-05-05 16:57:57,aquanet/water/nitrate,0.3,OK
2026-05-05 16:57:57,aquanet/hydraulic/pressure,5.83,ALERT - Pressure 5.83 bar exceeds 5.0
2026-05-05 16:57:57,aquanet/hydraulic/flowrate,95.1,OK
2026-05-05 16:57:57,aquanet/alerts,ALERT E.COLI: 1100.0 CFU/100ml exceeds NPS-FM limit of 540.0 - BACTERIAL CONTAMINATION DETECTED,ALERT
2026-05-05 16:57:57,aquanet/alerts,ALERT TURBIDITY: 22.0 NTU exceeds 5.0 NTU - TREATMENT REQUIRED,ALERT
2026-05-05 16:57:57,aquanet/alerts,ALERT pH LOW: 6.08 - CORROSION RISK - below 6.5,ALERT
2026-05-05 16:57:57,aquanet/alerts,ALERT PRESSURE HIGH: 5.83 bar exceeds 4.0 bar - PIPE BURST RISK,ALERT
2026-05-05 16:58:07,aquanet/water/turbidity,6.9,ALERT - Turbidity 6.9 NTU exceeds 5.0
2026-05-05 16:58:07,aquanet/water/ecoli,850.0,ALERT - E.coli 850.0 CFU/100ml exceeds 540.0
2026-05-05 16:58:07,aquanet/water/ph,6.95,OK
2026-05-05 16:58:07,aquanet/water/nitrate,0.28,OK
2026-05-05 16:58:07,aquanet/hydraulic/pressure,5.5,ALERT - Pressure 5.5 bar exceeds 5.0
2026-05-05 16:58:07,aquanet/hydraulic/flowrate,70.7,OK
2026-05-05 16:58:07,aquanet/alerts,ALERT E.COLI: 850.0 CFU/100ml exceeds NPS-FM limit of 540.0 - BACTERIAL CONTAMINATION DETECTED,ALERT
2026-05-05 16:58:07,aquanet/alerts,ALERT TURBIDITY: 6.9 NTU exceeds 5.0 NTU - TREATMENT REQUIRED,ALERT
2026-05-05 16:58:07,aquanet/alerts,ALERT PRESSURE HIGH: 5.5 bar exceeds 4.0 bar - PIPE BURST RISK,ALERT
2026-05-05 16:58:17,aquanet/water/turbidity,7.7,ALERT - Turbidity 7.7 NTU exceeds 5.0
2026-05-05 16:58:17,aquanet/water/ecoli,4400.0,ALERT - E.coli 4400.0 CFU/100ml exceeds 540.0
2026-05-05 16:58:17,aquanet/water/ph,6.79,OK
2026-05-05 16:58:17,aquanet/water/nitrate,0.72,OK
2026-05-05 16:58:17,aquanet/hydraulic/pressure,5.65,ALERT - Pressure 5.65 bar exceeds 5.0
2026-05-05 16:58:17,aquanet/hydraulic/flowrate,73.1,OK
2026-05-05 16:58:17,aquanet/alerts,ALERT E.COLI: 4400.0 CFU/100ml exceeds NPS-FM limit of 540.0 - BACTERIAL CONTAMINATION DETECTED,ALERT
2026-05-05 16:58:17,aquanet/alerts,ALERT TURBIDITY: 7.7 NTU exceeds 5.0 NTU - TREATMENT REQUIRED,ALERT
2026-05-05 16:58:17,aquanet/alerts,ALERT PRESSURE HIGH: 5.65 bar exceeds 4.0 bar - PIPE BURST RISK,ALERT
2026-05-05 16:58:27,aquanet/water/turbidity,7.1,ALERT - Turbidity 7.1 NTU exceeds 5.0
2026-05-05 16:58:27,aquanet/water/ecoli,4200.0,ALERT - E.coli 4200.0 CFU/100ml exceeds 540.0
2026-05-05 16:58:27,aquanet/water/ph,6.87,OK
2026-05-05 16:58:27,aquanet/water/nitrate,0.6,OK
2026-05-05 16:58:27,aquanet/hydraulic/pressure,4.7,OK
2026-05-05 16:58:27,aquanet/hydraulic/flowrate,92.6,OK
2026-05-05 16:58:27,aquanet/alerts,ALERT E.COLI: 4200.0 CFU/100ml exceeds NPS-FM limit of 540.0 - BACTERIAL CONTAMINATION DETECTED,ALERT
2026-05-05 16:58:27,aquanet/alerts,ALERT TURBIDITY: 7.1 NTU exceeds 5.0 NTU - TREATMENT REQUIRED,ALERT
2026-05-05 16:58:27,aquanet/alerts,ALERT PRESSURE HIGH: 4.7 bar exceeds 4.0 bar - PIPE BURST RISK,ALERT
2026-05-05 16:58:37,aquanet/water/turbidity,15.0,ALERT - Turbidity 15.0 NTU exceeds 5.0
2026-05-05 16:58:37,aquanet/water/ecoli,1100.0,ALERT - E.coli 1100.0 CFU/100ml exceeds 540.0
2026-05-05 16:58:37,aquanet/water/ph,6.77,OK
2026-05-05 16:58:37,aquanet/water/nitrate,0.48,OK
2026-05-05 16:58:37,aquanet/hydraulic/pressure,4.68,OK
2026-05-05 16:58:37,aquanet/hydraulic/flowrate,80.1,OK
2026-05-05 16:58:37,aquanet/alerts,ALERT E.COLI: 1100.0 CFU/100ml exceeds NPS-FM limit of 540.0 - BACTERIAL CONTAMINATION DETECTED,ALERT
2026-05-05 16:58:37,aquanet/alerts,ALERT TURBIDITY: 15.0 NTU exceeds 5.0 NTU - TREATMENT REQUIRED,ALERT
2026-05-05 16:58:37,aquanet/alerts,ALERT PRESSURE HIGH: 4.68 bar exceeds 4.0 bar - PIPE BURST RISK,ALERT
2026-05-05 16:58:47,aquanet/water/turbidity,7.9,ALERT - Turbidity 7.9 NTU exceeds 5.0
2026-05-05 16:58:47,aquanet/water/ecoli,3000.0,ALERT - E.coli 3000.0 CFU/100ml exceeds 540.0
2026-05-05 16:58:47,aquanet/water/ph,6.76,OK
2026-05-05 16:58:47,aquanet/water/nitrate,0.4,OK
2026-05-05 16:58:47,aquanet/hydraulic/pressure,3.19,OK
2026-05-05 16:58:47,aquanet/hydraulic/flowrate,81.8,OK
2026-05-05 16:58:47,aquanet/alerts,ALERT E.COLI: 3000.0 CFU/100ml exceeds NPS-FM limit of 540.0 - BACTERIAL CONTAMINATION DETECTED,ALERT
2026-05-05 16:58:47,aquanet/alerts,ALERT TURBIDITY: 7.9 NTU exceeds 5.0 NTU - TREATMENT REQUIRED,ALERT
2026-05-05 16:58:57,aquanet/water/turbidity,13.0,ALERT - Turbidity 13.0 NTU exceeds 5.0
2026-05-05 16:58:57,aquanet/water/ecoli,4400.0,ALERT - E.coli 4400.0 CFU/100ml exceeds 540.0
2026-05-05 16:58:57,aquanet/water/ph,7.24,OK
2026-05-05 16:58:57,aquanet/water/nitrate,0.36,OK
2026-05-05 16:58:57,aquanet/hydraulic/pressure,4.67,OK
2026-05-05 16:58:57,aquanet/hydraulic/flowrate,84.1,OK
2026-05-05 16:58:57,aquanet/alerts,ALERT E.COLI: 4400.0 CFU/100ml exceeds NPS-FM limit of 540.0 - BACTERIAL CONTAMINATION DETECTED,ALERT
2026-05-05 16:58:57,aquanet/alerts,ALERT TURBIDITY: 13.0 NTU exceeds 5.0 NTU - TREATMENT REQUIRED,ALERT
2026-05-05 16:58:57,aquanet/alerts,ALERT PRESSURE HIGH: 4.67 bar exceeds 4.0 bar - PIPE BURST RISK,ALERT
2026-05-05 16:59:07,aquanet/water/turbidity,12.0,ALERT - Turbidity 12.0 NTU exceeds 5.0
2026-05-05 16:59:07,aquanet/water/ecoli,1600.0,ALERT - E.coli 1600.0 CFU/100ml exceeds 540.0
2026-05-05 16:59:07,aquanet/water/ph,6.89,OK
2026-05-05 16:59:07,aquanet/water/nitrate,0.34,OK
2026-05-05 16:59:07,aquanet/hydraulic/pressure,5.66,ALERT - Pressure 5.66 bar exceeds 5.0
2026-05-05 16:59:07,aquanet/hydraulic/flowrate,99.6,OK
2026-05-05 16:59:07,aquanet/alerts,ALERT E.COLI: 1600.0 CFU/100ml exceeds NPS-FM limit of 540.0 - BACTERIAL CONTAMINATION DETECTED,ALERT
2026-05-05 16:59:07,aquanet/alerts,ALERT TURBIDITY: 12.0 NTU exceeds 5.0 NTU - TREATMENT REQUIRED,ALERT
2026-05-05 16:59:07,aquanet/alerts,ALERT PRESSURE HIGH: 5.66 bar exceeds 4.0 bar - PIPE BURST RISK,ALERT
2026-05-05 16:59:17,aquanet/water/turbidity,11.0,ALERT - Turbidity 11.0 NTU exceeds 5.0
2026-05-05 16:59:17,aquanet/water/ecoli,1100.0,ALERT - E.coli 1100.0 CFU/100ml exceeds 540.0
2026-05-05 16:59:17,aquanet/water/ph,6.68,OK
2026-05-05 16:59:17,aquanet/water/nitrate,0.3,OK
2026-05-05 16:59:17,aquanet/hydraulic/pressure,3.58,OK
2026-05-05 16:59:17,aquanet/hydraulic/flowrate,95.2,OK
2026-05-05 16:59:17,aquanet/alerts,ALERT E.COLI: 1100.0 CFU/100ml exceeds NPS-FM limit of 540.0 - BACTERIAL CONTAMINATION DETECTED,ALERT
2026-05-05 16:59:17,aquanet/alerts,ALERT TURBIDITY: 11.0 NTU exceeds 5.0 NTU - TREATMENT REQUIRED,ALERT
2026-05-05 16:59:27,aquanet/water/turbidity,8.3,ALERT - Turbidity 8.3 NTU exceeds 5.0
2026-05-05 16:59:27,aquanet/water/ecoli,1000.0,ALERT - E.coli 1000.0 CFU/100ml exceeds 540.0
2026-05-05 16:59:27,aquanet/water/ph,7.21,OK
2026-05-05 16:59:27,aquanet/water/nitrate,0.31,OK
2026-05-05 16:59:27,aquanet/hydraulic/pressure,5.26,ALERT - Pressure 5.26 bar exceeds 5.0
2026-05-05 16:59:27,aquanet/hydraulic/flowrate,87.5,OK
2026-05-05 16:59:27,aquanet/alerts,ALERT E.COLI: 1000.0 CFU/100ml exceeds NPS-FM limit of 540.0 - BACTERIAL CONTAMINATION DETECTED,ALERT
2026-05-05 16:59:27,aquanet/alerts,ALERT TURBIDITY: 8.3 NTU exceeds 5.0 NTU - TREATMENT REQUIRED,ALERT
2026-05-05 16:59:27,aquanet/alerts,ALERT PRESSURE HIGH: 5.26 bar exceeds 4.0 bar - PIPE BURST RISK,ALERT
2026-05-05 16:59:37,aquanet/water/turbidity,9.7,ALERT - Turbidity 9.7 NTU exceeds 5.0
2026-05-05 16:59:37,aquanet/water/ecoli,380.0,OK
2026-05-05 16:59:37,aquanet/water/ph,6.99,OK
2026-05-05 16:59:37,aquanet/water/nitrate,0.31,OK
2026-05-05 16:59:37,aquanet/hydraulic/pressure,5.22,ALERT - Pressure 5.22 bar exceeds 5.0
2026-05-05 16:59:37,aquanet/hydraulic/flowrate,96.6,OK
2026-05-05 16:59:37,aquanet/alerts,ALERT TURBIDITY: 9.7 NTU exceeds 5.0 NTU - TREATMENT REQUIRED,ALERT
2026-05-05 16:59:37,aquanet/alerts,ALERT PRESSURE HIGH: 5.22 bar exceeds 4.0 bar - PIPE BURST RISK,ALERT
2026-05-05 16:59:47,aquanet/water/turbidity,9.1,ALERT - Turbidity 9.1 NTU exceeds 5.0
2026-05-05 16:59:47,aquanet/water/ecoli,520.0,OK
2026-05-05 16:59:47,aquanet/water/ph,6.77,OK
2026-05-05 16:59:47,aquanet/water/nitrate,0.24,OK
2026-05-05 16:59:47,aquanet/hydraulic/pressure,2.81,OK
2026-05-05 16:59:47,aquanet/hydraulic/flowrate,73.5,OK
2026-05-05 16:59:47,aquanet/alerts,ALERT TURBIDITY: 9.1 NTU exceeds 5.0 NTU - TREATMENT REQUIRED,ALERT
2026-05-05 16:59:57,aquanet/water/turbidity,6.9,ALERT - Turbidity 6.9 NTU exceeds 5.0
2026-05-05 16:59:57,aquanet/water/ecoli,390.0,OK
2026-05-05 16:59:57,aquanet/water/ph,6.78,OK
2026-05-05 16:59:57,aquanet/water/nitrate,0.21,OK
2026-05-05 16:59:57,aquanet/hydraulic/pressure,5.58,ALERT - Pressure 5.58 bar exceeds 5.0
2026-05-05 16:59:57,aquanet/hydraulic/flowrate,85.8,OK
2026-05-05 16:59:57,aquanet/alerts,ALERT TURBIDITY: 6.9 NTU exceeds 5.0 NTU - TREATMENT REQUIRED,ALERT
2026-05-05 16:59:57,aquanet/alerts,ALERT PRESSURE HIGH: 5.58 bar exceeds 4.0 bar - PIPE BURST RISK,ALERT
2026-05-05 17:00:07,aquanet/water/turbidity,8.5,ALERT - Turbidity 8.5 NTU exceeds 5.0
2026-05-05 17:00:07,aquanet/water/ecoli,720.0,ALERT - E.coli 720.0 CFU/100ml exceeds 540.0
2026-05-05 17:00:07,aquanet/water/ph,6.99,OK
2026-05-05 17:00:07,aquanet/water/nitrate,0.29,OK
2026-05-05 17:00:07,aquanet/hydraulic/pressure,5.06,ALERT - Pressure 5.06 bar exceeds 5.0
2026-05-05 17:00:07,aquanet/hydraulic/flowrate,71.7,OK
2026-05-05 17:00:07,aquanet/alerts,ALERT E.COLI: 720.0 CFU/100ml exceeds NPS-FM limit of 540.0 - BACTERIAL CONTAMINATION DETECTED,ALERT
2026-05-05 17:00:07,aquanet/alerts,ALERT TURBIDITY: 8.5 NTU exceeds 5.0 NTU - TREATMENT REQUIRED,ALERT
2026-05-05 17:00:07,aquanet/alerts,ALERT PRESSURE HIGH: 5.06 bar exceeds 4.0 bar - PIPE BURST RISK,ALERT
2026-05-05 17:00:17,aquanet/water/turbidity,8.0,ALERT - Turbidity 8.0 NTU exceeds 5.0
2026-05-05 17:00:17,aquanet/water/ecoli,790.0,ALERT - E.coli 790.0 CFU/100ml exceeds 540.0
2026-05-05 17:00:17,aquanet/water/ph,6.78,OK
2026-05-05 17:00:17,aquanet/water/nitrate,0.4,OK
2026-05-05 17:00:17,aquanet/hydraulic/pressure,5.48,ALERT - Pressure 5.48 bar exceeds 5.0
2026-05-05 17:00:17,aquanet/hydraulic/flowrate,76.8,OK
2026-05-05 17:00:17,aquanet/alerts,ALERT E.COLI: 790.0 CFU/100ml exceeds NPS-FM limit of 540.0 - BACTERIAL CONTAMINATION DETECTED,ALERT
2026-05-05 17:00:17,aquanet/alerts,ALERT TURBIDITY: 8.0 NTU exceeds 5.0 NTU - TREATMENT REQUIRED,ALERT
2026-05-05 17:00:17,aquanet/alerts,ALERT PRESSURE HIGH: 5.48 bar exceeds 4.0 bar - PIPE BURST RISK,ALERT
2026-05-05 17:00:27,aquanet/water/turbidity,7.7,ALERT - Turbidity 7.7 NTU exceeds 5.0
2026-05-05 17:00:27,aquanet/water/ecoli,590.0,ALERT - E.coli 590.0 CFU/100ml exceeds 540.0
2026-05-05 17:00:27,aquanet/water/ph,6.95,OK
2026-05-05 17:00:27,aquanet/water/nitrate,0.38,OK
2026-05-05 17:00:27,aquanet/hydraulic/pressure,5.07,ALERT - Pressure 5.07 bar exceeds 5.0
2026-05-05 17:00:27,aquanet/hydraulic/flowrate,84.6,OK
2026-05-05 17:00:27,aquanet/alerts,ALERT E.COLI: 590.0 CFU/100ml exceeds NPS-FM limit of 540.0 - BACTERIAL CONTAMINATION DETECTED,ALERT
2026-05-05 17:00:27,aquanet/alerts,ALERT TURBIDITY: 7.7 NTU exceeds 5.0 NTU - TREATMENT REQUIRED,ALERT
2026-05-05 17:00:27,aquanet/alerts,ALERT PRESSURE HIGH: 5.07 bar exceeds 4.0 bar - PIPE BURST RISK,ALERT
2026-05-05 17:00:37,aquanet/water/turbidity,9.7,ALERT - Turbidity 9.7 NTU exceeds 5.0
2026-05-05 17:00:37,aquanet/water/ecoli,0.0,OK
2026-05-05 17:00:37,aquanet/water/ph,6.8,OK
2026-05-05 17:00:37,aquanet/water/nitrate,0.137,OK
2026-05-05 17:00:37,aquanet/hydraulic/pressure,5.09,ALERT - Pressure 5.09 bar exceeds 5.0
2026-05-05 17:00:37,aquanet/hydraulic/flowrate,87.9,OK
2026-05-05 17:00:37,aquanet/alerts,ALERT TURBIDITY: 9.7 NTU exceeds 5.0 NTU - TREATMENT REQUIRED,ALERT
2026-05-05 17:00:37,aquanet/alerts,ALERT PRESSURE HIGH: 5.09 bar exceeds 4.0 bar - PIPE BURST RISK,ALERT
2026-05-05 17:00:47,aquanet/water/turbidity,7.5,ALERT - Turbidity 7.5 NTU exceeds 5.0
2026-05-05 17:00:47,aquanet/water/ecoli,9800.0,ALERT - E.coli 9800.0 CFU/100ml exceeds 540.0
2026-05-05 17:00:47,aquanet/water/ph,7.27,OK
2026-05-05 17:00:47,aquanet/water/nitrate,0.4,OK
2026-05-05 17:00:47,aquanet/hydraulic/pressure,5.38,ALERT - Pressure 5.38 bar exceeds 5.0
2026-05-05 17:00:47,aquanet/hydraulic/flowrate,85.9,OK
2026-05-05 17:00:47,aquanet/alerts,ALERT E.COLI: 9800.0 CFU/100ml exceeds NPS-FM limit of 540.0 - BACTERIAL CONTAMINATION DETECTED,ALERT
2026-05-05 17:00:47,aquanet/alerts,ALERT TURBIDITY: 7.5 NTU exceeds 5.0 NTU - TREATMENT REQUIRED,ALERT
2026-05-05 17:00:47,aquanet/alerts,ALERT PRESSURE HIGH: 5.38 bar exceeds 4.0 bar - PIPE BURST RISK,ALERT
2026-05-05 17:00:57,aquanet/water/turbidity,10.0,ALERT - Turbidity 10.0 NTU exceeds 5.0
2026-05-05 17:00:57,aquanet/water/ecoli,2100.0,ALERT - E.coli 2100.0 CFU/100ml exceeds 540.0
2026-05-05 17:00:57,aquanet/water/ph,7.07,OK
2026-05-05 17:00:57,aquanet/water/nitrate,0.51,OK
2026-05-05 17:00:57,aquanet/hydraulic/pressure,2.84,OK
2026-05-05 17:00:57,aquanet/hydraulic/flowrate,71.5,OK
2026-05-05 17:00:57,aquanet/alerts,ALERT E.COLI: 2100.0 CFU/100ml exceeds NPS-FM limit of 540.0 - BACTERIAL CONTAMINATION DETECTED,ALERT
2026-05-05 17:00:57,aquanet/alerts,ALERT TURBIDITY: 10.0 NTU exceeds 5.0 NTU - TREATMENT REQUIRED,ALERT
2026-05-05 17:01:07,aquanet/water/turbidity,12.0,ALERT - Turbidity 12.0 NTU exceeds 5.0
2026-05-05 17:01:07,aquanet/water/ecoli,2200.0,ALERT - E.coli 2200.0 CFU/100ml exceeds 540.0
2026-05-05 17:01:07,aquanet/water/ph,7.45,OK
2026-05-05 17:01:07,aquanet/water/nitrate,0.47,OK
2026-05-05 17:01:07,aquanet/hydraulic/pressure,5.2,ALERT - Pressure 5.2 bar exceeds 5.0
2026-05-05 17:01:07,aquanet/hydraulic/flowrate,79.3,OK
2026-05-05 17:01:07,aquanet/alerts,ALERT E.COLI: 2200.0 CFU/100ml exceeds NPS-FM limit of 540.0 - BACTERIAL CONTAMINATION DETECTED,ALERT
2026-05-05 17:01:07,aquanet/alerts,ALERT TURBIDITY: 12.0 NTU exceeds 5.0 NTU - TREATMENT REQUIRED,ALERT
2026-05-05 17:01:07,aquanet/alerts,ALERT PRESSURE HIGH: 5.2 bar exceeds 4.0 bar - PIPE BURST RISK,ALERT
2026-05-05 17:01:17,aquanet/water/turbidity,7.5,ALERT - Turbidity 7.5 NTU exceeds 5.0
2026-05-05 17:01:17,aquanet/water/ecoli,1500.0,ALERT - E.coli 1500.0 CFU/100ml exceeds 540.0
2026-05-05 17:01:17,aquanet/water/ph,7.43,OK
2026-05-05 17:01:17,aquanet/water/nitrate,0.35,OK
2026-05-05 17:01:17,aquanet/hydraulic/pressure,5.27,ALERT - Pressure 5.27 bar exceeds 5.0
2026-05-05 17:01:17,aquanet/hydraulic/flowrate,84.5,OK
2026-05-05 17:01:17,aquanet/alerts,ALERT E.COLI: 1500.0 CFU/100ml exceeds NPS-FM limit of 540.0 - BACTERIAL CONTAMINATION DETECTED,ALERT
2026-05-05 17:01:17,aquanet/alerts,ALERT TURBIDITY: 7.5 NTU exceeds 5.0 NTU - TREATMENT REQUIRED,ALERT
2026-05-05 17:01:17,aquanet/alerts,ALERT PRESSURE HIGH: 5.27 bar exceeds 4.0 bar - PIPE BURST RISK,ALERT
2026-05-05 17:01:27,aquanet/water/turbidity,7.8,ALERT - Turbidity 7.8 NTU exceeds 5.0
2026-05-05 17:01:27,aquanet/water/ecoli,4000.0,ALERT - E.coli 4000.0 CFU/100ml exceeds 540.0
2026-05-05 17:01:27,aquanet/water/ph,7.07,OK
2026-05-05 17:01:27,aquanet/water/nitrate,0.39,OK
2026-05-05 17:01:27,aquanet/hydraulic/pressure,5.32,ALERT - Pressure 5.32 bar exceeds 5.0
2026-05-05 17:01:27,aquanet/hydraulic/flowrate,96.9,OK
2026-05-05 17:01:27,aquanet/alerts,ALERT E.COLI: 4000.0 CFU/100ml exceeds NPS-FM limit of 540.0 - BACTERIAL CONTAMINATION DETECTED,ALERT
2026-05-05 17:01:27,aquanet/alerts,ALERT TURBIDITY: 7.8 NTU exceeds 5.0 NTU - TREATMENT REQUIRED,ALERT
2026-05-05 17:01:27,aquanet/alerts,ALERT PRESSURE HIGH: 5.32 bar exceeds 4.0 bar - PIPE BURST RISK,ALERT
2026-05-05 17:01:37,aquanet/water/turbidity,7.0,ALERT - Turbidity 7.0 NTU exceeds 5.0
2026-05-05 17:01:37,aquanet/water/ecoli,1400.0,ALERT - E.coli 1400.0 CFU/100ml exceeds 540.0
2026-05-05 17:01:37,aquanet/water/ph,6.72,OK
2026-05-05 17:01:37,aquanet/water/nitrate,0.34,OK
2026-05-05 17:01:37,aquanet/hydraulic/pressure,4.65,OK
2026-05-05 17:01:37,aquanet/hydraulic/flowrate,97.3,OK
2026-05-05 17:01:37,aquanet/alerts,ALERT E.COLI: 1400.0 CFU/100ml exceeds NPS-FM limit of 540.0 - BACTERIAL CONTAMINATION DETECTED,ALERT
2026-05-05 17:01:37,aquanet/alerts,ALERT TURBIDITY: 7.0 NTU exceeds 5.0 NTU - TREATMENT REQUIRED,ALERT
2026-05-05 17:01:37,aquanet/alerts,ALERT PRESSURE HIGH: 4.65 bar exceeds 4.0 bar - PIPE BURST RISK,ALERT
2026-05-05 17:01:47,aquanet/water/turbidity,8.8,ALERT - Turbidity 8.8 NTU exceeds 5.0
2026-05-05 17:01:47,aquanet/water/ecoli,890.0,ALERT - E.coli 890.0 CFU/100ml exceeds 540.0
2026-05-05 17:01:47,aquanet/water/ph,6.74,OK
2026-05-05 17:01:47,aquanet/water/nitrate,0.37,OK
2026-05-05 17:01:47,aquanet/hydraulic/pressure,5.82,ALERT - Pressure 5.82 bar exceeds 5.0
2026-05-05 17:01:47,aquanet/hydraulic/flowrate,76.3,OK
2026-05-05 17:01:47,aquanet/alerts,ALERT E.COLI: 890.0 CFU/100ml exceeds NPS-FM limit of 540.0 - BACTERIAL CONTAMINATION DETECTED,ALERT
2026-05-05 17:01:47,aquanet/alerts,ALERT TURBIDITY: 8.8 NTU exceeds 5.0 NTU - TREATMENT REQUIRED,ALERT
2026-05-05 17:01:47,aquanet/alerts,ALERT PRESSURE HIGH: 5.82 bar exceeds 4.0 bar - PIPE BURST RISK,ALERT
2026-05-05 17:01:57,aquanet/water/turbidity,16.0,ALERT - Turbidity 16.0 NTU exceeds 5.0
2026-05-05 17:01:57,aquanet/water/ecoli,760.0,ALERT - E.coli 760.0 CFU/100ml exceeds 540.0
2026-05-05 17:01:57,aquanet/water/ph,7.51,OK
2026-05-05 17:01:57,aquanet/water/nitrate,0.5,OK
2026-05-05 17:01:57,aquanet/hydraulic/pressure,6.08,ALERT - Pressure 6.08 bar exceeds 5.0
2026-05-05 17:01:57,aquanet/hydraulic/flowrate,84.2,OK
2026-05-05 17:01:57,aquanet/alerts,ALERT E.COLI: 760.0 CFU/100ml exceeds NPS-FM limit of 540.0 - BACTERIAL CONTAMINATION DETECTED,ALERT
2026-05-05 17:01:57,aquanet/alerts,ALERT TURBIDITY: 16.0 NTU exceeds 5.0 NTU - TREATMENT REQUIRED,ALERT
2026-05-05 17:01:57,aquanet/alerts,ALERT PRESSURE HIGH: 6.08 bar exceeds 4.0 bar - PIPE BURST RISK,ALERT
2026-05-05 17:02:07,aquanet/water/turbidity,7.2,ALERT - Turbidity 7.2 NTU exceeds 5.0
2026-05-05 17:02:07,aquanet/water/ecoli,590.0,ALERT - E.coli 590.0 CFU/100ml exceeds 540.0
2026-05-05 17:02:07,aquanet/water/ph,7.26,OK
2026-05-05 17:02:07,aquanet/water/nitrate,0.57,OK
2026-05-05 17:02:07,aquanet/hydraulic/pressure,5.49,ALERT - Pressure 5.49 bar exceeds 5.0
2026-05-05 17:02:07,aquanet/hydraulic/flowrate,91.8,OK
2026-05-05 17:02:07,aquanet/alerts,ALERT E.COLI: 590.0 CFU/100ml exceeds NPS-FM limit of 540.0 - BACTERIAL CONTAMINATION DETECTED,ALERT
2026-05-05 17:02:07,aquanet/alerts,ALERT TURBIDITY: 7.2 NTU exceeds 5.0 NTU - TREATMENT REQUIRED,ALERT
2026-05-05 17:02:07,aquanet/alerts,ALERT PRESSURE HIGH: 5.49 bar exceeds 4.0 bar - PIPE BURST RISK,ALERT
2026-05-05 17:02:17,aquanet/water/turbidity,15.0,ALERT - Turbidity 15.0 NTU exceeds 5.0
2026-05-05 17:02:17,aquanet/water/ecoli,790.0,ALERT - E.coli 790.0 CFU/100ml exceeds 540.0
2026-05-05 17:02:17,aquanet/water/ph,7.45,OK
2026-05-05 17:02:17,aquanet/water/nitrate,0.41,OK
2026-05-05 17:02:17,aquanet/hydraulic/pressure,2.91,OK
2026-05-05 17:02:17,aquanet/hydraulic/flowrate,83.8,OK
2026-05-05 17:02:17,aquanet/alerts,ALERT E.COLI: 790.0 CFU/100ml exceeds NPS-FM limit of 540.0 - BACTERIAL CONTAMINATION DETECTED,ALERT
2026-05-05 17:02:17,aquanet/alerts,ALERT TURBIDITY: 15.0 NTU exceeds 5.0 NTU - TREATMENT REQUIRED,ALERT
2026-05-05 17:02:27,aquanet/water/turbidity,7.1,ALERT - Turbidity 7.1 NTU exceeds 5.0
2026-05-05 17:02:27,aquanet/water/ecoli,960.0,ALERT - E.coli 960.0 CFU/100ml exceeds 540.0
2026-05-05 17:02:27,aquanet/water/ph,6.97,OK
2026-05-05 17:02:27,aquanet/water/nitrate,0.35,OK
2026-05-05 17:02:27,aquanet/hydraulic/pressure,5.77,ALERT - Pressure 5.77 bar exceeds 5.0
2026-05-05 17:02:27,aquanet/hydraulic/flowrate,80.9,OK
2026-05-05 17:02:27,aquanet/alerts,ALERT E.COLI: 960.0 CFU/100ml exceeds NPS-FM limit of 540.0 - BACTERIAL CONTAMINATION DETECTED,ALERT
2026-05-05 17:02:27,aquanet/alerts,ALERT TURBIDITY: 7.1 NTU exceeds 5.0 NTU - TREATMENT REQUIRED,ALERT
2026-05-05 17:02:27,aquanet/alerts,ALERT PRESSURE HIGH: 5.77 bar exceeds 4.0 bar - PIPE BURST RISK,ALERT
2026-05-05 17:02:37,aquanet/water/turbidity,6.9,ALERT - Turbidity 6.9 NTU exceeds 5.0
2026-05-05 17:02:37,aquanet/water/ecoli,3400.0,ALERT - E.coli 3400.0 CFU/100ml exceeds 540.0
2026-05-05 17:02:37,aquanet/water/ph,6.03,ALERT - pH 6.03 below minimum 6.5
2026-05-05 17:02:37,aquanet/water/nitrate,0.44,OK
2026-05-05 17:02:37,aquanet/hydraulic/pressure,3.05,OK
2026-05-05 17:02:37,aquanet/hydraulic/flowrate,70.7,OK
2026-05-05 17:02:37,aquanet/alerts,ALERT E.COLI: 3400.0 CFU/100ml exceeds NPS-FM limit of 540.0 - BACTERIAL CONTAMINATION DETECTED,ALERT
2026-05-05 17:02:37,aquanet/alerts,ALERT TURBIDITY: 6.9 NTU exceeds 5.0 NTU - TREATMENT REQUIRED,ALERT
2026-05-05 17:02:37,aquanet/alerts,ALERT pH LOW: 6.03 - CORROSION RISK - below 6.5,ALERT
2026-05-05 17:02:47,aquanet/water/turbidity,12.0,ALERT - Turbidity 12.0 NTU exceeds 5.0
2026-05-05 17:02:47,aquanet/water/ecoli,6400.0,ALERT - E.coli 6400.0 CFU/100ml exceeds 540.0
2026-05-05 17:02:47,aquanet/water/ph,6.39,ALERT - pH 6.39 below minimum 6.5
2026-05-05 17:02:47,aquanet/water/nitrate,0.41,OK
2026-05-05 17:02:47,aquanet/hydraulic/pressure,5.07,ALERT - Pressure 5.07 bar exceeds 5.0
2026-05-05 17:02:47,aquanet/hydraulic/flowrate,82.5,OK
2026-05-05 17:02:47,aquanet/alerts,ALERT E.COLI: 6400.0 CFU/100ml exceeds NPS-FM limit of 540.0 - BACTERIAL CONTAMINATION DETECTED,ALERT
2026-05-05 17:02:47,aquanet/alerts,ALERT TURBIDITY: 12.0 NTU exceeds 5.0 NTU - TREATMENT REQUIRED,ALERT
2026-05-05 17:02:47,aquanet/alerts,ALERT pH LOW: 6.39 - CORROSION RISK - below 6.5,ALERT
2026-05-05 17:02:47,aquanet/alerts,ALERT PRESSURE HIGH: 5.07 bar exceeds 4.0 bar - PIPE BURST RISK,ALERT
2026-05-05 17:02:57,aquanet/water/turbidity,16.0,ALERT - Turbidity 16.0 NTU exceeds 5.0
2026-05-05 17:02:57,aquanet/water/ecoli,31000.0,ALERT - E.coli 31000.0 CFU/100ml exceeds 540.0
2026-05-05 17:02:57,aquanet/water/ph,6.97,OK
2026-05-05 17:02:57,aquanet/water/nitrate,0.33,OK
2026-05-05 17:02:57,aquanet/hydraulic/pressure,5.18,ALERT - Pressure 5.18 bar exceeds 5.0
2026-05-05 17:02:57,aquanet/hydraulic/flowrate,74.6,OK
2026-05-05 17:02:57,aquanet/alerts,ALERT E.COLI: 31000.0 CFU/100ml exceeds NPS-FM limit of 540.0 - BACTERIAL CONTAMINATION DETECTED,ALERT
2026-05-05 17:02:57,aquanet/alerts,ALERT TURBIDITY: 16.0 NTU exceeds 5.0 NTU - TREATMENT REQUIRED,ALERT
2026-05-05 17:02:57,aquanet/alerts,ALERT PRESSURE HIGH: 5.18 bar exceeds 4.0 bar - PIPE BURST RISK,ALERT
2026-05-05 17:03:07,aquanet/water/turbidity,25.0,ALERT - Turbidity 25.0 NTU exceeds 5.0
2026-05-05 17:03:07,aquanet/water/ecoli,2400.0,ALERT - E.coli 2400.0 CFU/100ml exceeds 540.0
2026-05-05 17:03:07,aquanet/water/ph,7.18,OK
2026-05-05 17:03:07,aquanet/water/nitrate,0.38,OK
2026-05-05 17:03:07,aquanet/hydraulic/pressure,5.14,ALERT - Pressure 5.14 bar exceeds 5.0
2026-05-05 17:03:07,aquanet/hydraulic/flowrate,81.8,OK
2026-05-05 17:03:07,aquanet/alerts,ALERT E.COLI: 2400.0 CFU/100ml exceeds NPS-FM limit of 540.0 - BACTERIAL CONTAMINATION DETECTED,ALERT
2026-05-05 17:03:07,aquanet/alerts,ALERT TURBIDITY: 25.0 NTU exceeds 5.0 NTU - TREATMENT REQUIRED,ALERT
2026-05-05 17:03:07,aquanet/alerts,ALERT PRESSURE HIGH: 5.14 bar exceeds 4.0 bar - PIPE BURST RISK,ALERT
2026-05-05 17:03:17,aquanet/water/turbidity,45.0,ALERT - Turbidity 45.0 NTU exceeds 5.0
2026-05-05 17:03:17,aquanet/water/ecoli,900.0,ALERT - E.coli 900.0 CFU/100ml exceeds 540.0
2026-05-05 17:03:17,aquanet/water/ph,7.06,OK
2026-05-05 17:03:17,aquanet/water/nitrate,0.33,OK
2026-05-05 17:03:17,aquanet/hydraulic/pressure,5.36,ALERT - Pressure 5.36 bar exceeds 5.0
2026-05-05 17:03:17,aquanet/hydraulic/flowrate,77.5,OK
2026-05-05 17:03:17,aquanet/alerts,ALERT E.COLI: 900.0 CFU/100ml exceeds NPS-FM limit of 540.0 - BACTERIAL CONTAMINATION DETECTED,ALERT
2026-05-05 17:03:17,aquanet/alerts,ALERT TURBIDITY: 45.0 NTU exceeds 5.0 NTU - TREATMENT REQUIRED,ALERT
2026-05-05 17:03:17,aquanet/alerts,ALERT PRESSURE HIGH: 5.36 bar exceeds 4.0 bar - PIPE BURST RISK,ALERT
2026-05-05 17:03:27,aquanet/water/turbidity,10.0,ALERT - Turbidity 10.0 NTU exceeds 5.0
2026-05-05 17:03:27,aquanet/water/ecoli,750.0,ALERT - E.coli 750.0 CFU/100ml exceeds 540.0
2026-05-05 17:03:27,aquanet/water/ph,7.13,OK
2026-05-05 17:03:27,aquanet/water/nitrate,0.28,OK
2026-05-05 17:03:27,aquanet/hydraulic/pressure,2.89,OK
2026-05-05 17:03:27,aquanet/hydraulic/flowrate,94.8,OK
2026-05-05 17:03:27,aquanet/alerts,ALERT E.COLI: 750.0 CFU/100ml exceeds NPS-FM limit of 540.0 - BACTERIAL CONTAMINATION DETECTED,ALERT
2026-05-05 17:03:27,aquanet/alerts,ALERT TURBIDITY: 10.0 NTU exceeds 5.0 NTU - TREATMENT REQUIRED,ALERT
2026-05-05 17:03:37,aquanet/water/turbidity,6.6,ALERT - Turbidity 6.6 NTU exceeds 5.0
2026-05-05 17:03:37,aquanet/water/ecoli,540.0,OK
2026-05-05 17:03:37,aquanet/water/ph,7.11,OK
2026-05-05 17:03:37,aquanet/water/nitrate,0.33,OK
2026-05-05 17:03:37,aquanet/hydraulic/pressure,5.13,ALERT - Pressure 5.13 bar exceeds 5.0
2026-05-05 17:03:37,aquanet/hydraulic/flowrate,90.2,OK
2026-05-05 17:03:37,aquanet/alerts,ALERT TURBIDITY: 6.6 NTU exceeds 5.0 NTU - TREATMENT REQUIRED,ALERT
2026-05-05 17:03:37,aquanet/alerts,ALERT PRESSURE HIGH: 5.13 bar exceeds 4.0 bar - PIPE BURST RISK,ALERT
2026-05-05 17:03:47,aquanet/water/turbidity,9.3,ALERT - Turbidity 9.3 NTU exceeds 5.0
2026-05-05 17:03:47,aquanet/water/ecoli,460.0,OK
2026-05-05 17:03:47,aquanet/water/ph,7.12,OK
2026-05-05 17:03:47,aquanet/water/nitrate,0.27,OK
2026-05-05 17:03:47,aquanet/hydraulic/pressure,5.34,ALERT - Pressure 5.34 bar exceeds 5.0
2026-05-05 17:03:47,aquanet/hydraulic/flowrate,93.8,OK
2026-05-05 17:03:47,aquanet/alerts,ALERT TURBIDITY: 9.3 NTU exceeds 5.0 NTU - TREATMENT REQUIRED,ALERT
2026-05-05 17:03:47,aquanet/alerts,ALERT PRESSURE HIGH: 5.34 bar exceeds 4.0 bar - PIPE BURST RISK,ALERT
2026-05-05 17:03:57,aquanet/water/turbidity,10.7,ALERT - Turbidity 10.7 NTU exceeds 5.0
2026-05-05 17:03:57,aquanet/water/ecoli,500.0,OK
2026-05-05 17:03:57,aquanet/water/ph,7.2,OK
2026-05-05 17:03:57,aquanet/water/nitrate,0.3,OK
2026-05-05 17:03:57,aquanet/hydraulic/pressure,4.66,OK
2026-05-05 17:03:57,aquanet/hydraulic/flowrate,76.5,OK
2026-05-05 17:03:57,aquanet/alerts,ALERT TURBIDITY: 10.7 NTU exceeds 5.0 NTU - TREATMENT REQUIRED,ALERT
2026-05-05 17:03:57,aquanet/alerts,ALERT PRESSURE HIGH: 4.66 bar exceeds 4.0 bar - PIPE BURST RISK,ALERT
2026-05-05 17:04:07,aquanet/water/turbidity,13.7,ALERT - Turbidity 13.7 NTU exceeds 5.0
2026-05-05 17:04:07,aquanet/water/ecoli,1100.0,ALERT - E.coli 1100.0 CFU/100ml exceeds 540.0
2026-05-05 17:04:07,aquanet/water/ph,7.12,OK
2026-05-05 17:04:07,aquanet/water/nitrate,0.4,OK
2026-05-05 17:04:07,aquanet/hydraulic/pressure,5.15,ALERT - Pressure 5.15 bar exceeds 5.0
2026-05-05 17:04:07,aquanet/hydraulic/flowrate,74.9,OK
2026-05-05 17:04:07,aquanet/alerts,ALERT E.COLI: 1100.0 CFU/100ml exceeds NPS-FM limit of 540.0 - BACTERIAL CONTAMINATION DETECTED,ALERT
2026-05-05 17:04:07,aquanet/alerts,ALERT TURBIDITY: 13.7 NTU exceeds 5.0 NTU - TREATMENT REQUIRED,ALERT
2026-05-05 17:04:07,aquanet/alerts,ALERT PRESSURE HIGH: 5.15 bar exceeds 4.0 bar - PIPE BURST RISK,ALERT
2026-05-05 17:04:17,aquanet/water/turbidity,10.2,ALERT - Turbidity 10.2 NTU exceeds 5.0
2026-05-05 17:04:17,aquanet/water/ecoli,500.0,OK
2026-05-05 17:04:17,aquanet/water/ph,6.96,OK
2026-05-05 17:04:17,aquanet/water/nitrate,0.34,OK
2026-05-05 17:04:17,aquanet/hydraulic/pressure,5.41,ALERT - Pressure 5.41 bar exceeds 5.0
2026-05-05 17:04:17,aquanet/hydraulic/flowrate,91.4,OK
2026-05-05 17:04:17,aquanet/alerts,ALERT TURBIDITY: 10.2 NTU exceeds 5.0 NTU - TREATMENT REQUIRED,ALERT
2026-05-05 17:04:17,aquanet/alerts,ALERT PRESSURE HIGH: 5.41 bar exceeds 4.0 bar - PIPE BURST RISK,ALERT
2026-05-05 17:04:27,aquanet/water/turbidity,10.3,ALERT - Turbidity 10.3 NTU exceeds 5.0
2026-05-05 17:04:27,aquanet/water/ecoli,1000.0,ALERT - E.coli 1000.0 CFU/100ml exceeds 540.0
2026-05-05 17:04:27,aquanet/water/ph,7.18,OK
2026-05-05 17:04:27,aquanet/water/nitrate,0.45,OK
2026-05-05 17:04:27,aquanet/hydraulic/pressure,4.67,OK
2026-05-05 17:04:27,aquanet/hydraulic/flowrate,92.9,OK
2026-05-05 17:04:27,aquanet/alerts,ALERT E.COLI: 1000.0 CFU/100ml exceeds NPS-FM limit of 540.0 - BACTERIAL CONTAMINATION DETECTED,ALERT
2026-05-05 17:04:27,aquanet/alerts,ALERT TURBIDITY: 10.3 NTU exceeds 5.0 NTU - TREATMENT REQUIRED,ALERT
2026-05-05 17:04:27,aquanet/alerts,ALERT PRESSURE HIGH: 4.67 bar exceeds 4.0 bar - PIPE BURST RISK,ALERT
2026-05-05 17:04:37,aquanet/water/turbidity,9.1,ALERT - Turbidity 9.1 NTU exceeds 5.0
2026-05-05 17:04:37,aquanet/water/ecoli,6000.0,ALERT - E.coli 6000.0 CFU/100ml exceeds 540.0
2026-05-05 17:04:37,aquanet/water/ph,7.15,OK
2026-05-05 17:04:37,aquanet/water/nitrate,0.43,OK
2026-05-05 17:04:37,aquanet/hydraulic/pressure,5.49,ALERT - Pressure 5.49 bar exceeds 5.0
2026-05-05 17:04:37,aquanet/hydraulic/flowrate,73.9,OK
2026-05-05 17:04:37,aquanet/alerts,ALERT E.COLI: 6000.0 CFU/100ml exceeds NPS-FM limit of 540.0 - BACTERIAL CONTAMINATION DETECTED,ALERT
2026-05-05 17:04:37,aquanet/alerts,ALERT TURBIDITY: 9.1 NTU exceeds 5.0 NTU - TREATMENT REQUIRED,ALERT
2026-05-05 17:04:37,aquanet/alerts,ALERT PRESSURE HIGH: 5.49 bar exceeds 4.0 bar - PIPE BURST RISK,ALERT
2026-05-05 17:04:47,aquanet/water/turbidity,15.6,ALERT - Turbidity 15.6 NTU exceeds 5.0
2026-05-05 17:04:47,aquanet/water/ecoli,2500.0,ALERT - E.coli 2500.0 CFU/100ml exceeds 540.0
2026-05-05 17:04:47,aquanet/water/ph,7.09,OK
2026-05-05 17:04:47,aquanet/water/nitrate,0.54,OK
2026-05-05 17:04:47,aquanet/hydraulic/pressure,5.58,ALERT - Pressure 5.58 bar exceeds 5.0
2026-05-05 17:04:47,aquanet/hydraulic/flowrate,96.1,OK
2026-05-05 17:04:47,aquanet/alerts,ALERT E.COLI: 2500.0 CFU/100ml exceeds NPS-FM limit of 540.0 - BACTERIAL CONTAMINATION DETECTED,ALERT
2026-05-05 17:04:47,aquanet/alerts,ALERT TURBIDITY: 15.6 NTU exceeds 5.0 NTU - TREATMENT REQUIRED,ALERT
2026-05-05 17:04:47,aquanet/alerts,ALERT PRESSURE HIGH: 5.58 bar exceeds 4.0 bar - PIPE BURST RISK,ALERT
2026-05-05 17:04:57,aquanet/water/turbidity,22.0,ALERT - Turbidity 22.0 NTU exceeds 5.0
2026-05-05 17:04:57,aquanet/water/ecoli,2900.0,ALERT - E.coli 2900.0 CFU/100ml exceeds 540.0
2026-05-05 17:04:57,aquanet/water/ph,7.33,OK
2026-05-05 17:04:57,aquanet/water/nitrate,0.42,OK
2026-05-05 17:04:57,aquanet/hydraulic/pressure,3.35,OK
2026-05-05 17:04:57,aquanet/hydraulic/flowrate,94.5,OK
2026-05-05 17:04:57,aquanet/alerts,ALERT E.COLI: 2900.0 CFU/100ml exceeds NPS-FM limit of 540.0 - BACTERIAL CONTAMINATION DETECTED,ALERT
2026-05-05 17:04:57,aquanet/alerts,ALERT TURBIDITY: 22.0 NTU exceeds 5.0 NTU - TREATMENT REQUIRED,ALERT
2026-05-05 17:05:07,aquanet/water/turbidity,9.7,ALERT - Turbidity 9.7 NTU exceeds 5.0
2026-05-05 17:05:07,aquanet/water/ecoli,500.0,OK
2026-05-05 17:05:07,aquanet/water/ph,7.33,OK
2026-05-05 17:05:07,aquanet/water/nitrate,0.33,OK
2026-05-05 17:05:07,aquanet/hydraulic/pressure,5.68,ALERT - Pressure 5.68 bar exceeds 5.0
2026-05-05 17:05:07,aquanet/hydraulic/flowrate,83.9,OK
2026-05-05 17:05:07,aquanet/alerts,ALERT TURBIDITY: 9.7 NTU exceeds 5.0 NTU - TREATMENT REQUIRED,ALERT
2026-05-05 17:05:07,aquanet/alerts,ALERT PRESSURE HIGH: 5.68 bar exceeds 4.0 bar - PIPE BURST RISK,ALERT
2026-05-05 17:05:17,aquanet/water/turbidity,8.0,ALERT - Turbidity 8.0 NTU exceeds 5.0
2026-05-05 17:05:17,aquanet/water/ecoli,1700.0,ALERT - E.coli 1700.0 CFU/100ml exceeds 540.0
2026-05-05 17:05:17,aquanet/water/ph,6.91,OK
2026-05-05 17:05:17,aquanet/water/nitrate,0.3,OK
2026-05-05 17:05:17,aquanet/hydraulic/pressure,5.25,ALERT - Pressure 5.25 bar exceeds 5.0
2026-05-05 17:05:17,aquanet/hydraulic/flowrate,91.2,OK
2026-05-05 17:05:17,aquanet/alerts,ALERT E.COLI: 1700.0 CFU/100ml exceeds NPS-FM limit of 540.0 - BACTERIAL CONTAMINATION DETECTED,ALERT
2026-05-05 17:05:17,aquanet/alerts,ALERT TURBIDITY: 8.0 NTU exceeds 5.0 NTU - TREATMENT REQUIRED,ALERT
2026-05-05 17:05:17,aquanet/alerts,ALERT PRESSURE HIGH: 5.25 bar exceeds 4.0 bar - PIPE BURST RISK,ALERT
2026-05-05 17:05:27,aquanet/water/turbidity,9.6,ALERT - Turbidity 9.6 NTU exceeds 5.0
2026-05-05 17:05:27,aquanet/water/ecoli,600.0,ALERT - E.coli 600.0 CFU/100ml exceeds 540.0
2026-05-05 17:05:27,aquanet/water/ph,6.88,OK
2026-05-05 17:05:27,aquanet/water/nitrate,0.26,OK
2026-05-05 17:05:27,aquanet/hydraulic/pressure,5.37,ALERT - Pressure 5.37 bar exceeds 5.0
2026-05-05 17:05:27,aquanet/hydraulic/flowrate,84.2,OK
2026-05-05 17:05:27,aquanet/alerts,ALERT E.COLI: 600.0 CFU/100ml exceeds NPS-FM limit of 540.0 - BACTERIAL CONTAMINATION DETECTED,ALERT
2026-05-05 17:05:27,aquanet/alerts,ALERT TURBIDITY: 9.6 NTU exceeds 5.0 NTU - TREATMENT REQUIRED,ALERT
2026-05-05 17:05:27,aquanet/alerts,ALERT PRESSURE HIGH: 5.37 bar exceeds 4.0 bar - PIPE BURST RISK,ALERT
2026-05-05 17:05:38,aquanet/water/turbidity,11.3,ALERT - Turbidity 11.3 NTU exceeds 5.0
2026-05-05 17:05:38,aquanet/water/ecoli,260.0,OK
2026-05-05 17:05:38,aquanet/water/ph,7.36,OK
2026-05-05 17:05:38,aquanet/water/nitrate,0.31,OK
2026-05-05 17:05:38,aquanet/hydraulic/pressure,5.05,ALERT - Pressure 5.05 bar exceeds 5.0
2026-05-05 17:05:38,aquanet/hydraulic/flowrate,77.6,OK
2026-05-05 17:05:38,aquanet/alerts,ALERT TURBIDITY: 11.3 NTU exceeds 5.0 NTU - TREATMENT REQUIRED,ALERT
2026-05-05 17:05:38,aquanet/alerts,ALERT PRESSURE HIGH: 5.05 bar exceeds 4.0 bar - PIPE BURST RISK,ALERT
2026-05-05 17:05:48,aquanet/water/turbidity,10.6,ALERT - Turbidity 10.6 NTU exceeds 5.0
2026-05-05 17:05:48,aquanet/water/ecoli,1100.0,ALERT - E.coli 1100.0 CFU/100ml exceeds 540.0
2026-05-05 17:05:48,aquanet/water/ph,7.57,OK
2026-05-05 17:05:48,aquanet/water/nitrate,0.118,OK
2026-05-05 17:05:48,aquanet/hydraulic/pressure,4.91,OK
2026-05-05 17:05:48,aquanet/hydraulic/flowrate,75.3,OK
2026-05-05 17:05:48,aquanet/alerts,ALERT E.COLI: 1100.0 CFU/100ml exceeds NPS-FM limit of 540.0 - BACTERIAL CONTAMINATION DETECTED,ALERT
2026-05-05 17:05:48,aquanet/alerts,ALERT TURBIDITY: 10.6 NTU exceeds 5.0 NTU - TREATMENT REQUIRED,ALERT
2026-05-05 17:05:48,aquanet/alerts,ALERT PRESSURE HIGH: 4.91 bar exceeds 4.0 bar - PIPE BURST RISK,ALERT
2026-05-05 17:05:58,aquanet/water/turbidity,12.0,ALERT - Turbidity 12.0 NTU exceeds 5.0
2026-05-05 17:05:58,aquanet/water/ecoli,400.0,OK
2026-05-05 17:05:58,aquanet/water/ph,7.58,OK
2026-05-05 17:05:58,aquanet/water/nitrate,0.137,OK
2026-05-05 17:05:58,aquanet/hydraulic/pressure,5.4,ALERT - Pressure 5.4 bar exceeds 5.0
2026-05-05 17:05:58,aquanet/hydraulic/flowrate,90.7,OK
2026-05-05 17:05:58,aquanet/alerts,ALERT TURBIDITY: 12.0 NTU exceeds 5.0 NTU - TREATMENT REQUIRED,ALERT
2026-05-05 17:05:58,aquanet/alerts,ALERT PRESSURE HIGH: 5.4 bar exceeds 4.0 bar - PIPE BURST RISK,ALERT
2026-05-05 17:06:08,aquanet/water/turbidity,14.0,ALERT - Turbidity 14.0 NTU exceeds 5.0
2026-05-05 17:06:08,aquanet/water/ecoli,1400.0,ALERT - E.coli 1400.0 CFU/100ml exceeds 540.0
2026-05-05 17:06:08,aquanet/water/ph,7.18,OK
2026-05-05 17:06:08,aquanet/water/nitrate,0.108,OK
2026-05-05 17:06:08,aquanet/hydraulic/pressure,5.06,ALERT - Pressure 5.06 bar exceeds 5.0
2026-05-05 17:06:08,aquanet/hydraulic/flowrate,93.3,OK
2026-05-05 17:06:08,aquanet/alerts,ALERT E.COLI: 1400.0 CFU/100ml exceeds NPS-FM limit of 540.0 - BACTERIAL CONTAMINATION DETECTED,ALERT
2026-05-05 17:06:08,aquanet/alerts,ALERT TURBIDITY: 14.0 NTU exceeds 5.0 NTU - TREATMENT REQUIRED,ALERT
2026-05-05 17:06:08,aquanet/alerts,ALERT PRESSURE HIGH: 5.06 bar exceeds 4.0 bar - PIPE BURST RISK,ALERT
2026-05-05 17:06:18,aquanet/water/turbidity,8.3,ALERT - Turbidity 8.3 NTU exceeds 5.0
2026-05-05 17:06:18,aquanet/water/ecoli,800.0,ALERT - E.coli 800.0 CFU/100ml exceeds 540.0
2026-05-05 17:06:18,aquanet/water/ph,7.25,OK
2026-05-05 17:06:18,aquanet/water/nitrate,0.121,OK
2026-05-05 17:06:18,aquanet/hydraulic/pressure,5.47,ALERT - Pressure 5.47 bar exceeds 5.0
2026-05-05 17:06:18,aquanet/hydraulic/flowrate,78.9,OK
2026-05-05 17:06:18,aquanet/alerts,ALERT E.COLI: 800.0 CFU/100ml exceeds NPS-FM limit of 540.0 - BACTERIAL CONTAMINATION DETECTED,ALERT
2026-05-05 17:06:18,aquanet/alerts,ALERT TURBIDITY: 8.3 NTU exceeds 5.0 NTU - TREATMENT REQUIRED,ALERT
2026-05-05 17:06:18,aquanet/alerts,ALERT PRESSURE HIGH: 5.47 bar exceeds 4.0 bar - PIPE BURST RISK,ALERT
2026-05-05 17:06:28,aquanet/water/turbidity,12.4,ALERT - Turbidity 12.4 NTU exceeds 5.0
2026-05-05 17:06:28,aquanet/water/ecoli,3600.0,ALERT - E.coli 3600.0 CFU/100ml exceeds 540.0
2026-05-05 17:06:28,aquanet/water/ph,7.59,OK
2026-05-05 17:06:28,aquanet/water/nitrate,0.9,OK
2026-05-05 17:06:28,aquanet/hydraulic/pressure,5.18,ALERT - Pressure 5.18 bar exceeds 5.0
2026-05-05 17:06:28,aquanet/hydraulic/flowrate,76.0,OK
2026-05-05 17:06:28,aquanet/alerts,ALERT E.COLI: 3600.0 CFU/100ml exceeds NPS-FM limit of 540.0 - BACTERIAL CONTAMINATION DETECTED,ALERT
2026-05-05 17:06:28,aquanet/alerts,ALERT TURBIDITY: 12.4 NTU exceeds 5.0 NTU - TREATMENT REQUIRED,ALERT
2026-05-05 17:06:28,aquanet/alerts,ALERT PRESSURE HIGH: 5.18 bar exceeds 4.0 bar - PIPE BURST RISK,ALERT
2026-05-05 17:06:38,aquanet/water/turbidity,12.7,ALERT - Turbidity 12.7 NTU exceeds 5.0
2026-05-05 17:06:38,aquanet/water/ecoli,2900.0,ALERT - E.coli 2900.0 CFU/100ml exceeds 540.0
2026-05-05 17:06:38,aquanet/water/ph,7.02,OK
2026-05-05 17:06:38,aquanet/water/nitrate,1.04,OK
2026-05-05 17:06:38,aquanet/hydraulic/pressure,4.83,OK
2026-05-05 17:06:38,aquanet/hydraulic/flowrate,88.0,OK
2026-05-05 17:06:38,aquanet/alerts,ALERT E.COLI: 2900.0 CFU/100ml exceeds NPS-FM limit of 540.0 - BACTERIAL CONTAMINATION DETECTED,ALERT
2026-05-05 17:06:38,aquanet/alerts,ALERT TURBIDITY: 12.7 NTU exceeds 5.0 NTU - TREATMENT REQUIRED,ALERT
2026-05-05 17:06:38,aquanet/alerts,ALERT PRESSURE HIGH: 4.83 bar exceeds 4.0 bar - PIPE BURST RISK,ALERT
2026-05-05 17:06:48,aquanet/water/turbidity,17.7,ALERT - Turbidity 17.7 NTU exceeds 5.0
2026-05-05 17:06:48,aquanet/water/ecoli,41000.0,ALERT - E.coli 41000.0 CFU/100ml exceeds 540.0
2026-05-05 17:06:48,aquanet/water/ph,7.18,OK
2026-05-05 17:06:48,aquanet/water/nitrate,0.49,OK
2026-05-05 17:06:48,aquanet/hydraulic/pressure,4.98,OK
2026-05-05 17:06:48,aquanet/hydraulic/flowrate,80.9,OK
2026-05-05 17:06:48,aquanet/alerts,ALERT E.COLI: 41000.0 CFU/100ml exceeds NPS-FM limit of 540.0 - BACTERIAL CONTAMINATION DETECTED,ALERT
2026-05-05 17:06:48,aquanet/alerts,ALERT TURBIDITY: 17.7 NTU exceeds 5.0 NTU - TREATMENT REQUIRED,ALERT
2026-05-05 17:06:48,aquanet/alerts,ALERT PRESSURE HIGH: 4.98 bar exceeds 4.0 bar - PIPE BURST RISK,ALERT
2026-05-05 17:06:58,aquanet/water/turbidity,9.7,ALERT - Turbidity 9.7 NTU exceeds 5.0
2026-05-05 17:06:58,aquanet/water/ecoli,2200.0,ALERT - E.coli 2200.0 CFU/100ml exceeds 540.0
2026-05-05 17:06:58,aquanet/water/ph,7.36,OK
2026-05-05 17:06:58,aquanet/water/nitrate,0.28,OK
2026-05-05 17:06:58,aquanet/hydraulic/pressure,4.55,OK
2026-05-05 17:06:58,aquanet/hydraulic/flowrate,82.2,OK
2026-05-05 17:06:58,aquanet/alerts,ALERT E.COLI: 2200.0 CFU/100ml exceeds NPS-FM limit of 540.0 - BACTERIAL CONTAMINATION DETECTED,ALERT
2026-05-05 17:06:58,aquanet/alerts,ALERT TURBIDITY: 9.7 NTU exceeds 5.0 NTU - TREATMENT REQUIRED,ALERT
2026-05-05 17:06:58,aquanet/alerts,ALERT PRESSURE HIGH: 4.55 bar exceeds 4.0 bar - PIPE BURST RISK,ALERT
2026-05-05 17:07:08,aquanet/water/turbidity,31.0,ALERT - Turbidity 31.0 NTU exceeds 5.0
2026-05-05 17:07:08,aquanet/water/ecoli,10.0,OK
2026-05-05 17:07:08,aquanet/water/ph,7.19,OK
2026-05-05 17:07:08,aquanet/water/nitrate,0.32,OK
2026-05-05 17:07:08,aquanet/hydraulic/pressure,4.97,OK
2026-05-05 17:07:08,aquanet/hydraulic/flowrate,76.2,OK
2026-05-05 17:07:08,aquanet/alerts,ALERT TURBIDITY: 31.0 NTU exceeds 5.0 NTU - TREATMENT REQUIRED,ALERT
2026-05-05 17:07:08,aquanet/alerts,ALERT PRESSURE HIGH: 4.97 bar exceeds 4.0 bar - PIPE BURST RISK,ALERT
2026-05-05 17:07:18,aquanet/water/turbidity,11.3,ALERT - Turbidity 11.3 NTU exceeds 5.0
2026-05-05 17:07:18,aquanet/water/ecoli,900.0,ALERT - E.coli 900.0 CFU/100ml exceeds 540.0
2026-05-05 17:07:18,aquanet/water/ph,7.04,OK
2026-05-05 17:07:18,aquanet/water/nitrate,0.53,OK
2026-05-05 17:07:18,aquanet/hydraulic/pressure,5.64,ALERT - Pressure 5.64 bar exceeds 5.0
2026-05-05 17:07:18,aquanet/hydraulic/flowrate,98.5,OK
2026-05-05 17:07:18,aquanet/alerts,ALERT E.COLI: 900.0 CFU/100ml exceeds NPS-FM limit of 540.0 - BACTERIAL CONTAMINATION DETECTED,ALERT
2026-05-05 17:07:18,aquanet/alerts,ALERT TURBIDITY: 11.3 NTU exceeds 5.0 NTU - TREATMENT REQUIRED,ALERT
2026-05-05 17:07:18,aquanet/alerts,ALERT PRESSURE HIGH: 5.64 bar exceeds 4.0 bar - PIPE BURST RISK,ALERT
2026-05-05 17:07:28,aquanet/water/turbidity,5.3,ALERT - Turbidity 5.3 NTU exceeds 5.0
2026-05-05 17:07:28,aquanet/water/ecoli,500.0,OK
2026-05-05 17:07:28,aquanet/water/ph,7.12,OK
2026-05-05 17:07:28,aquanet/water/nitrate,0.2,OK
2026-05-05 17:07:28,aquanet/hydraulic/pressure,4.87,OK
2026-05-05 17:07:28,aquanet/hydraulic/flowrate,90.5,OK
2026-05-05 17:07:28,aquanet/alerts,ALERT TURBIDITY: 5.3 NTU exceeds 5.0 NTU - TREATMENT REQUIRED,ALERT
2026-05-05 17:07:28,aquanet/alerts,ALERT PRESSURE HIGH: 4.87 bar exceeds 4.0 bar - PIPE BURST RISK,ALERT
2026-05-05 17:07:38,aquanet/water/turbidity,7.5,ALERT - Turbidity 7.5 NTU exceeds 5.0
2026-05-05 17:07:38,aquanet/water/ecoli,240.0,OK
2026-05-05 17:07:38,aquanet/water/ph,7.03,OK
2026-05-05 17:07:38,aquanet/water/nitrate,0.21,OK
2026-05-05 17:07:38,aquanet/hydraulic/pressure,4.77,OK
2026-05-05 17:07:38,aquanet/hydraulic/flowrate,91.5,OK
2026-05-05 17:07:38,aquanet/alerts,ALERT TURBIDITY: 7.5 NTU exceeds 5.0 NTU - TREATMENT REQUIRED,ALERT
2026-05-05 17:07:38,aquanet/alerts,ALERT PRESSURE HIGH: 4.77 bar exceeds 4.0 bar - PIPE BURST RISK,ALERT
2026-05-05 17:07:48,aquanet/water/turbidity,14.0,ALERT - Turbidity 14.0 NTU exceeds 5.0
2026-05-05 17:07:48,aquanet/water/ecoli,500.0,OK
2026-05-05 17:07:48,aquanet/water/ph,7.12,OK
2026-05-05 17:07:48,aquanet/water/nitrate,0.179,OK
2026-05-05 17:07:48,aquanet/hydraulic/pressure,4.97,OK
2026-05-05 17:07:48,aquanet/hydraulic/flowrate,80.2,OK
2026-05-05 17:07:48,aquanet/alerts,ALERT TURBIDITY: 14.0 NTU exceeds 5.0 NTU - TREATMENT REQUIRED,ALERT
2026-05-05 17:07:48,aquanet/alerts,ALERT PRESSURE HIGH: 4.97 bar exceeds 4.0 bar - PIPE BURST RISK,ALERT
2026-05-05 17:07:58,aquanet/water/turbidity,13.2,ALERT - Turbidity 13.2 NTU exceeds 5.0
2026-05-05 17:07:58,aquanet/water/ecoli,600.0,ALERT - E.coli 600.0 CFU/100ml exceeds 540.0
2026-05-05 17:07:58,aquanet/water/ph,6.96,OK
2026-05-05 17:07:58,aquanet/water/nitrate,0.22,OK
2026-05-05 17:07:58,aquanet/hydraulic/pressure,5.45,ALERT - Pressure 5.45 bar exceeds 5.0
2026-05-05 17:07:58,aquanet/hydraulic/flowrate,97.3,OK
2026-05-05 17:07:58,aquanet/alerts,ALERT E.COLI: 600.0 CFU/100ml exceeds NPS-FM limit of 540.0 - BACTERIAL CONTAMINATION DETECTED,ALERT
2026-05-05 17:07:58,aquanet/alerts,ALERT TURBIDITY: 13.2 NTU exceeds 5.0 NTU - TREATMENT REQUIRED,ALERT
2026-05-05 17:07:58,aquanet/alerts,ALERT PRESSURE HIGH: 5.45 bar exceeds 4.0 bar - PIPE BURST RISK,ALERT
2026-05-05 17:08:08,aquanet/water/turbidity,7.6,ALERT - Turbidity 7.6 NTU exceeds 5.0
2026-05-05 17:08:08,aquanet/water/ecoli,1900.0,ALERT - E.coli 1900.0 CFU/100ml exceeds 540.0
2026-05-05 17:08:08,aquanet/water/ph,7.03,OK
2026-05-05 17:08:08,aquanet/water/nitrate,0.094,OK
2026-05-05 17:08:08,aquanet/hydraulic/pressure,5.76,ALERT - Pressure 5.76 bar exceeds 5.0
2026-05-05 17:08:08,aquanet/hydraulic/flowrate,87.5,OK
2026-05-05 17:08:08,aquanet/alerts,ALERT E.COLI: 1900.0 CFU/100ml exceeds NPS-FM limit of 540.0 - BACTERIAL CONTAMINATION DETECTED,ALERT
2026-05-05 17:08:08,aquanet/alerts,ALERT TURBIDITY: 7.6 NTU exceeds 5.0 NTU - TREATMENT REQUIRED,ALERT
2026-05-05 17:08:08,aquanet/alerts,ALERT PRESSURE HIGH: 5.76 bar exceeds 4.0 bar - PIPE BURST RISK,ALERT
2026-05-05 17:08:18,aquanet/water/turbidity,10.0,ALERT - Turbidity 10.0 NTU exceeds 5.0
2026-05-05 17:08:18,aquanet/water/ecoli,400.0,OK
2026-05-05 17:08:18,aquanet/water/ph,6.91,OK
2026-05-05 17:08:18,aquanet/water/nitrate,0.48,OK
2026-05-05 17:08:18,aquanet/hydraulic/pressure,5.11,ALERT - Pressure 5.11 bar exceeds 5.0
2026-05-05 17:08:18,aquanet/hydraulic/flowrate,97.8,OK
2026-05-05 17:08:18,aquanet/alerts,ALERT TURBIDITY: 10.0 NTU exceeds 5.0 NTU - TREATMENT REQUIRED,ALERT
2026-05-05 17:08:18,aquanet/alerts,ALERT PRESSURE HIGH: 5.11 bar exceeds 4.0 bar - PIPE BURST RISK,ALERT
2026-05-05 17:08:28,aquanet/water/turbidity,10.8,ALERT - Turbidity 10.8 NTU exceeds 5.0
2026-05-05 17:08:28,aquanet/water/ecoli,5000.0,ALERT - E.coli 5000.0 CFU/100ml exceeds 540.0
2026-05-05 17:08:28,aquanet/water/ph,6.61,OK
2026-05-05 17:08:28,aquanet/water/nitrate,0.28,OK
2026-05-05 17:08:28,aquanet/hydraulic/pressure,5.12,ALERT - Pressure 5.12 bar exceeds 5.0
2026-05-05 17:08:28,aquanet/hydraulic/flowrate,87.1,OK
2026-05-05 17:08:28,aquanet/alerts,ALERT E.COLI: 5000.0 CFU/100ml exceeds NPS-FM limit of 540.0 - BACTERIAL CONTAMINATION DETECTED,ALERT
2026-05-05 17:08:28,aquanet/alerts,ALERT TURBIDITY: 10.8 NTU exceeds 5.0 NTU - TREATMENT REQUIRED,ALERT
2026-05-05 17:08:28,aquanet/alerts,ALERT PRESSURE HIGH: 5.12 bar exceeds 4.0 bar - PIPE BURST RISK,ALERT
2026-05-05 17:08:38,aquanet/water/turbidity,7.8,ALERT - Turbidity 7.8 NTU exceeds 5.0
2026-05-05 17:08:38,aquanet/water/ecoli,2300.0,ALERT - E.coli 2300.0 CFU/100ml exceeds 540.0
2026-05-05 17:08:38,aquanet/water/ph,6.89,OK
2026-05-05 17:08:38,aquanet/water/nitrate,0.58,OK
2026-05-05 17:08:38,aquanet/hydraulic/pressure,5.13,ALERT - Pressure 5.13 bar exceeds 5.0
2026-05-05 17:08:38,aquanet/hydraulic/flowrate,96.9,OK
2026-05-05 17:08:38,aquanet/alerts,ALERT E.COLI: 2300.0 CFU/100ml exceeds NPS-FM limit of 540.0 - BACTERIAL CONTAMINATION DETECTED,ALERT
2026-05-05 17:08:38,aquanet/alerts,ALERT TURBIDITY: 7.8 NTU exceeds 5.0 NTU - TREATMENT REQUIRED,ALERT
2026-05-05 17:08:38,aquanet/alerts,ALERT PRESSURE HIGH: 5.13 bar exceeds 4.0 bar - PIPE BURST RISK,ALERT
2026-05-05 17:08:48,aquanet/water/turbidity,10.3,ALERT - Turbidity 10.3 NTU exceeds 5.0
2026-05-05 17:08:48,aquanet/water/ecoli,2900.0,ALERT - E.coli 2900.0 CFU/100ml exceeds 540.0
2026-05-05 17:08:48,aquanet/water/ph,7.31,OK
2026-05-05 17:08:48,aquanet/water/nitrate,0.53,OK
2026-05-05 17:08:48,aquanet/hydraulic/pressure,5.08,ALERT - Pressure 5.08 bar exceeds 5.0
2026-05-05 17:08:48,aquanet/hydraulic/flowrate,93.0,OK
2026-05-05 17:08:48,aquanet/alerts,ALERT E.COLI: 2900.0 CFU/100ml exceeds NPS-FM limit of 540.0 - BACTERIAL CONTAMINATION DETECTED,ALERT
2026-05-05 17:08:48,aquanet/alerts,ALERT TURBIDITY: 10.3 NTU exceeds 5.0 NTU - TREATMENT REQUIRED,ALERT
2026-05-05 17:08:48,aquanet/alerts,ALERT PRESSURE HIGH: 5.08 bar exceeds 4.0 bar - PIPE BURST RISK,ALERT
2026-05-05 17:08:58,aquanet/water/turbidity,11.6,ALERT - Turbidity 11.6 NTU exceeds 5.0
2026-05-05 17:08:58,aquanet/water/ecoli,1500.0,ALERT - E.coli 1500.0 CFU/100ml exceeds 540.0
2026-05-05 17:08:58,aquanet/water/ph,6.97,OK
2026-05-05 17:08:58,aquanet/water/nitrate,0.69,OK
2026-05-05 17:08:58,aquanet/hydraulic/pressure,3.04,OK
2026-05-05 17:08:58,aquanet/hydraulic/flowrate,83.7,OK
2026-05-05 17:08:58,aquanet/alerts,ALERT E.COLI: 1500.0 CFU/100ml exceeds NPS-FM limit of 540.0 - BACTERIAL CONTAMINATION DETECTED,ALERT
2026-05-05 17:08:58,aquanet/alerts,ALERT TURBIDITY: 11.6 NTU exceeds 5.0 NTU - TREATMENT REQUIRED,ALERT
2026-05-05 17:09:08,aquanet/water/turbidity,12.3,ALERT - Turbidity 12.3 NTU exceeds 5.0
2026-05-05 17:09:08,aquanet/water/ecoli,2200.0,ALERT - E.coli 2200.0 CFU/100ml exceeds 540.0
2026-05-05 17:09:08,aquanet/water/ph,6.85,OK
2026-05-05 17:09:08,aquanet/water/nitrate,0.53,OK
2026-05-05 17:09:08,aquanet/hydraulic/pressure,5.55,ALERT - Pressure 5.55 bar exceeds 5.0
2026-05-05 17:09:08,aquanet/hydraulic/flowrate,82.8,OK
2026-05-05 17:09:08,aquanet/alerts,ALERT E.COLI: 2200.0 CFU/100ml exceeds NPS-FM limit of 540.0 - BACTERIAL CONTAMINATION DETECTED,ALERT
2026-05-05 17:09:08,aquanet/alerts,ALERT TURBIDITY: 12.3 NTU exceeds 5.0 NTU - TREATMENT REQUIRED,ALERT
2026-05-05 17:09:08,aquanet/alerts,ALERT PRESSURE HIGH: 5.55 bar exceeds 4.0 bar - PIPE BURST RISK,ALERT
2026-05-05 17:09:18,aquanet/water/turbidity,9.5,ALERT - Turbidity 9.5 NTU exceeds 5.0
2026-05-05 17:09:18,aquanet/water/ecoli,1000.0,ALERT - E.coli 1000.0 CFU/100ml exceeds 540.0
2026-05-05 17:09:18,aquanet/water/ph,7.17,OK
2026-05-05 17:09:18,aquanet/water/nitrate,0.57,OK
2026-05-05 17:09:18,aquanet/hydraulic/pressure,5.05,ALERT - Pressure 5.05 bar exceeds 5.0
2026-05-05 17:09:18,aquanet/hydraulic/flowrate,75.5,OK
2026-05-05 17:09:18,aquanet/alerts,ALERT E.COLI: 1000.0 CFU/100ml exceeds NPS-FM limit of 540.0 - BACTERIAL CONTAMINATION DETECTED,ALERT
2026-05-05 17:09:18,aquanet/alerts,ALERT TURBIDITY: 9.5 NTU exceeds 5.0 NTU - TREATMENT REQUIRED,ALERT
2026-05-05 17:09:18,aquanet/alerts,ALERT PRESSURE HIGH: 5.05 bar exceeds 4.0 bar - PIPE BURST RISK,ALERT
2026-05-05 17:09:28,aquanet/water/turbidity,15.5,ALERT - Turbidity 15.5 NTU exceeds 5.0
2026-05-05 17:09:28,aquanet/water/ecoli,5000.0,ALERT - E.coli 5000.0 CFU/100ml exceeds 540.0
2026-05-05 17:09:28,aquanet/water/ph,7.18,OK
2026-05-05 17:09:28,aquanet/water/nitrate,0.27,OK
2026-05-05 17:09:28,aquanet/hydraulic/pressure,5.38,ALERT - Pressure 5.38 bar exceeds 5.0
2026-05-05 17:09:28,aquanet/hydraulic/flowrate,81.1,OK
2026-05-05 17:09:28,aquanet/alerts,ALERT E.COLI: 5000.0 CFU/100ml exceeds NPS-FM limit of 540.0 - BACTERIAL CONTAMINATION DETECTED,ALERT
2026-05-05 17:09:28,aquanet/alerts,ALERT TURBIDITY: 15.5 NTU exceeds 5.0 NTU - TREATMENT REQUIRED,ALERT
2026-05-05 17:09:28,aquanet/alerts,ALERT PRESSURE HIGH: 5.38 bar exceeds 4.0 bar - PIPE BURST RISK,ALERT
2026-05-05 17:09:38,aquanet/water/turbidity,12.1,ALERT - Turbidity 12.1 NTU exceeds 5.0
2026-05-05 17:09:38,aquanet/water/ecoli,13000.0,ALERT - E.coli 13000.0 CFU/100ml exceeds 540.0
2026-05-05 17:09:38,aquanet/water/ph,7.13,OK
2026-05-05 17:09:38,aquanet/water/nitrate,0.012,OK
2026-05-05 17:09:38,aquanet/hydraulic/pressure,5.09,ALERT - Pressure 5.09 bar exceeds 5.0
2026-05-05 17:09:38,aquanet/hydraulic/flowrate,98.3,OK
2026-05-05 17:09:38,aquanet/alerts,ALERT E.COLI: 13000.0 CFU/100ml exceeds NPS-FM limit of 540.0 - BACTERIAL CONTAMINATION DETECTED,ALERT
2026-05-05 17:09:38,aquanet/alerts,ALERT TURBIDITY: 12.1 NTU exceeds 5.0 NTU - TREATMENT REQUIRED,ALERT
2026-05-05 17:09:38,aquanet/alerts,ALERT PRESSURE HIGH: 5.09 bar exceeds 4.0 bar - PIPE BURST RISK,ALERT
2026-05-05 17:09:48,aquanet/water/turbidity,13.8,ALERT - Turbidity 13.8 NTU exceeds 5.0
2026-05-05 17:09:48,aquanet/water/ecoli,300.0,OK
2026-05-05 17:09:48,aquanet/water/ph,7.05,OK
2026-05-05 17:09:48,aquanet/water/nitrate,0.45,OK
2026-05-05 17:09:48,aquanet/hydraulic/pressure,5.3,ALERT - Pressure 5.3 bar exceeds 5.0
2026-05-05 17:09:48,aquanet/hydraulic/flowrate,91.2,OK
2026-05-05 17:09:48,aquanet/alerts,ALERT TURBIDITY: 13.8 NTU exceeds 5.0 NTU - TREATMENT REQUIRED,ALERT
2026-05-05 17:09:48,aquanet/alerts,ALERT PRESSURE HIGH: 5.3 bar exceeds 4.0 bar - PIPE BURST RISK,ALERT
2026-05-05 17:09:58,aquanet/water/turbidity,14.2,ALERT - Turbidity 14.2 NTU exceeds 5.0
2026-05-05 17:09:58,aquanet/water/ecoli,700.0,ALERT - E.coli 700.0 CFU/100ml exceeds 540.0
2026-05-05 17:09:58,aquanet/water/ph,7.1,OK
2026-05-05 17:09:58,aquanet/water/nitrate,0.3,OK
2026-05-05 17:09:58,aquanet/hydraulic/pressure,4.61,OK
2026-05-05 17:09:58,aquanet/hydraulic/flowrate,88.6,OK
2026-05-05 17:09:58,aquanet/alerts,ALERT E.COLI: 700.0 CFU/100ml exceeds NPS-FM limit of 540.0 - BACTERIAL CONTAMINATION DETECTED,ALERT
2026-05-05 17:09:58,aquanet/alerts,ALERT TURBIDITY: 14.2 NTU exceeds 5.0 NTU - TREATMENT REQUIRED,ALERT
2026-05-05 17:09:58,aquanet/alerts,ALERT PRESSURE HIGH: 4.61 bar exceeds 4.0 bar - PIPE BURST RISK,ALERT
2026-05-05 17:10:08,aquanet/water/turbidity,6.8,ALERT - Turbidity 6.8 NTU exceeds 5.0
2026-05-05 17:10:08,aquanet/water/ecoli,1600.0,ALERT - E.coli 1600.0 CFU/100ml exceeds 540.0
2026-05-05 17:10:08,aquanet/water/ph,6.96,OK
2026-05-05 17:10:08,aquanet/water/nitrate,0.3,OK
2026-05-05 17:10:08,aquanet/hydraulic/pressure,4.46,OK
2026-05-05 17:10:08,aquanet/hydraulic/flowrate,72.7,OK
2026-05-05 17:10:08,aquanet/alerts,ALERT E.COLI: 1600.0 CFU/100ml exceeds NPS-FM limit of 540.0 - BACTERIAL CONTAMINATION DETECTED,ALERT
2026-05-05 17:10:08,aquanet/alerts,ALERT TURBIDITY: 6.8 NTU exceeds 5.0 NTU - TREATMENT REQUIRED,ALERT
2026-05-05 17:10:08,aquanet/alerts,ALERT PRESSURE HIGH: 4.46 bar exceeds 4.0 bar - PIPE BURST RISK,ALERT
2026-05-05 17:10:18,aquanet/water/turbidity,6.5,ALERT - Turbidity 6.5 NTU exceeds 5.0
2026-05-05 17:10:18,aquanet/water/ecoli,400.0,OK
2026-05-05 17:10:18,aquanet/water/ph,7.01,OK
2026-05-05 17:10:18,aquanet/water/nitrate,0.28,OK
2026-05-05 17:10:18,aquanet/hydraulic/pressure,4.84,OK
2026-05-05 17:10:18,aquanet/hydraulic/flowrate,84.3,OK
2026-05-05 17:10:18,aquanet/alerts,ALERT TURBIDITY: 6.5 NTU exceeds 5.0 NTU - TREATMENT REQUIRED,ALERT
2026-05-05 17:10:18,aquanet/alerts,ALERT PRESSURE HIGH: 4.84 bar exceeds 4.0 bar - PIPE BURST RISK,ALERT
2026-05-05 17:10:28,aquanet/water/turbidity,7.5,ALERT - Turbidity 7.5 NTU exceeds 5.0
2026-05-05 17:10:28,aquanet/water/ecoli,13000.0,ALERT - E.coli 13000.0 CFU/100ml exceeds 540.0
2026-05-05 17:10:28,aquanet/water/ph,7.17,OK
2026-05-05 17:10:28,aquanet/water/nitrate,0.72,OK
2026-05-05 17:10:28,aquanet/hydraulic/pressure,5.35,ALERT - Pressure 5.35 bar exceeds 5.0
2026-05-05 17:10:28,aquanet/hydraulic/flowrate,86.1,OK
2026-05-05 17:10:28,aquanet/alerts,ALERT E.COLI: 13000.0 CFU/100ml exceeds NPS-FM limit of 540.0 - BACTERIAL CONTAMINATION DETECTED,ALERT
2026-05-05 17:10:28,aquanet/alerts,ALERT TURBIDITY: 7.5 NTU exceeds 5.0 NTU - TREATMENT REQUIRED,ALERT
2026-05-05 17:10:28,aquanet/alerts,ALERT PRESSURE HIGH: 5.35 bar exceeds 4.0 bar - PIPE BURST RISK,ALERT
2026-05-05 17:10:38,aquanet/water/turbidity,6.7,ALERT - Turbidity 6.7 NTU exceeds 5.0
2026-05-05 17:10:38,aquanet/water/ecoli,2000.0,ALERT - E.coli 2000.0 CFU/100ml exceeds 540.0
2026-05-05 17:10:38,aquanet/water/ph,7.05,OK
2026-05-05 17:10:38,aquanet/water/nitrate,0.6,OK
2026-05-05 17:10:38,aquanet/hydraulic/pressure,4.57,OK
2026-05-05 17:10:38,aquanet/hydraulic/flowrate,87.1,OK
2026-05-05 17:10:38,aquanet/alerts,ALERT E.COLI: 2000.0 CFU/100ml exceeds NPS-FM limit of 540.0 - BACTERIAL CONTAMINATION DETECTED,ALERT
2026-05-05 17:10:38,aquanet/alerts,ALERT TURBIDITY: 6.7 NTU exceeds 5.0 NTU - TREATMENT REQUIRED,ALERT
2026-05-05 17:10:38,aquanet/alerts,ALERT PRESSURE HIGH: 4.57 bar exceeds 4.0 bar - PIPE BURST RISK,ALERT
2026-05-05 17:10:48,aquanet/water/turbidity,20.0,ALERT - Turbidity 20.0 NTU exceeds 5.0
2026-05-05 17:10:48,aquanet/water/ecoli,1500.0,ALERT - E.coli 1500.0 CFU/100ml exceeds 540.0
2026-05-05 17:10:48,aquanet/water/ph,7.11,OK
2026-05-05 17:10:48,aquanet/water/nitrate,0.48,OK
2026-05-05 17:10:48,aquanet/hydraulic/pressure,5.36,ALERT - Pressure 5.36 bar exceeds 5.0
2026-05-05 17:10:48,aquanet/hydraulic/flowrate,95.1,OK
2026-05-05 17:10:48,aquanet/alerts,ALERT E.COLI: 1500.0 CFU/100ml exceeds NPS-FM limit of 540.0 - BACTERIAL CONTAMINATION DETECTED,ALERT
2026-05-05 17:10:48,aquanet/alerts,ALERT TURBIDITY: 20.0 NTU exceeds 5.0 NTU - TREATMENT REQUIRED,ALERT
2026-05-05 17:10:48,aquanet/alerts,ALERT PRESSURE HIGH: 5.36 bar exceeds 4.0 bar - PIPE BURST RISK,ALERT
2026-05-05 17:10:58,aquanet/water/turbidity,17.4,ALERT - Turbidity 17.4 NTU exceeds 5.0
2026-05-05 17:10:58,aquanet/water/ecoli,1900.0,ALERT - E.coli 1900.0 CFU/100ml exceeds 540.0
2026-05-05 17:10:58,aquanet/water/ph,7.3,OK
2026-05-05 17:10:58,aquanet/water/nitrate,0.4,OK
2026-05-05 17:10:58,aquanet/hydraulic/pressure,5.26,ALERT - Pressure 5.26 bar exceeds 5.0
2026-05-05 17:10:58,aquanet/hydraulic/flowrate,75.5,OK
2026-05-05 17:10:58,aquanet/alerts,ALERT E.COLI: 1900.0 CFU/100ml exceeds NPS-FM limit of 540.0 - BACTERIAL CONTAMINATION DETECTED,ALERT
2026-05-05 17:10:58,aquanet/alerts,ALERT TURBIDITY: 17.4 NTU exceeds 5.0 NTU - TREATMENT REQUIRED,ALERT
2026-05-05 17:10:58,aquanet/alerts,ALERT PRESSURE HIGH: 5.26 bar exceeds 4.0 bar - PIPE BURST RISK,ALERT
2026-05-05 17:11:08,aquanet/water/turbidity,15.0,ALERT - Turbidity 15.0 NTU exceeds 5.0
2026-05-05 17:11:08,aquanet/water/ecoli,1100.0,ALERT - E.coli 1100.0 CFU/100ml exceeds 540.0
2026-05-05 17:11:08,aquanet/water/ph,7.13,OK
2026-05-05 17:11:08,aquanet/water/nitrate,0.36,OK
2026-05-05 17:11:08,aquanet/hydraulic/pressure,3.1,OK
2026-05-05 17:11:08,aquanet/hydraulic/flowrate,82.4,OK
2026-05-05 17:11:08,aquanet/alerts,ALERT E.COLI: 1100.0 CFU/100ml exceeds NPS-FM limit of 540.0 - BACTERIAL CONTAMINATION DETECTED,ALERT
2026-05-05 17:11:08,aquanet/alerts,ALERT TURBIDITY: 15.0 NTU exceeds 5.0 NTU - TREATMENT REQUIRED,ALERT
2026-05-05 17:11:18,aquanet/water/turbidity,12.8,ALERT - Turbidity 12.8 NTU exceeds 5.0
2026-05-05 17:11:18,aquanet/water/ecoli,1800.0,ALERT - E.coli 1800.0 CFU/100ml exceeds 540.0
2026-05-05 17:11:18,aquanet/water/ph,7.13,OK
2026-05-05 17:11:18,aquanet/water/nitrate,0.34,OK
2026-05-05 17:11:18,aquanet/hydraulic/pressure,5.56,ALERT - Pressure 5.56 bar exceeds 5.0
2026-05-05 17:11:18,aquanet/hydraulic/flowrate,95.6,OK
2026-05-05 17:11:18,aquanet/alerts,ALERT E.COLI: 1800.0 CFU/100ml exceeds NPS-FM limit of 540.0 - BACTERIAL CONTAMINATION DETECTED,ALERT
2026-05-05 17:11:18,aquanet/alerts,ALERT TURBIDITY: 12.8 NTU exceeds 5.0 NTU - TREATMENT REQUIRED,ALERT
2026-05-05 17:11:18,aquanet/alerts,ALERT PRESSURE HIGH: 5.56 bar exceeds 4.0 bar - PIPE BURST RISK,ALERT
2026-05-05 17:11:28,aquanet/water/turbidity,8.2,ALERT - Turbidity 8.2 NTU exceeds 5.0
2026-05-05 17:11:28,aquanet/water/ecoli,1600.0,ALERT - E.coli 1600.0 CFU/100ml exceeds 540.0
2026-05-05 17:11:28,aquanet/water/ph,6.97,OK
2026-05-05 17:11:28,aquanet/water/nitrate,0.3,OK
2026-05-05 17:11:28,aquanet/hydraulic/pressure,4.89,OK
2026-05-05 17:11:28,aquanet/hydraulic/flowrate,98.4,OK
2026-05-05 17:11:28,aquanet/alerts,ALERT E.COLI: 1600.0 CFU/100ml exceeds NPS-FM limit of 540.0 - BACTERIAL CONTAMINATION DETECTED,ALERT
2026-05-05 17:11:28,aquanet/alerts,ALERT TURBIDITY: 8.2 NTU exceeds 5.0 NTU - TREATMENT REQUIRED,ALERT
2026-05-05 17:11:28,aquanet/alerts,ALERT PRESSURE HIGH: 4.89 bar exceeds 4.0 bar - PIPE BURST RISK,ALERT
2026-05-05 17:11:38,aquanet/water/turbidity,11.1,ALERT - Turbidity 11.1 NTU exceeds 5.0
2026-05-05 17:11:38,aquanet/water/ecoli,4500.0,ALERT - E.coli 4500.0 CFU/100ml exceeds 540.0
2026-05-05 17:11:38,aquanet/water/ph,7.08,OK
2026-05-05 17:11:38,aquanet/water/nitrate,0.31,OK
2026-05-05 17:11:38,aquanet/hydraulic/pressure,5.44,ALERT - Pressure 5.44 bar exceeds 5.0
2026-05-05 17:11:38,aquanet/hydraulic/flowrate,88.4,OK
2026-05-05 17:11:38,aquanet/alerts,ALERT E.COLI: 4500.0 CFU/100ml exceeds NPS-FM limit of 540.0 - BACTERIAL CONTAMINATION DETECTED,ALERT
2026-05-05 17:11:38,aquanet/alerts,ALERT TURBIDITY: 11.1 NTU exceeds 5.0 NTU - TREATMENT REQUIRED,ALERT
2026-05-05 17:11:38,aquanet/alerts,ALERT PRESSURE HIGH: 5.44 bar exceeds 4.0 bar - PIPE BURST RISK,ALERT
2026-05-05 17:11:48,aquanet/water/turbidity,9.9,ALERT - Turbidity 9.9 NTU exceeds 5.0
2026-05-05 17:11:48,aquanet/water/ecoli,12000.0,ALERT - E.coli 12000.0 CFU/100ml exceeds 540.0
2026-05-05 17:11:48,aquanet/water/ph,6.92,OK
2026-05-05 17:11:48,aquanet/water/nitrate,0.31,OK
2026-05-05 17:11:48,aquanet/hydraulic/pressure,5.09,ALERT - Pressure 5.09 bar exceeds 5.0
2026-05-05 17:11:48,aquanet/hydraulic/flowrate,83.5,OK
2026-05-05 17:11:48,aquanet/alerts,ALERT E.COLI: 12000.0 CFU/100ml exceeds NPS-FM limit of 540.0 - BACTERIAL CONTAMINATION DETECTED,ALERT
2026-05-05 17:11:48,aquanet/alerts,ALERT TURBIDITY: 9.9 NTU exceeds 5.0 NTU - TREATMENT REQUIRED,ALERT
2026-05-05 17:11:48,aquanet/alerts,ALERT PRESSURE HIGH: 5.09 bar exceeds 4.0 bar - PIPE BURST RISK,ALERT
2026-05-05 17:11:58,aquanet/water/turbidity,7.6,ALERT - Turbidity 7.6 NTU exceeds 5.0
2026-05-05 17:11:58,aquanet/water/ecoli,3500.0,ALERT - E.coli 3500.0 CFU/100ml exceeds 540.0
2026-05-05 17:11:58,aquanet/water/ph,6.93,OK
2026-05-05 17:11:58,aquanet/water/nitrate,0.24,OK
2026-05-05 17:11:58,aquanet/hydraulic/pressure,5.86,ALERT - Pressure 5.86 bar exceeds 5.0
2026-05-05 17:11:58,aquanet/hydraulic/flowrate,92.7,OK
2026-05-05 17:11:58,aquanet/alerts,ALERT E.COLI: 3500.0 CFU/100ml exceeds NPS-FM limit of 540.0 - BACTERIAL CONTAMINATION DETECTED,ALERT
2026-05-05 17:11:58,aquanet/alerts,ALERT TURBIDITY: 7.6 NTU exceeds 5.0 NTU - TREATMENT REQUIRED,ALERT
2026-05-05 17:11:58,aquanet/alerts,ALERT PRESSURE HIGH: 5.86 bar exceeds 4.0 bar - PIPE BURST RISK,ALERT
2026-05-05 17:12:08,aquanet/water/turbidity,7.1,ALERT - Turbidity 7.1 NTU exceeds 5.0
2026-05-05 17:12:08,aquanet/water/ecoli,3400.0,ALERT - E.coli 3400.0 CFU/100ml exceeds 540.0
2026-05-05 17:12:08,aquanet/water/ph,6.87,OK
2026-05-05 17:12:08,aquanet/water/nitrate,0.21,OK
2026-05-05 17:12:08,aquanet/hydraulic/pressure,3.01,OK
2026-05-05 17:12:08,aquanet/hydraulic/flowrate,77.2,OK
2026-05-05 17:12:08,aquanet/alerts,ALERT E.COLI: 3400.0 CFU/100ml exceeds NPS-FM limit of 540.0 - BACTERIAL CONTAMINATION DETECTED,ALERT
2026-05-05 17:12:08,aquanet/alerts,ALERT TURBIDITY: 7.1 NTU exceeds 5.0 NTU - TREATMENT REQUIRED,ALERT
2026-05-05 17:12:18,aquanet/water/turbidity,10.8,ALERT - Turbidity 10.8 NTU exceeds 5.0
2026-05-05 17:12:18,aquanet/water/ecoli,2300.0,ALERT - E.coli 2300.0 CFU/100ml exceeds 540.0
2026-05-05 17:12:18,aquanet/water/ph,6.9,OK
2026-05-05 17:12:18,aquanet/water/nitrate,0.29,OK
2026-05-05 17:12:18,aquanet/hydraulic/pressure,5.35,ALERT - Pressure 5.35 bar exceeds 5.0
2026-05-05 17:12:18,aquanet/hydraulic/flowrate,76.0,OK
2026-05-05 17:12:18,aquanet/alerts,ALERT E.COLI: 2300.0 CFU/100ml exceeds NPS-FM limit of 540.0 - BACTERIAL CONTAMINATION DETECTED,ALERT
2026-05-05 17:12:18,aquanet/alerts,ALERT TURBIDITY: 10.8 NTU exceeds 5.0 NTU - TREATMENT REQUIRED,ALERT
2026-05-05 17:12:18,aquanet/alerts,ALERT PRESSURE HIGH: 5.35 bar exceeds 4.0 bar - PIPE BURST RISK,ALERT
2026-05-05 17:12:28,aquanet/water/turbidity,9.0,ALERT - Turbidity 9.0 NTU exceeds 5.0
2026-05-05 17:12:28,aquanet/water/ecoli,1800.0,ALERT - E.coli 1800.0 CFU/100ml exceeds 540.0
2026-05-05 17:12:28,aquanet/water/ph,7.29,OK
2026-05-05 17:12:28,aquanet/water/nitrate,0.4,OK
2026-05-05 17:12:28,aquanet/hydraulic/pressure,2.98,OK
2026-05-05 17:12:28,aquanet/hydraulic/flowrate,79.1,OK
2026-05-05 17:12:28,aquanet/alerts,ALERT E.COLI: 1800.0 CFU/100ml exceeds NPS-FM limit of 540.0 - BACTERIAL CONTAMINATION DETECTED,ALERT
2026-05-05 17:12:28,aquanet/alerts,ALERT TURBIDITY: 9.0 NTU exceeds 5.0 NTU - TREATMENT REQUIRED,ALERT
2026-05-05 17:12:38,aquanet/water/turbidity,12.6,ALERT - Turbidity 12.6 NTU exceeds 5.0
2026-05-05 17:12:38,aquanet/water/ecoli,1300.0,ALERT - E.coli 1300.0 CFU/100ml exceeds 540.0
2026-05-05 17:12:38,aquanet/water/ph,7.04,OK
2026-05-05 17:12:38,aquanet/water/nitrate,0.38,OK
2026-05-05 17:12:38,aquanet/hydraulic/pressure,5.3,ALERT - Pressure 5.3 bar exceeds 5.0
2026-05-05 17:12:38,aquanet/hydraulic/flowrate,90.8,OK
2026-05-05 17:12:38,aquanet/alerts,ALERT E.COLI: 1300.0 CFU/100ml exceeds NPS-FM limit of 540.0 - BACTERIAL CONTAMINATION DETECTED,ALERT
2026-05-05 17:12:38,aquanet/alerts,ALERT TURBIDITY: 12.6 NTU exceeds 5.0 NTU - TREATMENT REQUIRED,ALERT
2026-05-05 17:12:38,aquanet/alerts,ALERT PRESSURE HIGH: 5.3 bar exceeds 4.0 bar - PIPE BURST RISK,ALERT
2026-05-05 17:12:48,aquanet/water/turbidity,33.0,ALERT - Turbidity 33.0 NTU exceeds 5.0
2026-05-05 17:12:48,aquanet/water/ecoli,3500.0,ALERT - E.coli 3500.0 CFU/100ml exceeds 540.0
2026-05-05 17:12:48,aquanet/water/ph,6.84,OK
2026-05-05 17:12:48,aquanet/water/nitrate,0.137,OK
2026-05-05 17:12:48,aquanet/hydraulic/pressure,5.15,ALERT - Pressure 5.15 bar exceeds 5.0
2026-05-05 17:12:48,aquanet/hydraulic/flowrate,74.1,OK
2026-05-05 17:12:48,aquanet/alerts,ALERT E.COLI: 3500.0 CFU/100ml exceeds NPS-FM limit of 540.0 - BACTERIAL CONTAMINATION DETECTED,ALERT
2026-05-05 17:12:48,aquanet/alerts,ALERT TURBIDITY: 33.0 NTU exceeds 5.0 NTU - TREATMENT REQUIRED,ALERT
2026-05-05 17:12:48,aquanet/alerts,ALERT PRESSURE HIGH: 5.15 bar exceeds 4.0 bar - PIPE BURST RISK,ALERT
2026-05-05 17:12:58,aquanet/water/turbidity,12.2,ALERT - Turbidity 12.2 NTU exceeds 5.0
2026-05-05 17:12:58,aquanet/water/ecoli,1800.0,ALERT - E.coli 1800.0 CFU/100ml exceeds 540.0
2026-05-05 17:12:58,aquanet/water/ph,7.09,OK
2026-05-05 17:12:58,aquanet/water/nitrate,0.4,OK
2026-05-05 17:12:58,aquanet/hydraulic/pressure,3.43,OK
2026-05-05 17:12:58,aquanet/hydraulic/flowrate,74.1,OK
2026-05-05 17:12:58,aquanet/alerts,ALERT E.COLI: 1800.0 CFU/100ml exceeds NPS-FM limit of 540.0 - BACTERIAL CONTAMINATION DETECTED,ALERT
2026-05-05 17:12:58,aquanet/alerts,ALERT TURBIDITY: 12.2 NTU exceeds 5.0 NTU - TREATMENT REQUIRED,ALERT
2026-05-05 17:13:08,aquanet/water/turbidity,28.0,ALERT - Turbidity 28.0 NTU exceeds 5.0
2026-05-05 17:13:08,aquanet/water/ecoli,500.0,OK
2026-05-05 17:13:08,aquanet/water/ph,7.06,OK
2026-05-05 17:13:08,aquanet/water/nitrate,0.51,OK
2026-05-05 17:13:08,aquanet/hydraulic/pressure,5.29,ALERT - Pressure 5.29 bar exceeds 5.0
2026-05-05 17:13:08,aquanet/hydraulic/flowrate,93.7,OK
2026-05-05 17:13:08,aquanet/alerts,ALERT TURBIDITY: 28.0 NTU exceeds 5.0 NTU - TREATMENT REQUIRED,ALERT
2026-05-05 17:13:08,aquanet/alerts,ALERT PRESSURE HIGH: 5.29 bar exceeds 4.0 bar - PIPE BURST RISK,ALERT
2026-05-05 17:13:18,aquanet/water/turbidity,25.0,ALERT - Turbidity 25.0 NTU exceeds 5.0
2026-05-05 17:13:18,aquanet/water/ecoli,2000.0,ALERT - E.coli 2000.0 CFU/100ml exceeds 540.0
2026-05-05 17:13:18,aquanet/water/ph,7.0,OK
2026-05-05 17:13:18,aquanet/water/nitrate,0.47,OK
2026-05-05 17:13:18,aquanet/hydraulic/pressure,5.22,ALERT - Pressure 5.22 bar exceeds 5.0
2026-05-05 17:13:18,aquanet/hydraulic/flowrate,87.6,OK
2026-05-05 17:13:18,aquanet/alerts,ALERT E.COLI: 2000.0 CFU/100ml exceeds NPS-FM limit of 540.0 - BACTERIAL CONTAMINATION DETECTED,ALERT
2026-05-05 17:13:18,aquanet/alerts,ALERT TURBIDITY: 25.0 NTU exceeds 5.0 NTU - TREATMENT REQUIRED,ALERT
2026-05-05 17:13:18,aquanet/alerts,ALERT PRESSURE HIGH: 5.22 bar exceeds 4.0 bar - PIPE BURST RISK,ALERT
2026-05-05 17:13:28,aquanet/water/turbidity,13.6,ALERT - Turbidity 13.6 NTU exceeds 5.0
2026-05-05 17:13:28,aquanet/water/ecoli,3100.0,ALERT - E.coli 3100.0 CFU/100ml exceeds 540.0
2026-05-05 17:13:28,aquanet/water/ph,7.03,OK
2026-05-05 17:13:28,aquanet/water/nitrate,0.35,OK
2026-05-05 17:13:28,aquanet/hydraulic/pressure,5.18,ALERT - Pressure 5.18 bar exceeds 5.0
2026-05-05 17:13:28,aquanet/hydraulic/flowrate,81.6,OK
2026-05-05 17:13:28,aquanet/alerts,ALERT E.COLI: 3100.0 CFU/100ml exceeds NPS-FM limit of 540.0 - BACTERIAL CONTAMINATION DETECTED,ALERT
2026-05-05 17:13:28,aquanet/alerts,ALERT TURBIDITY: 13.6 NTU exceeds 5.0 NTU - TREATMENT REQUIRED,ALERT
2026-05-05 17:13:28,aquanet/alerts,ALERT PRESSURE HIGH: 5.18 bar exceeds 4.0 bar - PIPE BURST RISK,ALERT
2026-05-05 17:13:38,aquanet/water/turbidity,8.1,ALERT - Turbidity 8.1 NTU exceeds 5.0
2026-05-05 17:13:38,aquanet/water/ecoli,840.0,ALERT - E.coli 840.0 CFU/100ml exceeds 540.0
2026-05-05 17:13:38,aquanet/water/ph,7.04,OK
2026-05-05 17:13:38,aquanet/water/nitrate,0.39,OK
2026-05-05 17:13:38,aquanet/hydraulic/pressure,5.16,ALERT - Pressure 5.16 bar exceeds 5.0
2026-05-05 17:13:38,aquanet/hydraulic/flowrate,93.3,OK
2026-05-05 17:13:38,aquanet/alerts,ALERT E.COLI: 840.0 CFU/100ml exceeds NPS-FM limit of 540.0 - BACTERIAL CONTAMINATION DETECTED,ALERT
2026-05-05 17:13:38,aquanet/alerts,ALERT TURBIDITY: 8.1 NTU exceeds 5.0 NTU - TREATMENT REQUIRED,ALERT
2026-05-05 17:13:38,aquanet/alerts,ALERT PRESSURE HIGH: 5.16 bar exceeds 4.0 bar - PIPE BURST RISK,ALERT
2026-05-05 17:13:48,aquanet/water/turbidity,26.0,ALERT - Turbidity 26.0 NTU exceeds 5.0
2026-05-05 17:13:48,aquanet/water/ecoli,530.0,OK
2026-05-05 17:13:48,aquanet/water/ph,6.96,OK
2026-05-05 17:13:48,aquanet/water/nitrate,0.34,OK
2026-05-05 17:13:48,aquanet/hydraulic/pressure,4.93,OK
2026-05-05 17:13:48,aquanet/hydraulic/flowrate,73.7,OK
2026-05-05 17:13:48,aquanet/alerts,ALERT TURBIDITY: 26.0 NTU exceeds 5.0 NTU - TREATMENT REQUIRED,ALERT
2026-05-05 17:13:48,aquanet/alerts,ALERT PRESSURE HIGH: 4.93 bar exceeds 4.0 bar - PIPE BURST RISK,ALERT
2026-05-05 17:13:58,aquanet/water/turbidity,25.0,ALERT - Turbidity 25.0 NTU exceeds 5.0
2026-05-05 17:13:58,aquanet/water/ecoli,14000.0,ALERT - E.coli 14000.0 CFU/100ml exceeds 540.0
2026-05-05 17:13:58,aquanet/water/ph,6.99,OK
2026-05-05 17:13:58,aquanet/water/nitrate,0.37,OK
2026-05-05 17:13:58,aquanet/hydraulic/pressure,3.01,OK
2026-05-05 17:13:58,aquanet/hydraulic/flowrate,89.0,OK
2026-05-05 17:13:58,aquanet/alerts,ALERT E.COLI: 14000.0 CFU/100ml exceeds NPS-FM limit of 540.0 - BACTERIAL CONTAMINATION DETECTED,ALERT
2026-05-05 17:13:58,aquanet/alerts,ALERT TURBIDITY: 25.0 NTU exceeds 5.0 NTU - TREATMENT REQUIRED,ALERT
2026-05-05 17:14:08,aquanet/water/turbidity,7.4,ALERT - Turbidity 7.4 NTU exceeds 5.0
2026-05-05 17:14:08,aquanet/water/ecoli,2100.0,ALERT - E.coli 2100.0 CFU/100ml exceeds 540.0
2026-05-05 17:14:08,aquanet/water/ph,6.93,OK
2026-05-05 17:14:08,aquanet/water/nitrate,0.5,OK
2026-05-05 17:14:08,aquanet/hydraulic/pressure,5.81,ALERT - Pressure 5.81 bar exceeds 5.0
2026-05-05 17:14:08,aquanet/hydraulic/flowrate,78.4,OK
2026-05-05 17:14:08,aquanet/alerts,ALERT E.COLI: 2100.0 CFU/100ml exceeds NPS-FM limit of 540.0 - BACTERIAL CONTAMINATION DETECTED,ALERT
2026-05-05 17:14:08,aquanet/alerts,ALERT TURBIDITY: 7.4 NTU exceeds 5.0 NTU - TREATMENT REQUIRED,ALERT
2026-05-05 17:14:08,aquanet/alerts,ALERT PRESSURE HIGH: 5.81 bar exceeds 4.0 bar - PIPE BURST RISK,ALERT
2026-05-05 17:14:18,aquanet/water/turbidity,6.6,ALERT - Turbidity 6.6 NTU exceeds 5.0
2026-05-05 17:14:18,aquanet/water/ecoli,1200.0,ALERT - E.coli 1200.0 CFU/100ml exceeds 540.0
2026-05-05 17:14:18,aquanet/water/ph,6.72,OK
2026-05-05 17:14:18,aquanet/water/nitrate,0.57,OK
2026-05-05 17:14:18,aquanet/hydraulic/pressure,5.38,ALERT - Pressure 5.38 bar exceeds 5.0
2026-05-05 17:14:18,aquanet/hydraulic/flowrate,84.1,OK
2026-05-05 17:14:18,aquanet/alerts,ALERT E.COLI: 1200.0 CFU/100ml exceeds NPS-FM limit of 540.0 - BACTERIAL CONTAMINATION DETECTED,ALERT
2026-05-05 17:14:18,aquanet/alerts,ALERT TURBIDITY: 6.6 NTU exceeds 5.0 NTU - TREATMENT REQUIRED,ALERT
2026-05-05 17:14:18,aquanet/alerts,ALERT PRESSURE HIGH: 5.38 bar exceeds 4.0 bar - PIPE BURST RISK,ALERT
2026-05-05 17:14:28,aquanet/water/turbidity,29.0,ALERT - Turbidity 29.0 NTU exceeds 5.0
2026-05-05 17:14:28,aquanet/water/ecoli,1700.0,ALERT - E.coli 1700.0 CFU/100ml exceeds 540.0
2026-05-05 17:14:28,aquanet/water/ph,6.84,OK
2026-05-05 17:14:28,aquanet/water/nitrate,0.41,OK
2026-05-05 17:14:28,aquanet/hydraulic/pressure,5.73,ALERT - Pressure 5.73 bar exceeds 5.0
2026-05-05 17:14:28,aquanet/hydraulic/flowrate,78.1,OK
2026-05-05 17:14:28,aquanet/alerts,ALERT E.COLI: 1700.0 CFU/100ml exceeds NPS-FM limit of 540.0 - BACTERIAL CONTAMINATION DETECTED,ALERT
2026-05-05 17:14:28,aquanet/alerts,ALERT TURBIDITY: 29.0 NTU exceeds 5.0 NTU - TREATMENT REQUIRED,ALERT
2026-05-05 17:14:28,aquanet/alerts,ALERT PRESSURE HIGH: 5.73 bar exceeds 4.0 bar - PIPE BURST RISK,ALERT
2026-05-05 17:14:38,aquanet/water/turbidity,7.6,ALERT - Turbidity 7.6 NTU exceeds 5.0
2026-05-05 17:14:38,aquanet/water/ecoli,1500.0,ALERT - E.coli 1500.0 CFU/100ml exceeds 540.0
2026-05-05 17:14:38,aquanet/water/ph,6.99,OK
2026-05-05 17:14:38,aquanet/water/nitrate,0.35,OK
2026-05-05 17:14:38,aquanet/hydraulic/pressure,5.24,ALERT - Pressure 5.24 bar exceeds 5.0
2026-05-05 17:14:38,aquanet/hydraulic/flowrate,91.2,OK
2026-05-05 17:14:38,aquanet/alerts,ALERT E.COLI: 1500.0 CFU/100ml exceeds NPS-FM limit of 540.0 - BACTERIAL CONTAMINATION DETECTED,ALERT
2026-05-05 17:14:38,aquanet/alerts,ALERT TURBIDITY: 7.6 NTU exceeds 5.0 NTU - TREATMENT REQUIRED,ALERT
2026-05-05 17:14:38,aquanet/alerts,ALERT PRESSURE HIGH: 5.24 bar exceeds 4.0 bar - PIPE BURST RISK,ALERT
2026-05-05 17:14:48,aquanet/water/turbidity,10.2,ALERT - Turbidity 10.2 NTU exceeds 5.0
2026-05-05 17:14:48,aquanet/water/ecoli,1100.0,ALERT - E.coli 1100.0 CFU/100ml exceeds 540.0
2026-05-05 17:14:48,aquanet/water/ph,6.95,OK
2026-05-05 17:14:48,aquanet/water/nitrate,0.44,OK
2026-05-05 17:14:48,aquanet/hydraulic/pressure,5.81,ALERT - Pressure 5.81 bar exceeds 5.0
2026-05-05 17:14:48,aquanet/hydraulic/flowrate,73.4,OK
2026-05-05 17:14:48,aquanet/alerts,ALERT E.COLI: 1100.0 CFU/100ml exceeds NPS-FM limit of 540.0 - BACTERIAL CONTAMINATION DETECTED,ALERT
2026-05-05 17:14:48,aquanet/alerts,ALERT TURBIDITY: 10.2 NTU exceeds 5.0 NTU - TREATMENT REQUIRED,ALERT
2026-05-05 17:14:48,aquanet/alerts,ALERT PRESSURE HIGH: 5.81 bar exceeds 4.0 bar - PIPE BURST RISK,ALERT
2026-05-05 17:14:58,aquanet/water/turbidity,16.1,ALERT - Turbidity 16.1 NTU exceeds 5.0
2026-05-05 17:14:58,aquanet/water/ecoli,240.0,OK
2026-05-05 17:14:58,aquanet/water/ph,6.9,OK
2026-05-05 17:14:58,aquanet/water/nitrate,0.41,OK
2026-05-05 17:14:58,aquanet/hydraulic/pressure,5.73,ALERT - Pressure 5.73 bar exceeds 5.0
2026-05-05 17:14:58,aquanet/hydraulic/flowrate,91.2,OK
2026-05-05 17:14:58,aquanet/alerts,ALERT TURBIDITY: 16.1 NTU exceeds 5.0 NTU - TREATMENT REQUIRED,ALERT
2026-05-05 17:14:58,aquanet/alerts,ALERT PRESSURE HIGH: 5.73 bar exceeds 4.0 bar - PIPE BURST RISK,ALERT
2026-05-05 17:15:08,aquanet/water/turbidity,10.8,ALERT - Turbidity 10.8 NTU exceeds 5.0
2026-05-05 17:15:08,aquanet/water/ecoli,20000.0,ALERT - E.coli 20000.0 CFU/100ml exceeds 540.0
2026-05-05 17:15:08,aquanet/water/ph,7.02,OK
2026-05-05 17:15:08,aquanet/water/nitrate,0.33,OK
2026-05-05 17:15:08,aquanet/hydraulic/pressure,3.3,OK
2026-05-05 17:15:08,aquanet/hydraulic/flowrate,91.5,OK
2026-05-05 17:15:08,aquanet/alerts,ALERT E.COLI: 20000.0 CFU/100ml exceeds NPS-FM limit of 540.0 - BACTERIAL CONTAMINATION DETECTED,ALERT
2026-05-05 17:15:08,aquanet/alerts,ALERT TURBIDITY: 10.8 NTU exceeds 5.0 NTU - TREATMENT REQUIRED,ALERT
2026-05-05 17:15:18,aquanet/water/turbidity,11.2,ALERT - Turbidity 11.2 NTU exceeds 5.0
2026-05-05 17:15:18,aquanet/water/ecoli,200.0,OK
2026-05-05 17:15:18,aquanet/water/ph,7.1,OK
2026-05-05 17:15:18,aquanet/water/nitrate,0.38,OK
2026-05-05 17:15:18,aquanet/hydraulic/pressure,3.19,OK
2026-05-05 17:15:18,aquanet/hydraulic/flowrate,90.2,OK
2026-05-05 17:15:18,aquanet/alerts,ALERT TURBIDITY: 11.2 NTU exceeds 5.0 NTU - TREATMENT REQUIRED,ALERT
2026-05-05 17:15:28,aquanet/water/turbidity,11.7,ALERT - Turbidity 11.7 NTU exceeds 5.0
2026-05-05 17:15:28,aquanet/water/ecoli,11000.0,ALERT - E.coli 11000.0 CFU/100ml exceeds 540.0
2026-05-05 17:15:28,aquanet/water/ph,7.04,OK
2026-05-05 17:15:28,aquanet/water/nitrate,0.33,OK
2026-05-05 17:15:28,aquanet/hydraulic/pressure,3.32,OK
2026-05-05 17:15:28,aquanet/hydraulic/flowrate,95.5,OK
2026-05-05 17:15:28,aquanet/alerts,ALERT E.COLI: 11000.0 CFU/100ml exceeds NPS-FM limit of 540.0 - BACTERIAL CONTAMINATION DETECTED,ALERT
2026-05-05 17:15:28,aquanet/alerts,ALERT TURBIDITY: 11.7 NTU exceeds 5.0 NTU - TREATMENT REQUIRED,ALERT
2026-05-05 17:15:38,aquanet/water/turbidity,13.5,ALERT - Turbidity 13.5 NTU exceeds 5.0
2026-05-05 17:15:38,aquanet/water/ecoli,2700.0,ALERT - E.coli 2700.0 CFU/100ml exceeds 540.0
2026-05-05 17:15:38,aquanet/water/ph,6.73,OK
2026-05-05 17:15:38,aquanet/water/nitrate,0.28,OK
2026-05-05 17:15:38,aquanet/hydraulic/pressure,5.27,ALERT - Pressure 5.27 bar exceeds 5.0
2026-05-05 17:15:38,aquanet/hydraulic/flowrate,93.4,OK
2026-05-05 17:15:38,aquanet/alerts,ALERT E.COLI: 2700.0 CFU/100ml exceeds NPS-FM limit of 540.0 - BACTERIAL CONTAMINATION DETECTED,ALERT
2026-05-05 17:15:38,aquanet/alerts,ALERT TURBIDITY: 13.5 NTU exceeds 5.0 NTU - TREATMENT REQUIRED,ALERT
2026-05-05 17:15:38,aquanet/alerts,ALERT PRESSURE HIGH: 5.27 bar exceeds 4.0 bar - PIPE BURST RISK,ALERT
2026-05-05 17:15:48,aquanet/water/turbidity,115.0,ALERT - Turbidity 115.0 NTU exceeds 5.0
2026-05-05 17:15:48,aquanet/water/ecoli,400.0,OK
2026-05-05 17:15:48,aquanet/water/ph,6.99,OK
2026-05-05 17:15:48,aquanet/water/nitrate,0.33,OK
2026-05-05 17:15:48,aquanet/hydraulic/pressure,5.64,ALERT - Pressure 5.64 bar exceeds 5.0
2026-05-05 17:15:48,aquanet/hydraulic/flowrate,91.5,OK
2026-05-05 17:15:48,aquanet/alerts,ALERT TURBIDITY: 115.0 NTU exceeds 5.0 NTU - TREATMENT REQUIRED,ALERT
2026-05-05 17:15:48,aquanet/alerts,ALERT PRESSURE HIGH: 5.64 bar exceeds 4.0 bar - PIPE BURST RISK,ALERT
2026-05-05 17:15:58,aquanet/water/turbidity,11.2,ALERT - Turbidity 11.2 NTU exceeds 5.0
2026-05-05 17:15:58,aquanet/water/ecoli,900.0,ALERT - E.coli 900.0 CFU/100ml exceeds 540.0
2026-05-05 17:15:58,aquanet/water/ph,7.31,OK
2026-05-05 17:15:58,aquanet/water/nitrate,0.27,OK
2026-05-05 17:15:58,aquanet/hydraulic/pressure,4.69,OK
2026-05-05 17:15:58,aquanet/hydraulic/flowrate,79.0,OK
2026-05-05 17:15:58,aquanet/alerts,ALERT E.COLI: 900.0 CFU/100ml exceeds NPS-FM limit of 540.0 - BACTERIAL CONTAMINATION DETECTED,ALERT
2026-05-05 17:15:58,aquanet/alerts,ALERT TURBIDITY: 11.2 NTU exceeds 5.0 NTU - TREATMENT REQUIRED,ALERT
2026-05-05 17:15:58,aquanet/alerts,ALERT PRESSURE HIGH: 4.69 bar exceeds 4.0 bar - PIPE BURST RISK,ALERT
2026-05-05 17:16:08,aquanet/water/turbidity,45.0,ALERT - Turbidity 45.0 NTU exceeds 5.0
2026-05-05 17:16:08,aquanet/water/ecoli,2100.0,ALERT - E.coli 2100.0 CFU/100ml exceeds 540.0
2026-05-05 17:16:08,aquanet/water/ph,6.99,OK
2026-05-05 17:16:08,aquanet/water/nitrate,0.3,OK
2026-05-05 17:16:08,aquanet/hydraulic/pressure,4.94,OK
2026-05-05 17:16:08,aquanet/hydraulic/flowrate,72.7,OK
2026-05-05 17:16:08,aquanet/alerts,ALERT E.COLI: 2100.0 CFU/100ml exceeds NPS-FM limit of 540.0 - BACTERIAL CONTAMINATION DETECTED,ALERT
2026-05-05 17:16:08,aquanet/alerts,ALERT TURBIDITY: 45.0 NTU exceeds 5.0 NTU - TREATMENT REQUIRED,ALERT
2026-05-05 17:16:08,aquanet/alerts,ALERT PRESSURE HIGH: 4.94 bar exceeds 4.0 bar - PIPE BURST RISK,ALERT
2026-05-05 17:16:18,aquanet/water/turbidity,23.0,ALERT - Turbidity 23.0 NTU exceeds 5.0
2026-05-05 17:16:18,aquanet/water/ecoli,2100.0,ALERT - E.coli 2100.0 CFU/100ml exceeds 540.0
2026-05-05 17:16:18,aquanet/water/ph,7.09,OK
2026-05-05 17:16:18,aquanet/water/nitrate,0.4,OK
2026-05-05 17:16:18,aquanet/hydraulic/pressure,5.18,ALERT - Pressure 5.18 bar exceeds 5.0
2026-05-05 17:16:18,aquanet/hydraulic/flowrate,80.1,OK
2026-05-05 17:16:18,aquanet/alerts,ALERT E.COLI: 2100.0 CFU/100ml exceeds NPS-FM limit of 540.0 - BACTERIAL CONTAMINATION DETECTED,ALERT
2026-05-05 17:16:18,aquanet/alerts,ALERT TURBIDITY: 23.0 NTU exceeds 5.0 NTU - TREATMENT REQUIRED,ALERT
2026-05-05 17:16:18,aquanet/alerts,ALERT PRESSURE HIGH: 5.18 bar exceeds 4.0 bar - PIPE BURST RISK,ALERT
2026-05-05 17:16:28,aquanet/water/turbidity,9.2,ALERT - Turbidity 9.2 NTU exceeds 5.0
2026-05-05 17:16:28,aquanet/water/ecoli,2100.0,ALERT - E.coli 2100.0 CFU/100ml exceeds 540.0
2026-05-05 17:16:28,aquanet/water/ph,6.94,OK
2026-05-05 17:16:28,aquanet/water/nitrate,0.34,OK
2026-05-05 17:16:28,aquanet/hydraulic/pressure,5.32,ALERT - Pressure 5.32 bar exceeds 5.0
2026-05-05 17:16:28,aquanet/hydraulic/flowrate,99.4,OK
2026-05-05 17:16:28,aquanet/alerts,ALERT E.COLI: 2100.0 CFU/100ml exceeds NPS-FM limit of 540.0 - BACTERIAL CONTAMINATION DETECTED,ALERT
2026-05-05 17:16:28,aquanet/alerts,ALERT TURBIDITY: 9.2 NTU exceeds 5.0 NTU - TREATMENT REQUIRED,ALERT
2026-05-05 17:16:28,aquanet/alerts,ALERT PRESSURE HIGH: 5.32 bar exceeds 4.0 bar - PIPE BURST RISK,ALERT
2026-05-05 17:16:38,aquanet/water/turbidity,16.2,ALERT - Turbidity 16.2 NTU exceeds 5.0
2026-05-05 17:16:38,aquanet/water/ecoli,700.0,ALERT - E.coli 700.0 CFU/100ml exceeds 540.0
2026-05-05 17:16:38,aquanet/water/ph,6.69,OK
2026-05-05 17:16:38,aquanet/water/nitrate,0.45,OK
2026-05-05 17:16:38,aquanet/hydraulic/pressure,3.13,OK
2026-05-05 17:16:38,aquanet/hydraulic/flowrate,81.1,OK
2026-05-05 17:16:38,aquanet/alerts,ALERT E.COLI: 700.0 CFU/100ml exceeds NPS-FM limit of 540.0 - BACTERIAL CONTAMINATION DETECTED,ALERT
2026-05-05 17:16:38,aquanet/alerts,ALERT TURBIDITY: 16.2 NTU exceeds 5.0 NTU - TREATMENT REQUIRED,ALERT
2026-05-05 17:16:48,aquanet/water/turbidity,16.6,ALERT - Turbidity 16.6 NTU exceeds 5.0
2026-05-05 17:16:48,aquanet/water/ecoli,1200.0,ALERT - E.coli 1200.0 CFU/100ml exceeds 540.0
2026-05-05 17:16:48,aquanet/water/ph,7.23,OK
2026-05-05 17:16:48,aquanet/water/nitrate,0.43,OK
2026-05-05 17:16:48,aquanet/hydraulic/pressure,5.49,ALERT - Pressure 5.49 bar exceeds 5.0
2026-05-05 17:16:48,aquanet/hydraulic/flowrate,87.4,OK
2026-05-05 17:16:48,aquanet/alerts,ALERT E.COLI: 1200.0 CFU/100ml exceeds NPS-FM limit of 540.0 - BACTERIAL CONTAMINATION DETECTED,ALERT
2026-05-05 17:16:48,aquanet/alerts,ALERT TURBIDITY: 16.6 NTU exceeds 5.0 NTU - TREATMENT REQUIRED,ALERT
2026-05-05 17:16:48,aquanet/alerts,ALERT PRESSURE HIGH: 5.49 bar exceeds 4.0 bar - PIPE BURST RISK,ALERT
2026-05-05 17:16:58,aquanet/water/turbidity,7.0,ALERT - Turbidity 7.0 NTU exceeds 5.0
2026-05-05 17:16:58,aquanet/water/ecoli,1100.0,ALERT - E.coli 1100.0 CFU/100ml exceeds 540.0
2026-05-05 17:16:58,aquanet/water/ph,7.06,OK
2026-05-05 17:16:58,aquanet/water/nitrate,0.54,OK
2026-05-05 17:16:58,aquanet/hydraulic/pressure,5.61,ALERT - Pressure 5.61 bar exceeds 5.0
2026-05-05 17:16:58,aquanet/hydraulic/flowrate,96.4,OK
2026-05-05 17:16:58,aquanet/alerts,ALERT E.COLI: 1100.0 CFU/100ml exceeds NPS-FM limit of 540.0 - BACTERIAL CONTAMINATION DETECTED,ALERT
2026-05-05 17:16:58,aquanet/alerts,ALERT TURBIDITY: 7.0 NTU exceeds 5.0 NTU - TREATMENT REQUIRED,ALERT
2026-05-05 17:16:58,aquanet/alerts,ALERT PRESSURE HIGH: 5.61 bar exceeds 4.0 bar - PIPE BURST RISK,ALERT
2026-05-05 17:17:08,aquanet/water/turbidity,10.8,ALERT - Turbidity 10.8 NTU exceeds 5.0
2026-05-05 17:17:08,aquanet/water/ecoli,1100.0,ALERT - E.coli 1100.0 CFU/100ml exceeds 540.0
2026-05-05 17:17:08,aquanet/water/ph,7.16,OK
2026-05-05 17:17:08,aquanet/water/nitrate,0.42,OK
2026-05-05 17:17:08,aquanet/hydraulic/pressure,5.94,ALERT - Pressure 5.94 bar exceeds 5.0
2026-05-05 17:17:08,aquanet/hydraulic/flowrate,87.3,OK
2026-05-05 17:17:08,aquanet/alerts,ALERT E.COLI: 1100.0 CFU/100ml exceeds NPS-FM limit of 540.0 - BACTERIAL CONTAMINATION DETECTED,ALERT
2026-05-05 17:17:08,aquanet/alerts,ALERT TURBIDITY: 10.8 NTU exceeds 5.0 NTU - TREATMENT REQUIRED,ALERT
2026-05-05 17:17:08,aquanet/alerts,ALERT PRESSURE HIGH: 5.94 bar exceeds 4.0 bar - PIPE BURST RISK,ALERT
2026-05-05 17:17:18,aquanet/water/turbidity,12.3,ALERT - Turbidity 12.3 NTU exceeds 5.0
2026-05-05 17:17:18,aquanet/water/ecoli,2200.0,ALERT - E.coli 2200.0 CFU/100ml exceeds 540.0
2026-05-05 17:17:18,aquanet/water/ph,7.27,OK
2026-05-05 17:17:18,aquanet/water/nitrate,0.33,OK
2026-05-05 17:17:18,aquanet/hydraulic/pressure,5.49,ALERT - Pressure 5.49 bar exceeds 5.0
2026-05-05 17:17:18,aquanet/hydraulic/flowrate,85.7,OK
2026-05-05 17:17:18,aquanet/alerts,ALERT E.COLI: 2200.0 CFU/100ml exceeds NPS-FM limit of 540.0 - BACTERIAL CONTAMINATION DETECTED,ALERT
2026-05-05 17:17:18,aquanet/alerts,ALERT TURBIDITY: 12.3 NTU exceeds 5.0 NTU - TREATMENT REQUIRED,ALERT
2026-05-05 17:17:18,aquanet/alerts,ALERT PRESSURE HIGH: 5.49 bar exceeds 4.0 bar - PIPE BURST RISK,ALERT
2026-05-05 17:17:28,aquanet/water/turbidity,13.2,ALERT - Turbidity 13.2 NTU exceeds 5.0
2026-05-05 17:17:28,aquanet/water/ecoli,1800.0,ALERT - E.coli 1800.0 CFU/100ml exceeds 540.0
2026-05-05 17:17:28,aquanet/water/ph,6.91,OK
2026-05-05 17:17:28,aquanet/water/nitrate,0.3,OK
2026-05-05 17:17:28,aquanet/hydraulic/pressure,3.17,OK
2026-05-05 17:17:28,aquanet/hydraulic/flowrate,85.7,OK
2026-05-05 17:17:28,aquanet/alerts,ALERT E.COLI: 1800.0 CFU/100ml exceeds NPS-FM limit of 540.0 - BACTERIAL CONTAMINATION DETECTED,ALERT
2026-05-05 17:17:28,aquanet/alerts,ALERT TURBIDITY: 13.2 NTU exceeds 5.0 NTU - TREATMENT REQUIRED,ALERT
2026-05-05 17:17:38,aquanet/water/turbidity,9.6,ALERT - Turbidity 9.6 NTU exceeds 5.0
2026-05-05 17:17:38,aquanet/water/ecoli,600.0,ALERT - E.coli 600.0 CFU/100ml exceeds 540.0
2026-05-05 17:17:38,aquanet/water/ph,7.01,OK
2026-05-05 17:17:38,aquanet/water/nitrate,0.26,OK
2026-05-05 17:17:38,aquanet/hydraulic/pressure,2.99,OK
2026-05-05 17:17:38,aquanet/hydraulic/flowrate,95.1,OK
2026-05-05 17:17:38,aquanet/alerts,ALERT E.COLI: 600.0 CFU/100ml exceeds NPS-FM limit of 540.0 - BACTERIAL CONTAMINATION DETECTED,ALERT
2026-05-05 17:17:38,aquanet/alerts,ALERT TURBIDITY: 9.6 NTU exceeds 5.0 NTU - TREATMENT REQUIRED,ALERT
2026-05-05 17:17:48,aquanet/water/turbidity,13.6,ALERT - Turbidity 13.6 NTU exceeds 5.0
2026-05-05 17:17:48,aquanet/water/ecoli,3000.0,ALERT - E.coli 3000.0 CFU/100ml exceeds 540.0
2026-05-05 17:17:48,aquanet/water/ph,7.1,OK
2026-05-05 17:17:48,aquanet/water/nitrate,0.31,OK
2026-05-05 17:17:48,aquanet/hydraulic/pressure,5.46,ALERT - Pressure 5.46 bar exceeds 5.0
2026-05-05 17:17:48,aquanet/hydraulic/flowrate,83.2,OK
2026-05-05 17:17:48,aquanet/alerts,ALERT E.COLI: 3000.0 CFU/100ml exceeds NPS-FM limit of 540.0 - BACTERIAL CONTAMINATION DETECTED,ALERT
2026-05-05 17:17:48,aquanet/alerts,ALERT TURBIDITY: 13.6 NTU exceeds 5.0 NTU - TREATMENT REQUIRED,ALERT
2026-05-05 17:17:48,aquanet/alerts,ALERT PRESSURE HIGH: 5.46 bar exceeds 4.0 bar - PIPE BURST RISK,ALERT
2026-05-05 17:17:58,aquanet/water/turbidity,7.3,ALERT - Turbidity 7.3 NTU exceeds 5.0
2026-05-05 17:17:58,aquanet/water/ecoli,730.0,ALERT - E.coli 730.0 CFU/100ml exceeds 540.0
2026-05-05 17:17:58,aquanet/water/ph,7.13,OK
2026-05-05 17:17:58,aquanet/water/nitrate,0.118,OK
2026-05-05 17:17:58,aquanet/hydraulic/pressure,3.21,OK
2026-05-05 17:17:58,aquanet/hydraulic/flowrate,88.4,OK
2026-05-05 17:17:58,aquanet/alerts,ALERT E.COLI: 730.0 CFU/100ml exceeds NPS-FM limit of 540.0 - BACTERIAL CONTAMINATION DETECTED,ALERT
2026-05-05 17:17:58,aquanet/alerts,ALERT TURBIDITY: 7.3 NTU exceeds 5.0 NTU - TREATMENT REQUIRED,ALERT
2026-05-05 17:18:08,aquanet/water/turbidity,7.4,ALERT - Turbidity 7.4 NTU exceeds 5.0
2026-05-05 17:18:08,aquanet/water/ecoli,1500.0,ALERT - E.coli 1500.0 CFU/100ml exceeds 540.0
2026-05-05 17:18:08,aquanet/water/ph,7.02,OK
2026-05-05 17:18:08,aquanet/water/nitrate,0.137,OK
2026-05-05 17:18:08,aquanet/hydraulic/pressure,3.36,OK
2026-05-05 17:18:08,aquanet/hydraulic/flowrate,70.0,OK
2026-05-05 17:18:08,aquanet/alerts,ALERT E.COLI: 1500.0 CFU/100ml exceeds NPS-FM limit of 540.0 - BACTERIAL CONTAMINATION DETECTED,ALERT
2026-05-05 17:18:08,aquanet/alerts,ALERT TURBIDITY: 7.4 NTU exceeds 5.0 NTU - TREATMENT REQUIRED,ALERT
2026-05-05 17:18:18,aquanet/water/turbidity,9.9,ALERT - Turbidity 9.9 NTU exceeds 5.0
2026-05-05 17:18:18,aquanet/water/ecoli,26000.0,ALERT - E.coli 26000.0 CFU/100ml exceeds 540.0
2026-05-05 17:18:18,aquanet/water/ph,7.01,OK
2026-05-05 17:18:18,aquanet/water/nitrate,0.108,OK
2026-05-05 17:18:18,aquanet/hydraulic/pressure,5.43,ALERT - Pressure 5.43 bar exceeds 5.0
2026-05-05 17:18:18,aquanet/hydraulic/flowrate,94.1,OK
2026-05-05 17:18:18,aquanet/alerts,ALERT E.COLI: 26000.0 CFU/100ml exceeds NPS-FM limit of 540.0 - BACTERIAL CONTAMINATION DETECTED,ALERT
2026-05-05 17:18:18,aquanet/alerts,ALERT TURBIDITY: 9.9 NTU exceeds 5.0 NTU - TREATMENT REQUIRED,ALERT
2026-05-05 17:18:18,aquanet/alerts,ALERT PRESSURE HIGH: 5.43 bar exceeds 4.0 bar - PIPE BURST RISK,ALERT
2026-05-05 17:18:28,aquanet/water/turbidity,9.6,ALERT - Turbidity 9.6 NTU exceeds 5.0
2026-05-05 17:18:28,aquanet/water/ecoli,11000.0,ALERT - E.coli 11000.0 CFU/100ml exceeds 540.0
2026-05-05 17:18:28,aquanet/water/ph,6.64,OK
2026-05-05 17:18:28,aquanet/water/nitrate,0.121,OK
2026-05-05 17:18:28,aquanet/hydraulic/pressure,5.27,ALERT - Pressure 5.27 bar exceeds 5.0
2026-05-05 17:18:28,aquanet/hydraulic/flowrate,97.8,OK
2026-05-05 17:18:28,aquanet/alerts,ALERT E.COLI: 11000.0 CFU/100ml exceeds NPS-FM limit of 540.0 - BACTERIAL CONTAMINATION DETECTED,ALERT
2026-05-05 17:18:28,aquanet/alerts,ALERT TURBIDITY: 9.6 NTU exceeds 5.0 NTU - TREATMENT REQUIRED,ALERT
2026-05-05 17:18:28,aquanet/alerts,ALERT PRESSURE HIGH: 5.27 bar exceeds 4.0 bar - PIPE BURST RISK,ALERT
2026-05-05 17:18:38,aquanet/water/turbidity,8.2,ALERT - Turbidity 8.2 NTU exceeds 5.0
2026-05-05 17:18:38,aquanet/water/ecoli,2600.0,ALERT - E.coli 2600.0 CFU/100ml exceeds 540.0
2026-05-05 17:18:38,aquanet/water/ph,6.8,OK
2026-05-05 17:18:38,aquanet/water/nitrate,0.9,OK
2026-05-05 17:18:38,aquanet/hydraulic/pressure,2.87,OK
2026-05-05 17:18:38,aquanet/hydraulic/flowrate,96.7,OK
2026-05-05 17:18:38,aquanet/alerts,ALERT E.COLI: 2600.0 CFU/100ml exceeds NPS-FM limit of 540.0 - BACTERIAL CONTAMINATION DETECTED,ALERT
2026-05-05 17:18:38,aquanet/alerts,ALERT TURBIDITY: 8.2 NTU exceeds 5.0 NTU - TREATMENT REQUIRED,ALERT
2026-05-05 17:18:48,aquanet/water/turbidity,15.8,ALERT - Turbidity 15.8 NTU exceeds 5.0
2026-05-05 17:18:48,aquanet/water/ecoli,2200.0,ALERT - E.coli 2200.0 CFU/100ml exceeds 540.0
2026-05-05 17:18:48,aquanet/water/ph,6.7,OK
2026-05-05 17:18:48,aquanet/water/nitrate,1.04,OK
2026-05-05 17:18:48,aquanet/hydraulic/pressure,5.1,ALERT - Pressure 5.1 bar exceeds 5.0
2026-05-05 17:18:48,aquanet/hydraulic/flowrate,92.2,OK
2026-05-05 17:18:48,aquanet/alerts,ALERT E.COLI: 2200.0 CFU/100ml exceeds NPS-FM limit of 540.0 - BACTERIAL CONTAMINATION DETECTED,ALERT
2026-05-05 17:18:48,aquanet/alerts,ALERT TURBIDITY: 15.8 NTU exceeds 5.0 NTU - TREATMENT REQUIRED,ALERT
2026-05-05 17:18:48,aquanet/alerts,ALERT PRESSURE HIGH: 5.1 bar exceeds 4.0 bar - PIPE BURST RISK,ALERT
2026-05-05 17:18:58,aquanet/water/turbidity,17.9,ALERT - Turbidity 17.9 NTU exceeds 5.0
2026-05-05 17:18:58,aquanet/water/ecoli,7600.0,ALERT - E.coli 7600.0 CFU/100ml exceeds 540.0
2026-05-05 17:18:58,aquanet/water/ph,7.0,OK
2026-05-05 17:18:58,aquanet/water/nitrate,0.49,OK
2026-05-05 17:18:58,aquanet/hydraulic/pressure,5.18,ALERT - Pressure 5.18 bar exceeds 5.0
2026-05-05 17:18:58,aquanet/hydraulic/flowrate,86.5,OK
2026-05-05 17:18:58,aquanet/alerts,ALERT E.COLI: 7600.0 CFU/100ml exceeds NPS-FM limit of 540.0 - BACTERIAL CONTAMINATION DETECTED,ALERT
2026-05-05 17:18:58,aquanet/alerts,ALERT TURBIDITY: 17.9 NTU exceeds 5.0 NTU - TREATMENT REQUIRED,ALERT
2026-05-05 17:18:58,aquanet/alerts,ALERT PRESSURE HIGH: 5.18 bar exceeds 4.0 bar - PIPE BURST RISK,ALERT
2026-05-05 17:19:08,aquanet/water/turbidity,19.3,ALERT - Turbidity 19.3 NTU exceeds 5.0
2026-05-05 17:19:08,aquanet/water/ecoli,1100.0,ALERT - E.coli 1100.0 CFU/100ml exceeds 540.0
2026-05-05 17:19:08,aquanet/water/ph,6.86,OK
2026-05-05 17:19:08,aquanet/water/nitrate,0.28,OK
2026-05-05 17:19:08,aquanet/hydraulic/pressure,3.31,OK
2026-05-05 17:19:08,aquanet/hydraulic/flowrate,70.2,OK
2026-05-05 17:19:08,aquanet/alerts,ALERT E.COLI: 1100.0 CFU/100ml exceeds NPS-FM limit of 540.0 - BACTERIAL CONTAMINATION DETECTED,ALERT
2026-05-05 17:19:08,aquanet/alerts,ALERT TURBIDITY: 19.3 NTU exceeds 5.0 NTU - TREATMENT REQUIRED,ALERT
2026-05-05 17:19:18,aquanet/water/turbidity,19.5,ALERT - Turbidity 19.5 NTU exceeds 5.0
2026-05-05 17:19:18,aquanet/water/ecoli,1200.0,ALERT - E.coli 1200.0 CFU/100ml exceeds 540.0
2026-05-05 17:19:18,aquanet/water/ph,6.62,OK
2026-05-05 17:19:18,aquanet/water/nitrate,0.32,OK
2026-05-05 17:19:18,aquanet/hydraulic/pressure,4.8,OK
2026-05-05 17:19:18,aquanet/hydraulic/flowrate,98.8,OK
2026-05-05 17:19:18,aquanet/alerts,ALERT E.COLI: 1200.0 CFU/100ml exceeds NPS-FM limit of 540.0 - BACTERIAL CONTAMINATION DETECTED,ALERT
2026-05-05 17:19:18,aquanet/alerts,ALERT TURBIDITY: 19.5 NTU exceeds 5.0 NTU - TREATMENT REQUIRED,ALERT
2026-05-05 17:19:18,aquanet/alerts,ALERT PRESSURE HIGH: 4.8 bar exceeds 4.0 bar - PIPE BURST RISK,ALERT
2026-05-05 17:19:28,aquanet/water/turbidity,10.8,ALERT - Turbidity 10.8 NTU exceeds 5.0
2026-05-05 17:19:28,aquanet/water/ecoli,510.0,OK
2026-05-05 17:19:28,aquanet/water/ph,6.91,OK
2026-05-05 17:19:28,aquanet/water/nitrate,0.53,OK
2026-05-05 17:19:28,aquanet/hydraulic/pressure,5.2,ALERT - Pressure 5.2 bar exceeds 5.0
2026-05-05 17:19:28,aquanet/hydraulic/flowrate,92.2,OK
2026-05-05 17:19:28,aquanet/alerts,ALERT TURBIDITY: 10.8 NTU exceeds 5.0 NTU - TREATMENT REQUIRED,ALERT
2026-05-05 17:19:28,aquanet/alerts,ALERT PRESSURE HIGH: 5.2 bar exceeds 4.0 bar - PIPE BURST RISK,ALERT
2026-05-05 17:19:38,aquanet/water/turbidity,36.6,ALERT - Turbidity 36.6 NTU exceeds 5.0
2026-05-05 17:19:38,aquanet/water/ecoli,870.0,ALERT - E.coli 870.0 CFU/100ml exceeds 540.0
2026-05-05 17:19:38,aquanet/water/ph,6.86,OK
2026-05-05 17:19:38,aquanet/water/nitrate,0.2,OK
2026-05-05 17:19:38,aquanet/hydraulic/pressure,5.56,ALERT - Pressure 5.56 bar exceeds 5.0
2026-05-05 17:19:38,aquanet/hydraulic/flowrate,74.4,OK
2026-05-05 17:19:38,aquanet/alerts,ALERT E.COLI: 870.0 CFU/100ml exceeds NPS-FM limit of 540.0 - BACTERIAL CONTAMINATION DETECTED,ALERT
2026-05-05 17:19:38,aquanet/alerts,ALERT TURBIDITY: 36.6 NTU exceeds 5.0 NTU - TREATMENT REQUIRED,ALERT
2026-05-05 17:19:38,aquanet/alerts,ALERT PRESSURE HIGH: 5.56 bar exceeds 4.0 bar - PIPE BURST RISK,ALERT
2026-05-05 17:19:48,aquanet/water/turbidity,12.0,ALERT - Turbidity 12.0 NTU exceeds 5.0
2026-05-05 17:19:48,aquanet/water/ecoli,1200.0,ALERT - E.coli 1200.0 CFU/100ml exceeds 540.0
2026-05-05 17:19:48,aquanet/water/ph,6.7,OK
2026-05-05 17:19:48,aquanet/water/nitrate,0.21,OK
2026-05-05 17:19:48,aquanet/hydraulic/pressure,5.68,ALERT - Pressure 5.68 bar exceeds 5.0
2026-05-05 17:19:48,aquanet/hydraulic/flowrate,70.4,OK
2026-05-05 17:19:48,aquanet/alerts,ALERT E.COLI: 1200.0 CFU/100ml exceeds NPS-FM limit of 540.0 - BACTERIAL CONTAMINATION DETECTED,ALERT
2026-05-05 17:19:48,aquanet/alerts,ALERT TURBIDITY: 12.0 NTU exceeds 5.0 NTU - TREATMENT REQUIRED,ALERT
2026-05-05 17:19:48,aquanet/alerts,ALERT PRESSURE HIGH: 5.68 bar exceeds 4.0 bar - PIPE BURST RISK,ALERT
2026-05-05 17:19:58,aquanet/water/turbidity,39.0,ALERT - Turbidity 39.0 NTU exceeds 5.0
2026-05-05 17:19:58,aquanet/water/ecoli,610.0,ALERT - E.coli 610.0 CFU/100ml exceeds 540.0
2026-05-05 17:19:58,aquanet/water/ph,6.8,OK
2026-05-05 17:19:58,aquanet/water/nitrate,0.179,OK
2026-05-05 17:19:58,aquanet/hydraulic/pressure,5.33,ALERT - Pressure 5.33 bar exceeds 5.0
2026-05-05 17:19:58,aquanet/hydraulic/flowrate,83.4,OK
2026-05-05 17:19:58,aquanet/alerts,ALERT E.COLI: 610.0 CFU/100ml exceeds NPS-FM limit of 540.0 - BACTERIAL CONTAMINATION DETECTED,ALERT
2026-05-05 17:19:58,aquanet/alerts,ALERT TURBIDITY: 39.0 NTU exceeds 5.0 NTU - TREATMENT REQUIRED,ALERT
2026-05-05 17:19:58,aquanet/alerts,ALERT PRESSURE HIGH: 5.33 bar exceeds 4.0 bar - PIPE BURST RISK,ALERT
2026-05-05 17:20:08,aquanet/water/turbidity,30.0,ALERT - Turbidity 30.0 NTU exceeds 5.0
2026-05-05 17:20:08,aquanet/water/ecoli,7300.0,ALERT - E.coli 7300.0 CFU/100ml exceeds 540.0
2026-05-05 17:20:08,aquanet/water/ph,6.8,OK
2026-05-05 17:20:08,aquanet/water/nitrate,0.22,OK
2026-05-05 17:20:08,aquanet/hydraulic/pressure,5.07,ALERT - Pressure 5.07 bar exceeds 5.0
2026-05-05 17:20:08,aquanet/hydraulic/flowrate,92.3,OK
2026-05-05 17:20:08,aquanet/alerts,ALERT E.COLI: 7300.0 CFU/100ml exceeds NPS-FM limit of 540.0 - BACTERIAL CONTAMINATION DETECTED,ALERT
2026-05-05 17:20:08,aquanet/alerts,ALERT TURBIDITY: 30.0 NTU exceeds 5.0 NTU - TREATMENT REQUIRED,ALERT
2026-05-05 17:20:08,aquanet/alerts,ALERT PRESSURE HIGH: 5.07 bar exceeds 4.0 bar - PIPE BURST RISK,ALERT
2026-05-05 17:20:18,aquanet/water/turbidity,11.0,ALERT - Turbidity 11.0 NTU exceeds 5.0
2026-05-05 17:20:18,aquanet/water/ecoli,2000.0,ALERT - E.coli 2000.0 CFU/100ml exceeds 540.0
2026-05-05 17:20:18,aquanet/water/ph,6.73,OK
2026-05-05 17:20:18,aquanet/water/nitrate,0.094,OK
2026-05-05 17:20:18,aquanet/hydraulic/pressure,5.87,ALERT - Pressure 5.87 bar exceeds 5.0
2026-05-05 17:20:18,aquanet/hydraulic/flowrate,91.7,OK
2026-05-05 17:20:18,aquanet/alerts,ALERT E.COLI: 2000.0 CFU/100ml exceeds NPS-FM limit of 540.0 - BACTERIAL CONTAMINATION DETECTED,ALERT
2026-05-05 17:20:18,aquanet/alerts,ALERT TURBIDITY: 11.0 NTU exceeds 5.0 NTU - TREATMENT REQUIRED,ALERT
2026-05-05 17:20:18,aquanet/alerts,ALERT PRESSURE HIGH: 5.87 bar exceeds 4.0 bar - PIPE BURST RISK,ALERT
2026-05-05 17:20:28,aquanet/water/turbidity,16.0,ALERT - Turbidity 16.0 NTU exceeds 5.0
2026-05-05 17:20:28,aquanet/water/ecoli,2700.0,ALERT - E.coli 2700.0 CFU/100ml exceeds 540.0
2026-05-05 17:20:28,aquanet/water/ph,6.53,OK
2026-05-05 17:20:28,aquanet/water/nitrate,0.48,OK
2026-05-05 17:20:28,aquanet/hydraulic/pressure,3.18,OK
2026-05-05 17:20:28,aquanet/hydraulic/flowrate,93.0,OK
2026-05-05 17:20:28,aquanet/alerts,ALERT E.COLI: 2700.0 CFU/100ml exceeds NPS-FM limit of 540.0 - BACTERIAL CONTAMINATION DETECTED,ALERT
2026-05-05 17:20:28,aquanet/alerts,ALERT TURBIDITY: 16.0 NTU exceeds 5.0 NTU - TREATMENT REQUIRED,ALERT
2026-05-05 17:20:38,aquanet/water/turbidity,12.0,ALERT - Turbidity 12.0 NTU exceeds 5.0
2026-05-05 17:20:38,aquanet/water/ecoli,3500.0,ALERT - E.coli 3500.0 CFU/100ml exceeds 540.0
2026-05-05 17:20:38,aquanet/water/ph,7.01,OK
2026-05-05 17:20:38,aquanet/water/nitrate,0.28,OK
2026-05-05 17:20:38,aquanet/hydraulic/pressure,5.02,ALERT - Pressure 5.02 bar exceeds 5.0
2026-05-05 17:20:38,aquanet/hydraulic/flowrate,95.4,OK
2026-05-05 17:20:38,aquanet/alerts,ALERT E.COLI: 3500.0 CFU/100ml exceeds NPS-FM limit of 540.0 - BACTERIAL CONTAMINATION DETECTED,ALERT
2026-05-05 17:20:38,aquanet/alerts,ALERT TURBIDITY: 12.0 NTU exceeds 5.0 NTU - TREATMENT REQUIRED,ALERT
2026-05-05 17:20:38,aquanet/alerts,ALERT PRESSURE HIGH: 5.02 bar exceeds 4.0 bar - PIPE BURST RISK,ALERT
2026-05-05 17:20:48,aquanet/water/turbidity,18.0,ALERT - Turbidity 18.0 NTU exceeds 5.0
2026-05-05 17:20:48,aquanet/water/ecoli,9700.0,ALERT - E.coli 9700.0 CFU/100ml exceeds 540.0
2026-05-05 17:20:48,aquanet/water/ph,6.93,OK
2026-05-05 17:20:48,aquanet/water/nitrate,0.58,OK
2026-05-05 17:20:48,aquanet/hydraulic/pressure,4.6,OK
2026-05-05 17:20:48,aquanet/hydraulic/flowrate,95.9,OK
2026-05-05 17:20:48,aquanet/alerts,ALERT E.COLI: 9700.0 CFU/100ml exceeds NPS-FM limit of 540.0 - BACTERIAL CONTAMINATION DETECTED,ALERT
2026-05-05 17:20:48,aquanet/alerts,ALERT TURBIDITY: 18.0 NTU exceeds 5.0 NTU - TREATMENT REQUIRED,ALERT
2026-05-05 17:20:48,aquanet/alerts,ALERT PRESSURE HIGH: 4.6 bar exceeds 4.0 bar - PIPE BURST RISK,ALERT
2026-05-05 17:20:58,aquanet/water/turbidity,14.0,ALERT - Turbidity 14.0 NTU exceeds 5.0
2026-05-05 17:20:58,aquanet/water/ecoli,680.0,ALERT - E.coli 680.0 CFU/100ml exceeds 540.0
2026-05-05 17:20:58,aquanet/water/ph,6.74,OK
2026-05-05 17:20:58,aquanet/water/nitrate,0.53,OK
2026-05-05 17:20:58,aquanet/hydraulic/pressure,4.73,OK
2026-05-05 17:20:58,aquanet/hydraulic/flowrate,73.2,OK
2026-05-05 17:20:58,aquanet/alerts,ALERT E.COLI: 680.0 CFU/100ml exceeds NPS-FM limit of 540.0 - BACTERIAL CONTAMINATION DETECTED,ALERT
2026-05-05 17:20:58,aquanet/alerts,ALERT TURBIDITY: 14.0 NTU exceeds 5.0 NTU - TREATMENT REQUIRED,ALERT
2026-05-05 17:20:58,aquanet/alerts,ALERT PRESSURE HIGH: 4.73 bar exceeds 4.0 bar - PIPE BURST RISK,ALERT
2026-05-05 17:21:08,aquanet/water/turbidity,20.0,ALERT - Turbidity 20.0 NTU exceeds 5.0
2026-05-05 17:21:08,aquanet/water/ecoli,840.0,ALERT - E.coli 840.0 CFU/100ml exceeds 540.0
2026-05-05 17:21:08,aquanet/water/ph,7.09,OK
2026-05-05 17:21:08,aquanet/water/nitrate,0.69,OK
2026-05-05 17:21:08,aquanet/hydraulic/pressure,3.56,OK
2026-05-05 17:21:08,aquanet/hydraulic/flowrate,73.1,OK
2026-05-05 17:21:08,aquanet/alerts,ALERT E.COLI: 840.0 CFU/100ml exceeds NPS-FM limit of 540.0 - BACTERIAL CONTAMINATION DETECTED,ALERT
2026-05-05 17:21:08,aquanet/alerts,ALERT TURBIDITY: 20.0 NTU exceeds 5.0 NTU - TREATMENT REQUIRED,ALERT
2026-05-05 17:21:18,aquanet/water/turbidity,18.0,ALERT - Turbidity 18.0 NTU exceeds 5.0
2026-05-05 17:21:18,aquanet/water/ecoli,800.0,ALERT - E.coli 800.0 CFU/100ml exceeds 540.0
2026-05-05 17:21:18,aquanet/water/ph,7.08,OK
2026-05-05 17:21:18,aquanet/water/nitrate,0.53,OK
2026-05-05 17:21:18,aquanet/hydraulic/pressure,3.25,OK
2026-05-05 17:21:18,aquanet/hydraulic/flowrate,92.5,OK
2026-05-05 17:21:18,aquanet/alerts,ALERT E.COLI: 800.0 CFU/100ml exceeds NPS-FM limit of 540.0 - BACTERIAL CONTAMINATION DETECTED,ALERT
2026-05-05 17:21:18,aquanet/alerts,ALERT TURBIDITY: 18.0 NTU exceeds 5.0 NTU - TREATMENT REQUIRED,ALERT
2026-05-05 17:21:28,aquanet/water/turbidity,27.0,ALERT - Turbidity 27.0 NTU exceeds 5.0
2026-05-05 17:21:28,aquanet/water/ecoli,7400.0,ALERT - E.coli 7400.0 CFU/100ml exceeds 540.0
2026-05-05 17:21:28,aquanet/water/ph,6.61,OK
2026-05-05 17:21:28,aquanet/water/nitrate,0.57,OK
2026-05-05 17:21:28,aquanet/hydraulic/pressure,5.41,ALERT - Pressure 5.41 bar exceeds 5.0
2026-05-05 17:21:28,aquanet/hydraulic/flowrate,94.7,OK
2026-05-05 17:21:28,aquanet/alerts,ALERT E.COLI: 7400.0 CFU/100ml exceeds NPS-FM limit of 540.0 - BACTERIAL CONTAMINATION DETECTED,ALERT
2026-05-05 17:21:28,aquanet/alerts,ALERT TURBIDITY: 27.0 NTU exceeds 5.0 NTU - TREATMENT REQUIRED,ALERT
2026-05-05 17:21:28,aquanet/alerts,ALERT PRESSURE HIGH: 5.41 bar exceeds 4.0 bar - PIPE BURST RISK,ALERT
2026-05-05 17:21:39,aquanet/water/turbidity,11.0,ALERT - Turbidity 11.0 NTU exceeds 5.0
2026-05-05 17:21:39,aquanet/water/ecoli,3500.0,ALERT - E.coli 3500.0 CFU/100ml exceeds 540.0
2026-05-05 17:21:39,aquanet/water/ph,6.47,ALERT - pH 6.47 below minimum 6.5
2026-05-05 17:21:39,aquanet/water/nitrate,0.27,OK
2026-05-05 17:21:39,aquanet/hydraulic/pressure,5.09,ALERT - Pressure 5.09 bar exceeds 5.0
2026-05-05 17:21:39,aquanet/hydraulic/flowrate,93.3,OK
2026-05-05 17:21:39,aquanet/alerts,ALERT E.COLI: 3500.0 CFU/100ml exceeds NPS-FM limit of 540.0 - BACTERIAL CONTAMINATION DETECTED,ALERT
2026-05-05 17:21:39,aquanet/alerts,ALERT TURBIDITY: 11.0 NTU exceeds 5.0 NTU - TREATMENT REQUIRED,ALERT
2026-05-05 17:21:39,aquanet/alerts,ALERT pH LOW: 6.47 - CORROSION RISK - below 6.5,ALERT
2026-05-05 17:21:39,aquanet/alerts,ALERT PRESSURE HIGH: 5.09 bar exceeds 4.0 bar - PIPE BURST RISK,ALERT
2026-05-05 17:21:49,aquanet/water/turbidity,10.0,ALERT - Turbidity 10.0 NTU exceeds 5.0
2026-05-05 17:21:49,aquanet/water/ecoli,12000.0,ALERT - E.coli 12000.0 CFU/100ml exceeds 540.0
2026-05-05 17:21:49,aquanet/water/ph,6.42,ALERT - pH 6.42 below minimum 6.5
2026-05-05 17:21:49,aquanet/water/nitrate,0.012,OK
2026-05-05 17:21:49,aquanet/hydraulic/pressure,5.46,ALERT - Pressure 5.46 bar exceeds 5.0
2026-05-05 17:21:49,aquanet/hydraulic/flowrate,73.4,OK
2026-05-05 17:21:49,aquanet/alerts,ALERT E.COLI: 12000.0 CFU/100ml exceeds NPS-FM limit of 540.0 - BACTERIAL CONTAMINATION DETECTED,ALERT
2026-05-05 17:21:49,aquanet/alerts,ALERT TURBIDITY: 10.0 NTU exceeds 5.0 NTU - TREATMENT REQUIRED,ALERT
2026-05-05 17:21:49,aquanet/alerts,ALERT pH LOW: 6.42 - CORROSION RISK - below 6.5,ALERT
2026-05-05 17:21:49,aquanet/alerts,ALERT PRESSURE HIGH: 5.46 bar exceeds 4.0 bar - PIPE BURST RISK,ALERT
2026-05-05 17:21:59,aquanet/water/turbidity,13.0,ALERT - Turbidity 13.0 NTU exceeds 5.0
2026-05-05 17:21:59,aquanet/water/ecoli,11000.0,ALERT - E.coli 11000.0 CFU/100ml exceeds 540.0
2026-05-05 17:21:59,aquanet/water/ph,6.63,OK
2026-05-05 17:21:59,aquanet/water/nitrate,0.45,OK
2026-05-05 17:21:59,aquanet/hydraulic/pressure,5.37,ALERT - Pressure 5.37 bar exceeds 5.0
2026-05-05 17:21:59,aquanet/hydraulic/flowrate,89.0,OK
2026-05-05 17:21:59,aquanet/alerts,ALERT E.COLI: 11000.0 CFU/100ml exceeds NPS-FM limit of 540.0 - BACTERIAL CONTAMINATION DETECTED,ALERT
2026-05-05 17:21:59,aquanet/alerts,ALERT TURBIDITY: 13.0 NTU exceeds 5.0 NTU - TREATMENT REQUIRED,ALERT
2026-05-05 17:21:59,aquanet/alerts,ALERT PRESSURE HIGH: 5.37 bar exceeds 4.0 bar - PIPE BURST RISK,ALERT
2026-05-05 17:22:09,aquanet/water/turbidity,40.0,ALERT - Turbidity 40.0 NTU exceeds 5.0
2026-05-05 17:22:09,aquanet/water/ecoli,2900.0,ALERT - E.coli 2900.0 CFU/100ml exceeds 540.0
2026-05-05 17:22:09,aquanet/water/ph,7.06,OK
2026-05-05 17:22:09,aquanet/water/nitrate,0.3,OK
2026-05-05 17:22:09,aquanet/hydraulic/pressure,5.15,ALERT - Pressure 5.15 bar exceeds 5.0
2026-05-05 17:22:09,aquanet/hydraulic/flowrate,99.1,OK
2026-05-05 17:22:09,aquanet/alerts,ALERT E.COLI: 2900.0 CFU/100ml exceeds NPS-FM limit of 540.0 - BACTERIAL CONTAMINATION DETECTED,ALERT
2026-05-05 17:22:09,aquanet/alerts,ALERT TURBIDITY: 40.0 NTU exceeds 5.0 NTU - TREATMENT REQUIRED,ALERT
2026-05-05 17:22:09,aquanet/alerts,ALERT PRESSURE HIGH: 5.15 bar exceeds 4.0 bar - PIPE BURST RISK,ALERT
2026-05-05 17:22:19,aquanet/water/turbidity,15.0,ALERT - Turbidity 15.0 NTU exceeds 5.0
2026-05-05 17:22:19,aquanet/water/ecoli,1200.0,ALERT - E.coli 1200.0 CFU/100ml exceeds 540.0
2026-05-05 17:22:19,aquanet/water/ph,6.91,OK
2026-05-05 17:22:19,aquanet/water/nitrate,0.3,OK
2026-05-05 17:22:19,aquanet/hydraulic/pressure,5.19,ALERT - Pressure 5.19 bar exceeds 5.0
2026-05-05 17:22:19,aquanet/hydraulic/flowrate,72.2,OK
2026-05-05 17:22:19,aquanet/alerts,ALERT E.COLI: 1200.0 CFU/100ml exceeds NPS-FM limit of 540.0 - BACTERIAL CONTAMINATION DETECTED,ALERT
2026-05-05 17:22:19,aquanet/alerts,ALERT TURBIDITY: 15.0 NTU exceeds 5.0 NTU - TREATMENT REQUIRED,ALERT
2026-05-05 17:22:19,aquanet/alerts,ALERT PRESSURE HIGH: 5.19 bar exceeds 4.0 bar - PIPE BURST RISK,ALERT
2026-05-05 17:22:29,aquanet/water/turbidity,25.0,ALERT - Turbidity 25.0 NTU exceeds 5.0
2026-05-05 17:22:29,aquanet/water/ecoli,2500.0,ALERT - E.coli 2500.0 CFU/100ml exceeds 540.0
2026-05-05 17:22:29,aquanet/water/ph,6.93,OK
2026-05-05 17:22:29,aquanet/water/nitrate,0.28,OK
2026-05-05 17:22:29,aquanet/hydraulic/pressure,4.82,OK
2026-05-05 17:22:29,aquanet/hydraulic/flowrate,84.6,OK
2026-05-05 17:22:29,aquanet/alerts,ALERT E.COLI: 2500.0 CFU/100ml exceeds NPS-FM limit of 540.0 - BACTERIAL CONTAMINATION DETECTED,ALERT
2026-05-05 17:22:29,aquanet/alerts,ALERT TURBIDITY: 25.0 NTU exceeds 5.0 NTU - TREATMENT REQUIRED,ALERT
2026-05-05 17:22:29,aquanet/alerts,ALERT PRESSURE HIGH: 4.82 bar exceeds 4.0 bar - PIPE BURST RISK,ALERT
2026-05-05 17:22:39,aquanet/water/turbidity,21.0,ALERT - Turbidity 21.0 NTU exceeds 5.0
2026-05-05 17:22:39,aquanet/water/ecoli,1300.0,ALERT - E.coli 1300.0 CFU/100ml exceeds 540.0
2026-05-05 17:22:39,aquanet/water/ph,6.85,OK
2026-05-05 17:22:39,aquanet/water/nitrate,0.72,OK
2026-05-05 17:22:39,aquanet/hydraulic/pressure,5.27,ALERT - Pressure 5.27 bar exceeds 5.0
2026-05-05 17:22:39,aquanet/hydraulic/flowrate,83.6,OK
2026-05-05 17:22:39,aquanet/alerts,ALERT E.COLI: 1300.0 CFU/100ml exceeds NPS-FM limit of 540.0 - BACTERIAL CONTAMINATION DETECTED,ALERT
2026-05-05 17:22:39,aquanet/alerts,ALERT TURBIDITY: 21.0 NTU exceeds 5.0 NTU - TREATMENT REQUIRED,ALERT
2026-05-05 17:22:39,aquanet/alerts,ALERT PRESSURE HIGH: 5.27 bar exceeds 4.0 bar - PIPE BURST RISK,ALERT
2026-05-05 17:22:49,aquanet/water/turbidity,17.0,ALERT - Turbidity 17.0 NTU exceeds 5.0
2026-05-05 17:22:49,aquanet/water/ecoli,27000.0,ALERT - E.coli 27000.0 CFU/100ml exceeds 540.0
2026-05-05 17:22:49,aquanet/water/ph,6.95,OK
2026-05-05 17:22:49,aquanet/water/nitrate,0.6,OK
2026-05-05 17:22:49,aquanet/hydraulic/pressure,4.98,OK
2026-05-05 17:22:49,aquanet/hydraulic/flowrate,99.9,OK
2026-05-05 17:22:49,aquanet/alerts,ALERT E.COLI: 27000.0 CFU/100ml exceeds NPS-FM limit of 540.0 - BACTERIAL CONTAMINATION DETECTED,ALERT
2026-05-05 17:22:49,aquanet/alerts,ALERT TURBIDITY: 17.0 NTU exceeds 5.0 NTU - TREATMENT REQUIRED,ALERT
2026-05-05 17:22:49,aquanet/alerts,ALERT PRESSURE HIGH: 4.98 bar exceeds 4.0 bar - PIPE BURST RISK,ALERT
2026-05-05 17:22:59,aquanet/water/turbidity,11.0,ALERT - Turbidity 11.0 NTU exceeds 5.0
2026-05-05 17:22:59,aquanet/water/ecoli,810.0,ALERT - E.coli 810.0 CFU/100ml exceeds 540.0
2026-05-05 17:22:59,aquanet/water/ph,6.24,ALERT - pH 6.24 below minimum 6.5
2026-05-05 17:22:59,aquanet/water/nitrate,0.48,OK
2026-05-05 17:22:59,aquanet/hydraulic/pressure,5.7,ALERT - Pressure 5.7 bar exceeds 5.0
2026-05-05 17:22:59,aquanet/hydraulic/flowrate,80.5,OK
2026-05-05 17:22:59,aquanet/alerts,ALERT E.COLI: 810.0 CFU/100ml exceeds NPS-FM limit of 540.0 - BACTERIAL CONTAMINATION DETECTED,ALERT
2026-05-05 17:22:59,aquanet/alerts,ALERT TURBIDITY: 11.0 NTU exceeds 5.0 NTU - TREATMENT REQUIRED,ALERT
2026-05-05 17:22:59,aquanet/alerts,ALERT pH LOW: 6.24 - CORROSION RISK - below 6.5,ALERT
2026-05-05 17:22:59,aquanet/alerts,ALERT PRESSURE HIGH: 5.7 bar exceeds 4.0 bar - PIPE BURST RISK,ALERT
2026-05-05 17:23:09,aquanet/water/turbidity,18.0,ALERT - Turbidity 18.0 NTU exceeds 5.0
2026-05-05 17:23:09,aquanet/water/ecoli,3100.0,ALERT - E.coli 3100.0 CFU/100ml exceeds 540.0
2026-05-05 17:23:09,aquanet/water/ph,6.86,OK
2026-05-05 17:23:09,aquanet/water/nitrate,0.4,OK
2026-05-05 17:23:09,aquanet/hydraulic/pressure,5.34,ALERT - Pressure 5.34 bar exceeds 5.0
2026-05-05 17:23:09,aquanet/hydraulic/flowrate,91.7,OK
2026-05-05 17:23:09,aquanet/alerts,ALERT E.COLI: 3100.0 CFU/100ml exceeds NPS-FM limit of 540.0 - BACTERIAL CONTAMINATION DETECTED,ALERT
2026-05-05 17:23:09,aquanet/alerts,ALERT TURBIDITY: 18.0 NTU exceeds 5.0 NTU - TREATMENT REQUIRED,ALERT
2026-05-05 17:23:09,aquanet/alerts,ALERT PRESSURE HIGH: 5.34 bar exceeds 4.0 bar - PIPE BURST RISK,ALERT
2026-05-05 17:23:19,aquanet/water/turbidity,7.8,ALERT - Turbidity 7.8 NTU exceeds 5.0
2026-05-05 17:23:19,aquanet/water/ecoli,31000.0,ALERT - E.coli 31000.0 CFU/100ml exceeds 540.0
2026-05-05 17:23:19,aquanet/water/ph,6.67,OK
2026-05-05 17:23:19,aquanet/water/nitrate,0.36,OK
2026-05-05 17:23:19,aquanet/hydraulic/pressure,5.01,ALERT - Pressure 5.01 bar exceeds 5.0
2026-05-05 17:23:19,aquanet/hydraulic/flowrate,95.6,OK
2026-05-05 17:23:19,aquanet/alerts,ALERT E.COLI: 31000.0 CFU/100ml exceeds NPS-FM limit of 540.0 - BACTERIAL CONTAMINATION DETECTED,ALERT
2026-05-05 17:23:19,aquanet/alerts,ALERT TURBIDITY: 7.8 NTU exceeds 5.0 NTU - TREATMENT REQUIRED,ALERT
2026-05-05 17:23:19,aquanet/alerts,ALERT PRESSURE HIGH: 5.01 bar exceeds 4.0 bar - PIPE BURST RISK,ALERT
2026-05-05 17:23:29,aquanet/water/turbidity,9.0,ALERT - Turbidity 9.0 NTU exceeds 5.0
2026-05-05 17:23:29,aquanet/water/ecoli,1100.0,ALERT - E.coli 1100.0 CFU/100ml exceeds 540.0
2026-05-05 17:23:29,aquanet/water/ph,6.08,ALERT - pH 6.08 below minimum 6.5
2026-05-05 17:23:29,aquanet/water/nitrate,0.34,OK
2026-05-05 17:23:29,aquanet/hydraulic/pressure,5.37,ALERT - Pressure 5.37 bar exceeds 5.0
2026-05-05 17:23:29,aquanet/hydraulic/flowrate,87.1,OK
2026-05-05 17:23:29,aquanet/alerts,ALERT E.COLI: 1100.0 CFU/100ml exceeds NPS-FM limit of 540.0 - BACTERIAL CONTAMINATION DETECTED,ALERT
2026-05-05 17:23:29,aquanet/alerts,ALERT TURBIDITY: 9.0 NTU exceeds 5.0 NTU - TREATMENT REQUIRED,ALERT
2026-05-05 17:23:29,aquanet/alerts,ALERT pH LOW: 6.08 - CORROSION RISK - below 6.5,ALERT
2026-05-05 17:23:29,aquanet/alerts,ALERT PRESSURE HIGH: 5.37 bar exceeds 4.0 bar - PIPE BURST RISK,ALERT
2026-05-05 17:23:39,aquanet/water/turbidity,11.0,ALERT - Turbidity 11.0 NTU exceeds 5.0
2026-05-05 17:23:39,aquanet/water/ecoli,850.0,ALERT - E.coli 850.0 CFU/100ml exceeds 540.0
2026-05-05 17:23:39,aquanet/water/ph,6.95,OK
2026-05-05 17:23:39,aquanet/water/nitrate,0.3,OK
2026-05-05 17:23:39,aquanet/hydraulic/pressure,5.92,ALERT - Pressure 5.92 bar exceeds 5.0
2026-05-05 17:23:39,aquanet/hydraulic/flowrate,92.7,OK
2026-05-05 17:23:39,aquanet/alerts,ALERT E.COLI: 850.0 CFU/100ml exceeds NPS-FM limit of 540.0 - BACTERIAL CONTAMINATION DETECTED,ALERT
2026-05-05 17:23:39,aquanet/alerts,ALERT TURBIDITY: 11.0 NTU exceeds 5.0 NTU - TREATMENT REQUIRED,ALERT
2026-05-05 17:23:39,aquanet/alerts,ALERT PRESSURE HIGH: 5.92 bar exceeds 4.0 bar - PIPE BURST RISK,ALERT
2026-05-05 17:23:49,aquanet/water/turbidity,22.0,ALERT - Turbidity 22.0 NTU exceeds 5.0
2026-05-05 17:23:49,aquanet/water/ecoli,4400.0,ALERT - E.coli 4400.0 CFU/100ml exceeds 540.0
2026-05-05 17:23:49,aquanet/water/ph,6.79,OK
2026-05-05 17:23:49,aquanet/water/nitrate,0.31,OK
2026-05-05 17:23:49,aquanet/hydraulic/pressure,5.42,ALERT - Pressure 5.42 bar exceeds 5.0
2026-05-05 17:23:49,aquanet/hydraulic/flowrate,99.5,OK
2026-05-05 17:23:49,aquanet/alerts,ALERT E.COLI: 4400.0 CFU/100ml exceeds NPS-FM limit of 540.0 - BACTERIAL CONTAMINATION DETECTED,ALERT
2026-05-05 17:23:49,aquanet/alerts,ALERT TURBIDITY: 22.0 NTU exceeds 5.0 NTU - TREATMENT REQUIRED,ALERT
2026-05-05 17:23:49,aquanet/alerts,ALERT PRESSURE HIGH: 5.42 bar exceeds 4.0 bar - PIPE BURST RISK,ALERT
2026-05-05 17:23:59,aquanet/water/turbidity,6.9,ALERT - Turbidity 6.9 NTU exceeds 5.0
2026-05-05 17:23:59,aquanet/water/ecoli,4200.0,ALERT - E.coli 4200.0 CFU/100ml exceeds 540.0
2026-05-05 17:23:59,aquanet/water/ph,6.87,OK
2026-05-05 17:23:59,aquanet/water/nitrate,0.31,OK
2026-05-05 17:23:59,aquanet/hydraulic/pressure,3.46,OK
2026-05-05 17:23:59,aquanet/hydraulic/flowrate,91.3,OK
2026-05-05 17:23:59,aquanet/alerts,ALERT E.COLI: 4200.0 CFU/100ml exceeds NPS-FM limit of 540.0 - BACTERIAL CONTAMINATION DETECTED,ALERT
2026-05-05 17:23:59,aquanet/alerts,ALERT TURBIDITY: 6.9 NTU exceeds 5.0 NTU - TREATMENT REQUIRED,ALERT
2026-05-05 17:24:09,aquanet/water/turbidity,7.7,ALERT - Turbidity 7.7 NTU exceeds 5.0
2026-05-05 17:24:09,aquanet/water/ecoli,1100.0,ALERT - E.coli 1100.0 CFU/100ml exceeds 540.0
2026-05-05 17:24:09,aquanet/water/ph,6.77,OK
2026-05-05 17:24:09,aquanet/water/nitrate,0.24,OK
2026-05-05 17:24:09,aquanet/hydraulic/pressure,4.81,OK
2026-05-05 17:24:09,aquanet/hydraulic/flowrate,81.5,OK
2026-05-05 17:24:09,aquanet/alerts,ALERT E.COLI: 1100.0 CFU/100ml exceeds NPS-FM limit of 540.0 - BACTERIAL CONTAMINATION DETECTED,ALERT
2026-05-05 17:24:09,aquanet/alerts,ALERT TURBIDITY: 7.7 NTU exceeds 5.0 NTU - TREATMENT REQUIRED,ALERT
2026-05-05 17:24:09,aquanet/alerts,ALERT PRESSURE HIGH: 4.81 bar exceeds 4.0 bar - PIPE BURST RISK,ALERT
2026-05-05 17:24:19,aquanet/water/turbidity,7.1,ALERT - Turbidity 7.1 NTU exceeds 5.0
2026-05-05 17:24:19,aquanet/water/ecoli,3000.0,ALERT - E.coli 3000.0 CFU/100ml exceeds 540.0
2026-05-05 17:24:19,aquanet/water/ph,6.76,OK
2026-05-05 17:24:19,aquanet/water/nitrate,0.21,OK
2026-05-05 17:24:19,aquanet/hydraulic/pressure,4.59,OK
2026-05-05 17:24:19,aquanet/hydraulic/flowrate,91.4,OK
2026-05-05 17:24:19,aquanet/alerts,ALERT E.COLI: 3000.0 CFU/100ml exceeds NPS-FM limit of 540.0 - BACTERIAL CONTAMINATION DETECTED,ALERT
2026-05-05 17:24:19,aquanet/alerts,ALERT TURBIDITY: 7.1 NTU exceeds 5.0 NTU - TREATMENT REQUIRED,ALERT
2026-05-05 17:24:19,aquanet/alerts,ALERT PRESSURE HIGH: 4.59 bar exceeds 4.0 bar - PIPE BURST RISK,ALERT
2026-05-05 17:24:29,aquanet/water/turbidity,15.0,ALERT - Turbidity 15.0 NTU exceeds 5.0
2026-05-05 17:24:29,aquanet/water/ecoli,4400.0,ALERT - E.coli 4400.0 CFU/100ml exceeds 540.0
2026-05-05 17:24:29,aquanet/water/ph,7.24,OK
2026-05-05 17:24:29,aquanet/water/nitrate,0.29,OK
2026-05-05 17:24:29,aquanet/hydraulic/pressure,5.27,ALERT - Pressure 5.27 bar exceeds 5.0
2026-05-05 17:24:29,aquanet/hydraulic/flowrate,88.4,OK
2026-05-05 17:24:29,aquanet/alerts,ALERT E.COLI: 4400.0 CFU/100ml exceeds NPS-FM limit of 540.0 - BACTERIAL CONTAMINATION DETECTED,ALERT
2026-05-05 17:24:29,aquanet/alerts,ALERT TURBIDITY: 15.0 NTU exceeds 5.0 NTU - TREATMENT REQUIRED,ALERT
2026-05-05 17:24:29,aquanet/alerts,ALERT PRESSURE HIGH: 5.27 bar exceeds 4.0 bar - PIPE BURST RISK,ALERT
2026-05-05 17:24:39,aquanet/water/turbidity,7.9,ALERT - Turbidity 7.9 NTU exceeds 5.0
2026-05-05 17:24:39,aquanet/water/ecoli,1600.0,ALERT - E.coli 1600.0 CFU/100ml exceeds 540.0
2026-05-05 17:24:39,aquanet/water/ph,6.89,OK
2026-05-05 17:24:39,aquanet/water/nitrate,0.4,OK
2026-05-05 17:24:39,aquanet/hydraulic/pressure,5.12,ALERT - Pressure 5.12 bar exceeds 5.0
2026-05-05 17:24:39,aquanet/hydraulic/flowrate,88.3,OK
2026-05-05 17:24:39,aquanet/alerts,ALERT E.COLI: 1600.0 CFU/100ml exceeds NPS-FM limit of 540.0 - BACTERIAL CONTAMINATION DETECTED,ALERT
2026-05-05 17:24:39,aquanet/alerts,ALERT TURBIDITY: 7.9 NTU exceeds 5.0 NTU - TREATMENT REQUIRED,ALERT
2026-05-05 17:24:39,aquanet/alerts,ALERT PRESSURE HIGH: 5.12 bar exceeds 4.0 bar - PIPE BURST RISK,ALERT
2026-05-05 17:24:49,aquanet/water/turbidity,13.0,ALERT - Turbidity 13.0 NTU exceeds 5.0
2026-05-05 17:24:49,aquanet/water/ecoli,1100.0,ALERT - E.coli 1100.0 CFU/100ml exceeds 540.0
2026-05-05 17:24:49,aquanet/water/ph,6.68,OK
2026-05-05 17:24:49,aquanet/water/nitrate,0.38,OK
2026-05-05 17:24:49,aquanet/hydraulic/pressure,4.87,OK
2026-05-05 17:24:49,aquanet/hydraulic/flowrate,94.5,OK
2026-05-05 17:24:49,aquanet/alerts,ALERT E.COLI: 1100.0 CFU/100ml exceeds NPS-FM limit of 540.0 - BACTERIAL CONTAMINATION DETECTED,ALERT
2026-05-05 17:24:49,aquanet/alerts,ALERT TURBIDITY: 13.0 NTU exceeds 5.0 NTU - TREATMENT REQUIRED,ALERT
2026-05-05 17:24:49,aquanet/alerts,ALERT PRESSURE HIGH: 4.87 bar exceeds 4.0 bar - PIPE BURST RISK,ALERT
2026-05-05 17:24:59,aquanet/water/turbidity,12.0,ALERT - Turbidity 12.0 NTU exceeds 5.0
2026-05-05 17:24:59,aquanet/water/ecoli,1000.0,ALERT - E.coli 1000.0 CFU/100ml exceeds 540.0
2026-05-05 17:24:59,aquanet/water/ph,7.21,OK
2026-05-05 17:24:59,aquanet/water/nitrate,0.137,OK
2026-05-05 17:24:59,aquanet/hydraulic/pressure,5.05,ALERT - Pressure 5.05 bar exceeds 5.0
2026-05-05 17:24:59,aquanet/hydraulic/flowrate,88.3,OK
2026-05-05 17:24:59,aquanet/alerts,ALERT E.COLI: 1000.0 CFU/100ml exceeds NPS-FM limit of 540.0 - BACTERIAL CONTAMINATION DETECTED,ALERT
2026-05-05 17:24:59,aquanet/alerts,ALERT TURBIDITY: 12.0 NTU exceeds 5.0 NTU - TREATMENT REQUIRED,ALERT
2026-05-05 17:24:59,aquanet/alerts,ALERT PRESSURE HIGH: 5.05 bar exceeds 4.0 bar - PIPE BURST RISK,ALERT
2026-05-05 17:25:09,aquanet/water/turbidity,11.0,ALERT - Turbidity 11.0 NTU exceeds 5.0
2026-05-05 17:25:09,aquanet/water/ecoli,380.0,OK
2026-05-05 17:25:09,aquanet/water/ph,6.99,OK
2026-05-05 17:25:09,aquanet/water/nitrate,0.4,OK
2026-05-05 17:25:09,aquanet/hydraulic/pressure,2.97,OK
2026-05-05 17:25:09,aquanet/hydraulic/flowrate,76.0,OK
2026-05-05 17:25:09,aquanet/alerts,ALERT TURBIDITY: 11.0 NTU exceeds 5.0 NTU - TREATMENT REQUIRED,ALERT
2026-05-05 17:25:19,aquanet/water/turbidity,8.3,ALERT - Turbidity 8.3 NTU exceeds 5.0
2026-05-05 17:25:19,aquanet/water/ecoli,520.0,OK
2026-05-05 17:25:19,aquanet/water/ph,6.77,OK
2026-05-05 17:25:19,aquanet/water/nitrate,0.51,OK
2026-05-05 17:25:19,aquanet/hydraulic/pressure,3.45,OK
2026-05-05 17:25:19,aquanet/hydraulic/flowrate,82.8,OK
2026-05-05 17:25:19,aquanet/alerts,ALERT TURBIDITY: 8.3 NTU exceeds 5.0 NTU - TREATMENT REQUIRED,ALERT
2026-05-05 17:25:29,aquanet/water/turbidity,9.7,ALERT - Turbidity 9.7 NTU exceeds 5.0
2026-05-05 17:25:29,aquanet/water/ecoli,390.0,OK
2026-05-05 17:25:29,aquanet/water/ph,6.78,OK
2026-05-05 17:25:29,aquanet/water/nitrate,0.47,OK
2026-05-05 17:25:29,aquanet/hydraulic/pressure,4.45,OK
2026-05-05 17:25:29,aquanet/hydraulic/flowrate,86.9,OK
2026-05-05 17:25:29,aquanet/alerts,ALERT TURBIDITY: 9.7 NTU exceeds 5.0 NTU - TREATMENT REQUIRED,ALERT
2026-05-05 17:25:29,aquanet/alerts,ALERT PRESSURE HIGH: 4.45 bar exceeds 4.0 bar - PIPE BURST RISK,ALERT
2026-05-05 17:25:39,aquanet/water/turbidity,9.1,ALERT - Turbidity 9.1 NTU exceeds 5.0
2026-05-05 17:25:39,aquanet/water/ecoli,720.0,ALERT - E.coli 720.0 CFU/100ml exceeds 540.0
2026-05-05 17:25:39,aquanet/water/ph,6.99,OK
2026-05-05 17:25:39,aquanet/water/nitrate,0.35,OK
2026-05-05 17:25:39,aquanet/hydraulic/pressure,5.37,ALERT - Pressure 5.37 bar exceeds 5.0
2026-05-05 17:25:39,aquanet/hydraulic/flowrate,97.9,OK
2026-05-05 17:25:39,aquanet/alerts,ALERT E.COLI: 720.0 CFU/100ml exceeds NPS-FM limit of 540.0 - BACTERIAL CONTAMINATION DETECTED,ALERT
2026-05-05 17:25:39,aquanet/alerts,ALERT TURBIDITY: 9.1 NTU exceeds 5.0 NTU - TREATMENT REQUIRED,ALERT
2026-05-05 17:25:39,aquanet/alerts,ALERT PRESSURE HIGH: 5.37 bar exceeds 4.0 bar - PIPE BURST RISK,ALERT
2026-05-05 17:25:49,aquanet/water/turbidity,6.9,ALERT - Turbidity 6.9 NTU exceeds 5.0
2026-05-05 17:25:49,aquanet/water/ecoli,790.0,ALERT - E.coli 790.0 CFU/100ml exceeds 540.0
2026-05-05 17:25:49,aquanet/water/ph,6.78,OK
2026-05-05 17:25:49,aquanet/water/nitrate,0.39,OK
2026-05-05 17:25:49,aquanet/hydraulic/pressure,5.16,ALERT - Pressure 5.16 bar exceeds 5.0
2026-05-05 17:25:49,aquanet/hydraulic/flowrate,95.3,OK
2026-05-05 17:25:49,aquanet/alerts,ALERT E.COLI: 790.0 CFU/100ml exceeds NPS-FM limit of 540.0 - BACTERIAL CONTAMINATION DETECTED,ALERT
2026-05-05 17:25:49,aquanet/alerts,ALERT TURBIDITY: 6.9 NTU exceeds 5.0 NTU - TREATMENT REQUIRED,ALERT
2026-05-05 17:25:49,aquanet/alerts,ALERT PRESSURE HIGH: 5.16 bar exceeds 4.0 bar - PIPE BURST RISK,ALERT
2026-05-05 17:25:59,aquanet/water/turbidity,8.5,ALERT - Turbidity 8.5 NTU exceeds 5.0
2026-05-05 17:25:59,aquanet/water/ecoli,590.0,ALERT - E.coli 590.0 CFU/100ml exceeds 540.0
2026-05-05 17:25:59,aquanet/water/ph,6.95,OK
2026-05-05 17:25:59,aquanet/water/nitrate,0.34,OK
2026-05-05 17:25:59,aquanet/hydraulic/pressure,5.3,ALERT - Pressure 5.3 bar exceeds 5.0
2026-05-05 17:25:59,aquanet/hydraulic/flowrate,74.8,OK
2026-05-05 17:25:59,aquanet/alerts,ALERT E.COLI: 590.0 CFU/100ml exceeds NPS-FM limit of 540.0 - BACTERIAL CONTAMINATION DETECTED,ALERT
2026-05-05 17:25:59,aquanet/alerts,ALERT TURBIDITY: 8.5 NTU exceeds 5.0 NTU - TREATMENT REQUIRED,ALERT
2026-05-05 17:25:59,aquanet/alerts,ALERT PRESSURE HIGH: 5.3 bar exceeds 4.0 bar - PIPE BURST RISK,ALERT
2026-05-05 17:26:09,aquanet/water/turbidity,8.0,ALERT - Turbidity 8.0 NTU exceeds 5.0
2026-05-05 17:26:09,aquanet/water/ecoli,0.0,OK
2026-05-05 17:26:09,aquanet/water/ph,6.8,OK
2026-05-05 17:26:09,aquanet/water/nitrate,0.37,OK
2026-05-05 17:26:09,aquanet/hydraulic/pressure,5.32,ALERT - Pressure 5.32 bar exceeds 5.0
2026-05-05 17:26:09,aquanet/hydraulic/flowrate,82.5,OK
2026-05-05 17:26:09,aquanet/alerts,ALERT TURBIDITY: 8.0 NTU exceeds 5.0 NTU - TREATMENT REQUIRED,ALERT
2026-05-05 17:26:09,aquanet/alerts,ALERT PRESSURE HIGH: 5.32 bar exceeds 4.0 bar - PIPE BURST RISK,ALERT
2026-05-05 17:26:19,aquanet/water/turbidity,7.7,ALERT - Turbidity 7.7 NTU exceeds 5.0
2026-05-05 17:26:19,aquanet/water/ecoli,9800.0,ALERT - E.coli 9800.0 CFU/100ml exceeds 540.0
2026-05-05 17:26:19,aquanet/water/ph,7.27,OK
2026-05-05 17:26:19,aquanet/water/nitrate,0.5,OK
2026-05-05 17:26:19,aquanet/hydraulic/pressure,5.48,ALERT - Pressure 5.48 bar exceeds 5.0
2026-05-05 17:26:19,aquanet/hydraulic/flowrate,83.9,OK
2026-05-05 17:26:19,aquanet/alerts,ALERT E.COLI: 9800.0 CFU/100ml exceeds NPS-FM limit of 540.0 - BACTERIAL CONTAMINATION DETECTED,ALERT
2026-05-05 17:26:19,aquanet/alerts,ALERT TURBIDITY: 7.7 NTU exceeds 5.0 NTU - TREATMENT REQUIRED,ALERT
2026-05-05 17:26:19,aquanet/alerts,ALERT PRESSURE HIGH: 5.48 bar exceeds 4.0 bar - PIPE BURST RISK,ALERT
2026-05-05 17:26:29,aquanet/water/turbidity,9.7,ALERT - Turbidity 9.7 NTU exceeds 5.0
2026-05-05 17:26:29,aquanet/water/ecoli,2100.0,ALERT - E.coli 2100.0 CFU/100ml exceeds 540.0
2026-05-05 17:26:29,aquanet/water/ph,7.07,OK
2026-05-05 17:26:29,aquanet/water/nitrate,0.57,OK
2026-05-05 17:26:29,aquanet/hydraulic/pressure,4.9,OK
2026-05-05 17:26:29,aquanet/hydraulic/flowrate,92.1,OK
2026-05-05 17:26:29,aquanet/alerts,ALERT E.COLI: 2100.0 CFU/100ml exceeds NPS-FM limit of 540.0 - BACTERIAL CONTAMINATION DETECTED,ALERT
2026-05-05 17:26:29,aquanet/alerts,ALERT TURBIDITY: 9.7 NTU exceeds 5.0 NTU - TREATMENT REQUIRED,ALERT
2026-05-05 17:26:29,aquanet/alerts,ALERT PRESSURE HIGH: 4.9 bar exceeds 4.0 bar - PIPE BURST RISK,ALERT
2026-05-05 17:26:39,aquanet/water/turbidity,7.5,ALERT - Turbidity 7.5 NTU exceeds 5.0
2026-05-05 17:26:39,aquanet/water/ecoli,2200.0,ALERT - E.coli 2200.0 CFU/100ml exceeds 540.0
2026-05-05 17:26:39,aquanet/water/ph,7.45,OK
2026-05-05 17:26:39,aquanet/water/nitrate,0.41,OK
2026-05-05 17:26:39,aquanet/hydraulic/pressure,5.61,ALERT - Pressure 5.61 bar exceeds 5.0
2026-05-05 17:26:39,aquanet/hydraulic/flowrate,95.4,OK
2026-05-05 17:26:39,aquanet/alerts,ALERT E.COLI: 2200.0 CFU/100ml exceeds NPS-FM limit of 540.0 - BACTERIAL CONTAMINATION DETECTED,ALERT
2026-05-05 17:26:39,aquanet/alerts,ALERT TURBIDITY: 7.5 NTU exceeds 5.0 NTU - TREATMENT REQUIRED,ALERT
2026-05-05 17:26:39,aquanet/alerts,ALERT PRESSURE HIGH: 5.61 bar exceeds 4.0 bar - PIPE BURST RISK,ALERT
2026-05-05 17:26:49,aquanet/water/turbidity,10.0,ALERT - Turbidity 10.0 NTU exceeds 5.0
2026-05-05 17:26:49,aquanet/water/ecoli,1500.0,ALERT - E.coli 1500.0 CFU/100ml exceeds 540.0
2026-05-05 17:26:49,aquanet/water/ph,7.43,OK
2026-05-05 17:26:49,aquanet/water/nitrate,0.35,OK
2026-05-05 17:26:49,aquanet/hydraulic/pressure,2.85,OK
2026-05-05 17:26:49,aquanet/hydraulic/flowrate,89.0,OK
2026-05-05 17:26:49,aquanet/alerts,ALERT E.COLI: 1500.0 CFU/100ml exceeds NPS-FM limit of 540.0 - BACTERIAL CONTAMINATION DETECTED,ALERT
2026-05-05 17:26:49,aquanet/alerts,ALERT TURBIDITY: 10.0 NTU exceeds 5.0 NTU - TREATMENT REQUIRED,ALERT
2026-05-05 17:26:59,aquanet/water/turbidity,12.0,ALERT - Turbidity 12.0 NTU exceeds 5.0
2026-05-05 17:26:59,aquanet/water/ecoli,4000.0,ALERT - E.coli 4000.0 CFU/100ml exceeds 540.0
2026-05-05 17:26:59,aquanet/water/ph,7.07,OK
2026-05-05 17:26:59,aquanet/water/nitrate,0.44,OK
2026-05-05 17:26:59,aquanet/hydraulic/pressure,4.84,OK
2026-05-05 17:26:59,aquanet/hydraulic/flowrate,98.7,OK
2026-05-05 17:26:59,aquanet/alerts,ALERT E.COLI: 4000.0 CFU/100ml exceeds NPS-FM limit of 540.0 - BACTERIAL CONTAMINATION DETECTED,ALERT
2026-05-05 17:26:59,aquanet/alerts,ALERT TURBIDITY: 12.0 NTU exceeds 5.0 NTU - TREATMENT REQUIRED,ALERT
2026-05-05 17:26:59,aquanet/alerts,ALERT PRESSURE HIGH: 4.84 bar exceeds 4.0 bar - PIPE BURST RISK,ALERT
2026-05-05 17:27:09,aquanet/water/turbidity,7.5,ALERT - Turbidity 7.5 NTU exceeds 5.0
2026-05-05 17:27:09,aquanet/water/ecoli,1400.0,ALERT - E.coli 1400.0 CFU/100ml exceeds 540.0
2026-05-05 17:27:09,aquanet/water/ph,6.72,OK
2026-05-05 17:27:09,aquanet/water/nitrate,0.41,OK
2026-05-05 17:27:09,aquanet/hydraulic/pressure,5.22,ALERT - Pressure 5.22 bar exceeds 5.0
2026-05-05 17:27:09,aquanet/hydraulic/flowrate,93.8,OK
2026-05-05 17:27:09,aquanet/alerts,ALERT E.COLI: 1400.0 CFU/100ml exceeds NPS-FM limit of 540.0 - BACTERIAL CONTAMINATION DETECTED,ALERT
2026-05-05 17:27:09,aquanet/alerts,ALERT TURBIDITY: 7.5 NTU exceeds 5.0 NTU - TREATMENT REQUIRED,ALERT
2026-05-05 17:27:09,aquanet/alerts,ALERT PRESSURE HIGH: 5.22 bar exceeds 4.0 bar - PIPE BURST RISK,ALERT
2026-05-05 17:27:19,aquanet/water/turbidity,7.8,ALERT - Turbidity 7.8 NTU exceeds 5.0
2026-05-05 17:27:19,aquanet/water/ecoli,890.0,ALERT - E.coli 890.0 CFU/100ml exceeds 540.0
2026-05-05 17:27:19,aquanet/water/ph,6.74,OK
2026-05-05 17:27:19,aquanet/water/nitrate,0.33,OK
2026-05-05 17:27:19,aquanet/hydraulic/pressure,4.76,OK
2026-05-05 17:27:19,aquanet/hydraulic/flowrate,70.1,OK
2026-05-05 17:27:19,aquanet/alerts,ALERT E.COLI: 890.0 CFU/100ml exceeds NPS-FM limit of 540.0 - BACTERIAL CONTAMINATION DETECTED,ALERT
2026-05-05 17:27:19,aquanet/alerts,ALERT TURBIDITY: 7.8 NTU exceeds 5.0 NTU - TREATMENT REQUIRED,ALERT
2026-05-05 17:27:19,aquanet/alerts,ALERT PRESSURE HIGH: 4.76 bar exceeds 4.0 bar - PIPE BURST RISK,ALERT
2026-05-05 17:27:29,aquanet/water/turbidity,7.0,ALERT - Turbidity 7.0 NTU exceeds 5.0
2026-05-05 17:27:29,aquanet/water/ecoli,760.0,ALERT - E.coli 760.0 CFU/100ml exceeds 540.0
2026-05-05 17:27:29,aquanet/water/ph,7.51,OK
2026-05-05 17:27:29,aquanet/water/nitrate,0.38,OK
2026-05-05 17:27:29,aquanet/hydraulic/pressure,5.19,ALERT - Pressure 5.19 bar exceeds 5.0
2026-05-05 17:27:29,aquanet/hydraulic/flowrate,99.6,OK
2026-05-05 17:27:29,aquanet/alerts,ALERT E.COLI: 760.0 CFU/100ml exceeds NPS-FM limit of 540.0 - BACTERIAL CONTAMINATION DETECTED,ALERT
2026-05-05 17:27:29,aquanet/alerts,ALERT TURBIDITY: 7.0 NTU exceeds 5.0 NTU - TREATMENT REQUIRED,ALERT
2026-05-05 17:27:29,aquanet/alerts,ALERT PRESSURE HIGH: 5.19 bar exceeds 4.0 bar - PIPE BURST RISK,ALERT
2026-05-05 17:27:39,aquanet/water/turbidity,8.8,ALERT - Turbidity 8.8 NTU exceeds 5.0
2026-05-05 17:27:39,aquanet/water/ecoli,590.0,ALERT - E.coli 590.0 CFU/100ml exceeds 540.0
2026-05-05 17:27:39,aquanet/water/ph,7.26,OK
2026-05-05 17:27:39,aquanet/water/nitrate,0.33,OK
2026-05-05 17:27:39,aquanet/hydraulic/pressure,5.17,ALERT - Pressure 5.17 bar exceeds 5.0
2026-05-05 17:27:39,aquanet/hydraulic/flowrate,78.5,OK
2026-05-05 17:27:39,aquanet/alerts,ALERT E.COLI: 590.0 CFU/100ml exceeds NPS-FM limit of 540.0 - BACTERIAL CONTAMINATION DETECTED,ALERT
2026-05-05 17:27:39,aquanet/alerts,ALERT TURBIDITY: 8.8 NTU exceeds 5.0 NTU - TREATMENT REQUIRED,ALERT
2026-05-05 17:27:39,aquanet/alerts,ALERT PRESSURE HIGH: 5.17 bar exceeds 4.0 bar - PIPE BURST RISK,ALERT
2026-05-05 17:27:49,aquanet/water/turbidity,16.0,ALERT - Turbidity 16.0 NTU exceeds 5.0
2026-05-05 17:27:49,aquanet/water/ecoli,790.0,ALERT - E.coli 790.0 CFU/100ml exceeds 540.0
2026-05-05 17:27:49,aquanet/water/ph,7.45,OK
2026-05-05 17:27:49,aquanet/water/nitrate,0.28,OK
2026-05-05 17:27:49,aquanet/hydraulic/pressure,3.45,OK
2026-05-05 17:27:49,aquanet/hydraulic/flowrate,95.2,OK
2026-05-05 17:27:49,aquanet/alerts,ALERT E.COLI: 790.0 CFU/100ml exceeds NPS-FM limit of 540.0 - BACTERIAL CONTAMINATION DETECTED,ALERT
2026-05-05 17:27:49,aquanet/alerts,ALERT TURBIDITY: 16.0 NTU exceeds 5.0 NTU - TREATMENT REQUIRED,ALERT
2026-05-05 17:27:59,aquanet/water/turbidity,7.2,ALERT - Turbidity 7.2 NTU exceeds 5.0
2026-05-05 17:27:59,aquanet/water/ecoli,960.0,ALERT - E.coli 960.0 CFU/100ml exceeds 540.0
2026-05-05 17:27:59,aquanet/water/ph,6.97,OK
2026-05-05 17:27:59,aquanet/water/nitrate,0.33,OK
2026-05-05 17:27:59,aquanet/hydraulic/pressure,5.27,ALERT - Pressure 5.27 bar exceeds 5.0
2026-05-05 17:27:59,aquanet/hydraulic/flowrate,80.6,OK
2026-05-05 17:27:59,aquanet/alerts,ALERT E.COLI: 960.0 CFU/100ml exceeds NPS-FM limit of 540.0 - BACTERIAL CONTAMINATION DETECTED,ALERT
2026-05-05 17:27:59,aquanet/alerts,ALERT TURBIDITY: 7.2 NTU exceeds 5.0 NTU - TREATMENT REQUIRED,ALERT
2026-05-05 17:27:59,aquanet/alerts,ALERT PRESSURE HIGH: 5.27 bar exceeds 4.0 bar - PIPE BURST RISK,ALERT
2026-05-05 17:28:09,aquanet/water/turbidity,15.0,ALERT - Turbidity 15.0 NTU exceeds 5.0
2026-05-05 17:28:09,aquanet/water/ecoli,3400.0,ALERT - E.coli 3400.0 CFU/100ml exceeds 540.0
2026-05-05 17:28:09,aquanet/water/ph,6.03,ALERT - pH 6.03 below minimum 6.5
2026-05-05 17:28:09,aquanet/water/nitrate,0.27,OK
2026-05-05 17:28:09,aquanet/hydraulic/pressure,5.5,ALERT - Pressure 5.5 bar exceeds 5.0
2026-05-05 17:28:09,aquanet/hydraulic/flowrate,76.0,OK
2026-05-05 17:28:09,aquanet/alerts,ALERT E.COLI: 3400.0 CFU/100ml exceeds NPS-FM limit of 540.0 - BACTERIAL CONTAMINATION DETECTED,ALERT
2026-05-05 17:28:09,aquanet/alerts,ALERT TURBIDITY: 15.0 NTU exceeds 5.0 NTU - TREATMENT REQUIRED,ALERT
2026-05-05 17:28:09,aquanet/alerts,ALERT pH LOW: 6.03 - CORROSION RISK - below 6.5,ALERT
2026-05-05 17:28:09,aquanet/alerts,ALERT PRESSURE HIGH: 5.5 bar exceeds 4.0 bar - PIPE BURST RISK,ALERT
2026-05-05 17:28:19,aquanet/water/turbidity,7.1,ALERT - Turbidity 7.1 NTU exceeds 5.0
2026-05-05 17:28:19,aquanet/water/ecoli,6400.0,ALERT - E.coli 6400.0 CFU/100ml exceeds 540.0
2026-05-05 17:28:19,aquanet/water/ph,6.39,ALERT - pH 6.39 below minimum 6.5
2026-05-05 17:28:19,aquanet/water/nitrate,0.3,OK
2026-05-05 17:28:19,aquanet/hydraulic/pressure,5.41,ALERT - Pressure 5.41 bar exceeds 5.0
2026-05-05 17:28:19,aquanet/hydraulic/flowrate,83.8,OK
2026-05-05 17:28:19,aquanet/alerts,ALERT E.COLI: 6400.0 CFU/100ml exceeds NPS-FM limit of 540.0 - BACTERIAL CONTAMINATION DETECTED,ALERT
2026-05-05 17:28:19,aquanet/alerts,ALERT TURBIDITY: 7.1 NTU exceeds 5.0 NTU - TREATMENT REQUIRED,ALERT
2026-05-05 17:28:19,aquanet/alerts,ALERT pH LOW: 6.39 - CORROSION RISK - below 6.5,ALERT
2026-05-05 17:28:19,aquanet/alerts,ALERT PRESSURE HIGH: 5.41 bar exceeds 4.0 bar - PIPE BURST RISK,ALERT
2026-05-05 17:28:29,aquanet/water/turbidity,6.9,ALERT - Turbidity 6.9 NTU exceeds 5.0
2026-05-05 17:28:29,aquanet/water/ecoli,31000.0,ALERT - E.coli 31000.0 CFU/100ml exceeds 540.0
2026-05-05 17:28:29,aquanet/water/ph,6.97,OK
2026-05-05 17:28:29,aquanet/water/nitrate,0.4,OK
2026-05-05 17:28:29,aquanet/hydraulic/pressure,4.69,OK
2026-05-05 17:28:29,aquanet/hydraulic/flowrate,76.0,OK
2026-05-05 17:28:29,aquanet/alerts,ALERT E.COLI: 31000.0 CFU/100ml exceeds NPS-FM limit of 540.0 - BACTERIAL CONTAMINATION DETECTED,ALERT
2026-05-05 17:28:29,aquanet/alerts,ALERT TURBIDITY: 6.9 NTU exceeds 5.0 NTU - TREATMENT REQUIRED,ALERT
2026-05-05 17:28:29,aquanet/alerts,ALERT PRESSURE HIGH: 4.69 bar exceeds 4.0 bar - PIPE BURST RISK,ALERT
2026-05-05 17:28:39,aquanet/water/turbidity,12.0,ALERT - Turbidity 12.0 NTU exceeds 5.0
2026-05-05 17:28:39,aquanet/water/ecoli,2400.0,ALERT - E.coli 2400.0 CFU/100ml exceeds 540.0
2026-05-05 17:28:39,aquanet/water/ph,7.18,OK
2026-05-05 17:28:39,aquanet/water/nitrate,0.34,OK
2026-05-05 17:28:39,aquanet/hydraulic/pressure,5.83,ALERT - Pressure 5.83 bar exceeds 5.0
2026-05-05 17:28:39,aquanet/hydraulic/flowrate,80.6,OK
2026-05-05 17:28:39,aquanet/alerts,ALERT E.COLI: 2400.0 CFU/100ml exceeds NPS-FM limit of 540.0 - BACTERIAL CONTAMINATION DETECTED,ALERT
2026-05-05 17:28:39,aquanet/alerts,ALERT TURBIDITY: 12.0 NTU exceeds 5.0 NTU - TREATMENT REQUIRED,ALERT
2026-05-05 17:28:39,aquanet/alerts,ALERT PRESSURE HIGH: 5.83 bar exceeds 4.0 bar - PIPE BURST RISK,ALERT
2026-05-05 17:28:49,aquanet/water/turbidity,16.0,ALERT - Turbidity 16.0 NTU exceeds 5.0
2026-05-05 17:28:49,aquanet/water/ecoli,900.0,ALERT - E.coli 900.0 CFU/100ml exceeds 540.0
2026-05-05 17:28:49,aquanet/water/ph,7.06,OK
2026-05-05 17:28:49,aquanet/water/nitrate,0.45,OK
2026-05-05 17:28:49,aquanet/hydraulic/pressure,5.84,ALERT - Pressure 5.84 bar exceeds 5.0
2026-05-05 17:28:49,aquanet/hydraulic/flowrate,78.1,OK
2026-05-05 17:28:49,aquanet/alerts,ALERT E.COLI: 900.0 CFU/100ml exceeds NPS-FM limit of 540.0 - BACTERIAL CONTAMINATION DETECTED,ALERT
2026-05-05 17:28:49,aquanet/alerts,ALERT TURBIDITY: 16.0 NTU exceeds 5.0 NTU - TREATMENT REQUIRED,ALERT
2026-05-05 17:28:49,aquanet/alerts,ALERT PRESSURE HIGH: 5.84 bar exceeds 4.0 bar - PIPE BURST RISK,ALERT
2026-05-05 17:28:59,aquanet/water/turbidity,25.0,ALERT - Turbidity 25.0 NTU exceeds 5.0
2026-05-05 17:28:59,aquanet/water/ecoli,750.0,ALERT - E.coli 750.0 CFU/100ml exceeds 540.0
2026-05-05 17:28:59,aquanet/water/ph,7.13,OK
2026-05-05 17:28:59,aquanet/water/nitrate,0.43,OK
2026-05-05 17:28:59,aquanet/hydraulic/pressure,5.05,ALERT - Pressure 5.05 bar exceeds 5.0
2026-05-05 17:28:59,aquanet/hydraulic/flowrate,73.7,OK
2026-05-05 17:28:59,aquanet/alerts,ALERT E.COLI: 750.0 CFU/100ml exceeds NPS-FM limit of 540.0 - BACTERIAL CONTAMINATION DETECTED,ALERT
2026-05-05 17:28:59,aquanet/alerts,ALERT TURBIDITY: 25.0 NTU exceeds 5.0 NTU - TREATMENT REQUIRED,ALERT
2026-05-05 17:28:59,aquanet/alerts,ALERT PRESSURE HIGH: 5.05 bar exceeds 4.0 bar - PIPE BURST RISK,ALERT
2026-05-05 17:29:09,aquanet/water/turbidity,45.0,ALERT - Turbidity 45.0 NTU exceeds 5.0
2026-05-05 17:29:09,aquanet/water/ecoli,540.0,OK
2026-05-05 17:29:09,aquanet/water/ph,7.11,OK
2026-05-05 17:29:09,aquanet/water/nitrate,0.54,OK
2026-05-05 17:29:09,aquanet/hydraulic/pressure,2.94,OK
2026-05-05 17:29:09,aquanet/hydraulic/flowrate,83.8,OK
2026-05-05 17:29:09,aquanet/alerts,ALERT TURBIDITY: 45.0 NTU exceeds 5.0 NTU - TREATMENT REQUIRED,ALERT
2026-05-05 17:29:19,aquanet/water/turbidity,10.0,ALERT - Turbidity 10.0 NTU exceeds 5.0
2026-05-05 17:29:19,aquanet/water/ecoli,460.0,OK
2026-05-05 17:29:19,aquanet/water/ph,7.12,OK
2026-05-05 17:29:19,aquanet/water/nitrate,0.42,OK
2026-05-05 17:29:19,aquanet/hydraulic/pressure,4.68,OK
2026-05-05 17:29:19,aquanet/hydraulic/flowrate,88.5,OK
2026-05-05 17:29:19,aquanet/alerts,ALERT TURBIDITY: 10.0 NTU exceeds 5.0 NTU - TREATMENT REQUIRED,ALERT
2026-05-05 17:29:19,aquanet/alerts,ALERT PRESSURE HIGH: 4.68 bar exceeds 4.0 bar - PIPE BURST RISK,ALERT
2026-05-05 17:29:29,aquanet/water/turbidity,6.6,ALERT - Turbidity 6.6 NTU exceeds 5.0
2026-05-05 17:29:29,aquanet/water/ecoli,500.0,OK
2026-05-05 17:29:29,aquanet/water/ph,7.2,OK
2026-05-05 17:29:29,aquanet/water/nitrate,0.33,OK
2026-05-05 17:29:29,aquanet/hydraulic/pressure,5.08,ALERT - Pressure 5.08 bar exceeds 5.0
2026-05-05 17:29:29,aquanet/hydraulic/flowrate,76.6,OK
2026-05-05 17:29:29,aquanet/alerts,ALERT TURBIDITY: 6.6 NTU exceeds 5.0 NTU - TREATMENT REQUIRED,ALERT
2026-05-05 17:29:29,aquanet/alerts,ALERT PRESSURE HIGH: 5.08 bar exceeds 4.0 bar - PIPE BURST RISK,ALERT
2026-05-05 17:29:39,aquanet/water/turbidity,9.3,ALERT - Turbidity 9.3 NTU exceeds 5.0
2026-05-05 17:29:39,aquanet/water/ecoli,1100.0,ALERT - E.coli 1100.0 CFU/100ml exceeds 540.0
2026-05-05 17:29:39,aquanet/water/ph,7.12,OK
2026-05-05 17:29:39,aquanet/water/nitrate,0.3,OK
2026-05-05 17:29:39,aquanet/hydraulic/pressure,5.47,ALERT - Pressure 5.47 bar exceeds 5.0
2026-05-05 17:29:39,aquanet/hydraulic/flowrate,73.0,OK
2026-05-05 17:29:39,aquanet/alerts,ALERT E.COLI: 1100.0 CFU/100ml exceeds NPS-FM limit of 540.0 - BACTERIAL CONTAMINATION DETECTED,ALERT
2026-05-05 17:29:39,aquanet/alerts,ALERT TURBIDITY: 9.3 NTU exceeds 5.0 NTU - TREATMENT REQUIRED,ALERT
2026-05-05 17:29:39,aquanet/alerts,ALERT PRESSURE HIGH: 5.47 bar exceeds 4.0 bar - PIPE BURST RISK,ALERT
2026-05-05 17:29:49,aquanet/water/turbidity,10.7,ALERT - Turbidity 10.7 NTU exceeds 5.0
2026-05-05 17:29:49,aquanet/water/ecoli,500.0,OK
2026-05-05 17:29:49,aquanet/water/ph,6.96,OK
2026-05-05 17:29:49,aquanet/water/nitrate,0.26,OK
2026-05-05 17:29:49,aquanet/hydraulic/pressure,5.18,ALERT - Pressure 5.18 bar exceeds 5.0
2026-05-05 17:29:49,aquanet/hydraulic/flowrate,85.5,OK
2026-05-05 17:29:49,aquanet/alerts,ALERT TURBIDITY: 10.7 NTU exceeds 5.0 NTU - TREATMENT REQUIRED,ALERT
2026-05-05 17:29:49,aquanet/alerts,ALERT PRESSURE HIGH: 5.18 bar exceeds 4.0 bar - PIPE BURST RISK,ALERT
2026-05-05 17:29:59,aquanet/water/turbidity,13.7,ALERT - Turbidity 13.7 NTU exceeds 5.0
2026-05-05 17:29:59,aquanet/water/ecoli,1000.0,ALERT - E.coli 1000.0 CFU/100ml exceeds 540.0
2026-05-05 17:29:59,aquanet/water/ph,7.18,OK
2026-05-05 17:29:59,aquanet/water/nitrate,0.31,OK
2026-05-05 17:29:59,aquanet/hydraulic/pressure,5.36,ALERT - Pressure 5.36 bar exceeds 5.0
2026-05-05 17:29:59,aquanet/hydraulic/flowrate,97.3,OK
2026-05-05 17:29:59,aquanet/alerts,ALERT E.COLI: 1000.0 CFU/100ml exceeds NPS-FM limit of 540.0 - BACTERIAL CONTAMINATION DETECTED,ALERT
2026-05-05 17:29:59,aquanet/alerts,ALERT TURBIDITY: 13.7 NTU exceeds 5.0 NTU - TREATMENT REQUIRED,ALERT
2026-05-05 17:29:59,aquanet/alerts,ALERT PRESSURE HIGH: 5.36 bar exceeds 4.0 bar - PIPE BURST RISK,ALERT
2026-05-05 17:30:09,aquanet/water/turbidity,10.2,ALERT - Turbidity 10.2 NTU exceeds 5.0
2026-05-05 17:30:09,aquanet/water/ecoli,6000.0,ALERT - E.coli 6000.0 CFU/100ml exceeds 540.0
2026-05-05 17:30:09,aquanet/water/ph,7.15,OK
2026-05-05 17:30:09,aquanet/water/nitrate,0.118,OK
2026-05-05 17:30:09,aquanet/hydraulic/pressure,2.99,OK
2026-05-05 17:30:09,aquanet/hydraulic/flowrate,70.3,OK
2026-05-05 17:30:09,aquanet/alerts,ALERT E.COLI: 6000.0 CFU/100ml exceeds NPS-FM limit of 540.0 - BACTERIAL CONTAMINATION DETECTED,ALERT
2026-05-05 17:30:09,aquanet/alerts,ALERT TURBIDITY: 10.2 NTU exceeds 5.0 NTU - TREATMENT REQUIRED,ALERT
2026-05-05 17:30:19,aquanet/water/turbidity,10.3,ALERT - Turbidity 10.3 NTU exceeds 5.0
2026-05-05 17:30:19,aquanet/water/ecoli,2500.0,ALERT - E.coli 2500.0 CFU/100ml exceeds 540.0
2026-05-05 17:30:19,aquanet/water/ph,7.09,OK
2026-05-05 17:30:19,aquanet/water/nitrate,0.137,OK
2026-05-05 17:30:19,aquanet/hydraulic/pressure,3.36,OK
2026-05-05 17:30:19,aquanet/hydraulic/flowrate,86.2,OK
2026-05-05 17:30:19,aquanet/alerts,ALERT E.COLI: 2500.0 CFU/100ml exceeds NPS-FM limit of 540.0 - BACTERIAL CONTAMINATION DETECTED,ALERT
2026-05-05 17:30:19,aquanet/alerts,ALERT TURBIDITY: 10.3 NTU exceeds 5.0 NTU - TREATMENT REQUIRED,ALERT
2026-05-05 17:30:29,aquanet/water/turbidity,9.1,ALERT - Turbidity 9.1 NTU exceeds 5.0
2026-05-05 17:30:29,aquanet/water/ecoli,2900.0,ALERT - E.coli 2900.0 CFU/100ml exceeds 540.0
2026-05-05 17:30:29,aquanet/water/ph,7.33,OK
2026-05-05 17:30:29,aquanet/water/nitrate,0.108,OK
2026-05-05 17:30:29,aquanet/hydraulic/pressure,5.5,ALERT - Pressure 5.5 bar exceeds 5.0
2026-05-05 17:30:29,aquanet/hydraulic/flowrate,74.5,OK
2026-05-05 17:30:29,aquanet/alerts,ALERT E.COLI: 2900.0 CFU/100ml exceeds NPS-FM limit of 540.0 - BACTERIAL CONTAMINATION DETECTED,ALERT
2026-05-05 17:30:29,aquanet/alerts,ALERT TURBIDITY: 9.1 NTU exceeds 5.0 NTU - TREATMENT REQUIRED,ALERT
2026-05-05 17:30:29,aquanet/alerts,ALERT PRESSURE HIGH: 5.5 bar exceeds 4.0 bar - PIPE BURST RISK,ALERT
2026-05-05 17:30:39,aquanet/water/turbidity,15.6,ALERT - Turbidity 15.6 NTU exceeds 5.0
2026-05-05 17:30:39,aquanet/water/ecoli,500.0,OK
2026-05-05 17:30:39,aquanet/water/ph,7.33,OK
2026-05-05 17:30:39,aquanet/water/nitrate,0.121,OK
2026-05-05 17:30:39,aquanet/hydraulic/pressure,5.32,ALERT - Pressure 5.32 bar exceeds 5.0
2026-05-05 17:30:39,aquanet/hydraulic/flowrate,89.7,OK
2026-05-05 17:30:39,aquanet/alerts,ALERT TURBIDITY: 15.6 NTU exceeds 5.0 NTU - TREATMENT REQUIRED,ALERT
2026-05-05 17:30:39,aquanet/alerts,ALERT PRESSURE HIGH: 5.32 bar exceeds 4.0 bar - PIPE BURST RISK,ALERT
2026-05-05 17:30:49,aquanet/water/turbidity,22.0,ALERT - Turbidity 22.0 NTU exceeds 5.0
2026-05-05 17:30:49,aquanet/water/ecoli,1700.0,ALERT - E.coli 1700.0 CFU/100ml exceeds 540.0
2026-05-05 17:30:49,aquanet/water/ph,6.91,OK
2026-05-05 17:30:49,aquanet/water/nitrate,0.9,OK
2026-05-05 17:30:49,aquanet/hydraulic/pressure,4.6,OK
2026-05-05 17:30:49,aquanet/hydraulic/flowrate,91.4,OK
2026-05-05 17:30:49,aquanet/alerts,ALERT E.COLI: 1700.0 CFU/100ml exceeds NPS-FM limit of 540.0 - BACTERIAL CONTAMINATION DETECTED,ALERT
2026-05-05 17:30:49,aquanet/alerts,ALERT TURBIDITY: 22.0 NTU exceeds 5.0 NTU - TREATMENT REQUIRED,ALERT
2026-05-05 17:30:49,aquanet/alerts,ALERT PRESSURE HIGH: 4.6 bar exceeds 4.0 bar - PIPE BURST RISK,ALERT
2026-05-05 17:30:59,aquanet/water/turbidity,9.7,ALERT - Turbidity 9.7 NTU exceeds 5.0
2026-05-05 17:30:59,aquanet/water/ecoli,600.0,ALERT - E.coli 600.0 CFU/100ml exceeds 540.0
2026-05-05 17:30:59,aquanet/water/ph,6.88,OK
2026-05-05 17:30:59,aquanet/water/nitrate,1.04,OK
2026-05-05 17:30:59,aquanet/hydraulic/pressure,5.41,ALERT - Pressure 5.41 bar exceeds 5.0
2026-05-05 17:30:59,aquanet/hydraulic/flowrate,71.0,OK
2026-05-05 17:30:59,aquanet/alerts,ALERT E.COLI: 600.0 CFU/100ml exceeds NPS-FM limit of 540.0 - BACTERIAL CONTAMINATION DETECTED,ALERT
2026-05-05 17:30:59,aquanet/alerts,ALERT TURBIDITY: 9.7 NTU exceeds 5.0 NTU - TREATMENT REQUIRED,ALERT
2026-05-05 17:30:59,aquanet/alerts,ALERT PRESSURE HIGH: 5.41 bar exceeds 4.0 bar - PIPE BURST RISK,ALERT
2026-05-05 17:31:09,aquanet/water/turbidity,8.0,ALERT - Turbidity 8.0 NTU exceeds 5.0
2026-05-05 17:31:09,aquanet/water/ecoli,260.0,OK
2026-05-05 17:31:09,aquanet/water/ph,7.36,OK
2026-05-05 17:31:09,aquanet/water/nitrate,0.49,OK
2026-05-05 17:31:09,aquanet/hydraulic/pressure,4.6,OK
2026-05-05 17:31:09,aquanet/hydraulic/flowrate,77.2,OK
2026-05-05 17:31:09,aquanet/alerts,ALERT TURBIDITY: 8.0 NTU exceeds 5.0 NTU - TREATMENT REQUIRED,ALERT
2026-05-05 17:31:09,aquanet/alerts,ALERT PRESSURE HIGH: 4.6 bar exceeds 4.0 bar - PIPE BURST RISK,ALERT
2026-05-05 17:31:19,aquanet/water/turbidity,9.6,ALERT - Turbidity 9.6 NTU exceeds 5.0
2026-05-05 17:31:19,aquanet/water/ecoli,1100.0,ALERT - E.coli 1100.0 CFU/100ml exceeds 540.0
2026-05-05 17:31:19,aquanet/water/ph,7.57,OK
2026-05-05 17:31:19,aquanet/water/nitrate,0.28,OK
2026-05-05 17:31:19,aquanet/hydraulic/pressure,4.93,OK
2026-05-05 17:31:19,aquanet/hydraulic/flowrate,76.0,OK
2026-05-05 17:31:19,aquanet/alerts,ALERT E.COLI: 1100.0 CFU/100ml exceeds NPS-FM limit of 540.0 - BACTERIAL CONTAMINATION DETECTED,ALERT
2026-05-05 17:31:19,aquanet/alerts,ALERT TURBIDITY: 9.6 NTU exceeds 5.0 NTU - TREATMENT REQUIRED,ALERT
2026-05-05 17:31:19,aquanet/alerts,ALERT PRESSURE HIGH: 4.93 bar exceeds 4.0 bar - PIPE BURST RISK,ALERT
2026-05-05 17:31:29,aquanet/water/turbidity,11.3,ALERT - Turbidity 11.3 NTU exceeds 5.0
2026-05-05 17:31:29,aquanet/water/ecoli,400.0,OK
2026-05-05 17:31:29,aquanet/water/ph,7.58,OK
2026-05-05 17:31:29,aquanet/water/nitrate,0.32,OK
2026-05-05 17:31:29,aquanet/hydraulic/pressure,5.25,ALERT - Pressure 5.25 bar exceeds 5.0
2026-05-05 17:31:29,aquanet/hydraulic/flowrate,78.3,OK
2026-05-05 17:31:29,aquanet/alerts,ALERT TURBIDITY: 11.3 NTU exceeds 5.0 NTU - TREATMENT REQUIRED,ALERT
2026-05-05 17:31:29,aquanet/alerts,ALERT PRESSURE HIGH: 5.25 bar exceeds 4.0 bar - PIPE BURST RISK,ALERT
2026-05-05 17:31:39,aquanet/water/turbidity,10.6,ALERT - Turbidity 10.6 NTU exceeds 5.0
2026-05-05 17:31:39,aquanet/water/ecoli,1400.0,ALERT - E.coli 1400.0 CFU/100ml exceeds 540.0
2026-05-05 17:31:39,aquanet/water/ph,7.18,OK
2026-05-05 17:31:39,aquanet/water/nitrate,0.53,OK
2026-05-05 17:31:39,aquanet/hydraulic/pressure,4.92,OK
2026-05-05 17:31:39,aquanet/hydraulic/flowrate,75.6,OK
2026-05-05 17:31:39,aquanet/alerts,ALERT E.COLI: 1400.0 CFU/100ml exceeds NPS-FM limit of 540.0 - BACTERIAL CONTAMINATION DETECTED,ALERT
2026-05-05 17:31:39,aquanet/alerts,ALERT TURBIDITY: 10.6 NTU exceeds 5.0 NTU - TREATMENT REQUIRED,ALERT
2026-05-05 17:31:39,aquanet/alerts,ALERT PRESSURE HIGH: 4.92 bar exceeds 4.0 bar - PIPE BURST RISK,ALERT
2026-05-05 17:31:49,aquanet/water/turbidity,12.0,ALERT - Turbidity 12.0 NTU exceeds 5.0
2026-05-05 17:31:49,aquanet/water/ecoli,800.0,ALERT - E.coli 800.0 CFU/100ml exceeds 540.0
2026-05-05 17:31:49,aquanet/water/ph,7.25,OK
2026-05-05 17:31:49,aquanet/water/nitrate,0.2,OK
2026-05-05 17:31:49,aquanet/hydraulic/pressure,4.4,OK
2026-05-05 17:31:49,aquanet/hydraulic/flowrate,80.4,OK
2026-05-05 17:31:49,aquanet/alerts,ALERT E.COLI: 800.0 CFU/100ml exceeds NPS-FM limit of 540.0 - BACTERIAL CONTAMINATION DETECTED,ALERT
2026-05-05 17:31:49,aquanet/alerts,ALERT TURBIDITY: 12.0 NTU exceeds 5.0 NTU - TREATMENT REQUIRED,ALERT
2026-05-05 17:31:49,aquanet/alerts,ALERT PRESSURE HIGH: 4.4 bar exceeds 4.0 bar - PIPE BURST RISK,ALERT
2026-05-05 17:31:59,aquanet/water/turbidity,14.0,ALERT - Turbidity 14.0 NTU exceeds 5.0
2026-05-05 17:31:59,aquanet/water/ecoli,3600.0,ALERT - E.coli 3600.0 CFU/100ml exceeds 540.0
2026-05-05 17:31:59,aquanet/water/ph,7.59,OK
2026-05-05 17:31:59,aquanet/water/nitrate,0.21,OK
2026-05-05 17:31:59,aquanet/hydraulic/pressure,5.39,ALERT - Pressure 5.39 bar exceeds 5.0
2026-05-05 17:31:59,aquanet/hydraulic/flowrate,71.8,OK
2026-05-05 17:31:59,aquanet/alerts,ALERT E.COLI: 3600.0 CFU/100ml exceeds NPS-FM limit of 540.0 - BACTERIAL CONTAMINATION DETECTED,ALERT
2026-05-05 17:31:59,aquanet/alerts,ALERT TURBIDITY: 14.0 NTU exceeds 5.0 NTU - TREATMENT REQUIRED,ALERT
2026-05-05 17:31:59,aquanet/alerts,ALERT PRESSURE HIGH: 5.39 bar exceeds 4.0 bar - PIPE BURST RISK,ALERT
2026-05-05 17:32:09,aquanet/water/turbidity,8.3,ALERT - Turbidity 8.3 NTU exceeds 5.0
2026-05-05 17:32:09,aquanet/water/ecoli,2900.0,ALERT - E.coli 2900.0 CFU/100ml exceeds 540.0
2026-05-05 17:32:09,aquanet/water/ph,7.02,OK
2026-05-05 17:32:09,aquanet/water/nitrate,0.179,OK
2026-05-05 17:32:09,aquanet/hydraulic/pressure,5.09,ALERT - Pressure 5.09 bar exceeds 5.0
2026-05-05 17:32:09,aquanet/hydraulic/flowrate,99.7,OK
2026-05-05 17:32:09,aquanet/alerts,ALERT E.COLI: 2900.0 CFU/100ml exceeds NPS-FM limit of 540.0 - BACTERIAL CONTAMINATION DETECTED,ALERT
2026-05-05 17:32:09,aquanet/alerts,ALERT TURBIDITY: 8.3 NTU exceeds 5.0 NTU - TREATMENT REQUIRED,ALERT
2026-05-05 17:32:09,aquanet/alerts,ALERT PRESSURE HIGH: 5.09 bar exceeds 4.0 bar - PIPE BURST RISK,ALERT
2026-05-05 17:32:19,aquanet/water/turbidity,12.4,ALERT - Turbidity 12.4 NTU exceeds 5.0
2026-05-05 17:32:19,aquanet/water/ecoli,41000.0,ALERT - E.coli 41000.0 CFU/100ml exceeds 540.0
2026-05-05 17:32:19,aquanet/water/ph,7.18,OK
2026-05-05 17:32:19,aquanet/water/nitrate,0.22,OK
2026-05-05 17:32:19,aquanet/hydraulic/pressure,5.24,ALERT - Pressure 5.24 bar exceeds 5.0
2026-05-05 17:32:19,aquanet/hydraulic/flowrate,74.7,OK
2026-05-05 17:32:19,aquanet/alerts,ALERT E.COLI: 41000.0 CFU/100ml exceeds NPS-FM limit of 540.0 - BACTERIAL CONTAMINATION DETECTED,ALERT
2026-05-05 17:32:19,aquanet/alerts,ALERT TURBIDITY: 12.4 NTU exceeds 5.0 NTU - TREATMENT REQUIRED,ALERT
2026-05-05 17:32:19,aquanet/alerts,ALERT PRESSURE HIGH: 5.24 bar exceeds 4.0 bar - PIPE BURST RISK,ALERT
2026-05-05 17:32:29,aquanet/water/turbidity,12.7,ALERT - Turbidity 12.7 NTU exceeds 5.0
2026-05-05 17:32:29,aquanet/water/ecoli,2200.0,ALERT - E.coli 2200.0 CFU/100ml exceeds 540.0
2026-05-05 17:32:29,aquanet/water/ph,7.36,OK
2026-05-05 17:32:29,aquanet/water/nitrate,0.094,OK
2026-05-05 17:32:29,aquanet/hydraulic/pressure,4.93,OK
2026-05-05 17:32:29,aquanet/hydraulic/flowrate,96.4,OK
2026-05-05 17:32:29,aquanet/alerts,ALERT E.COLI: 2200.0 CFU/100ml exceeds NPS-FM limit of 540.0 - BACTERIAL CONTAMINATION DETECTED,ALERT
2026-05-05 17:32:29,aquanet/alerts,ALERT TURBIDITY: 12.7 NTU exceeds 5.0 NTU - TREATMENT REQUIRED,ALERT
2026-05-05 17:32:29,aquanet/alerts,ALERT PRESSURE HIGH: 4.93 bar exceeds 4.0 bar - PIPE BURST RISK,ALERT
2026-05-05 17:32:39,aquanet/water/turbidity,17.7,ALERT - Turbidity 17.7 NTU exceeds 5.0
2026-05-05 17:32:39,aquanet/water/ecoli,10.0,OK
2026-05-05 17:32:39,aquanet/water/ph,7.19,OK
2026-05-05 17:32:39,aquanet/water/nitrate,0.48,OK
2026-05-05 17:32:39,aquanet/hydraulic/pressure,5.14,ALERT - Pressure 5.14 bar exceeds 5.0
2026-05-05 17:32:39,aquanet/hydraulic/flowrate,74.1,OK
2026-05-05 17:32:39,aquanet/alerts,ALERT TURBIDITY: 17.7 NTU exceeds 5.0 NTU - TREATMENT REQUIRED,ALERT
2026-05-05 17:32:39,aquanet/alerts,ALERT PRESSURE HIGH: 5.14 bar exceeds 4.0 bar - PIPE BURST RISK,ALERT
2026-05-05 17:32:49,aquanet/water/turbidity,9.7,ALERT - Turbidity 9.7 NTU exceeds 5.0
2026-05-05 17:32:49,aquanet/water/ecoli,900.0,ALERT - E.coli 900.0 CFU/100ml exceeds 540.0
2026-05-05 17:32:49,aquanet/water/ph,7.04,OK
2026-05-05 17:32:49,aquanet/water/nitrate,0.28,OK
2026-05-05 17:32:49,aquanet/hydraulic/pressure,2.91,OK
2026-05-05 17:32:49,aquanet/hydraulic/flowrate,82.2,OK
2026-05-05 17:32:49,aquanet/alerts,ALERT E.COLI: 900.0 CFU/100ml exceeds NPS-FM limit of 540.0 - BACTERIAL CONTAMINATION DETECTED,ALERT
2026-05-05 17:32:49,aquanet/alerts,ALERT TURBIDITY: 9.7 NTU exceeds 5.0 NTU - TREATMENT REQUIRED,ALERT
2026-05-05 17:32:59,aquanet/water/turbidity,31.0,ALERT - Turbidity 31.0 NTU exceeds 5.0
2026-05-05 17:32:59,aquanet/water/ecoli,500.0,OK
2026-05-05 17:32:59,aquanet/water/ph,7.12,OK
2026-05-05 17:32:59,aquanet/water/nitrate,0.58,OK
2026-05-05 17:32:59,aquanet/hydraulic/pressure,5.22,ALERT - Pressure 5.22 bar exceeds 5.0
2026-05-05 17:32:59,aquanet/hydraulic/flowrate,99.4,OK
2026-05-05 17:32:59,aquanet/alerts,ALERT TURBIDITY: 31.0 NTU exceeds 5.0 NTU - TREATMENT REQUIRED,ALERT
2026-05-05 17:32:59,aquanet/alerts,ALERT PRESSURE HIGH: 5.22 bar exceeds 4.0 bar - PIPE BURST RISK,ALERT
2026-05-05 17:33:09,aquanet/water/turbidity,11.3,ALERT - Turbidity 11.3 NTU exceeds 5.0
2026-05-05 17:33:09,aquanet/water/ecoli,240.0,OK
2026-05-05 17:33:09,aquanet/water/ph,7.03,OK
2026-05-05 17:33:09,aquanet/water/nitrate,0.53,OK
2026-05-05 17:33:09,aquanet/hydraulic/pressure,3.18,OK
2026-05-05 17:33:09,aquanet/hydraulic/flowrate,95.2,OK
2026-05-05 17:33:09,aquanet/alerts,ALERT TURBIDITY: 11.3 NTU exceeds 5.0 NTU - TREATMENT REQUIRED,ALERT
2026-05-05 17:33:19,aquanet/water/turbidity,5.3,ALERT - Turbidity 5.3 NTU exceeds 5.0
2026-05-05 17:33:19,aquanet/water/ecoli,500.0,OK
2026-05-05 17:33:19,aquanet/water/ph,7.12,OK
2026-05-05 17:33:19,aquanet/water/nitrate,0.69,OK
2026-05-05 17:33:19,aquanet/hydraulic/pressure,4.99,OK
2026-05-05 17:33:19,aquanet/hydraulic/flowrate,85.7,OK
2026-05-05 17:33:19,aquanet/alerts,ALERT TURBIDITY: 5.3 NTU exceeds 5.0 NTU - TREATMENT REQUIRED,ALERT
2026-05-05 17:33:19,aquanet/alerts,ALERT PRESSURE HIGH: 4.99 bar exceeds 4.0 bar - PIPE BURST RISK,ALERT
2026-05-05 17:33:29,aquanet/water/turbidity,7.5,ALERT - Turbidity 7.5 NTU exceeds 5.0
2026-05-05 17:33:29,aquanet/water/ecoli,600.0,ALERT - E.coli 600.0 CFU/100ml exceeds 540.0
2026-05-05 17:33:29,aquanet/water/ph,6.96,OK
2026-05-05 17:33:29,aquanet/water/nitrate,0.53,OK
2026-05-05 17:33:29,aquanet/hydraulic/pressure,5.14,ALERT - Pressure 5.14 bar exceeds 5.0
2026-05-05 17:33:29,aquanet/hydraulic/flowrate,90.2,OK
2026-05-05 17:33:29,aquanet/alerts,ALERT E.COLI: 600.0 CFU/100ml exceeds NPS-FM limit of 540.0 - BACTERIAL CONTAMINATION DETECTED,ALERT
2026-05-05 17:33:29,aquanet/alerts,ALERT TURBIDITY: 7.5 NTU exceeds 5.0 NTU - TREATMENT REQUIRED,ALERT
2026-05-05 17:33:29,aquanet/alerts,ALERT PRESSURE HIGH: 5.14 bar exceeds 4.0 bar - PIPE BURST RISK,ALERT
2026-05-05 17:33:39,aquanet/water/turbidity,14.0,ALERT - Turbidity 14.0 NTU exceeds 5.0
2026-05-05 17:33:39,aquanet/water/ecoli,1900.0,ALERT - E.coli 1900.0 CFU/100ml exceeds 540.0
2026-05-05 17:33:39,aquanet/water/ph,7.03,OK
2026-05-05 17:33:39,aquanet/water/nitrate,0.57,OK
2026-05-05 17:33:39,aquanet/hydraulic/pressure,5.0,OK
2026-05-05 17:33:39,aquanet/hydraulic/flowrate,96.7,OK
2026-05-05 17:33:39,aquanet/alerts,ALERT E.COLI: 1900.0 CFU/100ml exceeds NPS-FM limit of 540.0 - BACTERIAL CONTAMINATION DETECTED,ALERT
2026-05-05 17:33:39,aquanet/alerts,ALERT TURBIDITY: 14.0 NTU exceeds 5.0 NTU - TREATMENT REQUIRED,ALERT
2026-05-05 17:33:39,aquanet/alerts,ALERT PRESSURE HIGH: 5.0 bar exceeds 4.0 bar - PIPE BURST RISK,ALERT
2026-05-05 17:33:49,aquanet/water/turbidity,13.2,ALERT - Turbidity 13.2 NTU exceeds 5.0
2026-05-05 17:33:49,aquanet/water/ecoli,400.0,OK
2026-05-05 17:33:49,aquanet/water/ph,6.91,OK
2026-05-05 17:33:49,aquanet/water/nitrate,0.27,OK
2026-05-05 17:33:49,aquanet/hydraulic/pressure,5.58,ALERT - Pressure 5.58 bar exceeds 5.0
2026-05-05 17:33:49,aquanet/hydraulic/flowrate,81.7,OK
2026-05-05 17:33:49,aquanet/alerts,ALERT TURBIDITY: 13.2 NTU exceeds 5.0 NTU - TREATMENT REQUIRED,ALERT
2026-05-05 17:33:49,aquanet/alerts,ALERT PRESSURE HIGH: 5.58 bar exceeds 4.0 bar - PIPE BURST RISK,ALERT
2026-05-05 17:33:59,aquanet/water/turbidity,7.6,ALERT - Turbidity 7.6 NTU exceeds 5.0
2026-05-05 17:33:59,aquanet/water/ecoli,5000.0,ALERT - E.coli 5000.0 CFU/100ml exceeds 540.0
2026-05-05 17:33:59,aquanet/water/ph,6.61,OK
2026-05-05 17:33:59,aquanet/water/nitrate,0.012,OK
2026-05-05 17:33:59,aquanet/hydraulic/pressure,5.6,ALERT - Pressure 5.6 bar exceeds 5.0
2026-05-05 17:33:59,aquanet/hydraulic/flowrate,75.0,OK
2026-05-05 17:33:59,aquanet/alerts,ALERT E.COLI: 5000.0 CFU/100ml exceeds NPS-FM limit of 540.0 - BACTERIAL CONTAMINATION DETECTED,ALERT
2026-05-05 17:33:59,aquanet/alerts,ALERT TURBIDITY: 7.6 NTU exceeds 5.0 NTU - TREATMENT REQUIRED,ALERT
2026-05-05 17:33:59,aquanet/alerts,ALERT PRESSURE HIGH: 5.6 bar exceeds 4.0 bar - PIPE BURST RISK,ALERT
2026-05-05 17:34:09,aquanet/water/turbidity,10.0,ALERT - Turbidity 10.0 NTU exceeds 5.0
2026-05-05 17:34:09,aquanet/water/ecoli,2300.0,ALERT - E.coli 2300.0 CFU/100ml exceeds 540.0
2026-05-05 17:34:09,aquanet/water/ph,6.89,OK
2026-05-05 17:34:09,aquanet/water/nitrate,0.45,OK
2026-05-05 17:34:09,aquanet/hydraulic/pressure,5.6,ALERT - Pressure 5.6 bar exceeds 5.0
2026-05-05 17:34:09,aquanet/hydraulic/flowrate,81.2,OK
2026-05-05 17:34:09,aquanet/alerts,ALERT E.COLI: 2300.0 CFU/100ml exceeds NPS-FM limit of 540.0 - BACTERIAL CONTAMINATION DETECTED,ALERT
2026-05-05 17:34:09,aquanet/alerts,ALERT TURBIDITY: 10.0 NTU exceeds 5.0 NTU - TREATMENT REQUIRED,ALERT
2026-05-05 17:34:09,aquanet/alerts,ALERT PRESSURE HIGH: 5.6 bar exceeds 4.0 bar - PIPE BURST RISK,ALERT
2026-05-05 17:34:19,aquanet/water/turbidity,10.8,ALERT - Turbidity 10.8 NTU exceeds 5.0
2026-05-05 17:34:19,aquanet/water/ecoli,2900.0,ALERT - E.coli 2900.0 CFU/100ml exceeds 540.0
2026-05-05 17:34:19,aquanet/water/ph,7.31,OK
2026-05-05 17:34:19,aquanet/water/nitrate,0.3,OK
2026-05-05 17:34:19,aquanet/hydraulic/pressure,4.87,OK
2026-05-05 17:34:19,aquanet/hydraulic/flowrate,79.2,OK
2026-05-05 17:34:19,aquanet/alerts,ALERT E.COLI: 2900.0 CFU/100ml exceeds NPS-FM limit of 540.0 - BACTERIAL CONTAMINATION DETECTED,ALERT
2026-05-05 17:34:19,aquanet/alerts,ALERT TURBIDITY: 10.8 NTU exceeds 5.0 NTU - TREATMENT REQUIRED,ALERT
2026-05-05 17:34:19,aquanet/alerts,ALERT PRESSURE HIGH: 4.87 bar exceeds 4.0 bar - PIPE BURST RISK,ALERT
2026-05-05 17:34:29,aquanet/water/turbidity,7.8,ALERT - Turbidity 7.8 NTU exceeds 5.0
2026-05-05 17:34:29,aquanet/water/ecoli,1500.0,ALERT - E.coli 1500.0 CFU/100ml exceeds 540.0
2026-05-05 17:34:29,aquanet/water/ph,6.97,OK
2026-05-05 17:34:29,aquanet/water/nitrate,0.3,OK
2026-05-05 17:34:29,aquanet/hydraulic/pressure,5.17,ALERT - Pressure 5.17 bar exceeds 5.0
2026-05-05 17:34:29,aquanet/hydraulic/flowrate,78.9,OK
2026-05-05 17:34:29,aquanet/alerts,ALERT E.COLI: 1500.0 CFU/100ml exceeds NPS-FM limit of 540.0 - BACTERIAL CONTAMINATION DETECTED,ALERT
2026-05-05 17:34:29,aquanet/alerts,ALERT TURBIDITY: 7.8 NTU exceeds 5.0 NTU - TREATMENT REQUIRED,ALERT
2026-05-05 17:34:29,aquanet/alerts,ALERT PRESSURE HIGH: 5.17 bar exceeds 4.0 bar - PIPE BURST RISK,ALERT
2026-05-05 17:34:39,aquanet/water/turbidity,10.3,ALERT - Turbidity 10.3 NTU exceeds 5.0
2026-05-05 17:34:39,aquanet/water/ecoli,2200.0,ALERT - E.coli 2200.0 CFU/100ml exceeds 540.0
2026-05-05 17:34:39,aquanet/water/ph,6.85,OK
2026-05-05 17:34:39,aquanet/water/nitrate,0.28,OK
2026-05-05 17:34:39,aquanet/hydraulic/pressure,3.24,OK
2026-05-05 17:34:39,aquanet/hydraulic/flowrate,95.0,OK
2026-05-05 17:34:39,aquanet/alerts,ALERT E.COLI: 2200.0 CFU/100ml exceeds NPS-FM limit of 540.0 - BACTERIAL CONTAMINATION DETECTED,ALERT
2026-05-05 17:34:39,aquanet/alerts,ALERT TURBIDITY: 10.3 NTU exceeds 5.0 NTU - TREATMENT REQUIRED,ALERT
2026-05-05 17:34:49,aquanet/water/turbidity,11.6,ALERT - Turbidity 11.6 NTU exceeds 5.0
2026-05-05 17:34:49,aquanet/water/ecoli,1000.0,ALERT - E.coli 1000.0 CFU/100ml exceeds 540.0
2026-05-05 17:34:49,aquanet/water/ph,7.17,OK
2026-05-05 17:34:49,aquanet/water/nitrate,0.72,OK
2026-05-05 17:34:49,aquanet/hydraulic/pressure,5.46,ALERT - Pressure 5.46 bar exceeds 5.0
2026-05-05 17:34:49,aquanet/hydraulic/flowrate,74.1,OK
2026-05-05 17:34:49,aquanet/alerts,ALERT E.COLI: 1000.0 CFU/100ml exceeds NPS-FM limit of 540.0 - BACTERIAL CONTAMINATION DETECTED,ALERT
2026-05-05 17:34:49,aquanet/alerts,ALERT TURBIDITY: 11.6 NTU exceeds 5.0 NTU - TREATMENT REQUIRED,ALERT
2026-05-05 17:34:49,aquanet/alerts,ALERT PRESSURE HIGH: 5.46 bar exceeds 4.0 bar - PIPE BURST RISK,ALERT
2026-05-05 17:34:59,aquanet/water/turbidity,12.3,ALERT - Turbidity 12.3 NTU exceeds 5.0
2026-05-05 17:34:59,aquanet/water/ecoli,5000.0,ALERT - E.coli 5000.0 CFU/100ml exceeds 540.0
2026-05-05 17:34:59,aquanet/water/ph,7.18,OK
2026-05-05 17:34:59,aquanet/water/nitrate,0.6,OK
2026-05-05 17:34:59,aquanet/hydraulic/pressure,5.23,ALERT - Pressure 5.23 bar exceeds 5.0
2026-05-05 17:34:59,aquanet/hydraulic/flowrate,94.9,OK
2026-05-05 17:34:59,aquanet/alerts,ALERT E.COLI: 5000.0 CFU/100ml exceeds NPS-FM limit of 540.0 - BACTERIAL CONTAMINATION DETECTED,ALERT
2026-05-05 17:34:59,aquanet/alerts,ALERT TURBIDITY: 12.3 NTU exceeds 5.0 NTU - TREATMENT REQUIRED,ALERT
2026-05-05 17:34:59,aquanet/alerts,ALERT PRESSURE HIGH: 5.23 bar exceeds 4.0 bar - PIPE BURST RISK,ALERT
2026-05-05 17:35:09,aquanet/water/turbidity,9.5,ALERT - Turbidity 9.5 NTU exceeds 5.0
2026-05-05 17:35:09,aquanet/water/ecoli,13000.0,ALERT - E.coli 13000.0 CFU/100ml exceeds 540.0
2026-05-05 17:35:09,aquanet/water/ph,7.13,OK
2026-05-05 17:35:09,aquanet/water/nitrate,0.48,OK
2026-05-05 17:35:09,aquanet/hydraulic/pressure,3.44,OK
2026-05-05 17:35:09,aquanet/hydraulic/flowrate,96.2,OK
2026-05-05 17:35:09,aquanet/alerts,ALERT E.COLI: 13000.0 CFU/100ml exceeds NPS-FM limit of 540.0 - BACTERIAL CONTAMINATION DETECTED,ALERT
2026-05-05 17:35:09,aquanet/alerts,ALERT TURBIDITY: 9.5 NTU exceeds 5.0 NTU - TREATMENT REQUIRED,ALERT
2026-05-05 17:35:19,aquanet/water/turbidity,15.5,ALERT - Turbidity 15.5 NTU exceeds 5.0
2026-05-05 17:35:19,aquanet/water/ecoli,300.0,OK
2026-05-05 17:35:19,aquanet/water/ph,7.05,OK
2026-05-05 17:35:19,aquanet/water/nitrate,0.4,OK
2026-05-05 17:35:19,aquanet/hydraulic/pressure,4.58,OK
2026-05-05 17:35:19,aquanet/hydraulic/flowrate,83.1,OK
2026-05-05 17:35:19,aquanet/alerts,ALERT TURBIDITY: 15.5 NTU exceeds 5.0 NTU - TREATMENT REQUIRED,ALERT
2026-05-05 17:35:19,aquanet/alerts,ALERT PRESSURE HIGH: 4.58 bar exceeds 4.0 bar - PIPE BURST RISK,ALERT
2026-05-05 17:35:29,aquanet/water/turbidity,12.1,ALERT - Turbidity 12.1 NTU exceeds 5.0
2026-05-05 17:35:29,aquanet/water/ecoli,700.0,ALERT - E.coli 700.0 CFU/100ml exceeds 540.0
2026-05-05 17:35:29,aquanet/water/ph,7.1,OK
2026-05-05 17:35:29,aquanet/water/nitrate,0.36,OK
2026-05-05 17:35:29,aquanet/hydraulic/pressure,4.92,OK
2026-05-05 17:35:29,aquanet/hydraulic/flowrate,84.1,OK
2026-05-05 17:35:29,aquanet/alerts,ALERT E.COLI: 700.0 CFU/100ml exceeds NPS-FM limit of 540.0 - BACTERIAL CONTAMINATION DETECTED,ALERT
2026-05-05 17:35:29,aquanet/alerts,ALERT TURBIDITY: 12.1 NTU exceeds 5.0 NTU - TREATMENT REQUIRED,ALERT
2026-05-05 17:35:29,aquanet/alerts,ALERT PRESSURE HIGH: 4.92 bar exceeds 4.0 bar - PIPE BURST RISK,ALERT
2026-05-05 17:35:39,aquanet/water/turbidity,13.8,ALERT - Turbidity 13.8 NTU exceeds 5.0
2026-05-05 17:35:39,aquanet/water/ecoli,1600.0,ALERT - E.coli 1600.0 CFU/100ml exceeds 540.0
2026-05-05 17:35:39,aquanet/water/ph,6.96,OK
2026-05-05 17:35:39,aquanet/water/nitrate,0.34,OK
2026-05-05 17:35:39,aquanet/hydraulic/pressure,2.88,OK
2026-05-05 17:35:39,aquanet/hydraulic/flowrate,72.0,OK
2026-05-05 17:35:39,aquanet/alerts,ALERT E.COLI: 1600.0 CFU/100ml exceeds NPS-FM limit of 540.0 - BACTERIAL CONTAMINATION DETECTED,ALERT
2026-05-05 17:35:39,aquanet/alerts,ALERT TURBIDITY: 13.8 NTU exceeds 5.0 NTU - TREATMENT REQUIRED,ALERT
2026-05-05 17:35:49,aquanet/water/turbidity,14.2,ALERT - Turbidity 14.2 NTU exceeds 5.0
2026-05-05 17:35:49,aquanet/water/ecoli,400.0,OK
2026-05-05 17:35:49,aquanet/water/ph,7.01,OK
2026-05-05 17:35:49,aquanet/water/nitrate,0.3,OK
2026-05-05 17:35:49,aquanet/hydraulic/pressure,5.24,ALERT - Pressure 5.24 bar exceeds 5.0
2026-05-05 17:35:49,aquanet/hydraulic/flowrate,77.4,OK
2026-05-05 17:35:49,aquanet/alerts,ALERT TURBIDITY: 14.2 NTU exceeds 5.0 NTU - TREATMENT REQUIRED,ALERT
2026-05-05 17:35:49,aquanet/alerts,ALERT PRESSURE HIGH: 5.24 bar exceeds 4.0 bar - PIPE BURST RISK,ALERT
2026-05-05 17:35:59,aquanet/water/turbidity,6.8,ALERT - Turbidity 6.8 NTU exceeds 5.0
2026-05-05 17:35:59,aquanet/water/ecoli,13000.0,ALERT - E.coli 13000.0 CFU/100ml exceeds 540.0
2026-05-05 17:35:59,aquanet/water/ph,7.17,OK
2026-05-05 17:35:59,aquanet/water/nitrate,0.31,OK
2026-05-05 17:35:59,aquanet/hydraulic/pressure,5.31,ALERT - Pressure 5.31 bar exceeds 5.0
2026-05-05 17:35:59,aquanet/hydraulic/flowrate,75.5,OK
2026-05-05 17:35:59,aquanet/alerts,ALERT E.COLI: 13000.0 CFU/100ml exceeds NPS-FM limit of 540.0 - BACTERIAL CONTAMINATION DETECTED,ALERT
2026-05-05 17:35:59,aquanet/alerts,ALERT TURBIDITY: 6.8 NTU exceeds 5.0 NTU - TREATMENT REQUIRED,ALERT
2026-05-05 17:35:59,aquanet/alerts,ALERT PRESSURE HIGH: 5.31 bar exceeds 4.0 bar - PIPE BURST RISK,ALERT
2026-05-05 17:36:09,aquanet/water/turbidity,6.5,ALERT - Turbidity 6.5 NTU exceeds 5.0
2026-05-05 17:36:09,aquanet/water/ecoli,2000.0,ALERT - E.coli 2000.0 CFU/100ml exceeds 540.0
2026-05-05 17:36:09,aquanet/water/ph,7.05,OK
2026-05-05 17:36:09,aquanet/water/nitrate,0.31,OK
2026-05-05 17:36:09,aquanet/hydraulic/pressure,5.34,ALERT - Pressure 5.34 bar exceeds 5.0
2026-05-05 17:36:09,aquanet/hydraulic/flowrate,88.5,OK
2026-05-05 17:36:09,aquanet/alerts,ALERT E.COLI: 2000.0 CFU/100ml exceeds NPS-FM limit of 540.0 - BACTERIAL CONTAMINATION DETECTED,ALERT
2026-05-05 17:36:09,aquanet/alerts,ALERT TURBIDITY: 6.5 NTU exceeds 5.0 NTU - TREATMENT REQUIRED,ALERT
2026-05-05 17:36:09,aquanet/alerts,ALERT PRESSURE HIGH: 5.34 bar exceeds 4.0 bar - PIPE BURST RISK,ALERT
2026-05-05 17:36:19,aquanet/water/turbidity,7.5,ALERT - Turbidity 7.5 NTU exceeds 5.0
2026-05-05 17:36:19,aquanet/water/ecoli,1500.0,ALERT - E.coli 1500.0 CFU/100ml exceeds 540.0
2026-05-05 17:36:19,aquanet/water/ph,7.11,OK
2026-05-05 17:36:19,aquanet/water/nitrate,0.24,OK
2026-05-05 17:36:19,aquanet/hydraulic/pressure,4.46,OK
2026-05-05 17:36:19,aquanet/hydraulic/flowrate,77.8,OK
2026-05-05 17:36:19,aquanet/alerts,ALERT E.COLI: 1500.0 CFU/100ml exceeds NPS-FM limit of 540.0 - BACTERIAL CONTAMINATION DETECTED,ALERT
2026-05-05 17:36:19,aquanet/alerts,ALERT TURBIDITY: 7.5 NTU exceeds 5.0 NTU - TREATMENT REQUIRED,ALERT
2026-05-05 17:36:19,aquanet/alerts,ALERT PRESSURE HIGH: 4.46 bar exceeds 4.0 bar - PIPE BURST RISK,ALERT
2026-05-05 17:36:29,aquanet/water/turbidity,6.7,ALERT - Turbidity 6.7 NTU exceeds 5.0
2026-05-05 17:36:29,aquanet/water/ecoli,1900.0,ALERT - E.coli 1900.0 CFU/100ml exceeds 540.0
2026-05-05 17:36:29,aquanet/water/ph,7.3,OK
2026-05-05 17:36:29,aquanet/water/nitrate,0.21,OK
2026-05-05 17:36:29,aquanet/hydraulic/pressure,5.87,ALERT - Pressure 5.87 bar exceeds 5.0
2026-05-05 17:36:29,aquanet/hydraulic/flowrate,82.5,OK
2026-05-05 17:36:29,aquanet/alerts,ALERT E.COLI: 1900.0 CFU/100ml exceeds NPS-FM limit of 540.0 - BACTERIAL CONTAMINATION DETECTED,ALERT
2026-05-05 17:36:29,aquanet/alerts,ALERT TURBIDITY: 6.7 NTU exceeds 5.0 NTU - TREATMENT REQUIRED,ALERT
2026-05-05 17:36:29,aquanet/alerts,ALERT PRESSURE HIGH: 5.87 bar exceeds 4.0 bar - PIPE BURST RISK,ALERT
2026-05-05 17:36:39,aquanet/water/turbidity,20.0,ALERT - Turbidity 20.0 NTU exceeds 5.0
2026-05-05 17:36:39,aquanet/water/ecoli,1100.0,ALERT - E.coli 1100.0 CFU/100ml exceeds 540.0
2026-05-05 17:36:39,aquanet/water/ph,7.13,OK
2026-05-05 17:36:39,aquanet/water/nitrate,0.29,OK
2026-05-05 17:36:39,aquanet/hydraulic/pressure,4.8,OK
2026-05-05 17:36:39,aquanet/hydraulic/flowrate,79.5,OK
2026-05-05 17:36:39,aquanet/alerts,ALERT E.COLI: 1100.0 CFU/100ml exceeds NPS-FM limit of 540.0 - BACTERIAL CONTAMINATION DETECTED,ALERT
2026-05-05 17:36:39,aquanet/alerts,ALERT TURBIDITY: 20.0 NTU exceeds 5.0 NTU - TREATMENT REQUIRED,ALERT
2026-05-05 17:36:39,aquanet/alerts,ALERT PRESSURE HIGH: 4.8 bar exceeds 4.0 bar - PIPE BURST RISK,ALERT
2026-05-05 17:36:49,aquanet/water/turbidity,17.4,ALERT - Turbidity 17.4 NTU exceeds 5.0
2026-05-05 17:36:49,aquanet/water/ecoli,1800.0,ALERT - E.coli 1800.0 CFU/100ml exceeds 540.0
2026-05-05 17:36:49,aquanet/water/ph,7.13,OK
2026-05-05 17:36:49,aquanet/water/nitrate,0.4,OK
2026-05-05 17:36:49,aquanet/hydraulic/pressure,5.11,ALERT - Pressure 5.11 bar exceeds 5.0
2026-05-05 17:36:49,aquanet/hydraulic/flowrate,85.3,OK
2026-05-05 17:36:49,aquanet/alerts,ALERT E.COLI: 1800.0 CFU/100ml exceeds NPS-FM limit of 540.0 - BACTERIAL CONTAMINATION DETECTED,ALERT
2026-05-05 17:36:49,aquanet/alerts,ALERT TURBIDITY: 17.4 NTU exceeds 5.0 NTU - TREATMENT REQUIRED,ALERT
2026-05-05 17:36:49,aquanet/alerts,ALERT PRESSURE HIGH: 5.11 bar exceeds 4.0 bar - PIPE BURST RISK,ALERT
2026-05-05 17:36:59,aquanet/water/turbidity,15.0,ALERT - Turbidity 15.0 NTU exceeds 5.0
2026-05-05 17:36:59,aquanet/water/ecoli,1600.0,ALERT - E.coli 1600.0 CFU/100ml exceeds 540.0
2026-05-05 17:36:59,aquanet/water/ph,6.97,OK
2026-05-05 17:36:59,aquanet/water/nitrate,0.38,OK
2026-05-05 17:36:59,aquanet/hydraulic/pressure,5.55,ALERT - Pressure 5.55 bar exceeds 5.0
2026-05-05 17:36:59,aquanet/hydraulic/flowrate,99.5,OK
2026-05-05 17:36:59,aquanet/alerts,ALERT E.COLI: 1600.0 CFU/100ml exceeds NPS-FM limit of 540.0 - BACTERIAL CONTAMINATION DETECTED,ALERT
2026-05-05 17:36:59,aquanet/alerts,ALERT TURBIDITY: 15.0 NTU exceeds 5.0 NTU - TREATMENT REQUIRED,ALERT
2026-05-05 17:36:59,aquanet/alerts,ALERT PRESSURE HIGH: 5.55 bar exceeds 4.0 bar - PIPE BURST RISK,ALERT
2026-05-05 17:37:09,aquanet/water/turbidity,12.8,ALERT - Turbidity 12.8 NTU exceeds 5.0
2026-05-05 17:37:09,aquanet/water/ecoli,4500.0,ALERT - E.coli 4500.0 CFU/100ml exceeds 540.0
2026-05-05 17:37:09,aquanet/water/ph,7.08,OK
2026-05-05 17:37:09,aquanet/water/nitrate,0.137,OK
2026-05-05 17:37:09,aquanet/hydraulic/pressure,5.81,ALERT - Pressure 5.81 bar exceeds 5.0
2026-05-05 17:37:09,aquanet/hydraulic/flowrate,79.6,OK
2026-05-05 17:37:09,aquanet/alerts,ALERT E.COLI: 4500.0 CFU/100ml exceeds NPS-FM limit of 540.0 - BACTERIAL CONTAMINATION DETECTED,ALERT
2026-05-05 17:37:09,aquanet/alerts,ALERT TURBIDITY: 12.8 NTU exceeds 5.0 NTU - TREATMENT REQUIRED,ALERT
2026-05-05 17:37:09,aquanet/alerts,ALERT PRESSURE HIGH: 5.81 bar exceeds 4.0 bar - PIPE BURST RISK,ALERT
2026-05-05 17:37:19,aquanet/water/turbidity,8.2,ALERT - Turbidity 8.2 NTU exceeds 5.0
2026-05-05 17:37:19,aquanet/water/ecoli,12000.0,ALERT - E.coli 12000.0 CFU/100ml exceeds 540.0
2026-05-05 17:37:19,aquanet/water/ph,6.92,OK
2026-05-05 17:37:19,aquanet/water/nitrate,0.4,OK
2026-05-05 17:37:19,aquanet/hydraulic/pressure,4.73,OK
2026-05-05 17:37:19,aquanet/hydraulic/flowrate,79.4,OK
2026-05-05 17:37:19,aquanet/alerts,ALERT E.COLI: 12000.0 CFU/100ml exceeds NPS-FM limit of 540.0 - BACTERIAL CONTAMINATION DETECTED,ALERT
2026-05-05 17:37:19,aquanet/alerts,ALERT TURBIDITY: 8.2 NTU exceeds 5.0 NTU - TREATMENT REQUIRED,ALERT
2026-05-05 17:37:19,aquanet/alerts,ALERT PRESSURE HIGH: 4.73 bar exceeds 4.0 bar - PIPE BURST RISK,ALERT
2026-05-05 17:37:29,aquanet/water/turbidity,11.1,ALERT - Turbidity 11.1 NTU exceeds 5.0
2026-05-05 17:37:29,aquanet/water/ecoli,3500.0,ALERT - E.coli 3500.0 CFU/100ml exceeds 540.0
2026-05-05 17:37:29,aquanet/water/ph,6.93,OK
2026-05-05 17:37:29,aquanet/water/nitrate,0.51,OK
2026-05-05 17:37:29,aquanet/hydraulic/pressure,5.67,ALERT - Pressure 5.67 bar exceeds 5.0
2026-05-05 17:37:29,aquanet/hydraulic/flowrate,91.2,OK
2026-05-05 17:37:29,aquanet/alerts,ALERT E.COLI: 3500.0 CFU/100ml exceeds NPS-FM limit of 540.0 - BACTERIAL CONTAMINATION DETECTED,ALERT
2026-05-05 17:37:29,aquanet/alerts,ALERT TURBIDITY: 11.1 NTU exceeds 5.0 NTU - TREATMENT REQUIRED,ALERT
2026-05-05 17:37:29,aquanet/alerts,ALERT PRESSURE HIGH: 5.67 bar exceeds 4.0 bar - PIPE BURST RISK,ALERT
2026-05-05 17:37:39,aquanet/water/turbidity,9.9,ALERT - Turbidity 9.9 NTU exceeds 5.0
2026-05-05 17:37:39,aquanet/water/ecoli,3400.0,ALERT - E.coli 3400.0 CFU/100ml exceeds 540.0
2026-05-05 17:37:39,aquanet/water/ph,6.87,OK
2026-05-05 17:37:39,aquanet/water/nitrate,0.47,OK
2026-05-05 17:37:39,aquanet/hydraulic/pressure,5.19,ALERT - Pressure 5.19 bar exceeds 5.0
2026-05-05 17:37:40,aquanet/hydraulic/flowrate,94.5,OK
2026-05-05 17:37:40,aquanet/alerts,ALERT E.COLI: 3400.0 CFU/100ml exceeds NPS-FM limit of 540.0 - BACTERIAL CONTAMINATION DETECTED,ALERT
2026-05-05 17:37:40,aquanet/alerts,ALERT TURBIDITY: 9.9 NTU exceeds 5.0 NTU - TREATMENT REQUIRED,ALERT
2026-05-05 17:37:40,aquanet/alerts,ALERT PRESSURE HIGH: 5.19 bar exceeds 4.0 bar - PIPE BURST RISK,ALERT
2026-05-05 17:37:49,aquanet/water/turbidity,7.6,ALERT - Turbidity 7.6 NTU exceeds 5.0
2026-05-05 17:37:49,aquanet/water/ecoli,2300.0,ALERT - E.coli 2300.0 CFU/100ml exceeds 540.0
2026-05-05 17:37:49,aquanet/water/ph,6.9,OK
2026-05-05 17:37:50,aquanet/water/nitrate,0.35,OK
2026-05-05 17:37:50,aquanet/hydraulic/pressure,5.2,ALERT - Pressure 5.2 bar exceeds 5.0
2026-05-05 17:37:50,aquanet/hydraulic/flowrate,94.8,OK
2026-05-05 17:37:50,aquanet/alerts,ALERT E.COLI: 2300.0 CFU/100ml exceeds NPS-FM limit of 540.0 - BACTERIAL CONTAMINATION DETECTED,ALERT
2026-05-05 17:37:50,aquanet/alerts,ALERT TURBIDITY: 7.6 NTU exceeds 5.0 NTU - TREATMENT REQUIRED,ALERT
2026-05-05 17:37:50,aquanet/alerts,ALERT PRESSURE HIGH: 5.2 bar exceeds 4.0 bar - PIPE BURST RISK,ALERT
2026-05-05 17:37:59,aquanet/water/turbidity,7.1,ALERT - Turbidity 7.1 NTU exceeds 5.0
2026-05-05 17:38:00,aquanet/water/ecoli,1800.0,ALERT - E.coli 1800.0 CFU/100ml exceeds 540.0
2026-05-05 17:38:00,aquanet/water/ph,7.29,OK
2026-05-05 17:38:00,aquanet/water/nitrate,0.39,OK
2026-05-05 17:38:00,aquanet/hydraulic/pressure,5.62,ALERT - Pressure 5.62 bar exceeds 5.0
2026-05-05 17:38:00,aquanet/hydraulic/flowrate,79.1,OK
2026-05-05 17:38:00,aquanet/alerts,ALERT E.COLI: 1800.0 CFU/100ml exceeds NPS-FM limit of 540.0 - BACTERIAL CONTAMINATION DETECTED,ALERT
2026-05-05 17:38:00,aquanet/alerts,ALERT TURBIDITY: 7.1 NTU exceeds 5.0 NTU - TREATMENT REQUIRED,ALERT
2026-05-05 17:38:00,aquanet/alerts,ALERT PRESSURE HIGH: 5.62 bar exceeds 4.0 bar - PIPE BURST RISK,ALERT
2026-05-05 17:38:10,aquanet/water/turbidity,10.8,ALERT - Turbidity 10.8 NTU exceeds 5.0
2026-05-05 17:38:10,aquanet/water/ecoli,1300.0,ALERT - E.coli 1300.0 CFU/100ml exceeds 540.0
2026-05-05 17:38:10,aquanet/water/ph,7.04,OK
2026-05-05 17:38:10,aquanet/water/nitrate,0.34,OK
2026-05-05 17:38:10,aquanet/hydraulic/pressure,5.45,ALERT - Pressure 5.45 bar exceeds 5.0
2026-05-05 17:38:10,aquanet/hydraulic/flowrate,97.2,OK
2026-05-05 17:38:10,aquanet/alerts,ALERT E.COLI: 1300.0 CFU/100ml exceeds NPS-FM limit of 540.0 - BACTERIAL CONTAMINATION DETECTED,ALERT
2026-05-05 17:38:10,aquanet/alerts,ALERT TURBIDITY: 10.8 NTU exceeds 5.0 NTU - TREATMENT REQUIRED,ALERT
2026-05-05 17:38:10,aquanet/alerts,ALERT PRESSURE HIGH: 5.45 bar exceeds 4.0 bar - PIPE BURST RISK,ALERT
2026-05-05 17:38:20,aquanet/water/turbidity,9.0,ALERT - Turbidity 9.0 NTU exceeds 5.0
2026-05-05 17:38:20,aquanet/water/ecoli,3500.0,ALERT - E.coli 3500.0 CFU/100ml exceeds 540.0
2026-05-05 17:38:20,aquanet/water/ph,6.84,OK
2026-05-05 17:38:20,aquanet/water/nitrate,0.37,OK
2026-05-05 17:38:20,aquanet/hydraulic/pressure,4.88,OK
2026-05-05 17:38:20,aquanet/hydraulic/flowrate,76.3,OK
2026-05-05 17:38:20,aquanet/alerts,ALERT E.COLI: 3500.0 CFU/100ml exceeds NPS-FM limit of 540.0 - BACTERIAL CONTAMINATION DETECTED,ALERT
2026-05-05 17:38:20,aquanet/alerts,ALERT TURBIDITY: 9.0 NTU exceeds 5.0 NTU - TREATMENT REQUIRED,ALERT
2026-05-05 17:38:20,aquanet/alerts,ALERT PRESSURE HIGH: 4.88 bar exceeds 4.0 bar - PIPE BURST RISK,ALERT
2026-05-05 17:38:30,aquanet/water/turbidity,12.6,ALERT - Turbidity 12.6 NTU exceeds 5.0
2026-05-05 17:38:30,aquanet/water/ecoli,1800.0,ALERT - E.coli 1800.0 CFU/100ml exceeds 540.0
2026-05-05 17:38:30,aquanet/water/ph,7.09,OK
2026-05-05 17:38:30,aquanet/water/nitrate,0.5,OK
2026-05-05 17:38:30,aquanet/hydraulic/pressure,4.58,OK
2026-05-05 17:38:30,aquanet/hydraulic/flowrate,89.0,OK
2026-05-05 17:38:30,aquanet/alerts,ALERT E.COLI: 1800.0 CFU/100ml exceeds NPS-FM limit of 540.0 - BACTERIAL CONTAMINATION DETECTED,ALERT
2026-05-05 17:38:30,aquanet/alerts,ALERT TURBIDITY: 12.6 NTU exceeds 5.0 NTU - TREATMENT REQUIRED,ALERT
2026-05-05 17:38:30,aquanet/alerts,ALERT PRESSURE HIGH: 4.58 bar exceeds 4.0 bar - PIPE BURST RISK,ALERT
2026-05-05 17:38:40,aquanet/water/turbidity,33.0,ALERT - Turbidity 33.0 NTU exceeds 5.0
2026-05-05 17:38:40,aquanet/water/ecoli,500.0,OK
2026-05-05 17:38:40,aquanet/water/ph,7.06,OK
2026-05-05 17:38:40,aquanet/water/nitrate,0.57,OK
2026-05-05 17:38:40,aquanet/hydraulic/pressure,5.38,ALERT - Pressure 5.38 bar exceeds 5.0
2026-05-05 17:38:40,aquanet/hydraulic/flowrate,87.0,OK
2026-05-05 17:38:40,aquanet/alerts,ALERT TURBIDITY: 33.0 NTU exceeds 5.0 NTU - TREATMENT REQUIRED,ALERT
2026-05-05 17:38:40,aquanet/alerts,ALERT PRESSURE HIGH: 5.38 bar exceeds 4.0 bar - PIPE BURST RISK,ALERT
2026-05-05 17:38:50,aquanet/water/turbidity,12.2,ALERT - Turbidity 12.2 NTU exceeds 5.0
2026-05-05 17:38:50,aquanet/water/ecoli,2000.0,ALERT - E.coli 2000.0 CFU/100ml exceeds 540.0
2026-05-05 17:38:50,aquanet/water/ph,7.0,OK
2026-05-05 17:38:50,aquanet/water/nitrate,0.41,OK
2026-05-05 17:38:50,aquanet/hydraulic/pressure,5.23,ALERT - Pressure 5.23 bar exceeds 5.0
2026-05-05 17:38:50,aquanet/hydraulic/flowrate,99.6,OK
2026-05-05 17:38:50,aquanet/alerts,ALERT E.COLI: 2000.0 CFU/100ml exceeds NPS-FM limit of 540.0 - BACTERIAL CONTAMINATION DETECTED,ALERT
2026-05-05 17:38:50,aquanet/alerts,ALERT TURBIDITY: 12.2 NTU exceeds 5.0 NTU - TREATMENT REQUIRED,ALERT
2026-05-05 17:38:50,aquanet/alerts,ALERT PRESSURE HIGH: 5.23 bar exceeds 4.0 bar - PIPE BURST RISK,ALERT
2026-05-05 17:39:00,aquanet/water/turbidity,28.0,ALERT - Turbidity 28.0 NTU exceeds 5.0
2026-05-05 17:39:00,aquanet/water/ecoli,3100.0,ALERT - E.coli 3100.0 CFU/100ml exceeds 540.0
2026-05-05 17:39:00,aquanet/water/ph,7.03,OK
2026-05-05 17:39:00,aquanet/water/nitrate,0.35,OK
2026-05-05 17:39:00,aquanet/hydraulic/pressure,3.17,OK
2026-05-05 17:39:00,aquanet/hydraulic/flowrate,91.0,OK
2026-05-05 17:39:00,aquanet/alerts,ALERT E.COLI: 3100.0 CFU/100ml exceeds NPS-FM limit of 540.0 - BACTERIAL CONTAMINATION DETECTED,ALERT
2026-05-05 17:39:00,aquanet/alerts,ALERT TURBIDITY: 28.0 NTU exceeds 5.0 NTU - TREATMENT REQUIRED,ALERT
2026-05-05 17:39:10,aquanet/water/turbidity,25.0,ALERT - Turbidity 25.0 NTU exceeds 5.0
2026-05-05 17:39:10,aquanet/water/ecoli,840.0,ALERT - E.coli 840.0 CFU/100ml exceeds 540.0
2026-05-05 17:39:10,aquanet/water/ph,7.04,OK
2026-05-05 17:39:10,aquanet/water/nitrate,0.44,OK
2026-05-05 17:39:10,aquanet/hydraulic/pressure,5.77,ALERT - Pressure 5.77 bar exceeds 5.0
2026-05-05 17:39:10,aquanet/hydraulic/flowrate,97.6,OK
2026-05-05 17:39:10,aquanet/alerts,ALERT E.COLI: 840.0 CFU/100ml exceeds NPS-FM limit of 540.0 - BACTERIAL CONTAMINATION DETECTED,ALERT
2026-05-05 17:39:10,aquanet/alerts,ALERT TURBIDITY: 25.0 NTU exceeds 5.0 NTU - TREATMENT REQUIRED,ALERT
2026-05-05 17:39:10,aquanet/alerts,ALERT PRESSURE HIGH: 5.77 bar exceeds 4.0 bar - PIPE BURST RISK,ALERT
2026-05-05 17:39:20,aquanet/water/turbidity,13.6,ALERT - Turbidity 13.6 NTU exceeds 5.0
2026-05-05 17:39:20,aquanet/water/ecoli,530.0,OK
2026-05-05 17:39:20,aquanet/water/ph,6.96,OK
2026-05-05 17:39:20,aquanet/water/nitrate,0.41,OK
2026-05-05 17:39:20,aquanet/hydraulic/pressure,4.93,OK
2026-05-05 17:39:20,aquanet/hydraulic/flowrate,73.2,OK
2026-05-05 17:39:20,aquanet/alerts,ALERT TURBIDITY: 13.6 NTU exceeds 5.0 NTU - TREATMENT REQUIRED,ALERT
2026-05-05 17:39:20,aquanet/alerts,ALERT PRESSURE HIGH: 4.93 bar exceeds 4.0 bar - PIPE BURST RISK,ALERT
2026-05-05 17:39:30,aquanet/water/turbidity,8.1,ALERT - Turbidity 8.1 NTU exceeds 5.0
2026-05-05 17:39:30,aquanet/water/ecoli,14000.0,ALERT - E.coli 14000.0 CFU/100ml exceeds 540.0
2026-05-05 17:39:30,aquanet/water/ph,6.99,OK
2026-05-05 17:39:30,aquanet/water/nitrate,0.33,OK
2026-05-05 17:39:30,aquanet/hydraulic/pressure,4.97,OK
2026-05-05 17:39:30,aquanet/hydraulic/flowrate,88.3,OK
2026-05-05 17:39:30,aquanet/alerts,ALERT E.COLI: 14000.0 CFU/100ml exceeds NPS-FM limit of 540.0 - BACTERIAL CONTAMINATION DETECTED,ALERT
2026-05-05 17:39:30,aquanet/alerts,ALERT TURBIDITY: 8.1 NTU exceeds 5.0 NTU - TREATMENT REQUIRED,ALERT
2026-05-05 17:39:30,aquanet/alerts,ALERT PRESSURE HIGH: 4.97 bar exceeds 4.0 bar - PIPE BURST RISK,ALERT
2026-05-05 17:39:40,aquanet/water/turbidity,26.0,ALERT - Turbidity 26.0 NTU exceeds 5.0
2026-05-05 17:39:40,aquanet/water/ecoli,2100.0,ALERT - E.coli 2100.0 CFU/100ml exceeds 540.0
2026-05-05 17:39:40,aquanet/water/ph,6.93,OK
2026-05-05 17:39:40,aquanet/water/nitrate,0.38,OK
2026-05-05 17:39:40,aquanet/hydraulic/pressure,5.47,ALERT - Pressure 5.47 bar exceeds 5.0
2026-05-05 17:39:40,aquanet/hydraulic/flowrate,96.8,OK
2026-05-05 17:39:40,aquanet/alerts,ALERT E.COLI: 2100.0 CFU/100ml exceeds NPS-FM limit of 540.0 - BACTERIAL CONTAMINATION DETECTED,ALERT
2026-05-05 17:39:40,aquanet/alerts,ALERT TURBIDITY: 26.0 NTU exceeds 5.0 NTU - TREATMENT REQUIRED,ALERT
2026-05-05 17:39:40,aquanet/alerts,ALERT PRESSURE HIGH: 5.47 bar exceeds 4.0 bar - PIPE BURST RISK,ALERT
2026-05-05 17:39:50,aquanet/water/turbidity,25.0,ALERT - Turbidity 25.0 NTU exceeds 5.0
2026-05-05 17:39:50,aquanet/water/ecoli,1200.0,ALERT - E.coli 1200.0 CFU/100ml exceeds 540.0
2026-05-05 17:39:50,aquanet/water/ph,6.72,OK
2026-05-05 17:39:50,aquanet/water/nitrate,0.33,OK
2026-05-05 17:39:50,aquanet/hydraulic/pressure,5.31,ALERT - Pressure 5.31 bar exceeds 5.0
2026-05-05 17:39:50,aquanet/hydraulic/flowrate,76.3,OK
2026-05-05 17:39:50,aquanet/alerts,ALERT E.COLI: 1200.0 CFU/100ml exceeds NPS-FM limit of 540.0 - BACTERIAL CONTAMINATION DETECTED,ALERT
2026-05-05 17:39:50,aquanet/alerts,ALERT TURBIDITY: 25.0 NTU exceeds 5.0 NTU - TREATMENT REQUIRED,ALERT
2026-05-05 17:39:50,aquanet/alerts,ALERT PRESSURE HIGH: 5.31 bar exceeds 4.0 bar - PIPE BURST RISK,ALERT
2026-05-05 17:40:00,aquanet/water/turbidity,7.4,ALERT - Turbidity 7.4 NTU exceeds 5.0
2026-05-05 17:40:00,aquanet/water/ecoli,1700.0,ALERT - E.coli 1700.0 CFU/100ml exceeds 540.0
2026-05-05 17:40:00,aquanet/water/ph,6.84,OK
2026-05-05 17:40:00,aquanet/water/nitrate,0.28,OK
2026-05-05 17:40:00,aquanet/hydraulic/pressure,5.57,ALERT - Pressure 5.57 bar exceeds 5.0
2026-05-05 17:40:00,aquanet/hydraulic/flowrate,72.9,OK
2026-05-05 17:40:00,aquanet/alerts,ALERT E.COLI: 1700.0 CFU/100ml exceeds NPS-FM limit of 540.0 - BACTERIAL CONTAMINATION DETECTED,ALERT
2026-05-05 17:40:00,aquanet/alerts,ALERT TURBIDITY: 7.4 NTU exceeds 5.0 NTU - TREATMENT REQUIRED,ALERT
2026-05-05 17:40:00,aquanet/alerts,ALERT PRESSURE HIGH: 5.57 bar exceeds 4.0 bar - PIPE BURST RISK,ALERT
2026-05-05 17:40:10,aquanet/water/turbidity,6.6,ALERT - Turbidity 6.6 NTU exceeds 5.0
2026-05-05 17:40:10,aquanet/water/ecoli,1500.0,ALERT - E.coli 1500.0 CFU/100ml exceeds 540.0
2026-05-05 17:40:10,aquanet/water/ph,6.99,OK
2026-05-05 17:40:10,aquanet/water/nitrate,0.33,OK
2026-05-05 17:40:10,aquanet/hydraulic/pressure,5.65,ALERT - Pressure 5.65 bar exceeds 5.0
2026-05-05 17:40:10,aquanet/hydraulic/flowrate,85.9,OK
2026-05-05 17:40:10,aquanet/alerts,ALERT E.COLI: 1500.0 CFU/100ml exceeds NPS-FM limit of 540.0 - BACTERIAL CONTAMINATION DETECTED,ALERT
2026-05-05 17:40:10,aquanet/alerts,ALERT TURBIDITY: 6.6 NTU exceeds 5.0 NTU - TREATMENT REQUIRED,ALERT
2026-05-05 17:40:10,aquanet/alerts,ALERT PRESSURE HIGH: 5.65 bar exceeds 4.0 bar - PIPE BURST RISK,ALERT
2026-05-05 17:40:20,aquanet/water/turbidity,29.0,ALERT - Turbidity 29.0 NTU exceeds 5.0
2026-05-05 17:40:20,aquanet/water/ecoli,1100.0,ALERT - E.coli 1100.0 CFU/100ml exceeds 540.0
2026-05-05 17:40:20,aquanet/water/ph,6.95,OK
2026-05-05 17:40:20,aquanet/water/nitrate,0.27,OK
2026-05-05 17:40:20,aquanet/hydraulic/pressure,5.74,ALERT - Pressure 5.74 bar exceeds 5.0
2026-05-05 17:40:20,aquanet/hydraulic/flowrate,93.8,OK
2026-05-05 17:40:20,aquanet/alerts,ALERT E.COLI: 1100.0 CFU/100ml exceeds NPS-FM limit of 540.0 - BACTERIAL CONTAMINATION DETECTED,ALERT
2026-05-05 17:40:20,aquanet/alerts,ALERT TURBIDITY: 29.0 NTU exceeds 5.0 NTU - TREATMENT REQUIRED,ALERT
2026-05-05 17:40:20,aquanet/alerts,ALERT PRESSURE HIGH: 5.74 bar exceeds 4.0 bar - PIPE BURST RISK,ALERT
2026-05-05 17:40:30,aquanet/water/turbidity,7.6,ALERT - Turbidity 7.6 NTU exceeds 5.0
2026-05-05 17:40:30,aquanet/water/ecoli,240.0,OK
2026-05-05 17:40:30,aquanet/water/ph,6.9,OK
2026-05-05 17:40:30,aquanet/water/nitrate,0.3,OK
2026-05-05 17:40:30,aquanet/hydraulic/pressure,5.03,ALERT - Pressure 5.03 bar exceeds 5.0
2026-05-05 17:40:30,aquanet/hydraulic/flowrate,97.3,OK
2026-05-05 17:40:30,aquanet/alerts,ALERT TURBIDITY: 7.6 NTU exceeds 5.0 NTU - TREATMENT REQUIRED,ALERT
2026-05-05 17:40:30,aquanet/alerts,ALERT PRESSURE HIGH: 5.03 bar exceeds 4.0 bar - PIPE BURST RISK,ALERT
2026-05-05 17:40:40,aquanet/water/turbidity,10.2,ALERT - Turbidity 10.2 NTU exceeds 5.0
2026-05-05 17:40:40,aquanet/water/ecoli,20000.0,ALERT - E.coli 20000.0 CFU/100ml exceeds 540.0
2026-05-05 17:40:40,aquanet/water/ph,7.02,OK
2026-05-05 17:40:40,aquanet/water/nitrate,0.4,OK
2026-05-05 17:40:40,aquanet/hydraulic/pressure,5.43,ALERT - Pressure 5.43 bar exceeds 5.0
2026-05-05 17:40:40,aquanet/hydraulic/flowrate,94.0,OK
2026-05-05 17:40:40,aquanet/alerts,ALERT E.COLI: 20000.0 CFU/100ml exceeds NPS-FM limit of 540.0 - BACTERIAL CONTAMINATION DETECTED,ALERT
2026-05-05 17:40:40,aquanet/alerts,ALERT TURBIDITY: 10.2 NTU exceeds 5.0 NTU - TREATMENT REQUIRED,ALERT
2026-05-05 17:40:40,aquanet/alerts,ALERT PRESSURE HIGH: 5.43 bar exceeds 4.0 bar - PIPE BURST RISK,ALERT
2026-05-05 17:40:50,aquanet/water/turbidity,16.1,ALERT - Turbidity 16.1 NTU exceeds 5.0
2026-05-05 17:40:50,aquanet/water/ecoli,200.0,OK
2026-05-05 17:40:50,aquanet/water/ph,7.1,OK
2026-05-05 17:40:50,aquanet/water/nitrate,0.34,OK
2026-05-05 17:40:50,aquanet/hydraulic/pressure,5.03,ALERT - Pressure 5.03 bar exceeds 5.0
2026-05-05 17:40:50,aquanet/hydraulic/flowrate,92.4,OK
2026-05-05 17:40:50,aquanet/alerts,ALERT TURBIDITY: 16.1 NTU exceeds 5.0 NTU - TREATMENT REQUIRED,ALERT
2026-05-05 17:40:50,aquanet/alerts,ALERT PRESSURE HIGH: 5.03 bar exceeds 4.0 bar - PIPE BURST RISK,ALERT
2026-05-05 17:41:00,aquanet/water/turbidity,10.8,ALERT - Turbidity 10.8 NTU exceeds 5.0
2026-05-05 17:41:00,aquanet/water/ecoli,11000.0,ALERT - E.coli 11000.0 CFU/100ml exceeds 540.0
2026-05-05 17:41:00,aquanet/water/ph,7.04,OK
2026-05-05 17:41:00,aquanet/water/nitrate,0.45,OK
2026-05-05 17:41:00,aquanet/hydraulic/pressure,4.86,OK
2026-05-05 17:41:00,aquanet/hydraulic/flowrate,81.3,OK
2026-05-05 17:41:00,aquanet/alerts,ALERT E.COLI: 11000.0 CFU/100ml exceeds NPS-FM limit of 540.0 - BACTERIAL CONTAMINATION DETECTED,ALERT
2026-05-05 17:41:00,aquanet/alerts,ALERT TURBIDITY: 10.8 NTU exceeds 5.0 NTU - TREATMENT REQUIRED,ALERT
2026-05-05 17:41:00,aquanet/alerts,ALERT PRESSURE HIGH: 4.86 bar exceeds 4.0 bar - PIPE BURST RISK,ALERT
2026-05-05 17:41:10,aquanet/water/turbidity,11.2,ALERT - Turbidity 11.2 NTU exceeds 5.0
2026-05-05 17:41:10,aquanet/water/ecoli,2700.0,ALERT - E.coli 2700.0 CFU/100ml exceeds 540.0
2026-05-05 17:41:10,aquanet/water/ph,6.73,OK
2026-05-05 17:41:10,aquanet/water/nitrate,0.43,OK
2026-05-05 17:41:10,aquanet/hydraulic/pressure,5.7,ALERT - Pressure 5.7 bar exceeds 5.0
2026-05-05 17:41:10,aquanet/hydraulic/flowrate,84.4,OK
2026-05-05 17:41:10,aquanet/alerts,ALERT E.COLI: 2700.0 CFU/100ml exceeds NPS-FM limit of 540.0 - BACTERIAL CONTAMINATION DETECTED,ALERT
2026-05-05 17:41:10,aquanet/alerts,ALERT TURBIDITY: 11.2 NTU exceeds 5.0 NTU - TREATMENT REQUIRED,ALERT
2026-05-05 17:41:10,aquanet/alerts,ALERT PRESSURE HIGH: 5.7 bar exceeds 4.0 bar - PIPE BURST RISK,ALERT
2026-05-05 17:41:20,aquanet/water/turbidity,11.7,ALERT - Turbidity 11.7 NTU exceeds 5.0
2026-05-05 17:41:20,aquanet/water/ecoli,400.0,OK
2026-05-05 17:41:20,aquanet/water/ph,6.99,OK
2026-05-05 17:41:20,aquanet/water/nitrate,0.54,OK
2026-05-05 17:41:20,aquanet/hydraulic/pressure,4.96,OK
2026-05-05 17:41:20,aquanet/hydraulic/flowrate,75.3,OK
2026-05-05 17:41:20,aquanet/alerts,ALERT TURBIDITY: 11.7 NTU exceeds 5.0 NTU - TREATMENT REQUIRED,ALERT
2026-05-05 17:41:20,aquanet/alerts,ALERT PRESSURE HIGH: 4.96 bar exceeds 4.0 bar - PIPE BURST RISK,ALERT
2026-05-05 17:41:30,aquanet/water/turbidity,13.5,ALERT - Turbidity 13.5 NTU exceeds 5.0
2026-05-05 17:41:30,aquanet/water/ecoli,900.0,ALERT - E.coli 900.0 CFU/100ml exceeds 540.0
2026-05-05 17:41:30,aquanet/water/ph,7.31,OK
2026-05-05 17:41:30,aquanet/water/nitrate,0.42,OK
2026-05-05 17:41:30,aquanet/hydraulic/pressure,4.94,OK
2026-05-05 17:41:30,aquanet/hydraulic/flowrate,99.7,OK
2026-05-05 17:41:30,aquanet/alerts,ALERT E.COLI: 900.0 CFU/100ml exceeds NPS-FM limit of 540.0 - BACTERIAL CONTAMINATION DETECTED,ALERT
2026-05-05 17:41:30,aquanet/alerts,ALERT TURBIDITY: 13.5 NTU exceeds 5.0 NTU - TREATMENT REQUIRED,ALERT
2026-05-05 17:41:30,aquanet/alerts,ALERT PRESSURE HIGH: 4.94 bar exceeds 4.0 bar - PIPE BURST RISK,ALERT
2026-05-05 17:41:40,aquanet/water/turbidity,115.0,ALERT - Turbidity 115.0 NTU exceeds 5.0
2026-05-05 17:41:40,aquanet/water/ecoli,2100.0,ALERT - E.coli 2100.0 CFU/100ml exceeds 540.0
2026-05-05 17:41:40,aquanet/water/ph,6.99,OK
2026-05-05 17:41:40,aquanet/water/nitrate,0.33,OK
2026-05-05 17:41:40,aquanet/hydraulic/pressure,5.53,ALERT - Pressure 5.53 bar exceeds 5.0
2026-05-05 17:41:40,aquanet/hydraulic/flowrate,87.9,OK
2026-05-05 17:41:40,aquanet/alerts,ALERT E.COLI: 2100.0 CFU/100ml exceeds NPS-FM limit of 540.0 - BACTERIAL CONTAMINATION DETECTED,ALERT
2026-05-05 17:41:40,aquanet/alerts,ALERT TURBIDITY: 115.0 NTU exceeds 5.0 NTU - TREATMENT REQUIRED,ALERT
2026-05-05 17:41:40,aquanet/alerts,ALERT PRESSURE HIGH: 5.53 bar exceeds 4.0 bar - PIPE BURST RISK,ALERT
2026-05-05 17:41:50,aquanet/water/turbidity,11.2,ALERT - Turbidity 11.2 NTU exceeds 5.0
2026-05-05 17:41:50,aquanet/water/ecoli,2100.0,ALERT - E.coli 2100.0 CFU/100ml exceeds 540.0
2026-05-05 17:41:50,aquanet/water/ph,7.09,OK
2026-05-05 17:41:50,aquanet/water/nitrate,0.3,OK
2026-05-05 17:41:50,aquanet/hydraulic/pressure,5.18,ALERT - Pressure 5.18 bar exceeds 5.0
2026-05-05 17:41:50,aquanet/hydraulic/flowrate,88.6,OK
2026-05-05 17:41:50,aquanet/alerts,ALERT E.COLI: 2100.0 CFU/100ml exceeds NPS-FM limit of 540.0 - BACTERIAL CONTAMINATION DETECTED,ALERT
2026-05-05 17:41:50,aquanet/alerts,ALERT TURBIDITY: 11.2 NTU exceeds 5.0 NTU - TREATMENT REQUIRED,ALERT
2026-05-05 17:41:50,aquanet/alerts,ALERT PRESSURE HIGH: 5.18 bar exceeds 4.0 bar - PIPE BURST RISK,ALERT
2026-05-05 17:42:00,aquanet/water/turbidity,45.0,ALERT - Turbidity 45.0 NTU exceeds 5.0
2026-05-05 17:42:00,aquanet/water/ecoli,2100.0,ALERT - E.coli 2100.0 CFU/100ml exceeds 540.0
2026-05-05 17:42:00,aquanet/water/ph,6.94,OK
2026-05-05 17:42:00,aquanet/water/nitrate,0.26,OK
2026-05-05 17:42:00,aquanet/hydraulic/pressure,4.95,OK
2026-05-05 17:42:00,aquanet/hydraulic/flowrate,96.1,OK
2026-05-05 17:42:00,aquanet/alerts,ALERT E.COLI: 2100.0 CFU/100ml exceeds NPS-FM limit of 540.0 - BACTERIAL CONTAMINATION DETECTED,ALERT
2026-05-05 17:42:00,aquanet/alerts,ALERT TURBIDITY: 45.0 NTU exceeds 5.0 NTU - TREATMENT REQUIRED,ALERT
2026-05-05 17:42:00,aquanet/alerts,ALERT PRESSURE HIGH: 4.95 bar exceeds 4.0 bar - PIPE BURST RISK,ALERT
2026-05-05 17:42:10,aquanet/water/turbidity,23.0,ALERT - Turbidity 23.0 NTU exceeds 5.0
2026-05-05 17:42:10,aquanet/water/ecoli,700.0,ALERT - E.coli 700.0 CFU/100ml exceeds 540.0
2026-05-05 17:42:10,aquanet/water/ph,6.69,OK
2026-05-05 17:42:10,aquanet/water/nitrate,0.31,OK
2026-05-05 17:42:10,aquanet/hydraulic/pressure,4.6,OK
2026-05-05 17:42:10,aquanet/hydraulic/flowrate,74.2,OK
2026-05-05 17:42:10,aquanet/alerts,ALERT E.COLI: 700.0 CFU/100ml exceeds NPS-FM limit of 540.0 - BACTERIAL CONTAMINATION DETECTED,ALERT
2026-05-05 17:42:10,aquanet/alerts,ALERT TURBIDITY: 23.0 NTU exceeds 5.0 NTU - TREATMENT REQUIRED,ALERT
2026-05-05 17:42:10,aquanet/alerts,ALERT PRESSURE HIGH: 4.6 bar exceeds 4.0 bar - PIPE BURST RISK,ALERT
2026-05-05 17:42:20,aquanet/water/turbidity,9.2,ALERT - Turbidity 9.2 NTU exceeds 5.0
2026-05-05 17:42:20,aquanet/water/ecoli,1200.0,ALERT - E.coli 1200.0 CFU/100ml exceeds 540.0
2026-05-05 17:42:20,aquanet/water/ph,7.23,OK
2026-05-05 17:42:20,aquanet/water/nitrate,0.118,OK
2026-05-05 17:42:20,aquanet/hydraulic/pressure,2.81,OK
2026-05-05 17:42:20,aquanet/hydraulic/flowrate,98.2,OK
2026-05-05 17:42:20,aquanet/alerts,ALERT E.COLI: 1200.0 CFU/100ml exceeds NPS-FM limit of 540.0 - BACTERIAL CONTAMINATION DETECTED,ALERT
2026-05-05 17:42:20,aquanet/alerts,ALERT TURBIDITY: 9.2 NTU exceeds 5.0 NTU - TREATMENT REQUIRED,ALERT
2026-05-05 17:42:30,aquanet/water/turbidity,16.2,ALERT - Turbidity 16.2 NTU exceeds 5.0
2026-05-05 17:42:30,aquanet/water/ecoli,1100.0,ALERT - E.coli 1100.0 CFU/100ml exceeds 540.0
2026-05-05 17:42:30,aquanet/water/ph,7.06,OK
2026-05-05 17:42:30,aquanet/water/nitrate,0.137,OK
2026-05-05 17:42:30,aquanet/hydraulic/pressure,5.82,ALERT - Pressure 5.82 bar exceeds 5.0
2026-05-05 17:42:30,aquanet/hydraulic/flowrate,76.8,OK
2026-05-05 17:42:30,aquanet/alerts,ALERT E.COLI: 1100.0 CFU/100ml exceeds NPS-FM limit of 540.0 - BACTERIAL CONTAMINATION DETECTED,ALERT
2026-05-05 17:42:30,aquanet/alerts,ALERT TURBIDITY: 16.2 NTU exceeds 5.0 NTU - TREATMENT REQUIRED,ALERT
2026-05-05 17:42:30,aquanet/alerts,ALERT PRESSURE HIGH: 5.82 bar exceeds 4.0 bar - PIPE BURST RISK,ALERT
2026-05-05 17:42:40,aquanet/water/turbidity,16.6,ALERT - Turbidity 16.6 NTU exceeds 5.0
2026-05-05 17:42:40,aquanet/water/ecoli,1100.0,ALERT - E.coli 1100.0 CFU/100ml exceeds 540.0
2026-05-05 17:42:40,aquanet/water/ph,7.16,OK
2026-05-05 17:42:40,aquanet/water/nitrate,0.108,OK
2026-05-05 17:42:40,aquanet/hydraulic/pressure,4.49,OK
2026-05-05 17:42:40,aquanet/hydraulic/flowrate,80.1,OK
2026-05-05 17:42:40,aquanet/alerts,ALERT E.COLI: 1100.0 CFU/100ml exceeds NPS-FM limit of 540.0 - BACTERIAL CONTAMINATION DETECTED,ALERT
2026-05-05 17:42:40,aquanet/alerts,ALERT TURBIDITY: 16.6 NTU exceeds 5.0 NTU - TREATMENT REQUIRED,ALERT
2026-05-05 17:42:40,aquanet/alerts,ALERT PRESSURE HIGH: 4.49 bar exceeds 4.0 bar - PIPE BURST RISK,ALERT
2026-05-05 17:42:50,aquanet/water/turbidity,7.0,ALERT - Turbidity 7.0 NTU exceeds 5.0
2026-05-05 17:42:50,aquanet/water/ecoli,2200.0,ALERT - E.coli 2200.0 CFU/100ml exceeds 540.0
2026-05-05 17:42:50,aquanet/water/ph,7.27,OK
2026-05-05 17:42:50,aquanet/water/nitrate,0.121,OK
2026-05-05 17:42:50,aquanet/hydraulic/pressure,4.56,OK
2026-05-05 17:42:50,aquanet/hydraulic/flowrate,89.1,OK
2026-05-05 17:42:50,aquanet/alerts,ALERT E.COLI: 2200.0 CFU/100ml exceeds NPS-FM limit of 540.0 - BACTERIAL CONTAMINATION DETECTED,ALERT
2026-05-05 17:42:50,aquanet/alerts,ALERT TURBIDITY: 7.0 NTU exceeds 5.0 NTU - TREATMENT REQUIRED,ALERT
2026-05-05 17:42:50,aquanet/alerts,ALERT PRESSURE HIGH: 4.56 bar exceeds 4.0 bar - PIPE BURST RISK,ALERT
2026-05-05 17:43:00,aquanet/water/turbidity,10.8,ALERT - Turbidity 10.8 NTU exceeds 5.0
2026-05-05 17:43:00,aquanet/water/ecoli,1800.0,ALERT - E.coli 1800.0 CFU/100ml exceeds 540.0
2026-05-05 17:43:00,aquanet/water/ph,6.91,OK
2026-05-05 17:43:00,aquanet/water/nitrate,0.9,OK
2026-05-05 17:43:00,aquanet/hydraulic/pressure,5.05,ALERT - Pressure 5.05 bar exceeds 5.0
2026-05-05 17:43:00,aquanet/hydraulic/flowrate,83.1,OK
2026-05-05 17:43:00,aquanet/alerts,ALERT E.COLI: 1800.0 CFU/100ml exceeds NPS-FM limit of 540.0 - BACTERIAL CONTAMINATION DETECTED,ALERT
2026-05-05 17:43:00,aquanet/alerts,ALERT TURBIDITY: 10.8 NTU exceeds 5.0 NTU - TREATMENT REQUIRED,ALERT
2026-05-05 17:43:00,aquanet/alerts,ALERT PRESSURE HIGH: 5.05 bar exceeds 4.0 bar - PIPE BURST RISK,ALERT
2026-05-05 17:43:10,aquanet/water/turbidity,12.3,ALERT - Turbidity 12.3 NTU exceeds 5.0
2026-05-05 17:43:10,aquanet/water/ecoli,600.0,ALERT - E.coli 600.0 CFU/100ml exceeds 540.0
2026-05-05 17:43:10,aquanet/water/ph,7.01,OK
2026-05-05 17:43:10,aquanet/water/nitrate,1.04,OK
2026-05-05 17:43:10,aquanet/hydraulic/pressure,5.98,ALERT - Pressure 5.98 bar exceeds 5.0
2026-05-05 17:43:10,aquanet/hydraulic/flowrate,99.9,OK
2026-05-05 17:43:10,aquanet/alerts,ALERT E.COLI: 600.0 CFU/100ml exceeds NPS-FM limit of 540.0 - BACTERIAL CONTAMINATION DETECTED,ALERT
2026-05-05 17:43:10,aquanet/alerts,ALERT TURBIDITY: 12.3 NTU exceeds 5.0 NTU - TREATMENT REQUIRED,ALERT
2026-05-05 17:43:10,aquanet/alerts,ALERT PRESSURE HIGH: 5.98 bar exceeds 4.0 bar - PIPE BURST RISK,ALERT
2026-05-05 17:43:20,aquanet/water/turbidity,13.2,ALERT - Turbidity 13.2 NTU exceeds 5.0
2026-05-05 17:43:20,aquanet/water/ecoli,3000.0,ALERT - E.coli 3000.0 CFU/100ml exceeds 540.0
2026-05-05 17:43:20,aquanet/water/ph,7.1,OK
2026-05-05 17:43:20,aquanet/water/nitrate,0.49,OK
2026-05-05 17:43:20,aquanet/hydraulic/pressure,5.06,ALERT - Pressure 5.06 bar exceeds 5.0
2026-05-05 17:43:20,aquanet/hydraulic/flowrate,83.7,OK
2026-05-05 17:43:20,aquanet/alerts,ALERT E.COLI: 3000.0 CFU/100ml exceeds NPS-FM limit of 540.0 - BACTERIAL CONTAMINATION DETECTED,ALERT
2026-05-05 17:43:20,aquanet/alerts,ALERT TURBIDITY: 13.2 NTU exceeds 5.0 NTU - TREATMENT REQUIRED,ALERT
2026-05-05 17:43:20,aquanet/alerts,ALERT PRESSURE HIGH: 5.06 bar exceeds 4.0 bar - PIPE BURST RISK,ALERT
2026-05-05 17:43:30,aquanet/water/turbidity,9.6,ALERT - Turbidity 9.6 NTU exceeds 5.0
2026-05-05 17:43:30,aquanet/water/ecoli,730.0,ALERT - E.coli 730.0 CFU/100ml exceeds 540.0
2026-05-05 17:43:30,aquanet/water/ph,7.13,OK
2026-05-05 17:43:30,aquanet/water/nitrate,0.28,OK
2026-05-05 17:43:30,aquanet/hydraulic/pressure,4.94,OK
2026-05-05 17:43:30,aquanet/hydraulic/flowrate,82.4,OK
2026-05-05 17:43:30,aquanet/alerts,ALERT E.COLI: 730.0 CFU/100ml exceeds NPS-FM limit of 540.0 - BACTERIAL CONTAMINATION DETECTED,ALERT
2026-05-05 17:43:30,aquanet/alerts,ALERT TURBIDITY: 9.6 NTU exceeds 5.0 NTU - TREATMENT REQUIRED,ALERT
2026-05-05 17:43:30,aquanet/alerts,ALERT PRESSURE HIGH: 4.94 bar exceeds 4.0 bar - PIPE BURST RISK,ALERT
2026-05-05 17:43:40,aquanet/water/turbidity,13.6,ALERT - Turbidity 13.6 NTU exceeds 5.0
2026-05-05 17:43:40,aquanet/water/ecoli,1500.0,ALERT - E.coli 1500.0 CFU/100ml exceeds 540.0
2026-05-05 17:43:40,aquanet/water/ph,7.02,OK
2026-05-05 17:43:40,aquanet/water/nitrate,0.32,OK
2026-05-05 17:43:40,aquanet/hydraulic/pressure,4.81,OK
2026-05-05 17:43:40,aquanet/hydraulic/flowrate,74.6,OK
2026-05-05 17:43:40,aquanet/alerts,ALERT E.COLI: 1500.0 CFU/100ml exceeds NPS-FM limit of 540.0 - BACTERIAL CONTAMINATION DETECTED,ALERT
2026-05-05 17:43:40,aquanet/alerts,ALERT TURBIDITY: 13.6 NTU exceeds 5.0 NTU - TREATMENT REQUIRED,ALERT
2026-05-05 17:43:40,aquanet/alerts,ALERT PRESSURE HIGH: 4.81 bar exceeds 4.0 bar - PIPE BURST RISK,ALERT
2026-05-05 17:43:50,aquanet/water/turbidity,7.3,ALERT - Turbidity 7.3 NTU exceeds 5.0
2026-05-05 17:43:50,aquanet/water/ecoli,26000.0,ALERT - E.coli 26000.0 CFU/100ml exceeds 540.0
2026-05-05 17:43:50,aquanet/water/ph,7.01,OK
2026-05-05 17:43:50,aquanet/water/nitrate,0.53,OK
2026-05-05 17:43:50,aquanet/hydraulic/pressure,5.4,ALERT - Pressure 5.4 bar exceeds 5.0
2026-05-05 17:43:50,aquanet/hydraulic/flowrate,93.4,OK
2026-05-05 17:43:50,aquanet/alerts,ALERT E.COLI: 26000.0 CFU/100ml exceeds NPS-FM limit of 540.0 - BACTERIAL CONTAMINATION DETECTED,ALERT
2026-05-05 17:43:50,aquanet/alerts,ALERT TURBIDITY: 7.3 NTU exceeds 5.0 NTU - TREATMENT REQUIRED,ALERT
2026-05-05 17:43:50,aquanet/alerts,ALERT PRESSURE HIGH: 5.4 bar exceeds 4.0 bar - PIPE BURST RISK,ALERT
2026-05-05 17:44:00,aquanet/water/turbidity,7.4,ALERT - Turbidity 7.4 NTU exceeds 5.0
2026-05-05 17:44:00,aquanet/water/ecoli,11000.0,ALERT - E.coli 11000.0 CFU/100ml exceeds 540.0
2026-05-05 17:44:00,aquanet/water/ph,6.64,OK
2026-05-05 17:44:00,aquanet/water/nitrate,0.2,OK
2026-05-05 17:44:00,aquanet/hydraulic/pressure,5.3,ALERT - Pressure 5.3 bar exceeds 5.0
2026-05-05 17:44:00,aquanet/hydraulic/flowrate,71.8,OK
2026-05-05 17:44:00,aquanet/alerts,ALERT E.COLI: 11000.0 CFU/100ml exceeds NPS-FM limit of 540.0 - BACTERIAL CONTAMINATION DETECTED,ALERT
2026-05-05 17:44:00,aquanet/alerts,ALERT TURBIDITY: 7.4 NTU exceeds 5.0 NTU - TREATMENT REQUIRED,ALERT
2026-05-05 17:44:00,aquanet/alerts,ALERT PRESSURE HIGH: 5.3 bar exceeds 4.0 bar - PIPE BURST RISK,ALERT
2026-05-05 17:44:10,aquanet/water/turbidity,9.9,ALERT - Turbidity 9.9 NTU exceeds 5.0
2026-05-05 17:44:10,aquanet/water/ecoli,2600.0,ALERT - E.coli 2600.0 CFU/100ml exceeds 540.0
2026-05-05 17:44:10,aquanet/water/ph,6.8,OK
2026-05-05 17:44:10,aquanet/water/nitrate,0.21,OK
2026-05-05 17:44:10,aquanet/hydraulic/pressure,5.4,ALERT - Pressure 5.4 bar exceeds 5.0
2026-05-05 17:44:10,aquanet/hydraulic/flowrate,79.0,OK
2026-05-05 17:44:10,aquanet/alerts,ALERT E.COLI: 2600.0 CFU/100ml exceeds NPS-FM limit of 540.0 - BACTERIAL CONTAMINATION DETECTED,ALERT
2026-05-05 17:44:10,aquanet/alerts,ALERT TURBIDITY: 9.9 NTU exceeds 5.0 NTU - TREATMENT REQUIRED,ALERT
2026-05-05 17:44:10,aquanet/alerts,ALERT PRESSURE HIGH: 5.4 bar exceeds 4.0 bar - PIPE BURST RISK,ALERT
2026-05-05 17:44:20,aquanet/water/turbidity,9.6,ALERT - Turbidity 9.6 NTU exceeds 5.0
2026-05-05 17:44:20,aquanet/water/ecoli,2200.0,ALERT - E.coli 2200.0 CFU/100ml exceeds 540.0
2026-05-05 17:44:20,aquanet/water/ph,6.7,OK
2026-05-05 17:44:20,aquanet/water/nitrate,0.179,OK
2026-05-05 17:44:20,aquanet/hydraulic/pressure,4.52,OK
2026-05-05 17:44:20,aquanet/hydraulic/flowrate,75.3,OK
2026-05-05 17:44:20,aquanet/alerts,ALERT E.COLI: 2200.0 CFU/100ml exceeds NPS-FM limit of 540.0 - BACTERIAL CONTAMINATION DETECTED,ALERT
2026-05-05 17:44:20,aquanet/alerts,ALERT TURBIDITY: 9.6 NTU exceeds 5.0 NTU - TREATMENT REQUIRED,ALERT
2026-05-05 17:44:20,aquanet/alerts,ALERT PRESSURE HIGH: 4.52 bar exceeds 4.0 bar - PIPE BURST RISK,ALERT
2026-05-05 17:44:30,aquanet/water/turbidity,8.2,ALERT - Turbidity 8.2 NTU exceeds 5.0
2026-05-05 17:44:30,aquanet/water/ecoli,7600.0,ALERT - E.coli 7600.0 CFU/100ml exceeds 540.0
2026-05-05 17:44:30,aquanet/water/ph,7.0,OK
2026-05-05 17:44:30,aquanet/water/nitrate,0.22,OK
2026-05-05 17:44:30,aquanet/hydraulic/pressure,5.0,OK
2026-05-05 17:44:30,aquanet/hydraulic/flowrate,99.4,OK
2026-05-05 17:44:30,aquanet/alerts,ALERT E.COLI: 7600.0 CFU/100ml exceeds NPS-FM limit of 540.0 - BACTERIAL CONTAMINATION DETECTED,ALERT
2026-05-05 17:44:30,aquanet/alerts,ALERT TURBIDITY: 8.2 NTU exceeds 5.0 NTU - TREATMENT REQUIRED,ALERT
2026-05-05 17:44:30,aquanet/alerts,ALERT PRESSURE HIGH: 5.0 bar exceeds 4.0 bar - PIPE BURST RISK,ALERT
2026-05-05 17:44:40,aquanet/water/turbidity,15.8,ALERT - Turbidity 15.8 NTU exceeds 5.0
2026-05-05 17:44:40,aquanet/water/ecoli,1100.0,ALERT - E.coli 1100.0 CFU/100ml exceeds 540.0
2026-05-05 17:44:40,aquanet/water/ph,6.86,OK
2026-05-05 17:44:40,aquanet/water/nitrate,0.094,OK
2026-05-05 17:44:40,aquanet/hydraulic/pressure,5.37,ALERT - Pressure 5.37 bar exceeds 5.0
2026-05-05 17:44:40,aquanet/hydraulic/flowrate,77.6,OK
2026-05-05 17:44:40,aquanet/alerts,ALERT E.COLI: 1100.0 CFU/100ml exceeds NPS-FM limit of 540.0 - BACTERIAL CONTAMINATION DETECTED,ALERT
2026-05-05 17:44:40,aquanet/alerts,ALERT TURBIDITY: 15.8 NTU exceeds 5.0 NTU - TREATMENT REQUIRED,ALERT
2026-05-05 17:44:40,aquanet/alerts,ALERT PRESSURE HIGH: 5.37 bar exceeds 4.0 bar - PIPE BURST RISK,ALERT
2026-05-05 17:44:50,aquanet/water/turbidity,17.9,ALERT - Turbidity 17.9 NTU exceeds 5.0
2026-05-05 17:44:50,aquanet/water/ecoli,1200.0,ALERT - E.coli 1200.0 CFU/100ml exceeds 540.0
2026-05-05 17:44:50,aquanet/water/ph,6.62,OK
2026-05-05 17:44:50,aquanet/water/nitrate,0.48,OK
2026-05-05 17:44:50,aquanet/hydraulic/pressure,5.81,ALERT - Pressure 5.81 bar exceeds 5.0
2026-05-05 17:44:50,aquanet/hydraulic/flowrate,81.6,OK
2026-05-05 17:44:50,aquanet/alerts,ALERT E.COLI: 1200.0 CFU/100ml exceeds NPS-FM limit of 540.0 - BACTERIAL CONTAMINATION DETECTED,ALERT
2026-05-05 17:44:51,aquanet/alerts,ALERT TURBIDITY: 17.9 NTU exceeds 5.0 NTU - TREATMENT REQUIRED,ALERT
2026-05-05 17:44:51,aquanet/alerts,ALERT PRESSURE HIGH: 5.81 bar exceeds 4.0 bar - PIPE BURST RISK,ALERT
2026-05-05 17:45:00,aquanet/water/turbidity,19.3,ALERT - Turbidity 19.3 NTU exceeds 5.0
2026-05-05 17:45:00,aquanet/water/ecoli,510.0,OK
2026-05-05 17:45:01,aquanet/water/ph,6.91,OK
2026-05-05 17:45:01,aquanet/water/nitrate,0.28,OK
2026-05-05 17:45:01,aquanet/hydraulic/pressure,3.47,OK
2026-05-05 17:45:01,aquanet/hydraulic/flowrate,86.6,OK
2026-05-05 17:45:01,aquanet/alerts,ALERT TURBIDITY: 19.3 NTU exceeds 5.0 NTU - TREATMENT REQUIRED,ALERT
2026-05-05 17:45:10,aquanet/water/turbidity,19.5,ALERT - Turbidity 19.5 NTU exceeds 5.0
2026-05-05 17:45:11,aquanet/water/ecoli,870.0,ALERT - E.coli 870.0 CFU/100ml exceeds 540.0
2026-05-05 17:45:11,aquanet/water/ph,6.86,OK
2026-05-05 17:45:11,aquanet/water/nitrate,0.58,OK
2026-05-05 17:45:11,aquanet/hydraulic/pressure,4.77,OK
2026-05-05 17:45:11,aquanet/hydraulic/flowrate,94.9,OK
2026-05-05 17:45:11,aquanet/alerts,ALERT E.COLI: 870.0 CFU/100ml exceeds NPS-FM limit of 540.0 - BACTERIAL CONTAMINATION DETECTED,ALERT
2026-05-05 17:45:11,aquanet/alerts,ALERT TURBIDITY: 19.5 NTU exceeds 5.0 NTU - TREATMENT REQUIRED,ALERT
2026-05-05 17:45:11,aquanet/alerts,ALERT PRESSURE HIGH: 4.77 bar exceeds 4.0 bar - PIPE BURST RISK,ALERT
2026-05-05 17:45:20,aquanet/water/turbidity,10.8,ALERT - Turbidity 10.8 NTU exceeds 5.0
2026-05-05 17:45:21,aquanet/water/ecoli,1200.0,ALERT - E.coli 1200.0 CFU/100ml exceeds 540.0
2026-05-05 17:45:21,aquanet/water/ph,6.7,OK
2026-05-05 17:45:21,aquanet/water/nitrate,0.53,OK
2026-05-05 17:45:21,aquanet/hydraulic/pressure,3.16,OK
2026-05-05 17:45:21,aquanet/hydraulic/flowrate,92.1,OK
2026-05-05 17:45:21,aquanet/alerts,ALERT E.COLI: 1200.0 CFU/100ml exceeds NPS-FM limit of 540.0 - BACTERIAL CONTAMINATION DETECTED,ALERT
2026-05-05 17:45:21,aquanet/alerts,ALERT TURBIDITY: 10.8 NTU exceeds 5.0 NTU - TREATMENT REQUIRED,ALERT
2026-05-05 17:45:31,aquanet/water/turbidity,36.6,ALERT - Turbidity 36.6 NTU exceeds 5.0
2026-05-05 17:45:31,aquanet/water/ecoli,610.0,ALERT - E.coli 610.0 CFU/100ml exceeds 540.0
2026-05-05 17:45:31,aquanet/water/ph,6.8,OK
2026-05-05 17:45:31,aquanet/water/nitrate,0.69,OK
2026-05-05 17:45:31,aquanet/hydraulic/pressure,5.31,ALERT - Pressure 5.31 bar exceeds 5.0
2026-05-05 17:45:31,aquanet/hydraulic/flowrate,99.5,OK
2026-05-05 17:45:31,aquanet/alerts,ALERT E.COLI: 610.0 CFU/100ml exceeds NPS-FM limit of 540.0 - BACTERIAL CONTAMINATION DETECTED,ALERT
2026-05-05 17:45:31,aquanet/alerts,ALERT TURBIDITY: 36.6 NTU exceeds 5.0 NTU - TREATMENT REQUIRED,ALERT
2026-05-05 17:45:31,aquanet/alerts,ALERT PRESSURE HIGH: 5.31 bar exceeds 4.0 bar - PIPE BURST RISK,ALERT
2026-05-05 17:45:41,aquanet/water/turbidity,12.0,ALERT - Turbidity 12.0 NTU exceeds 5.0
2026-05-05 17:45:41,aquanet/water/ecoli,7300.0,ALERT - E.coli 7300.0 CFU/100ml exceeds 540.0
2026-05-05 17:45:41,aquanet/water/ph,6.8,OK
2026-05-05 17:45:41,aquanet/water/nitrate,0.53,OK
2026-05-05 17:45:41,aquanet/hydraulic/pressure,4.81,OK
2026-05-05 17:45:41,aquanet/hydraulic/flowrate,74.8,OK
2026-05-05 17:45:41,aquanet/alerts,ALERT E.COLI: 7300.0 CFU/100ml exceeds NPS-FM limit of 540.0 - BACTERIAL CONTAMINATION DETECTED,ALERT
2026-05-05 17:45:41,aquanet/alerts,ALERT TURBIDITY: 12.0 NTU exceeds 5.0 NTU - TREATMENT REQUIRED,ALERT
2026-05-05 17:45:41,aquanet/alerts,ALERT PRESSURE HIGH: 4.81 bar exceeds 4.0 bar - PIPE BURST RISK,ALERT
2026-05-05 17:45:51,aquanet/water/turbidity,39.0,ALERT - Turbidity 39.0 NTU exceeds 5.0
2026-05-05 17:45:51,aquanet/water/ecoli,2000.0,ALERT - E.coli 2000.0 CFU/100ml exceeds 540.0
2026-05-05 17:45:51,aquanet/water/ph,6.73,OK
2026-05-05 17:45:51,aquanet/water/nitrate,0.57,OK
2026-05-05 17:45:51,aquanet/hydraulic/pressure,5.57,ALERT - Pressure 5.57 bar exceeds 5.0
2026-05-05 17:45:51,aquanet/hydraulic/flowrate,94.5,OK
2026-05-05 17:45:51,aquanet/alerts,ALERT E.COLI: 2000.0 CFU/100ml exceeds NPS-FM limit of 540.0 - BACTERIAL CONTAMINATION DETECTED,ALERT
2026-05-05 17:45:51,aquanet/alerts,ALERT TURBIDITY: 39.0 NTU exceeds 5.0 NTU - TREATMENT REQUIRED,ALERT
2026-05-05 17:45:51,aquanet/alerts,ALERT PRESSURE HIGH: 5.57 bar exceeds 4.0 bar - PIPE BURST RISK,ALERT
2026-05-05 17:46:01,aquanet/water/turbidity,30.0,ALERT - Turbidity 30.0 NTU exceeds 5.0
2026-05-05 17:46:01,aquanet/water/ecoli,2700.0,ALERT - E.coli 2700.0 CFU/100ml exceeds 540.0
2026-05-05 17:46:01,aquanet/water/ph,6.53,OK
2026-05-05 17:46:01,aquanet/water/nitrate,0.27,OK
2026-05-05 17:46:01,aquanet/hydraulic/pressure,4.98,OK
2026-05-05 17:46:01,aquanet/hydraulic/flowrate,87.4,OK
2026-05-05 17:46:01,aquanet/alerts,ALERT E.COLI: 2700.0 CFU/100ml exceeds NPS-FM limit of 540.0 - BACTERIAL CONTAMINATION DETECTED,ALERT
2026-05-05 17:46:01,aquanet/alerts,ALERT TURBIDITY: 30.0 NTU exceeds 5.0 NTU - TREATMENT REQUIRED,ALERT
2026-05-05 17:46:01,aquanet/alerts,ALERT PRESSURE HIGH: 4.98 bar exceeds 4.0 bar - PIPE BURST RISK,ALERT
2026-05-05 17:46:11,aquanet/water/turbidity,11.0,ALERT - Turbidity 11.0 NTU exceeds 5.0
2026-05-05 17:46:11,aquanet/water/ecoli,3500.0,ALERT - E.coli 3500.0 CFU/100ml exceeds 540.0
2026-05-05 17:46:11,aquanet/water/ph,7.01,OK
2026-05-05 17:46:11,aquanet/water/nitrate,0.012,OK
2026-05-05 17:46:11,aquanet/hydraulic/pressure,5.68,ALERT - Pressure 5.68 bar exceeds 5.0
2026-05-05 17:46:11,aquanet/hydraulic/flowrate,84.6,OK
2026-05-05 17:46:11,aquanet/alerts,ALERT E.COLI: 3500.0 CFU/100ml exceeds NPS-FM limit of 540.0 - BACTERIAL CONTAMINATION DETECTED,ALERT
2026-05-05 17:46:11,aquanet/alerts,ALERT TURBIDITY: 11.0 NTU exceeds 5.0 NTU - TREATMENT REQUIRED,ALERT
2026-05-05 17:46:11,aquanet/alerts,ALERT PRESSURE HIGH: 5.68 bar exceeds 4.0 bar - PIPE BURST RISK,ALERT
2026-05-05 17:46:21,aquanet/water/turbidity,16.0,ALERT - Turbidity 16.0 NTU exceeds 5.0
2026-05-05 17:46:21,aquanet/water/ecoli,9700.0,ALERT - E.coli 9700.0 CFU/100ml exceeds 540.0
2026-05-05 17:46:21,aquanet/water/ph,6.93,OK
2026-05-05 17:46:21,aquanet/water/nitrate,0.45,OK
2026-05-05 17:46:21,aquanet/hydraulic/pressure,5.11,ALERT - Pressure 5.11 bar exceeds 5.0
2026-05-05 17:46:21,aquanet/hydraulic/flowrate,74.6,OK
2026-05-05 17:46:21,aquanet/alerts,ALERT E.COLI: 9700.0 CFU/100ml exceeds NPS-FM limit of 540.0 - BACTERIAL CONTAMINATION DETECTED,ALERT
2026-05-05 17:46:21,aquanet/alerts,ALERT TURBIDITY: 16.0 NTU exceeds 5.0 NTU - TREATMENT REQUIRED,ALERT
2026-05-05 17:46:21,aquanet/alerts,ALERT PRESSURE HIGH: 5.11 bar exceeds 4.0 bar - PIPE BURST RISK,ALERT
2026-05-05 17:46:31,aquanet/water/turbidity,12.0,ALERT - Turbidity 12.0 NTU exceeds 5.0
2026-05-05 17:46:31,aquanet/water/ecoli,680.0,ALERT - E.coli 680.0 CFU/100ml exceeds 540.0
2026-05-05 17:46:31,aquanet/water/ph,6.74,OK
2026-05-05 17:46:31,aquanet/water/nitrate,0.3,OK
2026-05-05 17:46:31,aquanet/hydraulic/pressure,4.59,OK
2026-05-05 17:46:31,aquanet/hydraulic/flowrate,82.6,OK
2026-05-05 17:46:31,aquanet/alerts,ALERT E.COLI: 680.0 CFU/100ml exceeds NPS-FM limit of 540.0 - BACTERIAL CONTAMINATION DETECTED,ALERT
2026-05-05 17:46:31,aquanet/alerts,ALERT TURBIDITY: 12.0 NTU exceeds 5.0 NTU - TREATMENT REQUIRED,ALERT
2026-05-05 17:46:31,aquanet/alerts,ALERT PRESSURE HIGH: 4.59 bar exceeds 4.0 bar - PIPE BURST RISK,ALERT
2026-05-05 17:46:41,aquanet/water/turbidity,18.0,ALERT - Turbidity 18.0 NTU exceeds 5.0
2026-05-05 17:46:41,aquanet/water/ecoli,840.0,ALERT - E.coli 840.0 CFU/100ml exceeds 540.0
2026-05-05 17:46:41,aquanet/water/ph,7.09,OK
2026-05-05 17:46:41,aquanet/water/nitrate,0.3,OK
2026-05-05 17:46:41,aquanet/hydraulic/pressure,3.54,OK
2026-05-05 17:46:41,aquanet/hydraulic/flowrate,75.8,OK
2026-05-05 17:46:41,aquanet/alerts,ALERT E.COLI: 840.0 CFU/100ml exceeds NPS-FM limit of 540.0 - BACTERIAL CONTAMINATION DETECTED,ALERT
2026-05-05 17:46:41,aquanet/alerts,ALERT TURBIDITY: 18.0 NTU exceeds 5.0 NTU - TREATMENT REQUIRED,ALERT
2026-05-05 17:46:51,aquanet/water/turbidity,14.0,ALERT - Turbidity 14.0 NTU exceeds 5.0
2026-05-05 17:46:51,aquanet/water/ecoli,800.0,ALERT - E.coli 800.0 CFU/100ml exceeds 540.0
2026-05-05 17:46:51,aquanet/water/ph,7.08,OK
2026-05-05 17:46:51,aquanet/water/nitrate,0.28,OK
2026-05-05 17:46:51,aquanet/hydraulic/pressure,4.94,OK
2026-05-05 17:46:51,aquanet/hydraulic/flowrate,98.0,OK
2026-05-05 17:46:51,aquanet/alerts,ALERT E.COLI: 800.0 CFU/100ml exceeds NPS-FM limit of 540.0 - BACTERIAL CONTAMINATION DETECTED,ALERT
2026-05-05 17:46:51,aquanet/alerts,ALERT TURBIDITY: 14.0 NTU exceeds 5.0 NTU - TREATMENT REQUIRED,ALERT
2026-05-05 17:46:51,aquanet/alerts,ALERT PRESSURE HIGH: 4.94 bar exceeds 4.0 bar - PIPE BURST RISK,ALERT
2026-05-05 17:47:01,aquanet/water/turbidity,20.0,ALERT - Turbidity 20.0 NTU exceeds 5.0
2026-05-05 17:47:01,aquanet/water/ecoli,7400.0,ALERT - E.coli 7400.0 CFU/100ml exceeds 540.0
2026-05-05 17:47:01,aquanet/water/ph,6.61,OK
2026-05-05 17:47:01,aquanet/water/nitrate,0.72,OK
2026-05-05 17:47:01,aquanet/hydraulic/pressure,3.48,OK
2026-05-05 17:47:01,aquanet/hydraulic/flowrate,89.2,OK
2026-05-05 17:47:01,aquanet/alerts,ALERT E.COLI: 7400.0 CFU/100ml exceeds NPS-FM limit of 540.0 - BACTERIAL CONTAMINATION DETECTED,ALERT
2026-05-05 17:47:01,aquanet/alerts,ALERT TURBIDITY: 20.0 NTU exceeds 5.0 NTU - TREATMENT REQUIRED,ALERT
2026-05-05 17:47:11,aquanet/water/turbidity,18.0,ALERT - Turbidity 18.0 NTU exceeds 5.0
2026-05-05 17:47:11,aquanet/water/ecoli,3500.0,ALERT - E.coli 3500.0 CFU/100ml exceeds 540.0
2026-05-05 17:47:11,aquanet/water/ph,6.47,ALERT - pH 6.47 below minimum 6.5
2026-05-05 17:47:11,aquanet/water/nitrate,0.6,OK
2026-05-05 17:47:11,aquanet/hydraulic/pressure,2.91,OK
2026-05-05 17:47:11,aquanet/hydraulic/flowrate,90.6,OK
2026-05-05 17:47:11,aquanet/alerts,ALERT E.COLI: 3500.0 CFU/100ml exceeds NPS-FM limit of 540.0 - BACTERIAL CONTAMINATION DETECTED,ALERT
2026-05-05 17:47:11,aquanet/alerts,ALERT TURBIDITY: 18.0 NTU exceeds 5.0 NTU - TREATMENT REQUIRED,ALERT
2026-05-05 17:47:11,aquanet/alerts,ALERT pH LOW: 6.47 - CORROSION RISK - below 6.5,ALERT
2026-05-05 17:47:21,aquanet/water/turbidity,27.0,ALERT - Turbidity 27.0 NTU exceeds 5.0
2026-05-05 17:47:21,aquanet/water/ecoli,12000.0,ALERT - E.coli 12000.0 CFU/100ml exceeds 540.0
2026-05-05 17:47:21,aquanet/water/ph,6.42,ALERT - pH 6.42 below minimum 6.5
2026-05-05 17:47:21,aquanet/water/nitrate,0.48,OK
2026-05-05 17:47:21,aquanet/hydraulic/pressure,5.27,ALERT - Pressure 5.27 bar exceeds 5.0
2026-05-05 17:47:21,aquanet/hydraulic/flowrate,82.5,OK
2026-05-05 17:47:21,aquanet/alerts,ALERT E.COLI: 12000.0 CFU/100ml exceeds NPS-FM limit of 540.0 - BACTERIAL CONTAMINATION DETECTED,ALERT
2026-05-05 17:47:21,aquanet/alerts,ALERT TURBIDITY: 27.0 NTU exceeds 5.0 NTU - TREATMENT REQUIRED,ALERT
2026-05-05 17:47:21,aquanet/alerts,ALERT pH LOW: 6.42 - CORROSION RISK - below 6.5,ALERT
2026-05-05 17:47:21,aquanet/alerts,ALERT PRESSURE HIGH: 5.27 bar exceeds 4.0 bar - PIPE BURST RISK,ALERT
2026-05-05 17:47:31,aquanet/water/turbidity,11.0,ALERT - Turbidity 11.0 NTU exceeds 5.0
2026-05-05 17:47:31,aquanet/water/ecoli,11000.0,ALERT - E.coli 11000.0 CFU/100ml exceeds 540.0
2026-05-05 17:47:31,aquanet/water/ph,6.63,OK
2026-05-05 17:47:31,aquanet/water/nitrate,0.4,OK
2026-05-05 17:47:31,aquanet/hydraulic/pressure,5.34,ALERT - Pressure 5.34 bar exceeds 5.0
2026-05-05 17:47:31,aquanet/hydraulic/flowrate,86.1,OK
2026-05-05 17:47:31,aquanet/alerts,ALERT E.COLI: 11000.0 CFU/100ml exceeds NPS-FM limit of 540.0 - BACTERIAL CONTAMINATION DETECTED,ALERT
2026-05-05 17:47:31,aquanet/alerts,ALERT TURBIDITY: 11.0 NTU exceeds 5.0 NTU - TREATMENT REQUIRED,ALERT
2026-05-05 17:47:31,aquanet/alerts,ALERT PRESSURE HIGH: 5.34 bar exceeds 4.0 bar - PIPE BURST RISK,ALERT
2026-05-05 17:47:41,aquanet/water/turbidity,10.0,ALERT - Turbidity 10.0 NTU exceeds 5.0
2026-05-05 17:47:41,aquanet/water/ecoli,2900.0,ALERT - E.coli 2900.0 CFU/100ml exceeds 540.0
2026-05-05 17:47:41,aquanet/water/ph,7.06,OK
2026-05-05 17:47:41,aquanet/water/nitrate,0.36,OK
2026-05-05 17:47:41,aquanet/hydraulic/pressure,4.8,OK
2026-05-05 17:47:41,aquanet/hydraulic/flowrate,71.3,OK
2026-05-05 17:47:41,aquanet/alerts,ALERT E.COLI: 2900.0 CFU/100ml exceeds NPS-FM limit of 540.0 - BACTERIAL CONTAMINATION DETECTED,ALERT
2026-05-05 17:47:41,aquanet/alerts,ALERT TURBIDITY: 10.0 NTU exceeds 5.0 NTU - TREATMENT REQUIRED,ALERT
2026-05-05 17:47:41,aquanet/alerts,ALERT PRESSURE HIGH: 4.8 bar exceeds 4.0 bar - PIPE BURST RISK,ALERT
2026-05-05 17:47:51,aquanet/water/turbidity,13.0,ALERT - Turbidity 13.0 NTU exceeds 5.0
2026-05-05 17:47:51,aquanet/water/ecoli,1200.0,ALERT - E.coli 1200.0 CFU/100ml exceeds 540.0
2026-05-05 17:47:51,aquanet/water/ph,6.91,OK
2026-05-05 17:47:51,aquanet/water/nitrate,0.34,OK
2026-05-05 17:47:51,aquanet/hydraulic/pressure,5.17,ALERT - Pressure 5.17 bar exceeds 5.0
2026-05-05 17:47:51,aquanet/hydraulic/flowrate,93.6,OK
2026-05-05 17:47:51,aquanet/alerts,ALERT E.COLI: 1200.0 CFU/100ml exceeds NPS-FM limit of 540.0 - BACTERIAL CONTAMINATION DETECTED,ALERT
2026-05-05 17:47:51,aquanet/alerts,ALERT TURBIDITY: 13.0 NTU exceeds 5.0 NTU - TREATMENT REQUIRED,ALERT
2026-05-05 17:47:51,aquanet/alerts,ALERT PRESSURE HIGH: 5.17 bar exceeds 4.0 bar - PIPE BURST RISK,ALERT
2026-05-05 17:48:01,aquanet/water/turbidity,40.0,ALERT - Turbidity 40.0 NTU exceeds 5.0
2026-05-05 17:48:01,aquanet/water/ecoli,2500.0,ALERT - E.coli 2500.0 CFU/100ml exceeds 540.0
2026-05-05 17:48:01,aquanet/water/ph,6.93,OK
2026-05-05 17:48:01,aquanet/water/nitrate,0.3,OK
2026-05-05 17:48:01,aquanet/hydraulic/pressure,4.79,OK
2026-05-05 17:48:01,aquanet/hydraulic/flowrate,75.0,OK
2026-05-05 17:48:01,aquanet/alerts,ALERT E.COLI: 2500.0 CFU/100ml exceeds NPS-FM limit of 540.0 - BACTERIAL CONTAMINATION DETECTED,ALERT
2026-05-05 17:48:01,aquanet/alerts,ALERT TURBIDITY: 40.0 NTU exceeds 5.0 NTU - TREATMENT REQUIRED,ALERT
2026-05-05 17:48:01,aquanet/alerts,ALERT PRESSURE HIGH: 4.79 bar exceeds 4.0 bar - PIPE BURST RISK,ALERT
2026-05-05 17:48:11,aquanet/water/turbidity,15.0,ALERT - Turbidity 15.0 NTU exceeds 5.0
2026-05-05 17:48:11,aquanet/water/ecoli,1300.0,ALERT - E.coli 1300.0 CFU/100ml exceeds 540.0
2026-05-05 17:48:11,aquanet/water/ph,6.85,OK
2026-05-05 17:48:11,aquanet/water/nitrate,0.31,OK
2026-05-05 17:48:11,aquanet/hydraulic/pressure,2.96,OK
2026-05-05 17:48:11,aquanet/hydraulic/flowrate,75.4,OK
2026-05-05 17:48:11,aquanet/alerts,ALERT E.COLI: 1300.0 CFU/100ml exceeds NPS-FM limit of 540.0 - BACTERIAL CONTAMINATION DETECTED,ALERT
2026-05-05 17:48:11,aquanet/alerts,ALERT TURBIDITY: 15.0 NTU exceeds 5.0 NTU - TREATMENT REQUIRED,ALERT
2026-05-05 17:48:21,aquanet/water/turbidity,25.0,ALERT - Turbidity 25.0 NTU exceeds 5.0
2026-05-05 17:48:21,aquanet/water/ecoli,27000.0,ALERT - E.coli 27000.0 CFU/100ml exceeds 540.0
2026-05-05 17:48:21,aquanet/water/ph,6.95,OK
2026-05-05 17:48:21,aquanet/water/nitrate,0.31,OK
2026-05-05 17:48:21,aquanet/hydraulic/pressure,5.84,ALERT - Pressure 5.84 bar exceeds 5.0
2026-05-05 17:48:21,aquanet/hydraulic/flowrate,74.8,OK
2026-05-05 17:48:21,aquanet/alerts,ALERT E.COLI: 27000.0 CFU/100ml exceeds NPS-FM limit of 540.0 - BACTERIAL CONTAMINATION DETECTED,ALERT
2026-05-05 17:48:21,aquanet/alerts,ALERT TURBIDITY: 25.0 NTU exceeds 5.0 NTU - TREATMENT REQUIRED,ALERT
2026-05-05 17:48:21,aquanet/alerts,ALERT PRESSURE HIGH: 5.84 bar exceeds 4.0 bar - PIPE BURST RISK,ALERT
2026-05-05 17:48:31,aquanet/water/turbidity,21.0,ALERT - Turbidity 21.0 NTU exceeds 5.0
2026-05-05 17:48:31,aquanet/water/ecoli,810.0,ALERT - E.coli 810.0 CFU/100ml exceeds 540.0
2026-05-05 17:48:31,aquanet/water/ph,6.24,ALERT - pH 6.24 below minimum 6.5
2026-05-05 17:48:31,aquanet/water/nitrate,0.24,OK
2026-05-05 17:48:31,aquanet/hydraulic/pressure,3.52,OK
2026-05-05 17:48:31,aquanet/hydraulic/flowrate,76.8,OK
2026-05-05 17:48:31,aquanet/alerts,ALERT E.COLI: 810.0 CFU/100ml exceeds NPS-FM limit of 540.0 - BACTERIAL CONTAMINATION DETECTED,ALERT
2026-05-05 17:48:31,aquanet/alerts,ALERT TURBIDITY: 21.0 NTU exceeds 5.0 NTU - TREATMENT REQUIRED,ALERT
2026-05-05 17:48:31,aquanet/alerts,ALERT pH LOW: 6.24 - CORROSION RISK - below 6.5,ALERT
2026-05-05 17:48:41,aquanet/water/turbidity,17.0,ALERT - Turbidity 17.0 NTU exceeds 5.0
2026-05-05 17:48:41,aquanet/water/ecoli,3100.0,ALERT - E.coli 3100.0 CFU/100ml exceeds 540.0
2026-05-05 17:48:41,aquanet/water/ph,6.86,OK
2026-05-05 17:48:41,aquanet/water/nitrate,0.21,OK
2026-05-05 17:48:41,aquanet/hydraulic/pressure,3.04,OK
2026-05-05 17:48:41,aquanet/hydraulic/flowrate,90.1,OK
2026-05-05 17:48:41,aquanet/alerts,ALERT E.COLI: 3100.0 CFU/100ml exceeds NPS-FM limit of 540.0 - BACTERIAL CONTAMINATION DETECTED,ALERT
2026-05-05 17:48:41,aquanet/alerts,ALERT TURBIDITY: 17.0 NTU exceeds 5.0 NTU - TREATMENT REQUIRED,ALERT
2026-05-05 17:48:51,aquanet/water/turbidity,11.0,ALERT - Turbidity 11.0 NTU exceeds 5.0
2026-05-05 17:48:51,aquanet/water/ecoli,31000.0,ALERT - E.coli 31000.0 CFU/100ml exceeds 540.0
2026-05-05 17:48:51,aquanet/water/ph,6.67,OK
2026-05-05 17:48:51,aquanet/water/nitrate,0.29,OK
2026-05-05 17:48:51,aquanet/hydraulic/pressure,5.76,ALERT - Pressure 5.76 bar exceeds 5.0
2026-05-05 17:48:51,aquanet/hydraulic/flowrate,76.4,OK
2026-05-05 17:48:51,aquanet/alerts,ALERT E.COLI: 31000.0 CFU/100ml exceeds NPS-FM limit of 540.0 - BACTERIAL CONTAMINATION DETECTED,ALERT
2026-05-05 17:48:51,aquanet/alerts,ALERT TURBIDITY: 11.0 NTU exceeds 5.0 NTU - TREATMENT REQUIRED,ALERT
2026-05-05 17:48:51,aquanet/alerts,ALERT PRESSURE HIGH: 5.76 bar exceeds 4.0 bar - PIPE BURST RISK,ALERT
2026-05-05 17:49:01,aquanet/water/turbidity,18.0,ALERT - Turbidity 18.0 NTU exceeds 5.0
2026-05-05 17:49:01,aquanet/water/ecoli,1100.0,ALERT - E.coli 1100.0 CFU/100ml exceeds 540.0
2026-05-05 17:49:01,aquanet/water/ph,6.08,ALERT - pH 6.08 below minimum 6.5
2026-05-05 17:49:01,aquanet/water/nitrate,0.4,OK
2026-05-05 17:49:01,aquanet/hydraulic/pressure,4.84,OK
2026-05-05 17:49:01,aquanet/hydraulic/flowrate,93.0,OK
2026-05-05 17:49:01,aquanet/alerts,ALERT E.COLI: 1100.0 CFU/100ml exceeds NPS-FM limit of 540.0 - BACTERIAL CONTAMINATION DETECTED,ALERT
2026-05-05 17:49:01,aquanet/alerts,ALERT TURBIDITY: 18.0 NTU exceeds 5.0 NTU - TREATMENT REQUIRED,ALERT
2026-05-05 17:49:01,aquanet/alerts,ALERT pH LOW: 6.08 - CORROSION RISK - below 6.5,ALERT
2026-05-05 17:49:01,aquanet/alerts,ALERT PRESSURE HIGH: 4.84 bar exceeds 4.0 bar - PIPE BURST RISK,ALERT
2026-05-05 17:49:11,aquanet/water/turbidity,7.8,ALERT - Turbidity 7.8 NTU exceeds 5.0
2026-05-05 17:49:11,aquanet/water/ecoli,850.0,ALERT - E.coli 850.0 CFU/100ml exceeds 540.0
2026-05-05 17:49:11,aquanet/water/ph,6.95,OK
2026-05-05 17:49:11,aquanet/water/nitrate,0.38,OK
2026-05-05 17:49:11,aquanet/hydraulic/pressure,5.57,ALERT - Pressure 5.57 bar exceeds 5.0
2026-05-05 17:49:11,aquanet/hydraulic/flowrate,71.4,OK
2026-05-05 17:49:11,aquanet/alerts,ALERT E.COLI: 850.0 CFU/100ml exceeds NPS-FM limit of 540.0 - BACTERIAL CONTAMINATION DETECTED,ALERT
2026-05-05 17:49:11,aquanet/alerts,ALERT TURBIDITY: 7.8 NTU exceeds 5.0 NTU - TREATMENT REQUIRED,ALERT
2026-05-05 17:49:11,aquanet/alerts,ALERT PRESSURE HIGH: 5.57 bar exceeds 4.0 bar - PIPE BURST RISK,ALERT
2026-05-05 17:49:21,aquanet/water/turbidity,9.0,ALERT - Turbidity 9.0 NTU exceeds 5.0
2026-05-05 17:49:21,aquanet/water/ecoli,4400.0,ALERT - E.coli 4400.0 CFU/100ml exceeds 540.0
2026-05-05 17:49:21,aquanet/water/ph,6.79,OK
2026-05-05 17:49:21,aquanet/water/nitrate,0.137,OK
2026-05-05 17:49:21,aquanet/hydraulic/pressure,5.49,ALERT - Pressure 5.49 bar exceeds 5.0
2026-05-05 17:49:21,aquanet/hydraulic/flowrate,86.9,OK
2026-05-05 17:49:21,aquanet/alerts,ALERT E.COLI: 4400.0 CFU/100ml exceeds NPS-FM limit of 540.0 - BACTERIAL CONTAMINATION DETECTED,ALERT
2026-05-05 17:49:21,aquanet/alerts,ALERT TURBIDITY: 9.0 NTU exceeds 5.0 NTU - TREATMENT REQUIRED,ALERT
2026-05-05 17:49:21,aquanet/alerts,ALERT PRESSURE HIGH: 5.49 bar exceeds 4.0 bar - PIPE BURST RISK,ALERT
2026-05-05 17:49:31,aquanet/water/turbidity,11.0,ALERT - Turbidity 11.0 NTU exceeds 5.0
2026-05-05 17:49:31,aquanet/water/ecoli,4200.0,ALERT - E.coli 4200.0 CFU/100ml exceeds 540.0
2026-05-05 17:49:31,aquanet/water/ph,6.87,OK
2026-05-05 17:49:31,aquanet/water/nitrate,0.4,OK
2026-05-05 17:49:31,aquanet/hydraulic/pressure,4.97,OK
2026-05-05 17:49:31,aquanet/hydraulic/flowrate,78.0,OK
2026-05-05 17:49:31,aquanet/alerts,ALERT E.COLI: 4200.0 CFU/100ml exceeds NPS-FM limit of 540.0 - BACTERIAL CONTAMINATION DETECTED,ALERT
2026-05-05 17:49:31,aquanet/alerts,ALERT TURBIDITY: 11.0 NTU exceeds 5.0 NTU - TREATMENT REQUIRED,ALERT
2026-05-05 17:49:31,aquanet/alerts,ALERT PRESSURE HIGH: 4.97 bar exceeds 4.0 bar - PIPE BURST RISK,ALERT
2026-05-05 17:49:41,aquanet/water/turbidity,22.0,ALERT - Turbidity 22.0 NTU exceeds 5.0
2026-05-05 17:49:41,aquanet/water/ecoli,1100.0,ALERT - E.coli 1100.0 CFU/100ml exceeds 540.0
2026-05-05 17:49:41,aquanet/water/ph,6.77,OK
2026-05-05 17:49:41,aquanet/water/nitrate,0.51,OK
2026-05-05 17:49:41,aquanet/hydraulic/pressure,5.78,ALERT - Pressure 5.78 bar exceeds 5.0
2026-05-05 17:49:41,aquanet/hydraulic/flowrate,88.5,OK
2026-05-05 17:49:41,aquanet/alerts,ALERT E.COLI: 1100.0 CFU/100ml exceeds NPS-FM limit of 540.0 - BACTERIAL CONTAMINATION DETECTED,ALERT
2026-05-05 17:49:41,aquanet/alerts,ALERT TURBIDITY: 22.0 NTU exceeds 5.0 NTU - TREATMENT REQUIRED,ALERT
2026-05-05 17:49:41,aquanet/alerts,ALERT PRESSURE HIGH: 5.78 bar exceeds 4.0 bar - PIPE BURST RISK,ALERT
2026-05-05 17:49:51,aquanet/water/turbidity,6.9,ALERT - Turbidity 6.9 NTU exceeds 5.0
2026-05-05 17:49:51,aquanet/water/ecoli,3000.0,ALERT - E.coli 3000.0 CFU/100ml exceeds 540.0
2026-05-05 17:49:51,aquanet/water/ph,6.76,OK
2026-05-05 17:49:51,aquanet/water/nitrate,0.47,OK
2026-05-05 17:49:51,aquanet/hydraulic/pressure,5.48,ALERT - Pressure 5.48 bar exceeds 5.0
2026-05-05 17:49:51,aquanet/hydraulic/flowrate,95.9,OK
2026-05-05 17:49:51,aquanet/alerts,ALERT E.COLI: 3000.0 CFU/100ml exceeds NPS-FM limit of 540.0 - BACTERIAL CONTAMINATION DETECTED,ALERT
2026-05-05 17:49:51,aquanet/alerts,ALERT TURBIDITY: 6.9 NTU exceeds 5.0 NTU - TREATMENT REQUIRED,ALERT
2026-05-05 17:49:51,aquanet/alerts,ALERT PRESSURE HIGH: 5.48 bar exceeds 4.0 bar - PIPE BURST RISK,ALERT
2026-05-05 17:50:01,aquanet/water/turbidity,7.7,ALERT - Turbidity 7.7 NTU exceeds 5.0
2026-05-05 17:50:01,aquanet/water/ecoli,4400.0,ALERT - E.coli 4400.0 CFU/100ml exceeds 540.0
2026-05-05 17:50:01,aquanet/water/ph,7.24,OK
2026-05-05 17:50:01,aquanet/water/nitrate,0.35,OK
2026-05-05 17:50:01,aquanet/hydraulic/pressure,3.16,OK
2026-05-05 17:50:01,aquanet/hydraulic/flowrate,86.7,OK
2026-05-05 17:50:01,aquanet/alerts,ALERT E.COLI: 4400.0 CFU/100ml exceeds NPS-FM limit of 540.0 - BACTERIAL CONTAMINATION DETECTED,ALERT
2026-05-05 17:50:01,aquanet/alerts,ALERT TURBIDITY: 7.7 NTU exceeds 5.0 NTU - TREATMENT REQUIRED,ALERT
2026-05-05 17:50:11,aquanet/water/turbidity,7.1,ALERT - Turbidity 7.1 NTU exceeds 5.0
2026-05-05 17:50:11,aquanet/water/ecoli,1600.0,ALERT - E.coli 1600.0 CFU/100ml exceeds 540.0
2026-05-05 17:50:11,aquanet/water/ph,6.89,OK
2026-05-05 17:50:11,aquanet/water/nitrate,0.39,OK
2026-05-05 17:50:11,aquanet/hydraulic/pressure,5.39,ALERT - Pressure 5.39 bar exceeds 5.0
2026-05-05 17:50:11,aquanet/hydraulic/flowrate,71.2,OK
2026-05-05 17:50:11,aquanet/alerts,ALERT E.COLI: 1600.0 CFU/100ml exceeds NPS-FM limit of 540.0 - BACTERIAL CONTAMINATION DETECTED,ALERT
2026-05-05 17:50:11,aquanet/alerts,ALERT TURBIDITY: 7.1 NTU exceeds 5.0 NTU - TREATMENT REQUIRED,ALERT
2026-05-05 17:50:11,aquanet/alerts,ALERT PRESSURE HIGH: 5.39 bar exceeds 4.0 bar - PIPE BURST RISK,ALERT
2026-05-05 17:50:21,aquanet/water/turbidity,15.0,ALERT - Turbidity 15.0 NTU exceeds 5.0
2026-05-05 17:50:21,aquanet/water/ecoli,1100.0,ALERT - E.coli 1100.0 CFU/100ml exceeds 540.0
2026-05-05 17:50:21,aquanet/water/ph,6.68,OK
2026-05-05 17:50:21,aquanet/water/nitrate,0.34,OK
2026-05-05 17:50:21,aquanet/hydraulic/pressure,5.5,ALERT - Pressure 5.5 bar exceeds 5.0
2026-05-05 17:50:21,aquanet/hydraulic/flowrate,78.6,OK
2026-05-05 17:50:21,aquanet/alerts,ALERT E.COLI: 1100.0 CFU/100ml exceeds NPS-FM limit of 540.0 - BACTERIAL CONTAMINATION DETECTED,ALERT
2026-05-05 17:50:21,aquanet/alerts,ALERT TURBIDITY: 15.0 NTU exceeds 5.0 NTU - TREATMENT REQUIRED,ALERT
2026-05-05 17:50:21,aquanet/alerts,ALERT PRESSURE HIGH: 5.5 bar exceeds 4.0 bar - PIPE BURST RISK,ALERT
2026-05-05 17:50:31,aquanet/water/turbidity,7.9,ALERT - Turbidity 7.9 NTU exceeds 5.0
2026-05-05 17:50:31,aquanet/water/ecoli,1000.0,ALERT - E.coli 1000.0 CFU/100ml exceeds 540.0
2026-05-05 17:50:31,aquanet/water/ph,7.21,OK
2026-05-05 17:50:31,aquanet/water/nitrate,0.37,OK
2026-05-05 17:50:31,aquanet/hydraulic/pressure,3.28,OK
2026-05-05 17:50:31,aquanet/hydraulic/flowrate,73.1,OK
2026-05-05 17:50:31,aquanet/alerts,ALERT E.COLI: 1000.0 CFU/100ml exceeds NPS-FM limit of 540.0 - BACTERIAL CONTAMINATION DETECTED,ALERT
2026-05-05 17:50:31,aquanet/alerts,ALERT TURBIDITY: 7.9 NTU exceeds 5.0 NTU - TREATMENT REQUIRED,ALERT
2026-05-05 17:50:41,aquanet/water/turbidity,13.0,ALERT - Turbidity 13.0 NTU exceeds 5.0
2026-05-05 17:50:41,aquanet/water/ecoli,380.0,OK
2026-05-05 17:50:41,aquanet/water/ph,6.99,OK
2026-05-05 17:50:41,aquanet/water/nitrate,0.5,OK
2026-05-05 17:50:41,aquanet/hydraulic/pressure,4.87,OK
2026-05-05 17:50:41,aquanet/hydraulic/flowrate,90.0,OK
2026-05-05 17:50:41,aquanet/alerts,ALERT TURBIDITY: 13.0 NTU exceeds 5.0 NTU - TREATMENT REQUIRED,ALERT
2026-05-05 17:50:41,aquanet/alerts,ALERT PRESSURE HIGH: 4.87 bar exceeds 4.0 bar - PIPE BURST RISK,ALERT
2026-05-05 17:50:51,aquanet/water/turbidity,12.0,ALERT - Turbidity 12.0 NTU exceeds 5.0
2026-05-05 17:50:51,aquanet/water/ecoli,520.0,OK
2026-05-05 17:50:51,aquanet/water/ph,6.77,OK
2026-05-05 17:50:51,aquanet/water/nitrate,0.57,OK
2026-05-05 17:50:51,aquanet/hydraulic/pressure,2.96,OK
2026-05-05 17:50:51,aquanet/hydraulic/flowrate,86.1,OK
2026-05-05 17:50:51,aquanet/alerts,ALERT TURBIDITY: 12.0 NTU exceeds 5.0 NTU - TREATMENT REQUIRED,ALERT
2026-05-05 17:51:01,aquanet/water/turbidity,11.0,ALERT - Turbidity 11.0 NTU exceeds 5.0
2026-05-05 17:51:01,aquanet/water/ecoli,390.0,OK
2026-05-05 17:51:01,aquanet/water/ph,6.78,OK
2026-05-05 17:51:01,aquanet/water/nitrate,0.41,OK
2026-05-05 17:51:01,aquanet/hydraulic/pressure,3.46,OK
2026-05-05 17:51:01,aquanet/hydraulic/flowrate,91.8,OK
2026-05-05 17:51:01,aquanet/alerts,ALERT TURBIDITY: 11.0 NTU exceeds 5.0 NTU - TREATMENT REQUIRED,ALERT
2026-05-05 17:51:11,aquanet/water/turbidity,8.3,ALERT - Turbidity 8.3 NTU exceeds 5.0
2026-05-05 17:51:11,aquanet/water/ecoli,720.0,ALERT - E.coli 720.0 CFU/100ml exceeds 540.0
2026-05-05 17:51:11,aquanet/water/ph,6.99,OK
2026-05-05 17:51:11,aquanet/water/nitrate,0.35,OK
2026-05-05 17:51:11,aquanet/hydraulic/pressure,4.6,OK
2026-05-05 17:51:11,aquanet/hydraulic/flowrate,79.2,OK
2026-05-05 17:51:11,aquanet/alerts,ALERT E.COLI: 720.0 CFU/100ml exceeds NPS-FM limit of 540.0 - BACTERIAL CONTAMINATION DETECTED,ALERT
2026-05-05 17:51:11,aquanet/alerts,ALERT TURBIDITY: 8.3 NTU exceeds 5.0 NTU - TREATMENT REQUIRED,ALERT
2026-05-05 17:51:11,aquanet/alerts,ALERT PRESSURE HIGH: 4.6 bar exceeds 4.0 bar - PIPE BURST RISK,ALERT
2026-05-05 17:51:21,aquanet/water/turbidity,9.7,ALERT - Turbidity 9.7 NTU exceeds 5.0
2026-05-05 17:51:21,aquanet/water/ecoli,790.0,ALERT - E.coli 790.0 CFU/100ml exceeds 540.0
2026-05-05 17:51:21,aquanet/water/ph,6.78,OK
2026-05-05 17:51:21,aquanet/water/nitrate,0.44,OK
2026-05-05 17:51:21,aquanet/hydraulic/pressure,4.85,OK
2026-05-05 17:51:21,aquanet/hydraulic/flowrate,96.2,OK
2026-05-05 17:51:21,aquanet/alerts,ALERT E.COLI: 790.0 CFU/100ml exceeds NPS-FM limit of 540.0 - BACTERIAL CONTAMINATION DETECTED,ALERT
2026-05-05 17:51:21,aquanet/alerts,ALERT TURBIDITY: 9.7 NTU exceeds 5.0 NTU - TREATMENT REQUIRED,ALERT
2026-05-05 17:51:21,aquanet/alerts,ALERT PRESSURE HIGH: 4.85 bar exceeds 4.0 bar - PIPE BURST RISK,ALERT
2026-05-05 17:51:31,aquanet/water/turbidity,9.1,ALERT - Turbidity 9.1 NTU exceeds 5.0
2026-05-05 17:51:31,aquanet/water/ecoli,590.0,ALERT - E.coli 590.0 CFU/100ml exceeds 540.0
2026-05-05 17:51:31,aquanet/water/ph,6.95,OK
2026-05-05 17:51:31,aquanet/water/nitrate,0.41,OK
2026-05-05 17:51:31,aquanet/hydraulic/pressure,5.43,ALERT - Pressure 5.43 bar exceeds 5.0
2026-05-05 17:51:31,aquanet/hydraulic/flowrate,82.0,OK
2026-05-05 17:51:31,aquanet/alerts,ALERT E.COLI: 590.0 CFU/100ml exceeds NPS-FM limit of 540.0 - BACTERIAL CONTAMINATION DETECTED,ALERT
2026-05-05 17:51:31,aquanet/alerts,ALERT TURBIDITY: 9.1 NTU exceeds 5.0 NTU - TREATMENT REQUIRED,ALERT
2026-05-05 17:51:31,aquanet/alerts,ALERT PRESSURE HIGH: 5.43 bar exceeds 4.0 bar - PIPE BURST RISK,ALERT
2026-05-05 17:51:41,aquanet/water/turbidity,6.9,ALERT - Turbidity 6.9 NTU exceeds 5.0
2026-05-05 17:51:41,aquanet/water/ecoli,0.0,OK
2026-05-05 17:51:41,aquanet/water/ph,6.8,OK
2026-05-05 17:51:41,aquanet/water/nitrate,0.33,OK
2026-05-05 17:51:41,aquanet/hydraulic/pressure,3.05,OK
2026-05-05 17:51:41,aquanet/hydraulic/flowrate,75.4,OK
2026-05-05 17:51:41,aquanet/alerts,ALERT TURBIDITY: 6.9 NTU exceeds 5.0 NTU - TREATMENT REQUIRED,ALERT
2026-05-05 17:51:51,aquanet/water/turbidity,8.5,ALERT - Turbidity 8.5 NTU exceeds 5.0
2026-05-05 17:51:51,aquanet/water/ecoli,9800.0,ALERT - E.coli 9800.0 CFU/100ml exceeds 540.0
2026-05-05 17:51:51,aquanet/water/ph,7.27,OK
2026-05-05 17:51:51,aquanet/water/nitrate,0.38,OK
2026-05-05 17:51:51,aquanet/hydraulic/pressure,4.72,OK
2026-05-05 17:51:51,aquanet/hydraulic/flowrate,79.5,OK
2026-05-05 17:51:51,aquanet/alerts,ALERT E.COLI: 9800.0 CFU/100ml exceeds NPS-FM limit of 540.0 - BACTERIAL CONTAMINATION DETECTED,ALERT
2026-05-05 17:51:51,aquanet/alerts,ALERT TURBIDITY: 8.5 NTU exceeds 5.0 NTU - TREATMENT REQUIRED,ALERT
2026-05-05 17:51:51,aquanet/alerts,ALERT PRESSURE HIGH: 4.72 bar exceeds 4.0 bar - PIPE BURST RISK,ALERT
2026-05-05 17:52:01,aquanet/water/turbidity,8.0,ALERT - Turbidity 8.0 NTU exceeds 5.0
2026-05-05 17:52:01,aquanet/water/ecoli,2100.0,ALERT - E.coli 2100.0 CFU/100ml exceeds 540.0
2026-05-05 17:52:01,aquanet/water/ph,7.07,OK
2026-05-05 17:52:01,aquanet/water/nitrate,0.33,OK
2026-05-05 17:52:01,aquanet/hydraulic/pressure,5.76,ALERT - Pressure 5.76 bar exceeds 5.0
2026-05-05 17:52:01,aquanet/hydraulic/flowrate,95.2,OK
2026-05-05 17:52:01,aquanet/alerts,ALERT E.COLI: 2100.0 CFU/100ml exceeds NPS-FM limit of 540.0 - BACTERIAL CONTAMINATION DETECTED,ALERT
2026-05-05 17:52:01,aquanet/alerts,ALERT TURBIDITY: 8.0 NTU exceeds 5.0 NTU - TREATMENT REQUIRED,ALERT
2026-05-05 17:52:01,aquanet/alerts,ALERT PRESSURE HIGH: 5.76 bar exceeds 4.0 bar - PIPE BURST RISK,ALERT
2026-05-05 17:52:11,aquanet/water/turbidity,7.7,ALERT - Turbidity 7.7 NTU exceeds 5.0
2026-05-05 17:52:11,aquanet/water/ecoli,2200.0,ALERT - E.coli 2200.0 CFU/100ml exceeds 540.0
2026-05-05 17:52:11,aquanet/water/ph,7.45,OK
2026-05-05 17:52:11,aquanet/water/nitrate,0.28,OK
2026-05-05 17:52:11,aquanet/hydraulic/pressure,5.94,ALERT - Pressure 5.94 bar exceeds 5.0
2026-05-05 17:52:11,aquanet/hydraulic/flowrate,71.5,OK
2026-05-05 17:52:11,aquanet/alerts,ALERT E.COLI: 2200.0 CFU/100ml exceeds NPS-FM limit of 540.0 - BACTERIAL CONTAMINATION DETECTED,ALERT
2026-05-05 17:52:11,aquanet/alerts,ALERT TURBIDITY: 7.7 NTU exceeds 5.0 NTU - TREATMENT REQUIRED,ALERT
2026-05-05 17:52:11,aquanet/alerts,ALERT PRESSURE HIGH: 5.94 bar exceeds 4.0 bar - PIPE BURST RISK,ALERT
2026-05-05 17:52:21,aquanet/water/turbidity,9.7,ALERT - Turbidity 9.7 NTU exceeds 5.0
2026-05-05 17:52:21,aquanet/water/ecoli,1500.0,ALERT - E.coli 1500.0 CFU/100ml exceeds 540.0
2026-05-05 17:52:21,aquanet/water/ph,7.43,OK
2026-05-05 17:52:21,aquanet/water/nitrate,0.33,OK
2026-05-05 17:52:21,aquanet/hydraulic/pressure,4.91,OK
2026-05-05 17:52:21,aquanet/hydraulic/flowrate,75.1,OK
2026-05-05 17:52:21,aquanet/alerts,ALERT E.COLI: 1500.0 CFU/100ml exceeds NPS-FM limit of 540.0 - BACTERIAL CONTAMINATION DETECTED,ALERT
2026-05-05 17:52:21,aquanet/alerts,ALERT TURBIDITY: 9.7 NTU exceeds 5.0 NTU - TREATMENT REQUIRED,ALERT
2026-05-05 17:52:21,aquanet/alerts,ALERT PRESSURE HIGH: 4.91 bar exceeds 4.0 bar - PIPE BURST RISK,ALERT
2026-05-05 17:52:31,aquanet/water/turbidity,7.5,ALERT - Turbidity 7.5 NTU exceeds 5.0
2026-05-05 17:52:31,aquanet/water/ecoli,4000.0,ALERT - E.coli 4000.0 CFU/100ml exceeds 540.0
2026-05-05 17:52:31,aquanet/water/ph,7.07,OK
2026-05-05 17:52:31,aquanet/water/nitrate,0.27,OK
2026-05-05 17:52:31,aquanet/hydraulic/pressure,5.74,ALERT - Pressure 5.74 bar exceeds 5.0
2026-05-05 17:52:31,aquanet/hydraulic/flowrate,70.7,OK
2026-05-05 17:52:31,aquanet/alerts,ALERT E.COLI: 4000.0 CFU/100ml exceeds NPS-FM limit of 540.0 - BACTERIAL CONTAMINATION DETECTED,ALERT
2026-05-05 17:52:31,aquanet/alerts,ALERT TURBIDITY: 7.5 NTU exceeds 5.0 NTU - TREATMENT REQUIRED,ALERT
2026-05-05 17:52:31,aquanet/alerts,ALERT PRESSURE HIGH: 5.74 bar exceeds 4.0 bar - PIPE BURST RISK,ALERT
2026-05-05 17:52:41,aquanet/water/turbidity,10.0,ALERT - Turbidity 10.0 NTU exceeds 5.0
2026-05-05 17:52:41,aquanet/water/ecoli,1400.0,ALERT - E.coli 1400.0 CFU/100ml exceeds 540.0
2026-05-05 17:52:41,aquanet/water/ph,6.72,OK
2026-05-05 17:52:41,aquanet/water/nitrate,0.3,OK
2026-05-05 17:52:41,aquanet/hydraulic/pressure,4.57,OK
2026-05-05 17:52:41,aquanet/hydraulic/flowrate,79.9,OK
2026-05-05 17:52:41,aquanet/alerts,ALERT E.COLI: 1400.0 CFU/100ml exceeds NPS-FM limit of 540.0 - BACTERIAL CONTAMINATION DETECTED,ALERT
2026-05-05 17:52:41,aquanet/alerts,ALERT TURBIDITY: 10.0 NTU exceeds 5.0 NTU - TREATMENT REQUIRED,ALERT
2026-05-05 17:52:41,aquanet/alerts,ALERT PRESSURE HIGH: 4.57 bar exceeds 4.0 bar - PIPE BURST RISK,ALERT
2026-05-05 17:52:51,aquanet/water/turbidity,12.0,ALERT - Turbidity 12.0 NTU exceeds 5.0
2026-05-05 17:52:51,aquanet/water/ecoli,890.0,ALERT - E.coli 890.0 CFU/100ml exceeds 540.0
2026-05-05 17:52:51,aquanet/water/ph,6.74,OK
2026-05-05 17:52:51,aquanet/water/nitrate,0.4,OK
2026-05-05 17:52:51,aquanet/hydraulic/pressure,3.05,OK
2026-05-05 17:52:51,aquanet/hydraulic/flowrate,96.0,OK
2026-05-05 17:52:51,aquanet/alerts,ALERT E.COLI: 890.0 CFU/100ml exceeds NPS-FM limit of 540.0 - BACTERIAL CONTAMINATION DETECTED,ALERT
2026-05-05 17:52:51,aquanet/alerts,ALERT TURBIDITY: 12.0 NTU exceeds 5.0 NTU - TREATMENT REQUIRED,ALERT
2026-05-05 17:53:01,aquanet/water/turbidity,7.5,ALERT - Turbidity 7.5 NTU exceeds 5.0
2026-05-05 17:53:01,aquanet/water/ecoli,760.0,ALERT - E.coli 760.0 CFU/100ml exceeds 540.0
2026-05-05 17:53:01,aquanet/water/ph,7.51,OK
2026-05-05 17:53:01,aquanet/water/nitrate,0.34,OK
2026-05-05 17:53:01,aquanet/hydraulic/pressure,5.88,ALERT - Pressure 5.88 bar exceeds 5.0
2026-05-05 17:53:01,aquanet/hydraulic/flowrate,88.6,OK
2026-05-05 17:53:01,aquanet/alerts,ALERT E.COLI: 760.0 CFU/100ml exceeds NPS-FM limit of 540.0 - BACTERIAL CONTAMINATION DETECTED,ALERT
2026-05-05 17:53:01,aquanet/alerts,ALERT TURBIDITY: 7.5 NTU exceeds 5.0 NTU - TREATMENT REQUIRED,ALERT
2026-05-05 17:53:01,aquanet/alerts,ALERT PRESSURE HIGH: 5.88 bar exceeds 4.0 bar - PIPE BURST RISK,ALERT
2026-05-05 17:53:11,aquanet/water/turbidity,7.8,ALERT - Turbidity 7.8 NTU exceeds 5.0
2026-05-05 17:53:11,aquanet/water/ecoli,590.0,ALERT - E.coli 590.0 CFU/100ml exceeds 540.0
2026-05-05 17:53:11,aquanet/water/ph,7.26,OK
2026-05-05 17:53:11,aquanet/water/nitrate,0.45,OK
2026-05-05 17:53:11,aquanet/hydraulic/pressure,5.06,ALERT - Pressure 5.06 bar exceeds 5.0
2026-05-05 17:53:11,aquanet/hydraulic/flowrate,74.6,OK
2026-05-05 17:53:11,aquanet/alerts,ALERT E.COLI: 590.0 CFU/100ml exceeds NPS-FM limit of 540.0 - BACTERIAL CONTAMINATION DETECTED,ALERT
2026-05-05 17:53:11,aquanet/alerts,ALERT TURBIDITY: 7.8 NTU exceeds 5.0 NTU - TREATMENT REQUIRED,ALERT
2026-05-05 17:53:11,aquanet/alerts,ALERT PRESSURE HIGH: 5.06 bar exceeds 4.0 bar - PIPE BURST RISK,ALERT
2026-05-05 17:53:21,aquanet/water/turbidity,7.0,ALERT - Turbidity 7.0 NTU exceeds 5.0
2026-05-05 17:53:21,aquanet/water/ecoli,790.0,ALERT - E.coli 790.0 CFU/100ml exceeds 540.0
2026-05-05 17:53:21,aquanet/water/ph,7.45,OK
2026-05-05 17:53:21,aquanet/water/nitrate,0.43,OK
2026-05-05 17:53:21,aquanet/hydraulic/pressure,4.6,OK
2026-05-05 17:53:21,aquanet/hydraulic/flowrate,83.6,OK
2026-05-05 17:53:21,aquanet/alerts,ALERT E.COLI: 790.0 CFU/100ml exceeds NPS-FM limit of 540.0 - BACTERIAL CONTAMINATION DETECTED,ALERT
2026-05-05 17:53:21,aquanet/alerts,ALERT TURBIDITY: 7.0 NTU exceeds 5.0 NTU - TREATMENT REQUIRED,ALERT
2026-05-05 17:53:21,aquanet/alerts,ALERT PRESSURE HIGH: 4.6 bar exceeds 4.0 bar - PIPE BURST RISK,ALERT
2026-05-05 17:53:31,aquanet/water/turbidity,8.8,ALERT - Turbidity 8.8 NTU exceeds 5.0
2026-05-05 17:53:31,aquanet/water/ecoli,960.0,ALERT - E.coli 960.0 CFU/100ml exceeds 540.0
2026-05-05 17:53:31,aquanet/water/ph,6.97,OK
2026-05-05 17:53:31,aquanet/water/nitrate,0.54,OK
2026-05-05 17:53:31,aquanet/hydraulic/pressure,5.66,ALERT - Pressure 5.66 bar exceeds 5.0
2026-05-05 17:53:31,aquanet/hydraulic/flowrate,93.2,OK
2026-05-05 17:53:31,aquanet/alerts,ALERT E.COLI: 960.0 CFU/100ml exceeds NPS-FM limit of 540.0 - BACTERIAL CONTAMINATION DETECTED,ALERT
2026-05-05 17:53:31,aquanet/alerts,ALERT TURBIDITY: 8.8 NTU exceeds 5.0 NTU - TREATMENT REQUIRED,ALERT
2026-05-05 17:53:31,aquanet/alerts,ALERT PRESSURE HIGH: 5.66 bar exceeds 4.0 bar - PIPE BURST RISK,ALERT
2026-05-05 17:53:41,aquanet/water/turbidity,16.0,ALERT - Turbidity 16.0 NTU exceeds 5.0
2026-05-05 17:53:41,aquanet/water/ecoli,3400.0,ALERT - E.coli 3400.0 CFU/100ml exceeds 540.0
2026-05-05 17:53:41,aquanet/water/ph,6.03,ALERT - pH 6.03 below minimum 6.5
2026-05-05 17:53:41,aquanet/water/nitrate,0.42,OK
2026-05-05 17:53:41,aquanet/hydraulic/pressure,5.01,ALERT - Pressure 5.01 bar exceeds 5.0
2026-05-05 17:53:41,aquanet/hydraulic/flowrate,97.0,OK
2026-05-05 17:53:41,aquanet/alerts,ALERT E.COLI: 3400.0 CFU/100ml exceeds NPS-FM limit of 540.0 - BACTERIAL CONTAMINATION DETECTED,ALERT
2026-05-05 17:53:41,aquanet/alerts,ALERT TURBIDITY: 16.0 NTU exceeds 5.0 NTU - TREATMENT REQUIRED,ALERT
2026-05-05 17:53:41,aquanet/alerts,ALERT pH LOW: 6.03 - CORROSION RISK - below 6.5,ALERT
2026-05-05 17:53:41,aquanet/alerts,ALERT PRESSURE HIGH: 5.01 bar exceeds 4.0 bar - PIPE BURST RISK,ALERT
2026-05-05 17:53:51,aquanet/water/turbidity,7.2,ALERT - Turbidity 7.2 NTU exceeds 5.0
2026-05-05 17:53:51,aquanet/water/ecoli,6400.0,ALERT - E.coli 6400.0 CFU/100ml exceeds 540.0
2026-05-05 17:53:51,aquanet/water/ph,6.39,ALERT - pH 6.39 below minimum 6.5
2026-05-05 17:53:51,aquanet/water/nitrate,0.33,OK
2026-05-05 17:53:51,aquanet/hydraulic/pressure,5.54,ALERT - Pressure 5.54 bar exceeds 5.0
2026-05-05 17:53:51,aquanet/hydraulic/flowrate,82.1,OK
2026-05-05 17:53:51,aquanet/alerts,ALERT E.COLI: 6400.0 CFU/100ml exceeds NPS-FM limit of 540.0 - BACTERIAL CONTAMINATION DETECTED,ALERT
2026-05-05 17:53:51,aquanet/alerts,ALERT TURBIDITY: 7.2 NTU exceeds 5.0 NTU - TREATMENT REQUIRED,ALERT
2026-05-05 17:53:51,aquanet/alerts,ALERT pH LOW: 6.39 - CORROSION RISK - below 6.5,ALERT
2026-05-05 17:53:51,aquanet/alerts,ALERT PRESSURE HIGH: 5.54 bar exceeds 4.0 bar - PIPE BURST RISK,ALERT
2026-05-05 17:54:01,aquanet/water/turbidity,15.0,ALERT - Turbidity 15.0 NTU exceeds 5.0
2026-05-05 17:54:01,aquanet/water/ecoli,31000.0,ALERT - E.coli 31000.0 CFU/100ml exceeds 540.0
2026-05-05 17:54:01,aquanet/water/ph,6.97,OK
2026-05-05 17:54:01,aquanet/water/nitrate,0.3,OK
2026-05-05 17:54:01,aquanet/hydraulic/pressure,3.11,OK
2026-05-05 17:54:01,aquanet/hydraulic/flowrate,85.5,OK
2026-05-05 17:54:01,aquanet/alerts,ALERT E.COLI: 31000.0 CFU/100ml exceeds NPS-FM limit of 540.0 - BACTERIAL CONTAMINATION DETECTED,ALERT
2026-05-05 17:54:01,aquanet/alerts,ALERT TURBIDITY: 15.0 NTU exceeds 5.0 NTU - TREATMENT REQUIRED,ALERT
2026-05-05 17:54:11,aquanet/water/turbidity,7.1,ALERT - Turbidity 7.1 NTU exceeds 5.0
2026-05-05 17:54:11,aquanet/water/ecoli,2400.0,ALERT - E.coli 2400.0 CFU/100ml exceeds 540.0
2026-05-05 17:54:11,aquanet/water/ph,7.18,OK
2026-05-05 17:54:11,aquanet/water/nitrate,0.26,OK
2026-05-05 17:54:11,aquanet/hydraulic/pressure,3.12,OK
2026-05-05 17:54:11,aquanet/hydraulic/flowrate,93.9,OK
2026-05-05 17:54:11,aquanet/alerts,ALERT E.COLI: 2400.0 CFU/100ml exceeds NPS-FM limit of 540.0 - BACTERIAL CONTAMINATION DETECTED,ALERT
2026-05-05 17:54:11,aquanet/alerts,ALERT TURBIDITY: 7.1 NTU exceeds 5.0 NTU - TREATMENT REQUIRED,ALERT
2026-05-05 17:54:21,aquanet/water/turbidity,6.9,ALERT - Turbidity 6.9 NTU exceeds 5.0
2026-05-05 17:54:21,aquanet/water/ecoli,900.0,ALERT - E.coli 900.0 CFU/100ml exceeds 540.0
2026-05-05 17:54:21,aquanet/water/ph,7.06,OK
2026-05-05 17:54:21,aquanet/water/nitrate,0.31,OK
2026-05-05 17:54:21,aquanet/hydraulic/pressure,4.88,OK
2026-05-05 17:54:21,aquanet/hydraulic/flowrate,72.0,OK
2026-05-05 17:54:21,aquanet/alerts,ALERT E.COLI: 900.0 CFU/100ml exceeds NPS-FM limit of 540.0 - BACTERIAL CONTAMINATION DETECTED,ALERT
2026-05-05 17:54:21,aquanet/alerts,ALERT TURBIDITY: 6.9 NTU exceeds 5.0 NTU - TREATMENT REQUIRED,ALERT
2026-05-05 17:54:21,aquanet/alerts,ALERT PRESSURE HIGH: 4.88 bar exceeds 4.0 bar - PIPE BURST RISK,ALERT
2026-05-05 17:54:31,aquanet/water/turbidity,12.0,ALERT - Turbidity 12.0 NTU exceeds 5.0
2026-05-05 17:54:31,aquanet/water/ecoli,750.0,ALERT - E.coli 750.0 CFU/100ml exceeds 540.0
2026-05-05 17:54:31,aquanet/water/ph,7.13,OK
2026-05-05 17:54:31,aquanet/water/nitrate,0.118,OK
2026-05-05 17:54:31,aquanet/hydraulic/pressure,5.13,ALERT - Pressure 5.13 bar exceeds 5.0
2026-05-05 17:54:31,aquanet/hydraulic/flowrate,99.5,OK
2026-05-05 17:54:31,aquanet/alerts,ALERT E.COLI: 750.0 CFU/100ml exceeds NPS-FM limit of 540.0 - BACTERIAL CONTAMINATION DETECTED,ALERT
2026-05-05 17:54:31,aquanet/alerts,ALERT TURBIDITY: 12.0 NTU exceeds 5.0 NTU - TREATMENT REQUIRED,ALERT
2026-05-05 17:54:31,aquanet/alerts,ALERT PRESSURE HIGH: 5.13 bar exceeds 4.0 bar - PIPE BURST RISK,ALERT
2026-05-05 17:54:41,aquanet/water/turbidity,16.0,ALERT - Turbidity 16.0 NTU exceeds 5.0
2026-05-05 17:54:41,aquanet/water/ecoli,540.0,OK
2026-05-05 17:54:41,aquanet/water/ph,7.11,OK
2026-05-05 17:54:41,aquanet/water/nitrate,0.137,OK
2026-05-05 17:54:41,aquanet/hydraulic/pressure,5.23,ALERT - Pressure 5.23 bar exceeds 5.0
2026-05-05 17:54:41,aquanet/hydraulic/flowrate,74.0,OK
2026-05-05 17:54:41,aquanet/alerts,ALERT TURBIDITY: 16.0 NTU exceeds 5.0 NTU - TREATMENT REQUIRED,ALERT
2026-05-05 17:54:41,aquanet/alerts,ALERT PRESSURE HIGH: 5.23 bar exceeds 4.0 bar - PIPE BURST RISK,ALERT
2026-05-05 17:54:51,aquanet/water/turbidity,25.0,ALERT - Turbidity 25.0 NTU exceeds 5.0
2026-05-05 17:54:51,aquanet/water/ecoli,460.0,OK
2026-05-05 17:54:51,aquanet/water/ph,7.12,OK
2026-05-05 17:54:51,aquanet/water/nitrate,0.108,OK
2026-05-05 17:54:51,aquanet/hydraulic/pressure,5.44,ALERT - Pressure 5.44 bar exceeds 5.0
2026-05-05 17:54:51,aquanet/hydraulic/flowrate,76.9,OK
2026-05-05 17:54:51,aquanet/alerts,ALERT TURBIDITY: 25.0 NTU exceeds 5.0 NTU - TREATMENT REQUIRED,ALERT
2026-05-05 17:54:51,aquanet/alerts,ALERT PRESSURE HIGH: 5.44 bar exceeds 4.0 bar - PIPE BURST RISK,ALERT
2026-05-05 17:55:01,aquanet/water/turbidity,45.0,ALERT - Turbidity 45.0 NTU exceeds 5.0
2026-05-05 17:55:01,aquanet/water/ecoli,500.0,OK
2026-05-05 17:55:01,aquanet/water/ph,7.2,OK
2026-05-05 17:55:01,aquanet/water/nitrate,0.121,OK
2026-05-05 17:55:01,aquanet/hydraulic/pressure,3.03,OK
2026-05-05 17:55:01,aquanet/hydraulic/flowrate,70.1,OK
2026-05-05 17:55:01,aquanet/alerts,ALERT TURBIDITY: 45.0 NTU exceeds 5.0 NTU - TREATMENT REQUIRED,ALERT
2026-05-05 17:55:11,aquanet/water/turbidity,10.0,ALERT - Turbidity 10.0 NTU exceeds 5.0
2026-05-05 17:55:11,aquanet/water/ecoli,1100.0,ALERT - E.coli 1100.0 CFU/100ml exceeds 540.0
2026-05-05 17:55:11,aquanet/water/ph,7.12,OK
2026-05-05 17:55:11,aquanet/water/nitrate,0.9,OK
2026-05-05 17:55:11,aquanet/hydraulic/pressure,5.54,ALERT - Pressure 5.54 bar exceeds 5.0
2026-05-05 17:55:11,aquanet/hydraulic/flowrate,79.0,OK
2026-05-05 17:55:11,aquanet/alerts,ALERT E.COLI: 1100.0 CFU/100ml exceeds NPS-FM limit of 540.0 - BACTERIAL CONTAMINATION DETECTED,ALERT
2026-05-05 17:55:11,aquanet/alerts,ALERT TURBIDITY: 10.0 NTU exceeds 5.0 NTU - TREATMENT REQUIRED,ALERT
2026-05-05 17:55:11,aquanet/alerts,ALERT PRESSURE HIGH: 5.54 bar exceeds 4.0 bar - PIPE BURST RISK,ALERT
2026-05-05 17:55:21,aquanet/water/turbidity,6.6,ALERT - Turbidity 6.6 NTU exceeds 5.0
2026-05-05 17:55:21,aquanet/water/ecoli,500.0,OK
2026-05-05 17:55:21,aquanet/water/ph,6.96,OK
2026-05-05 17:55:21,aquanet/water/nitrate,1.04,OK
2026-05-05 17:55:21,aquanet/hydraulic/pressure,4.98,OK
2026-05-05 17:55:21,aquanet/hydraulic/flowrate,73.2,OK
2026-05-05 17:55:21,aquanet/alerts,ALERT TURBIDITY: 6.6 NTU exceeds 5.0 NTU - TREATMENT REQUIRED,ALERT
2026-05-05 17:55:21,aquanet/alerts,ALERT PRESSURE HIGH: 4.98 bar exceeds 4.0 bar - PIPE BURST RISK,ALERT
2026-05-05 17:55:31,aquanet/water/turbidity,9.3,ALERT - Turbidity 9.3 NTU exceeds 5.0
2026-05-05 17:55:31,aquanet/water/ecoli,1000.0,ALERT - E.coli 1000.0 CFU/100ml exceeds 540.0
2026-05-05 17:55:31,aquanet/water/ph,7.18,OK
2026-05-05 17:55:31,aquanet/water/nitrate,0.49,OK
2026-05-05 17:55:31,aquanet/hydraulic/pressure,3.4,OK
2026-05-05 17:55:31,aquanet/hydraulic/flowrate,78.8,OK
2026-05-05 17:55:31,aquanet/alerts,ALERT E.COLI: 1000.0 CFU/100ml exceeds NPS-FM limit of 540.0 - BACTERIAL CONTAMINATION DETECTED,ALERT
2026-05-05 17:55:31,aquanet/alerts,ALERT TURBIDITY: 9.3 NTU exceeds 5.0 NTU - TREATMENT REQUIRED,ALERT
2026-05-05 17:55:41,aquanet/water/turbidity,10.7,ALERT - Turbidity 10.7 NTU exceeds 5.0
2026-05-05 17:55:41,aquanet/water/ecoli,6000.0,ALERT - E.coli 6000.0 CFU/100ml exceeds 540.0
2026-05-05 17:55:41,aquanet/water/ph,7.15,OK
2026-05-05 17:55:41,aquanet/water/nitrate,0.28,OK
2026-05-05 17:55:41,aquanet/hydraulic/pressure,5.89,ALERT - Pressure 5.89 bar exceeds 5.0
2026-05-05 17:55:41,aquanet/hydraulic/flowrate,76.6,OK
2026-05-05 17:55:41,aquanet/alerts,ALERT E.COLI: 6000.0 CFU/100ml exceeds NPS-FM limit of 540.0 - BACTERIAL CONTAMINATION DETECTED,ALERT
2026-05-05 17:55:41,aquanet/alerts,ALERT TURBIDITY: 10.7 NTU exceeds 5.0 NTU - TREATMENT REQUIRED,ALERT
2026-05-05 17:55:41,aquanet/alerts,ALERT PRESSURE HIGH: 5.89 bar exceeds 4.0 bar - PIPE BURST RISK,ALERT
2026-05-05 17:55:51,aquanet/water/turbidity,13.7,ALERT - Turbidity 13.7 NTU exceeds 5.0
2026-05-05 17:55:51,aquanet/water/ecoli,2500.0,ALERT - E.coli 2500.0 CFU/100ml exceeds 540.0
2026-05-05 17:55:51,aquanet/water/ph,7.09,OK
2026-05-05 17:55:51,aquanet/water/nitrate,0.32,OK
2026-05-05 17:55:51,aquanet/hydraulic/pressure,5.55,ALERT - Pressure 5.55 bar exceeds 5.0
2026-05-05 17:55:51,aquanet/hydraulic/flowrate,99.4,OK
2026-05-05 17:55:51,aquanet/alerts,ALERT E.COLI: 2500.0 CFU/100ml exceeds NPS-FM limit of 540.0 - BACTERIAL CONTAMINATION DETECTED,ALERT
2026-05-05 17:55:51,aquanet/alerts,ALERT TURBIDITY: 13.7 NTU exceeds 5.0 NTU - TREATMENT REQUIRED,ALERT
2026-05-05 17:55:51,aquanet/alerts,ALERT PRESSURE HIGH: 5.55 bar exceeds 4.0 bar - PIPE BURST RISK,ALERT
2026-05-05 17:56:01,aquanet/water/turbidity,10.2,ALERT - Turbidity 10.2 NTU exceeds 5.0
2026-05-05 17:56:01,aquanet/water/ecoli,2900.0,ALERT - E.coli 2900.0 CFU/100ml exceeds 540.0
2026-05-05 17:56:01,aquanet/water/ph,7.33,OK
2026-05-05 17:56:01,aquanet/water/nitrate,0.53,OK
2026-05-05 17:56:01,aquanet/hydraulic/pressure,4.95,OK
2026-05-05 17:56:01,aquanet/hydraulic/flowrate,71.4,OK
2026-05-05 17:56:01,aquanet/alerts,ALERT E.COLI: 2900.0 CFU/100ml exceeds NPS-FM limit of 540.0 - BACTERIAL CONTAMINATION DETECTED,ALERT
2026-05-05 17:56:01,aquanet/alerts,ALERT TURBIDITY: 10.2 NTU exceeds 5.0 NTU - TREATMENT REQUIRED,ALERT
2026-05-05 17:56:01,aquanet/alerts,ALERT PRESSURE HIGH: 4.95 bar exceeds 4.0 bar - PIPE BURST RISK,ALERT
2026-05-05 17:56:11,aquanet/water/turbidity,10.3,ALERT - Turbidity 10.3 NTU exceeds 5.0
2026-05-05 17:56:11,aquanet/water/ecoli,500.0,OK
2026-05-05 17:56:11,aquanet/water/ph,7.33,OK
2026-05-05 17:56:11,aquanet/water/nitrate,0.2,OK
2026-05-05 17:56:11,aquanet/hydraulic/pressure,5.19,ALERT - Pressure 5.19 bar exceeds 5.0
2026-05-05 17:56:11,aquanet/hydraulic/flowrate,89.4,OK
2026-05-05 17:56:11,aquanet/alerts,ALERT TURBIDITY: 10.3 NTU exceeds 5.0 NTU - TREATMENT REQUIRED,ALERT
2026-05-05 17:56:11,aquanet/alerts,ALERT PRESSURE HIGH: 5.19 bar exceeds 4.0 bar - PIPE BURST RISK,ALERT
2026-05-05 17:56:21,aquanet/water/turbidity,9.1,ALERT - Turbidity 9.1 NTU exceeds 5.0
2026-05-05 17:56:21,aquanet/water/ecoli,1700.0,ALERT - E.coli 1700.0 CFU/100ml exceeds 540.0
2026-05-05 17:56:21,aquanet/water/ph,6.91,OK
2026-05-05 17:56:21,aquanet/water/nitrate,0.21,OK
2026-05-05 17:56:21,aquanet/hydraulic/pressure,5.41,ALERT - Pressure 5.41 bar exceeds 5.0
2026-05-05 17:56:21,aquanet/hydraulic/flowrate,71.9,OK
2026-05-05 17:56:21,aquanet/alerts,ALERT E.COLI: 1700.0 CFU/100ml exceeds NPS-FM limit of 540.0 - BACTERIAL CONTAMINATION DETECTED,ALERT
2026-05-05 17:56:21,aquanet/alerts,ALERT TURBIDITY: 9.1 NTU exceeds 5.0 NTU - TREATMENT REQUIRED,ALERT
2026-05-05 17:56:21,aquanet/alerts,ALERT PRESSURE HIGH: 5.41 bar exceeds 4.0 bar - PIPE BURST RISK,ALERT
2026-05-05 17:56:31,aquanet/water/turbidity,15.6,ALERT - Turbidity 15.6 NTU exceeds 5.0
2026-05-05 17:56:31,aquanet/water/ecoli,600.0,ALERT - E.coli 600.0 CFU/100ml exceeds 540.0
2026-05-05 17:56:31,aquanet/water/ph,6.88,OK
2026-05-05 17:56:31,aquanet/water/nitrate,0.179,OK
2026-05-05 17:56:31,aquanet/hydraulic/pressure,5.3,ALERT - Pressure 5.3 bar exceeds 5.0
2026-05-05 17:56:31,aquanet/hydraulic/flowrate,87.2,OK
2026-05-05 17:56:31,aquanet/alerts,ALERT E.COLI: 600.0 CFU/100ml exceeds NPS-FM limit of 540.0 - BACTERIAL CONTAMINATION DETECTED,ALERT
2026-05-05 17:56:31,aquanet/alerts,ALERT TURBIDITY: 15.6 NTU exceeds 5.0 NTU - TREATMENT REQUIRED,ALERT
2026-05-05 17:56:31,aquanet/alerts,ALERT PRESSURE HIGH: 5.3 bar exceeds 4.0 bar - PIPE BURST RISK,ALERT
2026-05-05 17:56:41,aquanet/water/turbidity,22.0,ALERT - Turbidity 22.0 NTU exceeds 5.0
2026-05-05 17:56:41,aquanet/water/ecoli,260.0,OK
2026-05-05 17:56:41,aquanet/water/ph,7.36,OK
2026-05-05 17:56:41,aquanet/water/nitrate,0.22,OK
2026-05-05 17:56:41,aquanet/hydraulic/pressure,3.11,OK
2026-05-05 17:56:41,aquanet/hydraulic/flowrate,89.9,OK
2026-05-05 17:56:41,aquanet/alerts,ALERT TURBIDITY: 22.0 NTU exceeds 5.0 NTU - TREATMENT REQUIRED,ALERT
2026-05-05 17:56:51,aquanet/water/turbidity,9.7,ALERT - Turbidity 9.7 NTU exceeds 5.0
2026-05-05 17:56:51,aquanet/water/ecoli,1100.0,ALERT - E.coli 1100.0 CFU/100ml exceeds 540.0
2026-05-05 17:56:51,aquanet/water/ph,7.57,OK
2026-05-05 17:56:51,aquanet/water/nitrate,0.094,OK
2026-05-05 17:56:51,aquanet/hydraulic/pressure,5.76,ALERT - Pressure 5.76 bar exceeds 5.0
2026-05-05 17:56:51,aquanet/hydraulic/flowrate,81.2,OK
2026-05-05 17:56:51,aquanet/alerts,ALERT E.COLI: 1100.0 CFU/100ml exceeds NPS-FM limit of 540.0 - BACTERIAL CONTAMINATION DETECTED,ALERT
2026-05-05 17:56:51,aquanet/alerts,ALERT TURBIDITY: 9.7 NTU exceeds 5.0 NTU - TREATMENT REQUIRED,ALERT
2026-05-05 17:56:51,aquanet/alerts,ALERT PRESSURE HIGH: 5.76 bar exceeds 4.0 bar - PIPE BURST RISK,ALERT
2026-05-05 17:57:01,aquanet/water/turbidity,8.0,ALERT - Turbidity 8.0 NTU exceeds 5.0
2026-05-05 17:57:01,aquanet/water/ecoli,400.0,OK
2026-05-05 17:57:01,aquanet/water/ph,7.58,OK
2026-05-05 17:57:01,aquanet/water/nitrate,0.48,OK
2026-05-05 17:57:01,aquanet/hydraulic/pressure,4.56,OK
2026-05-05 17:57:01,aquanet/hydraulic/flowrate,75.4,OK
2026-05-05 17:57:01,aquanet/alerts,ALERT TURBIDITY: 8.0 NTU exceeds 5.0 NTU - TREATMENT REQUIRED,ALERT
2026-05-05 17:57:01,aquanet/alerts,ALERT PRESSURE HIGH: 4.56 bar exceeds 4.0 bar - PIPE BURST RISK,ALERT
2026-05-05 17:57:11,aquanet/water/turbidity,9.6,ALERT - Turbidity 9.6 NTU exceeds 5.0
2026-05-05 17:57:11,aquanet/water/ecoli,1400.0,ALERT - E.coli 1400.0 CFU/100ml exceeds 540.0
2026-05-05 17:57:11,aquanet/water/ph,7.18,OK
2026-05-05 17:57:11,aquanet/water/nitrate,0.28,OK
2026-05-05 17:57:11,aquanet/hydraulic/pressure,4.93,OK
2026-05-05 17:57:11,aquanet/hydraulic/flowrate,78.6,OK
2026-05-05 17:57:11,aquanet/alerts,ALERT E.COLI: 1400.0 CFU/100ml exceeds NPS-FM limit of 540.0 - BACTERIAL CONTAMINATION DETECTED,ALERT
2026-05-05 17:57:11,aquanet/alerts,ALERT TURBIDITY: 9.6 NTU exceeds 5.0 NTU - TREATMENT REQUIRED,ALERT
2026-05-05 17:57:11,aquanet/alerts,ALERT PRESSURE HIGH: 4.93 bar exceeds 4.0 bar - PIPE BURST RISK,ALERT
2026-05-05 17:57:21,aquanet/water/turbidity,11.3,ALERT - Turbidity 11.3 NTU exceeds 5.0
2026-05-05 17:57:21,aquanet/water/ecoli,800.0,ALERT - E.coli 800.0 CFU/100ml exceeds 540.0
2026-05-05 17:57:21,aquanet/water/ph,7.25,OK
2026-05-05 17:57:21,aquanet/water/nitrate,0.58,OK
2026-05-05 17:57:21,aquanet/hydraulic/pressure,5.76,ALERT - Pressure 5.76 bar exceeds 5.0
2026-05-05 17:57:21,aquanet/hydraulic/flowrate,73.6,OK
2026-05-05 17:57:21,aquanet/alerts,ALERT E.COLI: 800.0 CFU/100ml exceeds NPS-FM limit of 540.0 - BACTERIAL CONTAMINATION DETECTED,ALERT
2026-05-05 17:57:21,aquanet/alerts,ALERT TURBIDITY: 11.3 NTU exceeds 5.0 NTU - TREATMENT REQUIRED,ALERT
2026-05-05 17:57:21,aquanet/alerts,ALERT PRESSURE HIGH: 5.76 bar exceeds 4.0 bar - PIPE BURST RISK,ALERT
2026-05-05 17:57:31,aquanet/water/turbidity,10.6,ALERT - Turbidity 10.6 NTU exceeds 5.0
2026-05-05 17:57:31,aquanet/water/ecoli,3600.0,ALERT - E.coli 3600.0 CFU/100ml exceeds 540.0
2026-05-05 17:57:31,aquanet/water/ph,7.59,OK
2026-05-05 17:57:31,aquanet/water/nitrate,0.53,OK
2026-05-05 17:57:31,aquanet/hydraulic/pressure,5.31,ALERT - Pressure 5.31 bar exceeds 5.0
2026-05-05 17:57:31,aquanet/hydraulic/flowrate,71.4,OK
2026-05-05 17:57:31,aquanet/alerts,ALERT E.COLI: 3600.0 CFU/100ml exceeds NPS-FM limit of 540.0 - BACTERIAL CONTAMINATION DETECTED,ALERT
2026-05-05 17:57:31,aquanet/alerts,ALERT TURBIDITY: 10.6 NTU exceeds 5.0 NTU - TREATMENT REQUIRED,ALERT
2026-05-05 17:57:31,aquanet/alerts,ALERT PRESSURE HIGH: 5.31 bar exceeds 4.0 bar - PIPE BURST RISK,ALERT
2026-05-05 17:57:41,aquanet/water/turbidity,12.0,ALERT - Turbidity 12.0 NTU exceeds 5.0
2026-05-05 17:57:41,aquanet/water/ecoli,2900.0,ALERT - E.coli 2900.0 CFU/100ml exceeds 540.0
2026-05-05 17:57:41,aquanet/water/ph,7.02,OK
2026-05-05 17:57:41,aquanet/water/nitrate,0.69,OK
2026-05-05 17:57:41,aquanet/hydraulic/pressure,5.27,ALERT - Pressure 5.27 bar exceeds 5.0
2026-05-05 17:57:41,aquanet/hydraulic/flowrate,99.0,OK
2026-05-05 17:57:41,aquanet/alerts,ALERT E.COLI: 2900.0 CFU/100ml exceeds NPS-FM limit of 540.0 - BACTERIAL CONTAMINATION DETECTED,ALERT
2026-05-05 17:57:41,aquanet/alerts,ALERT TURBIDITY: 12.0 NTU exceeds 5.0 NTU - TREATMENT REQUIRED,ALERT
2026-05-05 17:57:41,aquanet/alerts,ALERT PRESSURE HIGH: 5.27 bar exceeds 4.0 bar - PIPE BURST RISK,ALERT
2026-05-05 17:57:51,aquanet/water/turbidity,14.0,ALERT - Turbidity 14.0 NTU exceeds 5.0
2026-05-05 17:57:51,aquanet/water/ecoli,41000.0,ALERT - E.coli 41000.0 CFU/100ml exceeds 540.0
2026-05-05 17:57:51,aquanet/water/ph,7.18,OK
2026-05-05 17:57:51,aquanet/water/nitrate,0.53,OK
2026-05-05 17:57:51,aquanet/hydraulic/pressure,4.72,OK
2026-05-05 17:57:51,aquanet/hydraulic/flowrate,78.4,OK
2026-05-05 17:57:51,aquanet/alerts,ALERT E.COLI: 41000.0 CFU/100ml exceeds NPS-FM limit of 540.0 - BACTERIAL CONTAMINATION DETECTED,ALERT
2026-05-05 17:57:51,aquanet/alerts,ALERT TURBIDITY: 14.0 NTU exceeds 5.0 NTU - TREATMENT REQUIRED,ALERT
2026-05-05 17:57:51,aquanet/alerts,ALERT PRESSURE HIGH: 4.72 bar exceeds 4.0 bar - PIPE BURST RISK,ALERT
2026-05-05 17:58:01,aquanet/water/turbidity,8.3,ALERT - Turbidity 8.3 NTU exceeds 5.0
2026-05-05 17:58:01,aquanet/water/ecoli,2200.0,ALERT - E.coli 2200.0 CFU/100ml exceeds 540.0
2026-05-05 17:58:01,aquanet/water/ph,7.36,OK
2026-05-05 17:58:01,aquanet/water/nitrate,0.57,OK
2026-05-05 17:58:01,aquanet/hydraulic/pressure,5.41,ALERT - Pressure 5.41 bar exceeds 5.0
2026-05-05 17:58:01,aquanet/hydraulic/flowrate,84.8,OK
2026-05-05 17:58:01,aquanet/alerts,ALERT E.COLI: 2200.0 CFU/100ml exceeds NPS-FM limit of 540.0 - BACTERIAL CONTAMINATION DETECTED,ALERT
2026-05-05 17:58:01,aquanet/alerts,ALERT TURBIDITY: 8.3 NTU exceeds 5.0 NTU - TREATMENT REQUIRED,ALERT
2026-05-05 17:58:01,aquanet/alerts,ALERT PRESSURE HIGH: 5.41 bar exceeds 4.0 bar - PIPE BURST RISK,ALERT
2026-05-05 17:58:11,aquanet/water/turbidity,12.4,ALERT - Turbidity 12.4 NTU exceeds 5.0
2026-05-05 17:58:11,aquanet/water/ecoli,10.0,OK
2026-05-05 17:58:11,aquanet/water/ph,7.19,OK
2026-05-05 17:58:11,aquanet/water/nitrate,0.27,OK
2026-05-05 17:58:11,aquanet/hydraulic/pressure,5.25,ALERT - Pressure 5.25 bar exceeds 5.0
2026-05-05 17:58:11,aquanet/hydraulic/flowrate,88.3,OK
2026-05-05 17:58:11,aquanet/alerts,ALERT TURBIDITY: 12.4 NTU exceeds 5.0 NTU - TREATMENT REQUIRED,ALERT
2026-05-05 17:58:11,aquanet/alerts,ALERT PRESSURE HIGH: 5.25 bar exceeds 4.0 bar - PIPE BURST RISK,ALERT
2026-05-05 17:58:21,aquanet/water/turbidity,12.7,ALERT - Turbidity 12.7 NTU exceeds 5.0
2026-05-05 17:58:21,aquanet/water/ecoli,900.0,ALERT - E.coli 900.0 CFU/100ml exceeds 540.0
2026-05-05 17:58:21,aquanet/water/ph,7.04,OK
2026-05-05 17:58:21,aquanet/water/nitrate,0.012,OK
2026-05-05 17:58:21,aquanet/hydraulic/pressure,5.52,ALERT - Pressure 5.52 bar exceeds 5.0
2026-05-05 17:58:21,aquanet/hydraulic/flowrate,81.8,OK
2026-05-05 17:58:21,aquanet/alerts,ALERT E.COLI: 900.0 CFU/100ml exceeds NPS-FM limit of 540.0 - BACTERIAL CONTAMINATION DETECTED,ALERT
2026-05-05 17:58:21,aquanet/alerts,ALERT TURBIDITY: 12.7 NTU exceeds 5.0 NTU - TREATMENT REQUIRED,ALERT
2026-05-05 17:58:21,aquanet/alerts,ALERT PRESSURE HIGH: 5.52 bar exceeds 4.0 bar - PIPE BURST RISK,ALERT
2026-05-05 17:58:31,aquanet/water/turbidity,17.7,ALERT - Turbidity 17.7 NTU exceeds 5.0
2026-05-05 17:58:31,aquanet/water/ecoli,500.0,OK
2026-05-05 17:58:31,aquanet/water/ph,7.12,OK
2026-05-05 17:58:31,aquanet/water/nitrate,0.45,OK
2026-05-05 17:58:31,aquanet/hydraulic/pressure,3.06,OK
2026-05-05 17:58:31,aquanet/hydraulic/flowrate,73.6,OK
2026-05-05 17:58:31,aquanet/alerts,ALERT TURBIDITY: 17.7 NTU exceeds 5.0 NTU - TREATMENT REQUIRED,ALERT
2026-05-05 17:58:41,aquanet/water/turbidity,9.7,ALERT - Turbidity 9.7 NTU exceeds 5.0
2026-05-05 17:58:41,aquanet/water/ecoli,240.0,OK
2026-05-05 17:58:41,aquanet/water/ph,7.03,OK
2026-05-05 17:58:41,aquanet/water/nitrate,0.3,OK
2026-05-05 17:58:41,aquanet/hydraulic/pressure,4.97,OK
2026-05-05 17:58:41,aquanet/hydraulic/flowrate,87.2,OK
2026-05-05 17:58:41,aquanet/alerts,ALERT TURBIDITY: 9.7 NTU exceeds 5.0 NTU - TREATMENT REQUIRED,ALERT
2026-05-05 17:58:41,aquanet/alerts,ALERT PRESSURE HIGH: 4.97 bar exceeds 4.0 bar - PIPE BURST RISK,ALERT
2026-05-05 17:58:51,aquanet/water/turbidity,31.0,ALERT - Turbidity 31.0 NTU exceeds 5.0
2026-05-05 17:58:51,aquanet/water/ecoli,500.0,OK
2026-05-05 17:58:51,aquanet/water/ph,7.12,OK
2026-05-05 17:58:51,aquanet/water/nitrate,0.3,OK
2026-05-05 17:58:51,aquanet/hydraulic/pressure,5.96,ALERT - Pressure 5.96 bar exceeds 5.0
2026-05-05 17:58:51,aquanet/hydraulic/flowrate,80.1,OK
2026-05-05 17:58:51,aquanet/alerts,ALERT TURBIDITY: 31.0 NTU exceeds 5.0 NTU - TREATMENT REQUIRED,ALERT
2026-05-05 17:58:51,aquanet/alerts,ALERT PRESSURE HIGH: 5.96 bar exceeds 4.0 bar - PIPE BURST RISK,ALERT
2026-05-05 17:59:01,aquanet/water/turbidity,11.3,ALERT - Turbidity 11.3 NTU exceeds 5.0
2026-05-05 17:59:01,aquanet/water/ecoli,600.0,ALERT - E.coli 600.0 CFU/100ml exceeds 540.0
2026-05-05 17:59:01,aquanet/water/ph,6.96,OK
2026-05-05 17:59:01,aquanet/water/nitrate,0.28,OK
2026-05-05 17:59:01,aquanet/hydraulic/pressure,5.59,ALERT - Pressure 5.59 bar exceeds 5.0
2026-05-05 17:59:01,aquanet/hydraulic/flowrate,71.0,OK
2026-05-05 17:59:01,aquanet/alerts,ALERT E.COLI: 600.0 CFU/100ml exceeds NPS-FM limit of 540.0 - BACTERIAL CONTAMINATION DETECTED,ALERT
2026-05-05 17:59:01,aquanet/alerts,ALERT TURBIDITY: 11.3 NTU exceeds 5.0 NTU - TREATMENT REQUIRED,ALERT
2026-05-05 17:59:01,aquanet/alerts,ALERT PRESSURE HIGH: 5.59 bar exceeds 4.0 bar - PIPE BURST RISK,ALERT
2026-05-05 17:59:11,aquanet/water/turbidity,5.3,ALERT - Turbidity 5.3 NTU exceeds 5.0
2026-05-05 17:59:11,aquanet/water/ecoli,1900.0,ALERT - E.coli 1900.0 CFU/100ml exceeds 540.0
2026-05-05 17:59:11,aquanet/water/ph,7.03,OK
2026-05-05 17:59:11,aquanet/water/nitrate,0.72,OK
2026-05-05 17:59:11,aquanet/hydraulic/pressure,5.42,ALERT - Pressure 5.42 bar exceeds 5.0
2026-05-05 17:59:11,aquanet/hydraulic/flowrate,75.5,OK
2026-05-05 17:59:11,aquanet/alerts,ALERT E.COLI: 1900.0 CFU/100ml exceeds NPS-FM limit of 540.0 - BACTERIAL CONTAMINATION DETECTED,ALERT
2026-05-05 17:59:11,aquanet/alerts,ALERT TURBIDITY: 5.3 NTU exceeds 5.0 NTU - TREATMENT REQUIRED,ALERT
2026-05-05 17:59:11,aquanet/alerts,ALERT PRESSURE HIGH: 5.42 bar exceeds 4.0 bar - PIPE BURST RISK,ALERT
2026-05-05 17:59:21,aquanet/water/turbidity,7.5,ALERT - Turbidity 7.5 NTU exceeds 5.0
2026-05-05 17:59:21,aquanet/water/ecoli,400.0,OK
2026-05-05 17:59:21,aquanet/water/ph,6.91,OK
2026-05-05 17:59:21,aquanet/water/nitrate,0.6,OK
2026-05-05 17:59:21,aquanet/hydraulic/pressure,5.25,ALERT - Pressure 5.25 bar exceeds 5.0
2026-05-05 17:59:21,aquanet/hydraulic/flowrate,94.2,OK
2026-05-05 17:59:21,aquanet/alerts,ALERT TURBIDITY: 7.5 NTU exceeds 5.0 NTU - TREATMENT REQUIRED,ALERT
2026-05-05 17:59:21,aquanet/alerts,ALERT PRESSURE HIGH: 5.25 bar exceeds 4.0 bar - PIPE BURST RISK,ALERT
2026-05-05 17:59:31,aquanet/water/turbidity,14.0,ALERT - Turbidity 14.0 NTU exceeds 5.0
2026-05-05 17:59:31,aquanet/water/ecoli,5000.0,ALERT - E.coli 5000.0 CFU/100ml exceeds 540.0
2026-05-05 17:59:31,aquanet/water/ph,6.61,OK
2026-05-05 17:59:31,aquanet/water/nitrate,0.48,OK
2026-05-05 17:59:31,aquanet/hydraulic/pressure,4.93,OK
2026-05-05 17:59:31,aquanet/hydraulic/flowrate,76.3,OK
2026-05-05 17:59:31,aquanet/alerts,ALERT E.COLI: 5000.0 CFU/100ml exceeds NPS-FM limit of 540.0 - BACTERIAL CONTAMINATION DETECTED,ALERT
2026-05-05 17:59:31,aquanet/alerts,ALERT TURBIDITY: 14.0 NTU exceeds 5.0 NTU - TREATMENT REQUIRED,ALERT
2026-05-05 17:59:31,aquanet/alerts,ALERT PRESSURE HIGH: 4.93 bar exceeds 4.0 bar - PIPE BURST RISK,ALERT
2026-05-05 17:59:41,aquanet/water/turbidity,13.2,ALERT - Turbidity 13.2 NTU exceeds 5.0
2026-05-05 17:59:41,aquanet/water/ecoli,2300.0,ALERT - E.coli 2300.0 CFU/100ml exceeds 540.0
2026-05-05 17:59:41,aquanet/water/ph,6.89,OK
2026-05-05 17:59:41,aquanet/water/nitrate,0.4,OK
2026-05-05 17:59:41,aquanet/hydraulic/pressure,5.19,ALERT - Pressure 5.19 bar exceeds 5.0
2026-05-05 17:59:41,aquanet/hydraulic/flowrate,76.9,OK
2026-05-05 17:59:41,aquanet/alerts,ALERT E.COLI: 2300.0 CFU/100ml exceeds NPS-FM limit of 540.0 - BACTERIAL CONTAMINATION DETECTED,ALERT
2026-05-05 17:59:41,aquanet/alerts,ALERT TURBIDITY: 13.2 NTU exceeds 5.0 NTU - TREATMENT REQUIRED,ALERT
2026-05-05 17:59:41,aquanet/alerts,ALERT PRESSURE HIGH: 5.19 bar exceeds 4.0 bar - PIPE BURST RISK,ALERT
2026-05-05 17:59:51,aquanet/water/turbidity,7.6,ALERT - Turbidity 7.6 NTU exceeds 5.0
2026-05-05 17:59:51,aquanet/water/ecoli,2900.0,ALERT - E.coli 2900.0 CFU/100ml exceeds 540.0
2026-05-05 17:59:51,aquanet/water/ph,7.31,OK
2026-05-05 17:59:51,aquanet/water/nitrate,0.36,OK
2026-05-05 17:59:51,aquanet/hydraulic/pressure,5.47,ALERT - Pressure 5.47 bar exceeds 5.0
2026-05-05 17:59:51,aquanet/hydraulic/flowrate,95.8,OK
2026-05-05 17:59:51,aquanet/alerts,ALERT E.COLI: 2900.0 CFU/100ml exceeds NPS-FM limit of 540.0 - BACTERIAL CONTAMINATION DETECTED,ALERT
2026-05-05 17:59:51,aquanet/alerts,ALERT TURBIDITY: 7.6 NTU exceeds 5.0 NTU - TREATMENT REQUIRED,ALERT
2026-05-05 17:59:51,aquanet/alerts,ALERT PRESSURE HIGH: 5.47 bar exceeds 4.0 bar - PIPE BURST RISK,ALERT
2026-05-05 18:00:01,aquanet/water/turbidity,10.0,ALERT - Turbidity 10.0 NTU exceeds 5.0
2026-05-05 18:00:01,aquanet/water/ecoli,1500.0,ALERT - E.coli 1500.0 CFU/100ml exceeds 540.0
2026-05-05 18:00:01,aquanet/water/ph,6.97,OK
2026-05-05 18:00:01,aquanet/water/nitrate,0.34,OK
2026-05-05 18:00:01,aquanet/hydraulic/pressure,3.04,OK
2026-05-05 18:00:01,aquanet/hydraulic/flowrate,90.6,OK
2026-05-05 18:00:01,aquanet/alerts,ALERT E.COLI: 1500.0 CFU/100ml exceeds NPS-FM limit of 540.0 - BACTERIAL CONTAMINATION DETECTED,ALERT
2026-05-05 18:00:01,aquanet/alerts,ALERT TURBIDITY: 10.0 NTU exceeds 5.0 NTU - TREATMENT REQUIRED,ALERT
2026-05-05 18:00:11,aquanet/water/turbidity,10.8,ALERT - Turbidity 10.8 NTU exceeds 5.0
2026-05-05 18:00:11,aquanet/water/ecoli,2200.0,ALERT - E.coli 2200.0 CFU/100ml exceeds 540.0
2026-05-05 18:00:11,aquanet/water/ph,6.85,OK
2026-05-05 18:00:11,aquanet/water/nitrate,0.3,OK
2026-05-05 18:00:11,aquanet/hydraulic/pressure,5.47,ALERT - Pressure 5.47 bar exceeds 5.0
2026-05-05 18:00:11,aquanet/hydraulic/flowrate,82.9,OK
2026-05-05 18:00:11,aquanet/alerts,ALERT E.COLI: 2200.0 CFU/100ml exceeds NPS-FM limit of 540.0 - BACTERIAL CONTAMINATION DETECTED,ALERT
2026-05-05 18:00:11,aquanet/alerts,ALERT TURBIDITY: 10.8 NTU exceeds 5.0 NTU - TREATMENT REQUIRED,ALERT
2026-05-05 18:00:11,aquanet/alerts,ALERT PRESSURE HIGH: 5.47 bar exceeds 4.0 bar - PIPE BURST RISK,ALERT
2026-05-05 18:00:21,aquanet/water/turbidity,7.8,ALERT - Turbidity 7.8 NTU exceeds 5.0
2026-05-05 18:00:21,aquanet/water/ecoli,1000.0,ALERT - E.coli 1000.0 CFU/100ml exceeds 540.0
2026-05-05 18:00:21,aquanet/water/ph,7.17,OK
2026-05-05 18:00:21,aquanet/water/nitrate,0.31,OK
2026-05-05 18:00:21,aquanet/hydraulic/pressure,5.09,ALERT - Pressure 5.09 bar exceeds 5.0
2026-05-05 18:00:21,aquanet/hydraulic/flowrate,75.4,OK
2026-05-05 18:00:21,aquanet/alerts,ALERT E.COLI: 1000.0 CFU/100ml exceeds NPS-FM limit of 540.0 - BACTERIAL CONTAMINATION DETECTED,ALERT
2026-05-05 18:00:21,aquanet/alerts,ALERT TURBIDITY: 7.8 NTU exceeds 5.0 NTU - TREATMENT REQUIRED,ALERT
2026-05-05 18:00:21,aquanet/alerts,ALERT PRESSURE HIGH: 5.09 bar exceeds 4.0 bar - PIPE BURST RISK,ALERT
2026-05-05 18:00:31,aquanet/water/turbidity,10.3,ALERT - Turbidity 10.3 NTU exceeds 5.0
2026-05-05 18:00:31,aquanet/water/ecoli,5000.0,ALERT - E.coli 5000.0 CFU/100ml exceeds 540.0
2026-05-05 18:00:31,aquanet/water/ph,7.18,OK
2026-05-05 18:00:31,aquanet/water/nitrate,0.31,OK
2026-05-05 18:00:31,aquanet/hydraulic/pressure,5.05,ALERT - Pressure 5.05 bar exceeds 5.0
2026-05-05 18:00:31,aquanet/hydraulic/flowrate,87.6,OK
2026-05-05 18:00:31,aquanet/alerts,ALERT E.COLI: 5000.0 CFU/100ml exceeds NPS-FM limit of 540.0 - BACTERIAL CONTAMINATION DETECTED,ALERT
2026-05-05 18:00:31,aquanet/alerts,ALERT TURBIDITY: 10.3 NTU exceeds 5.0 NTU - TREATMENT REQUIRED,ALERT
2026-05-05 18:00:31,aquanet/alerts,ALERT PRESSURE HIGH: 5.05 bar exceeds 4.0 bar - PIPE BURST RISK,ALERT
2026-05-05 18:00:41,aquanet/water/turbidity,11.6,ALERT - Turbidity 11.6 NTU exceeds 5.0
2026-05-05 18:00:41,aquanet/water/ecoli,13000.0,ALERT - E.coli 13000.0 CFU/100ml exceeds 540.0
2026-05-05 18:00:41,aquanet/water/ph,7.13,OK
2026-05-05 18:00:41,aquanet/water/nitrate,0.24,OK
2026-05-05 18:00:41,aquanet/hydraulic/pressure,5.47,ALERT - Pressure 5.47 bar exceeds 5.0
2026-05-05 18:00:41,aquanet/hydraulic/flowrate,87.9,OK
2026-05-05 18:00:41,aquanet/alerts,ALERT E.COLI: 13000.0 CFU/100ml exceeds NPS-FM limit of 540.0 - BACTERIAL CONTAMINATION DETECTED,ALERT
2026-05-05 18:00:41,aquanet/alerts,ALERT TURBIDITY: 11.6 NTU exceeds 5.0 NTU - TREATMENT REQUIRED,ALERT
2026-05-05 18:00:41,aquanet/alerts,ALERT PRESSURE HIGH: 5.47 bar exceeds 4.0 bar - PIPE BURST RISK,ALERT
2026-05-05 18:00:51,aquanet/water/turbidity,12.3,ALERT - Turbidity 12.3 NTU exceeds 5.0
2026-05-05 18:00:51,aquanet/water/ecoli,300.0,OK
2026-05-05 18:00:51,aquanet/water/ph,7.05,OK
2026-05-05 18:00:51,aquanet/water/nitrate,0.21,OK
2026-05-05 18:00:51,aquanet/hydraulic/pressure,3.31,OK
2026-05-05 18:00:51,aquanet/hydraulic/flowrate,89.2,OK
2026-05-05 18:00:51,aquanet/alerts,ALERT TURBIDITY: 12.3 NTU exceeds 5.0 NTU - TREATMENT REQUIRED,ALERT
2026-05-05 18:01:01,aquanet/water/turbidity,9.5,ALERT - Turbidity 9.5 NTU exceeds 5.0
2026-05-05 18:01:01,aquanet/water/ecoli,700.0,ALERT - E.coli 700.0 CFU/100ml exceeds 540.0
2026-05-05 18:01:01,aquanet/water/ph,7.1,OK
2026-05-05 18:01:01,aquanet/water/nitrate,0.29,OK
2026-05-05 18:01:01,aquanet/hydraulic/pressure,3.22,OK
2026-05-05 18:01:01,aquanet/hydraulic/flowrate,90.5,OK
2026-05-05 18:01:01,aquanet/alerts,ALERT E.COLI: 700.0 CFU/100ml exceeds NPS-FM limit of 540.0 - BACTERIAL CONTAMINATION DETECTED,ALERT
2026-05-05 18:01:01,aquanet/alerts,ALERT TURBIDITY: 9.5 NTU exceeds 5.0 NTU - TREATMENT REQUIRED,ALERT
2026-05-05 18:01:11,aquanet/water/turbidity,15.5,ALERT - Turbidity 15.5 NTU exceeds 5.0
2026-05-05 18:01:11,aquanet/water/ecoli,1600.0,ALERT - E.coli 1600.0 CFU/100ml exceeds 540.0
2026-05-05 18:01:11,aquanet/water/ph,6.96,OK
2026-05-05 18:01:11,aquanet/water/nitrate,0.4,OK
2026-05-05 18:01:11,aquanet/hydraulic/pressure,5.7,ALERT - Pressure 5.7 bar exceeds 5.0
2026-05-05 18:01:11,aquanet/hydraulic/flowrate,82.7,OK
2026-05-05 18:01:11,aquanet/alerts,ALERT E.COLI: 1600.0 CFU/100ml exceeds NPS-FM limit of 540.0 - BACTERIAL CONTAMINATION DETECTED,ALERT
2026-05-05 18:01:12,aquanet/alerts,ALERT TURBIDITY: 15.5 NTU exceeds 5.0 NTU - TREATMENT REQUIRED,ALERT
2026-05-05 18:01:12,aquanet/alerts,ALERT PRESSURE HIGH: 5.7 bar exceeds 4.0 bar - PIPE BURST RISK,ALERT
2026-05-05 18:01:21,aquanet/water/turbidity,12.1,ALERT - Turbidity 12.1 NTU exceeds 5.0
2026-05-05 18:01:21,aquanet/water/ecoli,400.0,OK
2026-05-05 18:01:21,aquanet/water/ph,7.01,OK
2026-05-05 18:01:21,aquanet/water/nitrate,0.38,OK
2026-05-05 18:01:21,aquanet/hydraulic/pressure,5.5,ALERT - Pressure 5.5 bar exceeds 5.0
2026-05-05 18:01:21,aquanet/hydraulic/flowrate,83.9,OK
2026-05-05 18:01:21,aquanet/alerts,ALERT TURBIDITY: 12.1 NTU exceeds 5.0 NTU - TREATMENT REQUIRED,ALERT
2026-05-05 18:01:22,aquanet/alerts,ALERT PRESSURE HIGH: 5.5 bar exceeds 4.0 bar - PIPE BURST RISK,ALERT
2026-05-05 18:01:32,aquanet/water/turbidity,13.8,ALERT - Turbidity 13.8 NTU exceeds 5.0
2026-05-05 18:01:32,aquanet/water/ecoli,13000.0,ALERT - E.coli 13000.0 CFU/100ml exceeds 540.0
2026-05-05 18:01:32,aquanet/water/ph,7.17,OK
2026-05-05 18:01:32,aquanet/water/nitrate,0.137,OK
2026-05-05 18:01:32,aquanet/hydraulic/pressure,3.23,OK
2026-05-05 18:01:32,aquanet/hydraulic/flowrate,96.4,OK
2026-05-05 18:01:32,aquanet/alerts,ALERT E.COLI: 13000.0 CFU/100ml exceeds NPS-FM limit of 540.0 - BACTERIAL CONTAMINATION DETECTED,ALERT
2026-05-05 18:01:32,aquanet/alerts,ALERT TURBIDITY: 13.8 NTU exceeds 5.0 NTU - TREATMENT REQUIRED,ALERT
2026-05-05 18:01:42,aquanet/water/turbidity,14.2,ALERT - Turbidity 14.2 NTU exceeds 5.0
2026-05-05 18:01:42,aquanet/water/ecoli,2000.0,ALERT - E.coli 2000.0 CFU/100ml exceeds 540.0
2026-05-05 18:01:42,aquanet/water/ph,7.05,OK
2026-05-05 18:01:42,aquanet/water/nitrate,0.4,OK
2026-05-05 18:01:42,aquanet/hydraulic/pressure,3.34,OK
2026-05-05 18:01:42,aquanet/hydraulic/flowrate,91.6,OK
2026-05-05 18:01:42,aquanet/alerts,ALERT E.COLI: 2000.0 CFU/100ml exceeds NPS-FM limit of 540.0 - BACTERIAL CONTAMINATION DETECTED,ALERT
2026-05-05 18:01:42,aquanet/alerts,ALERT TURBIDITY: 14.2 NTU exceeds 5.0 NTU - TREATMENT REQUIRED,ALERT
2026-05-05 18:01:52,aquanet/water/turbidity,6.8,ALERT - Turbidity 6.8 NTU exceeds 5.0
2026-05-05 18:01:52,aquanet/water/ecoli,1500.0,ALERT - E.coli 1500.0 CFU/100ml exceeds 540.0
2026-05-05 18:01:52,aquanet/water/ph,7.11,OK
2026-05-05 18:01:52,aquanet/water/nitrate,0.51,OK
2026-05-05 18:01:52,aquanet/hydraulic/pressure,5.6,ALERT - Pressure 5.6 bar exceeds 5.0
2026-05-05 18:01:52,aquanet/hydraulic/flowrate,91.6,OK
2026-05-05 18:01:52,aquanet/alerts,ALERT E.COLI: 1500.0 CFU/100ml exceeds NPS-FM limit of 540.0 - BACTERIAL CONTAMINATION DETECTED,ALERT
2026-05-05 18:01:52,aquanet/alerts,ALERT TURBIDITY: 6.8 NTU exceeds 5.0 NTU - TREATMENT REQUIRED,ALERT
2026-05-05 18:01:52,aquanet/alerts,ALERT PRESSURE HIGH: 5.6 bar exceeds 4.0 bar - PIPE BURST RISK,ALERT
2026-05-05 18:02:02,aquanet/water/turbidity,6.5,ALERT - Turbidity 6.5 NTU exceeds 5.0
2026-05-05 18:02:02,aquanet/water/ecoli,1900.0,ALERT - E.coli 1900.0 CFU/100ml exceeds 540.0
2026-05-05 18:02:02,aquanet/water/ph,7.3,OK
2026-05-05 18:02:02,aquanet/water/nitrate,0.47,OK
2026-05-05 18:02:02,aquanet/hydraulic/pressure,4.7,OK
2026-05-05 18:02:02,aquanet/hydraulic/flowrate,72.6,OK
2026-05-05 18:02:02,aquanet/alerts,ALERT E.COLI: 1900.0 CFU/100ml exceeds NPS-FM limit of 540.0 - BACTERIAL CONTAMINATION DETECTED,ALERT
2026-05-05 18:02:02,aquanet/alerts,ALERT TURBIDITY: 6.5 NTU exceeds 5.0 NTU - TREATMENT REQUIRED,ALERT
2026-05-05 18:02:02,aquanet/alerts,ALERT PRESSURE HIGH: 4.7 bar exceeds 4.0 bar - PIPE BURST RISK,ALERT
2026-05-05 18:02:12,aquanet/water/turbidity,7.5,ALERT - Turbidity 7.5 NTU exceeds 5.0
2026-05-05 18:02:12,aquanet/water/ecoli,1100.0,ALERT - E.coli 1100.0 CFU/100ml exceeds 540.0
2026-05-05 18:02:12,aquanet/water/ph,7.13,OK
2026-05-05 18:02:12,aquanet/water/nitrate,0.35,OK
2026-05-05 18:02:12,aquanet/hydraulic/pressure,5.46,ALERT - Pressure 5.46 bar exceeds 5.0
2026-05-05 18:02:12,aquanet/hydraulic/flowrate,71.9,OK
2026-05-05 18:02:12,aquanet/alerts,ALERT E.COLI: 1100.0 CFU/100ml exceeds NPS-FM limit of 540.0 - BACTERIAL CONTAMINATION DETECTED,ALERT
2026-05-05 18:02:12,aquanet/alerts,ALERT TURBIDITY: 7.5 NTU exceeds 5.0 NTU - TREATMENT REQUIRED,ALERT
2026-05-05 18:02:12,aquanet/alerts,ALERT PRESSURE HIGH: 5.46 bar exceeds 4.0 bar - PIPE BURST RISK,ALERT
2026-05-05 18:02:22,aquanet/water/turbidity,6.7,ALERT - Turbidity 6.7 NTU exceeds 5.0
2026-05-05 18:02:22,aquanet/water/ecoli,1800.0,ALERT - E.coli 1800.0 CFU/100ml exceeds 540.0
2026-05-05 18:02:22,aquanet/water/ph,7.13,OK
2026-05-05 18:02:22,aquanet/water/nitrate,0.39,OK
2026-05-05 18:02:22,aquanet/hydraulic/pressure,2.87,OK
2026-05-05 18:02:22,aquanet/hydraulic/flowrate,90.7,OK
2026-05-05 18:02:22,aquanet/alerts,ALERT E.COLI: 1800.0 CFU/100ml exceeds NPS-FM limit of 540.0 - BACTERIAL CONTAMINATION DETECTED,ALERT
2026-05-05 18:02:22,aquanet/alerts,ALERT TURBIDITY: 6.7 NTU exceeds 5.0 NTU - TREATMENT REQUIRED,ALERT
2026-05-05 18:02:32,aquanet/water/turbidity,20.0,ALERT - Turbidity 20.0 NTU exceeds 5.0
2026-05-05 18:02:32,aquanet/water/ecoli,1600.0,ALERT - E.coli 1600.0 CFU/100ml exceeds 540.0
2026-05-05 18:02:32,aquanet/water/ph,6.97,OK
2026-05-05 18:02:32,aquanet/water/nitrate,0.34,OK
2026-05-05 18:02:32,aquanet/hydraulic/pressure,4.96,OK
2026-05-05 18:02:32,aquanet/hydraulic/flowrate,75.8,OK
2026-05-05 18:02:32,aquanet/alerts,ALERT E.COLI: 1600.0 CFU/100ml exceeds NPS-FM limit of 540.0 - BACTERIAL CONTAMINATION DETECTED,ALERT
2026-05-05 18:02:32,aquanet/alerts,ALERT TURBIDITY: 20.0 NTU exceeds 5.0 NTU - TREATMENT REQUIRED,ALERT
2026-05-05 18:02:32,aquanet/alerts,ALERT PRESSURE HIGH: 4.96 bar exceeds 4.0 bar - PIPE BURST RISK,ALERT
2026-05-05 18:02:49,aquanet/water/turbidity,17.4,ALERT - Turbidity 17.4 NTU exceeds 5.0
2026-05-05 18:02:49,aquanet/water/ecoli,4500.0,ALERT - E.coli 4500.0 CFU/100ml exceeds 540.0
2026-05-05 18:02:49,aquanet/water/ph,7.08,OK
2026-05-05 18:02:49,aquanet/water/nitrate,0.37,OK
2026-05-05 18:02:49,aquanet/hydraulic/pressure,4.59,OK
2026-05-05 18:02:49,aquanet/hydraulic/flowrate,71.1,OK
2026-05-05 18:02:49,aquanet/alerts,ALERT E.COLI: 4500.0 CFU/100ml exceeds NPS-FM limit of 540.0 - BACTERIAL CONTAMINATION DETECTED,ALERT
2026-05-05 18:02:49,aquanet/alerts,ALERT TURBIDITY: 17.4 NTU exceeds 5.0 NTU - TREATMENT REQUIRED,ALERT
2026-05-05 18:02:49,aquanet/alerts,ALERT PRESSURE HIGH: 4.59 bar exceeds 4.0 bar - PIPE BURST RISK,ALERT
2026-05-05 18:02:59,aquanet/water/turbidity,15.0,ALERT - Turbidity 15.0 NTU exceeds 5.0
2026-05-05 18:02:59,aquanet/water/ecoli,12000.0,ALERT - E.coli 12000.0 CFU/100ml exceeds 540.0
2026-05-05 18:02:59,aquanet/water/ph,6.92,OK
2026-05-05 18:02:59,aquanet/water/nitrate,0.5,OK
2026-05-05 18:02:59,aquanet/hydraulic/pressure,4.97,OK
2026-05-05 18:02:59,aquanet/hydraulic/flowrate,99.7,OK
2026-05-05 18:02:59,aquanet/alerts,ALERT E.COLI: 12000.0 CFU/100ml exceeds NPS-FM limit of 540.0 - BACTERIAL CONTAMINATION DETECTED,ALERT
2026-05-05 18:02:59,aquanet/alerts,ALERT TURBIDITY: 15.0 NTU exceeds 5.0 NTU - TREATMENT REQUIRED,ALERT
2026-05-05 18:02:59,aquanet/alerts,ALERT PRESSURE HIGH: 4.97 bar exceeds 4.0 bar - PIPE BURST RISK,ALERT
2026-05-05 18:03:09,aquanet/water/turbidity,12.8,ALERT - Turbidity 12.8 NTU exceeds 5.0
2026-05-05 18:03:09,aquanet/water/ecoli,3500.0,ALERT - E.coli 3500.0 CFU/100ml exceeds 540.0
2026-05-05 18:03:09,aquanet/water/ph,6.93,OK
2026-05-05 18:03:09,aquanet/water/nitrate,0.57,OK
2026-05-05 18:03:09,aquanet/hydraulic/pressure,2.98,OK
2026-05-05 18:03:09,aquanet/hydraulic/flowrate,73.4,OK
2026-05-05 18:03:09,aquanet/alerts,ALERT E.COLI: 3500.0 CFU/100ml exceeds NPS-FM limit of 540.0 - BACTERIAL CONTAMINATION DETECTED,ALERT
2026-05-05 18:03:09,aquanet/alerts,ALERT TURBIDITY: 12.8 NTU exceeds 5.0 NTU - TREATMENT REQUIRED,ALERT
2026-05-05 18:03:19,aquanet/water/turbidity,8.2,ALERT - Turbidity 8.2 NTU exceeds 5.0
2026-05-05 18:03:19,aquanet/water/ecoli,3400.0,ALERT - E.coli 3400.0 CFU/100ml exceeds 540.0
2026-05-05 18:03:19,aquanet/water/ph,6.87,OK
2026-05-05 18:03:19,aquanet/water/nitrate,0.41,OK
2026-05-05 18:03:19,aquanet/hydraulic/pressure,5.91,ALERT - Pressure 5.91 bar exceeds 5.0
2026-05-05 18:03:19,aquanet/hydraulic/flowrate,91.1,OK
2026-05-05 18:03:19,aquanet/alerts,ALERT E.COLI: 3400.0 CFU/100ml exceeds NPS-FM limit of 540.0 - BACTERIAL CONTAMINATION DETECTED,ALERT
2026-05-05 18:03:19,aquanet/alerts,ALERT TURBIDITY: 8.2 NTU exceeds 5.0 NTU - TREATMENT REQUIRED,ALERT
2026-05-05 18:03:19,aquanet/alerts,ALERT PRESSURE HIGH: 5.91 bar exceeds 4.0 bar - PIPE BURST RISK,ALERT
2026-05-05 18:03:29,aquanet/water/turbidity,11.1,ALERT - Turbidity 11.1 NTU exceeds 5.0
2026-05-05 18:03:29,aquanet/water/ecoli,2300.0,ALERT - E.coli 2300.0 CFU/100ml exceeds 540.0
2026-05-05 18:03:29,aquanet/water/ph,6.9,OK
2026-05-05 18:03:29,aquanet/water/nitrate,0.35,OK
2026-05-05 18:03:29,aquanet/hydraulic/pressure,4.91,OK
2026-05-05 18:03:29,aquanet/hydraulic/flowrate,72.2,OK
2026-05-05 18:03:29,aquanet/alerts,ALERT E.COLI: 2300.0 CFU/100ml exceeds NPS-FM limit of 540.0 - BACTERIAL CONTAMINATION DETECTED,ALERT
2026-05-05 18:03:29,aquanet/alerts,ALERT TURBIDITY: 11.1 NTU exceeds 5.0 NTU - TREATMENT REQUIRED,ALERT
2026-05-05 18:03:29,aquanet/alerts,ALERT PRESSURE HIGH: 4.91 bar exceeds 4.0 bar - PIPE BURST RISK,ALERT
2026-05-05 18:03:39,aquanet/water/turbidity,9.9,ALERT - Turbidity 9.9 NTU exceeds 5.0
2026-05-05 18:03:39,aquanet/water/ecoli,1800.0,ALERT - E.coli 1800.0 CFU/100ml exceeds 540.0
2026-05-05 18:03:39,aquanet/water/ph,7.29,OK
2026-05-05 18:03:39,aquanet/water/nitrate,0.44,OK
2026-05-05 18:03:39,aquanet/hydraulic/pressure,5.44,ALERT - Pressure 5.44 bar exceeds 5.0
2026-05-05 18:03:39,aquanet/hydraulic/flowrate,71.0,OK
2026-05-05 18:03:39,aquanet/alerts,ALERT E.COLI: 1800.0 CFU/100ml exceeds NPS-FM limit of 540.0 - BACTERIAL CONTAMINATION DETECTED,ALERT
2026-05-05 18:03:39,aquanet/alerts,ALERT TURBIDITY: 9.9 NTU exceeds 5.0 NTU - TREATMENT REQUIRED,ALERT
2026-05-05 18:03:39,aquanet/alerts,ALERT PRESSURE HIGH: 5.44 bar exceeds 4.0 bar - PIPE BURST RISK,ALERT
2026-05-05 18:03:49,aquanet/water/turbidity,7.6,ALERT - Turbidity 7.6 NTU exceeds 5.0
2026-05-05 18:03:49,aquanet/water/ecoli,1300.0,ALERT - E.coli 1300.0 CFU/100ml exceeds 540.0
2026-05-05 18:03:49,aquanet/water/ph,7.04,OK
2026-05-05 18:03:49,aquanet/water/nitrate,0.41,OK
2026-05-05 18:03:49,aquanet/hydraulic/pressure,3.27,OK
2026-05-05 18:03:49,aquanet/hydraulic/flowrate,82.4,OK
2026-05-05 18:03:49,aquanet/alerts,ALERT E.COLI: 1300.0 CFU/100ml exceeds NPS-FM limit of 540.0 - BACTERIAL CONTAMINATION DETECTED,ALERT
2026-05-05 18:03:49,aquanet/alerts,ALERT TURBIDITY: 7.6 NTU exceeds 5.0 NTU - TREATMENT REQUIRED,ALERT
2026-05-05 18:03:59,aquanet/water/turbidity,7.1,ALERT - Turbidity 7.1 NTU exceeds 5.0
2026-05-05 18:03:59,aquanet/water/ecoli,3500.0,ALERT - E.coli 3500.0 CFU/100ml exceeds 540.0
2026-05-05 18:03:59,aquanet/water/ph,6.84,OK
2026-05-05 18:03:59,aquanet/water/nitrate,0.33,OK
2026-05-05 18:03:59,aquanet/hydraulic/pressure,5.09,ALERT - Pressure 5.09 bar exceeds 5.0
2026-05-05 18:03:59,aquanet/hydraulic/flowrate,72.4,OK
2026-05-05 18:03:59,aquanet/alerts,ALERT E.COLI: 3500.0 CFU/100ml exceeds NPS-FM limit of 540.0 - BACTERIAL CONTAMINATION DETECTED,ALERT
2026-05-05 18:03:59,aquanet/alerts,ALERT TURBIDITY: 7.1 NTU exceeds 5.0 NTU - TREATMENT REQUIRED,ALERT
2026-05-05 18:03:59,aquanet/alerts,ALERT PRESSURE HIGH: 5.09 bar exceeds 4.0 bar - PIPE BURST RISK,ALERT
2026-05-05 18:04:09,aquanet/water/turbidity,10.8,ALERT - Turbidity 10.8 NTU exceeds 5.0
2026-05-05 18:04:09,aquanet/water/ecoli,1800.0,ALERT - E.coli 1800.0 CFU/100ml exceeds 540.0
2026-05-05 18:04:09,aquanet/water/ph,7.09,OK
2026-05-05 18:04:09,aquanet/water/nitrate,0.38,OK
2026-05-05 18:04:09,aquanet/hydraulic/pressure,4.9,OK
2026-05-05 18:04:09,aquanet/hydraulic/flowrate,81.3,OK
2026-05-05 18:04:09,aquanet/alerts,ALERT E.COLI: 1800.0 CFU/100ml exceeds NPS-FM limit of 540.0 - BACTERIAL CONTAMINATION DETECTED,ALERT
2026-05-05 18:04:09,aquanet/alerts,ALERT TURBIDITY: 10.8 NTU exceeds 5.0 NTU - TREATMENT REQUIRED,ALERT
2026-05-05 18:04:09,aquanet/alerts,ALERT PRESSURE HIGH: 4.9 bar exceeds 4.0 bar - PIPE BURST RISK,ALERT
2026-05-05 18:04:19,aquanet/water/turbidity,9.0,ALERT - Turbidity 9.0 NTU exceeds 5.0
2026-05-05 18:04:19,aquanet/water/ecoli,500.0,OK
2026-05-05 18:04:19,aquanet/water/ph,7.06,OK
2026-05-05 18:04:19,aquanet/water/nitrate,0.33,OK
2026-05-05 18:04:19,aquanet/hydraulic/pressure,4.88,OK
2026-05-05 18:04:19,aquanet/hydraulic/flowrate,91.2,OK
2026-05-05 18:04:19,aquanet/alerts,ALERT TURBIDITY: 9.0 NTU exceeds 5.0 NTU - TREATMENT REQUIRED,ALERT
2026-05-05 18:04:19,aquanet/alerts,ALERT PRESSURE HIGH: 4.88 bar exceeds 4.0 bar - PIPE BURST RISK,ALERT
2026-05-05 18:04:29,aquanet/water/turbidity,12.6,ALERT - Turbidity 12.6 NTU exceeds 5.0
2026-05-05 18:04:29,aquanet/water/ecoli,2000.0,ALERT - E.coli 2000.0 CFU/100ml exceeds 540.0
2026-05-05 18:04:29,aquanet/water/ph,7.0,OK
2026-05-05 18:04:29,aquanet/water/nitrate,0.28,OK
2026-05-05 18:04:29,aquanet/hydraulic/pressure,5.19,ALERT - Pressure 5.19 bar exceeds 5.0
2026-05-05 18:04:29,aquanet/hydraulic/flowrate,72.3,OK
2026-05-05 18:04:29,aquanet/alerts,ALERT E.COLI: 2000.0 CFU/100ml exceeds NPS-FM limit of 540.0 - BACTERIAL CONTAMINATION DETECTED,ALERT
2026-05-05 18:04:29,aquanet/alerts,ALERT TURBIDITY: 12.6 NTU exceeds 5.0 NTU - TREATMENT REQUIRED,ALERT
2026-05-05 18:04:29,aquanet/alerts,ALERT PRESSURE HIGH: 5.19 bar exceeds 4.0 bar - PIPE BURST RISK,ALERT
2026-05-05 18:04:39,aquanet/water/turbidity,33.0,ALERT - Turbidity 33.0 NTU exceeds 5.0
2026-05-05 18:04:39,aquanet/water/ecoli,3100.0,ALERT - E.coli 3100.0 CFU/100ml exceeds 540.0
2026-05-05 18:04:39,aquanet/water/ph,7.03,OK
2026-05-05 18:04:39,aquanet/water/nitrate,0.33,OK
2026-05-05 18:04:39,aquanet/hydraulic/pressure,5.88,ALERT - Pressure 5.88 bar exceeds 5.0
2026-05-05 18:04:39,aquanet/hydraulic/flowrate,78.5,OK
2026-05-05 18:04:39,aquanet/alerts,ALERT E.COLI: 3100.0 CFU/100ml exceeds NPS-FM limit of 540.0 - BACTERIAL CONTAMINATION DETECTED,ALERT
2026-05-05 18:04:39,aquanet/alerts,ALERT TURBIDITY: 33.0 NTU exceeds 5.0 NTU - TREATMENT REQUIRED,ALERT
2026-05-05 18:04:39,aquanet/alerts,ALERT PRESSURE HIGH: 5.88 bar exceeds 4.0 bar - PIPE BURST RISK,ALERT
2026-05-05 18:04:49,aquanet/water/turbidity,12.2,ALERT - Turbidity 12.2 NTU exceeds 5.0
2026-05-05 18:04:49,aquanet/water/ecoli,840.0,ALERT - E.coli 840.0 CFU/100ml exceeds 540.0
2026-05-05 18:04:49,aquanet/water/ph,7.04,OK
2026-05-05 18:04:49,aquanet/water/nitrate,0.27,OK
2026-05-05 18:04:49,aquanet/hydraulic/pressure,5.82,ALERT - Pressure 5.82 bar exceeds 5.0
2026-05-05 18:04:49,aquanet/hydraulic/flowrate,70.7,OK
2026-05-05 18:04:49,aquanet/alerts,ALERT E.COLI: 840.0 CFU/100ml exceeds NPS-FM limit of 540.0 - BACTERIAL CONTAMINATION DETECTED,ALERT
2026-05-05 18:04:49,aquanet/alerts,ALERT TURBIDITY: 12.2 NTU exceeds 5.0 NTU - TREATMENT REQUIRED,ALERT
2026-05-05 18:04:49,aquanet/alerts,ALERT PRESSURE HIGH: 5.82 bar exceeds 4.0 bar - PIPE BURST RISK,ALERT
2026-05-05 18:04:59,aquanet/water/turbidity,28.0,ALERT - Turbidity 28.0 NTU exceeds 5.0
2026-05-05 18:04:59,aquanet/water/ecoli,530.0,OK
2026-05-05 18:04:59,aquanet/water/ph,6.96,OK
2026-05-05 18:04:59,aquanet/water/nitrate,0.3,OK
2026-05-05 18:04:59,aquanet/hydraulic/pressure,4.73,OK
2026-05-05 18:04:59,aquanet/hydraulic/flowrate,99.7,OK
2026-05-05 18:04:59,aquanet/alerts,ALERT TURBIDITY: 28.0 NTU exceeds 5.0 NTU - TREATMENT REQUIRED,ALERT
2026-05-05 18:04:59,aquanet/alerts,ALERT PRESSURE HIGH: 4.73 bar exceeds 4.0 bar - PIPE BURST RISK,ALERT
2026-05-05 18:05:09,aquanet/water/turbidity,25.0,ALERT - Turbidity 25.0 NTU exceeds 5.0
2026-05-05 18:05:09,aquanet/water/ecoli,14000.0,ALERT - E.coli 14000.0 CFU/100ml exceeds 540.0
2026-05-05 18:05:09,aquanet/water/ph,6.99,OK
2026-05-05 18:05:09,aquanet/water/nitrate,0.4,OK
2026-05-05 18:05:09,aquanet/hydraulic/pressure,5.25,ALERT - Pressure 5.25 bar exceeds 5.0
2026-05-05 18:05:09,aquanet/hydraulic/flowrate,84.6,OK
2026-05-05 18:05:09,aquanet/alerts,ALERT E.COLI: 14000.0 CFU/100ml exceeds NPS-FM limit of 540.0 - BACTERIAL CONTAMINATION DETECTED,ALERT
2026-05-05 18:05:09,aquanet/alerts,ALERT TURBIDITY: 25.0 NTU exceeds 5.0 NTU - TREATMENT REQUIRED,ALERT
2026-05-05 18:05:09,aquanet/alerts,ALERT PRESSURE HIGH: 5.25 bar exceeds 4.0 bar - PIPE BURST RISK,ALERT
2026-05-05 18:05:19,aquanet/water/turbidity,13.6,ALERT - Turbidity 13.6 NTU exceeds 5.0
2026-05-05 18:05:19,aquanet/water/ecoli,2100.0,ALERT - E.coli 2100.0 CFU/100ml exceeds 540.0
2026-05-05 18:05:19,aquanet/water/ph,6.93,OK
2026-05-05 18:05:19,aquanet/water/nitrate,0.34,OK
2026-05-05 18:05:19,aquanet/hydraulic/pressure,5.43,ALERT - Pressure 5.43 bar exceeds 5.0
2026-05-05 18:05:19,aquanet/hydraulic/flowrate,89.5,OK
2026-05-05 18:05:19,aquanet/alerts,ALERT E.COLI: 2100.0 CFU/100ml exceeds NPS-FM limit of 540.0 - BACTERIAL CONTAMINATION DETECTED,ALERT
2026-05-05 18:05:19,aquanet/alerts,ALERT TURBIDITY: 13.6 NTU exceeds 5.0 NTU - TREATMENT REQUIRED,ALERT
2026-05-05 18:05:19,aquanet/alerts,ALERT PRESSURE HIGH: 5.43 bar exceeds 4.0 bar - PIPE BURST RISK,ALERT
2026-05-05 18:05:29,aquanet/water/turbidity,8.1,ALERT - Turbidity 8.1 NTU exceeds 5.0
2026-05-05 18:05:29,aquanet/water/ecoli,1200.0,ALERT - E.coli 1200.0 CFU/100ml exceeds 540.0
2026-05-05 18:05:29,aquanet/water/ph,6.72,OK
2026-05-05 18:05:29,aquanet/water/nitrate,0.45,OK
2026-05-05 18:05:29,aquanet/hydraulic/pressure,3.26,OK
2026-05-05 18:05:29,aquanet/hydraulic/flowrate,83.4,OK
2026-05-05 18:05:29,aquanet/alerts,ALERT E.COLI: 1200.0 CFU/100ml exceeds NPS-FM limit of 540.0 - BACTERIAL CONTAMINATION DETECTED,ALERT
2026-05-05 18:05:29,aquanet/alerts,ALERT TURBIDITY: 8.1 NTU exceeds 5.0 NTU - TREATMENT REQUIRED,ALERT
2026-05-05 18:05:39,aquanet/water/turbidity,26.0,ALERT - Turbidity 26.0 NTU exceeds 5.0
2026-05-05 18:05:39,aquanet/water/ecoli,1700.0,ALERT - E.coli 1700.0 CFU/100ml exceeds 540.0
2026-05-05 18:05:39,aquanet/water/ph,6.84,OK
2026-05-05 18:05:39,aquanet/water/nitrate,0.43,OK
2026-05-05 18:05:39,aquanet/hydraulic/pressure,5.4,ALERT - Pressure 5.4 bar exceeds 5.0
2026-05-05 18:05:39,aquanet/hydraulic/flowrate,75.5,OK
2026-05-05 18:05:39,aquanet/alerts,ALERT E.COLI: 1700.0 CFU/100ml exceeds NPS-FM limit of 540.0 - BACTERIAL CONTAMINATION DETECTED,ALERT
2026-05-05 18:05:39,aquanet/alerts,ALERT TURBIDITY: 26.0 NTU exceeds 5.0 NTU - TREATMENT REQUIRED,ALERT
2026-05-05 18:05:39,aquanet/alerts,ALERT PRESSURE HIGH: 5.4 bar exceeds 4.0 bar - PIPE BURST RISK,ALERT
2026-05-05 18:05:49,aquanet/water/turbidity,25.0,ALERT - Turbidity 25.0 NTU exceeds 5.0
2026-05-05 18:05:49,aquanet/water/ecoli,1500.0,ALERT - E.coli 1500.0 CFU/100ml exceeds 540.0
2026-05-05 18:05:49,aquanet/water/ph,6.99,OK
2026-05-05 18:05:49,aquanet/water/nitrate,0.54,OK
2026-05-05 18:05:49,aquanet/hydraulic/pressure,5.24,ALERT - Pressure 5.24 bar exceeds 5.0
2026-05-05 18:05:49,aquanet/hydraulic/flowrate,98.2,OK
2026-05-05 18:05:49,aquanet/alerts,ALERT E.COLI: 1500.0 CFU/100ml exceeds NPS-FM limit of 540.0 - BACTERIAL CONTAMINATION DETECTED,ALERT
2026-05-05 18:05:49,aquanet/alerts,ALERT TURBIDITY: 25.0 NTU exceeds 5.0 NTU - TREATMENT REQUIRED,ALERT
2026-05-05 18:05:49,aquanet/alerts,ALERT PRESSURE HIGH: 5.24 bar exceeds 4.0 bar - PIPE BURST RISK,ALERT
2026-05-05 18:05:59,aquanet/water/turbidity,7.4,ALERT - Turbidity 7.4 NTU exceeds 5.0
2026-05-05 18:05:59,aquanet/water/ecoli,1100.0,ALERT - E.coli 1100.0 CFU/100ml exceeds 540.0
2026-05-05 18:05:59,aquanet/water/ph,6.95,OK
2026-05-05 18:05:59,aquanet/water/nitrate,0.42,OK
2026-05-05 18:05:59,aquanet/hydraulic/pressure,3.45,OK
2026-05-05 18:05:59,aquanet/hydraulic/flowrate,92.6,OK
2026-05-05 18:05:59,aquanet/alerts,ALERT E.COLI: 1100.0 CFU/100ml exceeds NPS-FM limit of 540.0 - BACTERIAL CONTAMINATION DETECTED,ALERT
2026-05-05 18:05:59,aquanet/alerts,ALERT TURBIDITY: 7.4 NTU exceeds 5.0 NTU - TREATMENT REQUIRED,ALERT
2026-05-05 18:06:09,aquanet/water/turbidity,6.6,ALERT - Turbidity 6.6 NTU exceeds 5.0
2026-05-05 18:06:09,aquanet/water/ecoli,240.0,OK
2026-05-05 18:06:09,aquanet/water/ph,6.9,OK
2026-05-05 18:06:09,aquanet/water/nitrate,0.33,OK
2026-05-05 18:06:09,aquanet/hydraulic/pressure,5.33,ALERT - Pressure 5.33 bar exceeds 5.0
2026-05-05 18:06:09,aquanet/hydraulic/flowrate,70.1,OK
2026-05-05 18:06:09,aquanet/alerts,ALERT TURBIDITY: 6.6 NTU exceeds 5.0 NTU - TREATMENT REQUIRED,ALERT
2026-05-05 18:06:09,aquanet/alerts,ALERT PRESSURE HIGH: 5.33 bar exceeds 4.0 bar - PIPE BURST RISK,ALERT
2026-05-05 18:06:19,aquanet/water/turbidity,29.0,ALERT - Turbidity 29.0 NTU exceeds 5.0
2026-05-05 18:06:19,aquanet/water/ecoli,20000.0,ALERT - E.coli 20000.0 CFU/100ml exceeds 540.0
2026-05-05 18:06:19,aquanet/water/ph,7.02,OK
2026-05-05 18:06:19,aquanet/water/nitrate,0.3,OK
2026-05-05 18:06:19,aquanet/hydraulic/pressure,3.39,OK
2026-05-05 18:06:19,aquanet/hydraulic/flowrate,77.3,OK
2026-05-05 18:06:19,aquanet/alerts,ALERT E.COLI: 20000.0 CFU/100ml exceeds NPS-FM limit of 540.0 - BACTERIAL CONTAMINATION DETECTED,ALERT
2026-05-05 18:06:19,aquanet/alerts,ALERT TURBIDITY: 29.0 NTU exceeds 5.0 NTU - TREATMENT REQUIRED,ALERT
2026-05-05 18:06:29,aquanet/water/turbidity,7.6,ALERT - Turbidity 7.6 NTU exceeds 5.0
2026-05-05 18:06:29,aquanet/water/ecoli,200.0,OK
2026-05-05 18:06:29,aquanet/water/ph,7.1,OK
2026-05-05 18:06:29,aquanet/water/nitrate,0.26,OK
2026-05-05 18:06:29,aquanet/hydraulic/pressure,4.79,OK
2026-05-05 18:06:29,aquanet/hydraulic/flowrate,76.6,OK
2026-05-05 18:06:29,aquanet/alerts,ALERT TURBIDITY: 7.6 NTU exceeds 5.0 NTU - TREATMENT REQUIRED,ALERT
2026-05-05 18:06:29,aquanet/alerts,ALERT PRESSURE HIGH: 4.79 bar exceeds 4.0 bar - PIPE BURST RISK,ALERT
2026-05-05 18:06:39,aquanet/water/turbidity,10.2,ALERT - Turbidity 10.2 NTU exceeds 5.0
2026-05-05 18:06:39,aquanet/water/ecoli,11000.0,ALERT - E.coli 11000.0 CFU/100ml exceeds 540.0
2026-05-05 18:06:39,aquanet/water/ph,7.04,OK
2026-05-05 18:06:39,aquanet/water/nitrate,0.31,OK
2026-05-05 18:06:39,aquanet/hydraulic/pressure,3.17,OK
2026-05-05 18:06:39,aquanet/hydraulic/flowrate,87.8,OK
2026-05-05 18:06:39,aquanet/alerts,ALERT E.COLI: 11000.0 CFU/100ml exceeds NPS-FM limit of 540.0 - BACTERIAL CONTAMINATION DETECTED,ALERT
2026-05-05 18:06:39,aquanet/alerts,ALERT TURBIDITY: 10.2 NTU exceeds 5.0 NTU - TREATMENT REQUIRED,ALERT
2026-05-05 18:06:49,aquanet/water/turbidity,16.1,ALERT - Turbidity 16.1 NTU exceeds 5.0
2026-05-05 18:06:49,aquanet/water/ecoli,2700.0,ALERT - E.coli 2700.0 CFU/100ml exceeds 540.0
2026-05-05 18:06:49,aquanet/water/ph,6.73,OK
2026-05-05 18:06:49,aquanet/water/nitrate,0.118,OK
2026-05-05 18:06:49,aquanet/hydraulic/pressure,5.28,ALERT - Pressure 5.28 bar exceeds 5.0
2026-05-05 18:06:49,aquanet/hydraulic/flowrate,87.7,OK
2026-05-05 18:06:49,aquanet/alerts,ALERT E.COLI: 2700.0 CFU/100ml exceeds NPS-FM limit of 540.0 - BACTERIAL CONTAMINATION DETECTED,ALERT
2026-05-05 18:06:49,aquanet/alerts,ALERT TURBIDITY: 16.1 NTU exceeds 5.0 NTU - TREATMENT REQUIRED,ALERT
2026-05-05 18:06:49,aquanet/alerts,ALERT PRESSURE HIGH: 5.28 bar exceeds 4.0 bar - PIPE BURST RISK,ALERT
2026-05-05 18:06:59,aquanet/water/turbidity,10.8,ALERT - Turbidity 10.8 NTU exceeds 5.0
2026-05-05 18:06:59,aquanet/water/ecoli,400.0,OK
2026-05-05 18:06:59,aquanet/water/ph,6.99,OK
2026-05-05 18:06:59,aquanet/water/nitrate,0.137,OK
2026-05-05 18:06:59,aquanet/hydraulic/pressure,5.31,ALERT - Pressure 5.31 bar exceeds 5.0
2026-05-05 18:06:59,aquanet/hydraulic/flowrate,74.8,OK
2026-05-05 18:06:59,aquanet/alerts,ALERT TURBIDITY: 10.8 NTU exceeds 5.0 NTU - TREATMENT REQUIRED,ALERT
2026-05-05 18:06:59,aquanet/alerts,ALERT PRESSURE HIGH: 5.31 bar exceeds 4.0 bar - PIPE BURST RISK,ALERT
2026-05-05 18:07:09,aquanet/water/turbidity,11.2,ALERT - Turbidity 11.2 NTU exceeds 5.0
2026-05-05 18:07:09,aquanet/water/ecoli,900.0,ALERT - E.coli 900.0 CFU/100ml exceeds 540.0
2026-05-05 18:07:09,aquanet/water/ph,7.31,OK
2026-05-05 18:07:09,aquanet/water/nitrate,0.108,OK
2026-05-05 18:07:09,aquanet/hydraulic/pressure,5.39,ALERT - Pressure 5.39 bar exceeds 5.0
2026-05-05 18:07:09,aquanet/hydraulic/flowrate,83.0,OK
2026-05-05 18:07:09,aquanet/alerts,ALERT E.COLI: 900.0 CFU/100ml exceeds NPS-FM limit of 540.0 - BACTERIAL CONTAMINATION DETECTED,ALERT
2026-05-05 18:07:09,aquanet/alerts,ALERT TURBIDITY: 11.2 NTU exceeds 5.0 NTU - TREATMENT REQUIRED,ALERT
2026-05-05 18:07:09,aquanet/alerts,ALERT PRESSURE HIGH: 5.39 bar exceeds 4.0 bar - PIPE BURST RISK,ALERT
2026-05-05 18:07:19,aquanet/water/turbidity,11.7,ALERT - Turbidity 11.7 NTU exceeds 5.0
2026-05-05 18:07:19,aquanet/water/ecoli,2100.0,ALERT - E.coli 2100.0 CFU/100ml exceeds 540.0
2026-05-05 18:07:19,aquanet/water/ph,6.99,OK
2026-05-05 18:07:19,aquanet/water/nitrate,0.121,OK
2026-05-05 18:07:19,aquanet/hydraulic/pressure,5.85,ALERT - Pressure 5.85 bar exceeds 5.0
2026-05-05 18:07:19,aquanet/hydraulic/flowrate,94.5,OK
2026-05-05 18:07:19,aquanet/alerts,ALERT E.COLI: 2100.0 CFU/100ml exceeds NPS-FM limit of 540.0 - BACTERIAL CONTAMINATION DETECTED,ALERT
2026-05-05 18:07:19,aquanet/alerts,ALERT TURBIDITY: 11.7 NTU exceeds 5.0 NTU - TREATMENT REQUIRED,ALERT
2026-05-05 18:07:19,aquanet/alerts,ALERT PRESSURE HIGH: 5.85 bar exceeds 4.0 bar - PIPE BURST RISK,ALERT
2026-05-05 18:07:29,aquanet/water/turbidity,13.5,ALERT - Turbidity 13.5 NTU exceeds 5.0
2026-05-05 18:07:29,aquanet/water/ecoli,2100.0,ALERT - E.coli 2100.0 CFU/100ml exceeds 540.0
2026-05-05 18:07:29,aquanet/water/ph,7.09,OK
2026-05-05 18:07:29,aquanet/water/nitrate,0.9,OK
2026-05-05 18:07:29,aquanet/hydraulic/pressure,4.7,OK
2026-05-05 18:07:29,aquanet/hydraulic/flowrate,99.3,OK
2026-05-05 18:07:29,aquanet/alerts,ALERT E.COLI: 2100.0 CFU/100ml exceeds NPS-FM limit of 540.0 - BACTERIAL CONTAMINATION DETECTED,ALERT
2026-05-05 18:07:29,aquanet/alerts,ALERT TURBIDITY: 13.5 NTU exceeds 5.0 NTU - TREATMENT REQUIRED,ALERT
2026-05-05 18:07:29,aquanet/alerts,ALERT PRESSURE HIGH: 4.7 bar exceeds 4.0 bar - PIPE BURST RISK,ALERT
2026-05-05 18:07:39,aquanet/water/turbidity,115.0,ALERT - Turbidity 115.0 NTU exceeds 5.0
2026-05-05 18:07:39,aquanet/water/ecoli,2100.0,ALERT - E.coli 2100.0 CFU/100ml exceeds 540.0
2026-05-05 18:07:39,aquanet/water/ph,6.94,OK
2026-05-05 18:07:39,aquanet/water/nitrate,1.04,OK
2026-05-05 18:07:39,aquanet/hydraulic/pressure,5.16,ALERT - Pressure 5.16 bar exceeds 5.0
2026-05-05 18:07:39,aquanet/hydraulic/flowrate,89.9,OK
2026-05-05 18:07:39,aquanet/alerts,ALERT E.COLI: 2100.0 CFU/100ml exceeds NPS-FM limit of 540.0 - BACTERIAL CONTAMINATION DETECTED,ALERT
2026-05-05 18:07:39,aquanet/alerts,ALERT TURBIDITY: 115.0 NTU exceeds 5.0 NTU - TREATMENT REQUIRED,ALERT
2026-05-05 18:07:39,aquanet/alerts,ALERT PRESSURE HIGH: 5.16 bar exceeds 4.0 bar - PIPE BURST RISK,ALERT
2026-05-05 18:07:49,aquanet/water/turbidity,11.2,ALERT - Turbidity 11.2 NTU exceeds 5.0
2026-05-05 18:07:49,aquanet/water/ecoli,700.0,ALERT - E.coli 700.0 CFU/100ml exceeds 540.0
2026-05-05 18:07:49,aquanet/water/ph,6.69,OK
2026-05-05 18:07:49,aquanet/water/nitrate,0.49,OK
2026-05-05 18:07:49,aquanet/hydraulic/pressure,5.47,ALERT - Pressure 5.47 bar exceeds 5.0
2026-05-05 18:07:49,aquanet/hydraulic/flowrate,82.2,OK
2026-05-05 18:07:49,aquanet/alerts,ALERT E.COLI: 700.0 CFU/100ml exceeds NPS-FM limit of 540.0 - BACTERIAL CONTAMINATION DETECTED,ALERT
2026-05-05 18:07:49,aquanet/alerts,ALERT TURBIDITY: 11.2 NTU exceeds 5.0 NTU - TREATMENT REQUIRED,ALERT
2026-05-05 18:07:49,aquanet/alerts,ALERT PRESSURE HIGH: 5.47 bar exceeds 4.0 bar - PIPE BURST RISK,ALERT
2026-05-05 18:07:59,aquanet/water/turbidity,45.0,ALERT - Turbidity 45.0 NTU exceeds 5.0
2026-05-05 18:07:59,aquanet/water/ecoli,1200.0,ALERT - E.coli 1200.0 CFU/100ml exceeds 540.0
2026-05-05 18:07:59,aquanet/water/ph,7.23,OK
2026-05-05 18:07:59,aquanet/water/nitrate,0.28,OK
2026-05-05 18:07:59,aquanet/hydraulic/pressure,5.47,ALERT - Pressure 5.47 bar exceeds 5.0
2026-05-05 18:07:59,aquanet/hydraulic/flowrate,74.3,OK
2026-05-05 18:07:59,aquanet/alerts,ALERT E.COLI: 1200.0 CFU/100ml exceeds NPS-FM limit of 540.0 - BACTERIAL CONTAMINATION DETECTED,ALERT
2026-05-05 18:07:59,aquanet/alerts,ALERT TURBIDITY: 45.0 NTU exceeds 5.0 NTU - TREATMENT REQUIRED,ALERT
2026-05-05 18:07:59,aquanet/alerts,ALERT PRESSURE HIGH: 5.47 bar exceeds 4.0 bar - PIPE BURST RISK,ALERT
2026-05-05 18:08:09,aquanet/water/turbidity,23.0,ALERT - Turbidity 23.0 NTU exceeds 5.0
2026-05-05 18:08:09,aquanet/water/ecoli,1100.0,ALERT - E.coli 1100.0 CFU/100ml exceeds 540.0
2026-05-05 18:08:09,aquanet/water/ph,7.06,OK
2026-05-05 18:08:09,aquanet/water/nitrate,0.32,OK
2026-05-05 18:08:09,aquanet/hydraulic/pressure,5.24,ALERT - Pressure 5.24 bar exceeds 5.0
2026-05-05 18:08:09,aquanet/hydraulic/flowrate,86.3,OK
2026-05-05 18:08:09,aquanet/alerts,ALERT E.COLI: 1100.0 CFU/100ml exceeds NPS-FM limit of 540.0 - BACTERIAL CONTAMINATION DETECTED,ALERT
2026-05-05 18:08:09,aquanet/alerts,ALERT TURBIDITY: 23.0 NTU exceeds 5.0 NTU - TREATMENT REQUIRED,ALERT
2026-05-05 18:08:09,aquanet/alerts,ALERT PRESSURE HIGH: 5.24 bar exceeds 4.0 bar - PIPE BURST RISK,ALERT
2026-05-05 18:08:19,aquanet/water/turbidity,9.2,ALERT - Turbidity 9.2 NTU exceeds 5.0
2026-05-05 18:08:19,aquanet/water/ecoli,1100.0,ALERT - E.coli 1100.0 CFU/100ml exceeds 540.0
2026-05-05 18:08:19,aquanet/water/ph,7.16,OK
2026-05-05 18:08:19,aquanet/water/nitrate,0.53,OK
2026-05-05 18:08:19,aquanet/hydraulic/pressure,5.29,ALERT - Pressure 5.29 bar exceeds 5.0
2026-05-05 18:08:19,aquanet/hydraulic/flowrate,86.5,OK
2026-05-05 18:08:19,aquanet/alerts,ALERT E.COLI: 1100.0 CFU/100ml exceeds NPS-FM limit of 540.0 - BACTERIAL CONTAMINATION DETECTED,ALERT
2026-05-05 18:08:19,aquanet/alerts,ALERT TURBIDITY: 9.2 NTU exceeds 5.0 NTU - TREATMENT REQUIRED,ALERT
2026-05-05 18:08:19,aquanet/alerts,ALERT PRESSURE HIGH: 5.29 bar exceeds 4.0 bar - PIPE BURST RISK,ALERT
2026-05-05 18:08:29,aquanet/water/turbidity,16.2,ALERT - Turbidity 16.2 NTU exceeds 5.0
2026-05-05 18:08:29,aquanet/water/ecoli,2200.0,ALERT - E.coli 2200.0 CFU/100ml exceeds 540.0
2026-05-05 18:08:29,aquanet/water/ph,7.27,OK
2026-05-05 18:08:29,aquanet/water/nitrate,0.2,OK
2026-05-05 18:08:29,aquanet/hydraulic/pressure,5.13,ALERT - Pressure 5.13 bar exceeds 5.0
2026-05-05 18:08:29,aquanet/hydraulic/flowrate,87.3,OK
2026-05-05 18:08:29,aquanet/alerts,ALERT E.COLI: 2200.0 CFU/100ml exceeds NPS-FM limit of 540.0 - BACTERIAL CONTAMINATION DETECTED,ALERT
2026-05-05 18:08:29,aquanet/alerts,ALERT TURBIDITY: 16.2 NTU exceeds 5.0 NTU - TREATMENT REQUIRED,ALERT
2026-05-05 18:08:29,aquanet/alerts,ALERT PRESSURE HIGH: 5.13 bar exceeds 4.0 bar - PIPE BURST RISK,ALERT
2026-05-05 18:08:39,aquanet/water/turbidity,16.6,ALERT - Turbidity 16.6 NTU exceeds 5.0
2026-05-05 18:08:39,aquanet/water/ecoli,1800.0,ALERT - E.coli 1800.0 CFU/100ml exceeds 540.0
2026-05-05 18:08:39,aquanet/water/ph,6.91,OK
2026-05-05 18:08:39,aquanet/water/nitrate,0.21,OK
2026-05-05 18:08:39,aquanet/hydraulic/pressure,5.11,ALERT - Pressure 5.11 bar exceeds 5.0
2026-05-05 18:08:39,aquanet/hydraulic/flowrate,92.2,OK
2026-05-05 18:08:39,aquanet/alerts,ALERT E.COLI: 1800.0 CFU/100ml exceeds NPS-FM limit of 540.0 - BACTERIAL CONTAMINATION DETECTED,ALERT
2026-05-05 18:08:39,aquanet/alerts,ALERT TURBIDITY: 16.6 NTU exceeds 5.0 NTU - TREATMENT REQUIRED,ALERT
2026-05-05 18:08:39,aquanet/alerts,ALERT PRESSURE HIGH: 5.11 bar exceeds 4.0 bar - PIPE BURST RISK,ALERT
2026-05-05 18:08:49,aquanet/water/turbidity,7.0,ALERT - Turbidity 7.0 NTU exceeds 5.0
2026-05-05 18:08:49,aquanet/water/ecoli,600.0,ALERT - E.coli 600.0 CFU/100ml exceeds 540.0
2026-05-05 18:08:49,aquanet/water/ph,7.01,OK
2026-05-05 18:08:49,aquanet/water/nitrate,0.179,OK
2026-05-05 18:08:49,aquanet/hydraulic/pressure,2.93,OK
2026-05-05 18:08:49,aquanet/hydraulic/flowrate,77.1,OK
2026-05-05 18:08:49,aquanet/alerts,ALERT E.COLI: 600.0 CFU/100ml exceeds NPS-FM limit of 540.0 - BACTERIAL CONTAMINATION DETECTED,ALERT
2026-05-05 18:08:49,aquanet/alerts,ALERT TURBIDITY: 7.0 NTU exceeds 5.0 NTU - TREATMENT REQUIRED,ALERT
2026-05-05 18:08:59,aquanet/water/turbidity,10.8,ALERT - Turbidity 10.8 NTU exceeds 5.0
2026-05-05 18:08:59,aquanet/water/ecoli,3000.0,ALERT - E.coli 3000.0 CFU/100ml exceeds 540.0
2026-05-05 18:08:59,aquanet/water/ph,7.1,OK
2026-05-05 18:08:59,aquanet/water/nitrate,0.22,OK
2026-05-05 18:08:59,aquanet/hydraulic/pressure,3.38,OK
2026-05-05 18:08:59,aquanet/hydraulic/flowrate,82.6,OK
2026-05-05 18:08:59,aquanet/alerts,ALERT E.COLI: 3000.0 CFU/100ml exceeds NPS-FM limit of 540.0 - BACTERIAL CONTAMINATION DETECTED,ALERT
2026-05-05 18:08:59,aquanet/alerts,ALERT TURBIDITY: 10.8 NTU exceeds 5.0 NTU - TREATMENT REQUIRED,ALERT
2026-05-05 18:09:09,aquanet/water/turbidity,12.3,ALERT - Turbidity 12.3 NTU exceeds 5.0
2026-05-05 18:09:09,aquanet/water/ecoli,730.0,ALERT - E.coli 730.0 CFU/100ml exceeds 540.0
2026-05-05 18:09:09,aquanet/water/ph,7.13,OK
2026-05-05 18:09:09,aquanet/water/nitrate,0.094,OK
2026-05-05 18:09:09,aquanet/hydraulic/pressure,5.38,ALERT - Pressure 5.38 bar exceeds 5.0
2026-05-05 18:09:09,aquanet/hydraulic/flowrate,97.9,OK
2026-05-05 18:09:09,aquanet/alerts,ALERT E.COLI: 730.0 CFU/100ml exceeds NPS-FM limit of 540.0 - BACTERIAL CONTAMINATION DETECTED,ALERT
2026-05-05 18:09:09,aquanet/alerts,ALERT TURBIDITY: 12.3 NTU exceeds 5.0 NTU - TREATMENT REQUIRED,ALERT
2026-05-05 18:09:09,aquanet/alerts,ALERT PRESSURE HIGH: 5.38 bar exceeds 4.0 bar - PIPE BURST RISK,ALERT
2026-05-05 18:09:19,aquanet/water/turbidity,13.2,ALERT - Turbidity 13.2 NTU exceeds 5.0
2026-05-05 18:09:19,aquanet/water/ecoli,1500.0,ALERT - E.coli 1500.0 CFU/100ml exceeds 540.0
2026-05-05 18:09:19,aquanet/water/ph,7.02,OK
2026-05-05 18:09:19,aquanet/water/nitrate,0.48,OK
2026-05-05 18:09:19,aquanet/hydraulic/pressure,4.72,OK
2026-05-05 18:09:19,aquanet/hydraulic/flowrate,98.9,OK
2026-05-05 18:09:19,aquanet/alerts,ALERT E.COLI: 1500.0 CFU/100ml exceeds NPS-FM limit of 540.0 - BACTERIAL CONTAMINATION DETECTED,ALERT
2026-05-05 18:09:19,aquanet/alerts,ALERT TURBIDITY: 13.2 NTU exceeds 5.0 NTU - TREATMENT REQUIRED,ALERT
2026-05-05 18:09:19,aquanet/alerts,ALERT PRESSURE HIGH: 4.72 bar exceeds 4.0 bar - PIPE BURST RISK,ALERT
2026-05-05 18:09:29,aquanet/water/turbidity,9.6,ALERT - Turbidity 9.6 NTU exceeds 5.0
2026-05-05 18:09:29,aquanet/water/ecoli,26000.0,ALERT - E.coli 26000.0 CFU/100ml exceeds 540.0
2026-05-05 18:09:29,aquanet/water/ph,7.01,OK
2026-05-05 18:09:29,aquanet/water/nitrate,0.28,OK
2026-05-05 18:09:29,aquanet/hydraulic/pressure,5.48,ALERT - Pressure 5.48 bar exceeds 5.0
2026-05-05 18:09:29,aquanet/hydraulic/flowrate,95.1,OK
2026-05-05 18:09:29,aquanet/alerts,ALERT E.COLI: 26000.0 CFU/100ml exceeds NPS-FM limit of 540.0 - BACTERIAL CONTAMINATION DETECTED,ALERT
2026-05-05 18:09:29,aquanet/alerts,ALERT TURBIDITY: 9.6 NTU exceeds 5.0 NTU - TREATMENT REQUIRED,ALERT
2026-05-05 18:09:29,aquanet/alerts,ALERT PRESSURE HIGH: 5.48 bar exceeds 4.0 bar - PIPE BURST RISK,ALERT
2026-05-05 18:09:39,aquanet/water/turbidity,13.6,ALERT - Turbidity 13.6 NTU exceeds 5.0
2026-05-05 18:09:39,aquanet/water/ecoli,11000.0,ALERT - E.coli 11000.0 CFU/100ml exceeds 540.0
2026-05-05 18:09:39,aquanet/water/ph,6.64,OK
2026-05-05 18:09:39,aquanet/water/nitrate,0.58,OK
2026-05-05 18:09:39,aquanet/hydraulic/pressure,4.54,OK
2026-05-05 18:09:39,aquanet/hydraulic/flowrate,84.5,OK
2026-05-05 18:09:39,aquanet/alerts,ALERT E.COLI: 11000.0 CFU/100ml exceeds NPS-FM limit of 540.0 - BACTERIAL CONTAMINATION DETECTED,ALERT
2026-05-05 18:09:39,aquanet/alerts,ALERT TURBIDITY: 13.6 NTU exceeds 5.0 NTU - TREATMENT REQUIRED,ALERT
2026-05-05 18:09:39,aquanet/alerts,ALERT PRESSURE HIGH: 4.54 bar exceeds 4.0 bar - PIPE BURST RISK,ALERT
2026-05-05 18:09:49,aquanet/water/turbidity,7.3,ALERT - Turbidity 7.3 NTU exceeds 5.0
2026-05-05 18:09:49,aquanet/water/ecoli,2600.0,ALERT - E.coli 2600.0 CFU/100ml exceeds 540.0
2026-05-05 18:09:49,aquanet/water/ph,6.8,OK
2026-05-05 18:09:49,aquanet/water/nitrate,0.53,OK
2026-05-05 18:09:49,aquanet/hydraulic/pressure,4.96,OK
2026-05-05 18:09:49,aquanet/hydraulic/flowrate,76.5,OK
2026-05-05 18:09:49,aquanet/alerts,ALERT E.COLI: 2600.0 CFU/100ml exceeds NPS-FM limit of 540.0 - BACTERIAL CONTAMINATION DETECTED,ALERT
2026-05-05 18:09:49,aquanet/alerts,ALERT TURBIDITY: 7.3 NTU exceeds 5.0 NTU - TREATMENT REQUIRED,ALERT
2026-05-05 18:09:49,aquanet/alerts,ALERT PRESSURE HIGH: 4.96 bar exceeds 4.0 bar - PIPE BURST RISK,ALERT
2026-05-05 18:09:59,aquanet/water/turbidity,7.4,ALERT - Turbidity 7.4 NTU exceeds 5.0
2026-05-05 18:09:59,aquanet/water/ecoli,2200.0,ALERT - E.coli 2200.0 CFU/100ml exceeds 540.0
2026-05-05 18:09:59,aquanet/water/ph,6.7,OK
2026-05-05 18:09:59,aquanet/water/nitrate,0.69,OK
2026-05-05 18:09:59,aquanet/hydraulic/pressure,5.73,ALERT - Pressure 5.73 bar exceeds 5.0
2026-05-05 18:09:59,aquanet/hydraulic/flowrate,90.7,OK
2026-05-05 18:09:59,aquanet/alerts,ALERT E.COLI: 2200.0 CFU/100ml exceeds NPS-FM limit of 540.0 - BACTERIAL CONTAMINATION DETECTED,ALERT
2026-05-05 18:09:59,aquanet/alerts,ALERT TURBIDITY: 7.4 NTU exceeds 5.0 NTU - TREATMENT REQUIRED,ALERT
2026-05-05 18:09:59,aquanet/alerts,ALERT PRESSURE HIGH: 5.73 bar exceeds 4.0 bar - PIPE BURST RISK,ALERT
2026-05-05 18:10:09,aquanet/water/turbidity,9.9,ALERT - Turbidity 9.9 NTU exceeds 5.0
2026-05-05 18:10:09,aquanet/water/ecoli,7600.0,ALERT - E.coli 7600.0 CFU/100ml exceeds 540.0
2026-05-05 18:10:09,aquanet/water/ph,7.0,OK
2026-05-05 18:10:09,aquanet/water/nitrate,0.53,OK
2026-05-05 18:10:09,aquanet/hydraulic/pressure,5.65,ALERT - Pressure 5.65 bar exceeds 5.0
2026-05-05 18:10:09,aquanet/hydraulic/flowrate,76.2,OK
2026-05-05 18:10:09,aquanet/alerts,ALERT E.COLI: 7600.0 CFU/100ml exceeds NPS-FM limit of 540.0 - BACTERIAL CONTAMINATION DETECTED,ALERT
2026-05-05 18:10:09,aquanet/alerts,ALERT TURBIDITY: 9.9 NTU exceeds 5.0 NTU - TREATMENT REQUIRED,ALERT
2026-05-05 18:10:09,aquanet/alerts,ALERT PRESSURE HIGH: 5.65 bar exceeds 4.0 bar - PIPE BURST RISK,ALERT
2026-05-05 18:10:19,aquanet/water/turbidity,9.6,ALERT - Turbidity 9.6 NTU exceeds 5.0
2026-05-05 18:10:19,aquanet/water/ecoli,1100.0,ALERT - E.coli 1100.0 CFU/100ml exceeds 540.0
2026-05-05 18:10:19,aquanet/water/ph,6.86,OK
2026-05-05 18:10:19,aquanet/water/nitrate,0.57,OK
2026-05-05 18:10:19,aquanet/hydraulic/pressure,5.79,ALERT - Pressure 5.79 bar exceeds 5.0
2026-05-05 18:10:19,aquanet/hydraulic/flowrate,76.7,OK
2026-05-05 18:10:19,aquanet/alerts,ALERT E.COLI: 1100.0 CFU/100ml exceeds NPS-FM limit of 540.0 - BACTERIAL CONTAMINATION DETECTED,ALERT
2026-05-05 18:10:19,aquanet/alerts,ALERT TURBIDITY: 9.6 NTU exceeds 5.0 NTU - TREATMENT REQUIRED,ALERT
2026-05-05 18:10:19,aquanet/alerts,ALERT PRESSURE HIGH: 5.79 bar exceeds 4.0 bar - PIPE BURST RISK,ALERT
2026-05-05 18:10:29,aquanet/water/turbidity,8.2,ALERT - Turbidity 8.2 NTU exceeds 5.0
2026-05-05 18:10:29,aquanet/water/ecoli,1200.0,ALERT - E.coli 1200.0 CFU/100ml exceeds 540.0
2026-05-05 18:10:29,aquanet/water/ph,6.62,OK
2026-05-05 18:10:29,aquanet/water/nitrate,0.27,OK
2026-05-05 18:10:29,aquanet/hydraulic/pressure,5.32,ALERT - Pressure 5.32 bar exceeds 5.0
2026-05-05 18:10:29,aquanet/hydraulic/flowrate,88.7,OK
2026-05-05 18:10:29,aquanet/alerts,ALERT E.COLI: 1200.0 CFU/100ml exceeds NPS-FM limit of 540.0 - BACTERIAL CONTAMINATION DETECTED,ALERT
2026-05-05 18:10:29,aquanet/alerts,ALERT TURBIDITY: 8.2 NTU exceeds 5.0 NTU - TREATMENT REQUIRED,ALERT
2026-05-05 18:10:29,aquanet/alerts,ALERT PRESSURE HIGH: 5.32 bar exceeds 4.0 bar - PIPE BURST RISK,ALERT
2026-05-05 18:10:39,aquanet/water/turbidity,15.8,ALERT - Turbidity 15.8 NTU exceeds 5.0
2026-05-05 18:10:39,aquanet/water/ecoli,510.0,OK
2026-05-05 18:10:39,aquanet/water/ph,6.91,OK
2026-05-05 18:10:39,aquanet/water/nitrate,0.012,OK
2026-05-05 18:10:39,aquanet/hydraulic/pressure,3.53,OK
2026-05-05 18:10:39,aquanet/hydraulic/flowrate,88.3,OK
2026-05-05 18:10:39,aquanet/alerts,ALERT TURBIDITY: 15.8 NTU exceeds 5.0 NTU - TREATMENT REQUIRED,ALERT
2026-05-05 18:10:49,aquanet/water/turbidity,17.9,ALERT - Turbidity 17.9 NTU exceeds 5.0
2026-05-05 18:10:49,aquanet/water/ecoli,870.0,ALERT - E.coli 870.0 CFU/100ml exceeds 540.0
2026-05-05 18:10:49,aquanet/water/ph,6.86,OK
2026-05-05 18:10:49,aquanet/water/nitrate,0.45,OK
2026-05-05 18:10:49,aquanet/hydraulic/pressure,5.36,ALERT - Pressure 5.36 bar exceeds 5.0
2026-05-05 18:10:49,aquanet/hydraulic/flowrate,73.3,OK
2026-05-05 18:10:49,aquanet/alerts,ALERT E.COLI: 870.0 CFU/100ml exceeds NPS-FM limit of 540.0 - BACTERIAL CONTAMINATION DETECTED,ALERT
2026-05-05 18:10:49,aquanet/alerts,ALERT TURBIDITY: 17.9 NTU exceeds 5.0 NTU - TREATMENT REQUIRED,ALERT
2026-05-05 18:10:49,aquanet/alerts,ALERT PRESSURE HIGH: 5.36 bar exceeds 4.0 bar - PIPE BURST RISK,ALERT
2026-05-05 18:10:59,aquanet/water/turbidity,19.3,ALERT - Turbidity 19.3 NTU exceeds 5.0
2026-05-05 18:10:59,aquanet/water/ecoli,1200.0,ALERT - E.coli 1200.0 CFU/100ml exceeds 540.0
2026-05-05 18:10:59,aquanet/water/ph,6.7,OK
2026-05-05 18:10:59,aquanet/water/nitrate,0.3,OK
2026-05-05 18:10:59,aquanet/hydraulic/pressure,5.43,ALERT - Pressure 5.43 bar exceeds 5.0
2026-05-05 18:10:59,aquanet/hydraulic/flowrate,99.7,OK
2026-05-05 18:10:59,aquanet/alerts,ALERT E.COLI: 1200.0 CFU/100ml exceeds NPS-FM limit of 540.0 - BACTERIAL CONTAMINATION DETECTED,ALERT
2026-05-05 18:10:59,aquanet/alerts,ALERT TURBIDITY: 19.3 NTU exceeds 5.0 NTU - TREATMENT REQUIRED,ALERT
2026-05-05 18:10:59,aquanet/alerts,ALERT PRESSURE HIGH: 5.43 bar exceeds 4.0 bar - PIPE BURST RISK,ALERT
2026-05-05 18:11:09,aquanet/water/turbidity,19.5,ALERT - Turbidity 19.5 NTU exceeds 5.0
2026-05-05 18:11:09,aquanet/water/ecoli,610.0,ALERT - E.coli 610.0 CFU/100ml exceeds 540.0
2026-05-05 18:11:09,aquanet/water/ph,6.8,OK
2026-05-05 18:11:09,aquanet/water/nitrate,0.3,OK
2026-05-05 18:11:09,aquanet/hydraulic/pressure,4.61,OK
2026-05-05 18:11:09,aquanet/hydraulic/flowrate,80.2,OK
2026-05-05 18:11:09,aquanet/alerts,ALERT E.COLI: 610.0 CFU/100ml exceeds NPS-FM limit of 540.0 - BACTERIAL CONTAMINATION DETECTED,ALERT
2026-05-05 18:11:09,aquanet/alerts,ALERT TURBIDITY: 19.5 NTU exceeds 5.0 NTU - TREATMENT REQUIRED,ALERT
2026-05-05 18:11:09,aquanet/alerts,ALERT PRESSURE HIGH: 4.61 bar exceeds 4.0 bar - PIPE BURST RISK,ALERT
2026-05-05 18:11:19,aquanet/water/turbidity,10.8,ALERT - Turbidity 10.8 NTU exceeds 5.0
2026-05-05 18:11:19,aquanet/water/ecoli,7300.0,ALERT - E.coli 7300.0 CFU/100ml exceeds 540.0
2026-05-05 18:11:19,aquanet/water/ph,6.8,OK
2026-05-05 18:11:19,aquanet/water/nitrate,0.28,OK
2026-05-05 18:11:19,aquanet/hydraulic/pressure,4.74,OK
2026-05-05 18:11:19,aquanet/hydraulic/flowrate,84.2,OK
2026-05-05 18:11:19,aquanet/alerts,ALERT E.COLI: 7300.0 CFU/100ml exceeds NPS-FM limit of 540.0 - BACTERIAL CONTAMINATION DETECTED,ALERT
2026-05-05 18:11:19,aquanet/alerts,ALERT TURBIDITY: 10.8 NTU exceeds 5.0 NTU - TREATMENT REQUIRED,ALERT
2026-05-05 18:11:19,aquanet/alerts,ALERT PRESSURE HIGH: 4.74 bar exceeds 4.0 bar - PIPE BURST RISK,ALERT
2026-05-05 18:11:30,aquanet/water/turbidity,36.6,ALERT - Turbidity 36.6 NTU exceeds 5.0
2026-05-05 18:11:30,aquanet/water/ecoli,2000.0,ALERT - E.coli 2000.0 CFU/100ml exceeds 540.0
2026-05-05 18:11:30,aquanet/water/ph,6.73,OK
2026-05-05 18:11:30,aquanet/water/nitrate,0.72,OK
2026-05-05 18:11:30,aquanet/hydraulic/pressure,5.5,ALERT - Pressure 5.5 bar exceeds 5.0
2026-05-05 18:11:30,aquanet/hydraulic/flowrate,97.8,OK
2026-05-05 18:11:30,aquanet/alerts,ALERT E.COLI: 2000.0 CFU/100ml exceeds NPS-FM limit of 540.0 - BACTERIAL CONTAMINATION DETECTED,ALERT
2026-05-05 18:11:30,aquanet/alerts,ALERT TURBIDITY: 36.6 NTU exceeds 5.0 NTU - TREATMENT REQUIRED,ALERT
2026-05-05 18:11:30,aquanet/alerts,ALERT PRESSURE HIGH: 5.5 bar exceeds 4.0 bar - PIPE BURST RISK,ALERT
2026-05-05 18:11:40,aquanet/water/turbidity,12.0,ALERT - Turbidity 12.0 NTU exceeds 5.0
2026-05-05 18:11:40,aquanet/water/ecoli,2700.0,ALERT - E.coli 2700.0 CFU/100ml exceeds 540.0
2026-05-05 18:11:40,aquanet/water/ph,6.53,OK
2026-05-05 18:11:40,aquanet/water/nitrate,0.6,OK
2026-05-05 18:11:40,aquanet/hydraulic/pressure,5.39,ALERT - Pressure 5.39 bar exceeds 5.0
2026-05-05 18:11:40,aquanet/hydraulic/flowrate,92.2,OK
2026-05-05 18:11:40,aquanet/alerts,ALERT E.COLI: 2700.0 CFU/100ml exceeds NPS-FM limit of 540.0 - BACTERIAL CONTAMINATION DETECTED,ALERT
2026-05-05 18:11:40,aquanet/alerts,ALERT TURBIDITY: 12.0 NTU exceeds 5.0 NTU - TREATMENT REQUIRED,ALERT
2026-05-05 18:11:40,aquanet/alerts,ALERT PRESSURE HIGH: 5.39 bar exceeds 4.0 bar - PIPE BURST RISK,ALERT
2026-05-05 18:11:50,aquanet/water/turbidity,39.0,ALERT - Turbidity 39.0 NTU exceeds 5.0
2026-05-05 18:11:50,aquanet/water/ecoli,3500.0,ALERT - E.coli 3500.0 CFU/100ml exceeds 540.0
2026-05-05 18:11:50,aquanet/water/ph,7.01,OK
2026-05-05 18:11:50,aquanet/water/nitrate,0.48,OK
2026-05-05 18:11:50,aquanet/hydraulic/pressure,5.96,ALERT - Pressure 5.96 bar exceeds 5.0
2026-05-05 18:11:50,aquanet/hydraulic/flowrate,70.8,OK
2026-05-05 18:11:50,aquanet/alerts,ALERT E.COLI: 3500.0 CFU/100ml exceeds NPS-FM limit of 540.0 - BACTERIAL CONTAMINATION DETECTED,ALERT
2026-05-05 18:11:50,aquanet/alerts,ALERT TURBIDITY: 39.0 NTU exceeds 5.0 NTU - TREATMENT REQUIRED,ALERT
2026-05-05 18:11:50,aquanet/alerts,ALERT PRESSURE HIGH: 5.96 bar exceeds 4.0 bar - PIPE BURST RISK,ALERT
2026-05-05 18:12:00,aquanet/water/turbidity,30.0,ALERT - Turbidity 30.0 NTU exceeds 5.0
2026-05-05 18:12:00,aquanet/water/ecoli,9700.0,ALERT - E.coli 9700.0 CFU/100ml exceeds 540.0
2026-05-05 18:12:00,aquanet/water/ph,6.93,OK
2026-05-05 18:12:00,aquanet/water/nitrate,0.4,OK
2026-05-05 18:12:00,aquanet/hydraulic/pressure,5.12,ALERT - Pressure 5.12 bar exceeds 5.0
2026-05-05 18:12:00,aquanet/hydraulic/flowrate,77.9,OK
2026-05-05 18:12:00,aquanet/alerts,ALERT E.COLI: 9700.0 CFU/100ml exceeds NPS-FM limit of 540.0 - BACTERIAL CONTAMINATION DETECTED,ALERT
2026-05-05 18:12:00,aquanet/alerts,ALERT TURBIDITY: 30.0 NTU exceeds 5.0 NTU - TREATMENT REQUIRED,ALERT
2026-05-05 18:12:00,aquanet/alerts,ALERT PRESSURE HIGH: 5.12 bar exceeds 4.0 bar - PIPE BURST RISK,ALERT
2026-05-05 18:12:10,aquanet/water/turbidity,11.0,ALERT - Turbidity 11.0 NTU exceeds 5.0
2026-05-05 18:12:10,aquanet/water/ecoli,680.0,ALERT - E.coli 680.0 CFU/100ml exceeds 540.0
2026-05-05 18:12:10,aquanet/water/ph,6.74,OK
2026-05-05 18:12:10,aquanet/water/nitrate,0.36,OK
2026-05-05 18:12:10,aquanet/hydraulic/pressure,3.38,OK
2026-05-05 18:12:10,aquanet/hydraulic/flowrate,87.7,OK
2026-05-05 18:12:10,aquanet/alerts,ALERT E.COLI: 680.0 CFU/100ml exceeds NPS-FM limit of 540.0 - BACTERIAL CONTAMINATION DETECTED,ALERT
2026-05-05 18:12:10,aquanet/alerts,ALERT TURBIDITY: 11.0 NTU exceeds 5.0 NTU - TREATMENT REQUIRED,ALERT
2026-05-05 18:12:20,aquanet/water/turbidity,16.0,ALERT - Turbidity 16.0 NTU exceeds 5.0
2026-05-05 18:12:20,aquanet/water/ecoli,840.0,ALERT - E.coli 840.0 CFU/100ml exceeds 540.0
2026-05-05 18:12:20,aquanet/water/ph,7.09,OK
2026-05-05 18:12:20,aquanet/water/nitrate,0.34,OK
2026-05-05 18:12:20,aquanet/hydraulic/pressure,5.43,ALERT - Pressure 5.43 bar exceeds 5.0
2026-05-05 18:12:20,aquanet/hydraulic/flowrate,98.6,OK
2026-05-05 18:12:20,aquanet/alerts,ALERT E.COLI: 840.0 CFU/100ml exceeds NPS-FM limit of 540.0 - BACTERIAL CONTAMINATION DETECTED,ALERT
2026-05-05 18:12:20,aquanet/alerts,ALERT TURBIDITY: 16.0 NTU exceeds 5.0 NTU - TREATMENT REQUIRED,ALERT
2026-05-05 18:12:20,aquanet/alerts,ALERT PRESSURE HIGH: 5.43 bar exceeds 4.0 bar - PIPE BURST RISK,ALERT
2026-05-05 18:12:30,aquanet/water/turbidity,12.0,ALERT - Turbidity 12.0 NTU exceeds 5.0
2026-05-05 18:12:30,aquanet/water/ecoli,800.0,ALERT - E.coli 800.0 CFU/100ml exceeds 540.0
2026-05-05 18:12:30,aquanet/water/ph,7.08,OK
2026-05-05 18:12:30,aquanet/water/nitrate,0.3,OK
2026-05-05 18:12:30,aquanet/hydraulic/pressure,5.51,ALERT - Pressure 5.51 bar exceeds 5.0
2026-05-05 18:12:30,aquanet/hydraulic/flowrate,74.5,OK
2026-05-05 18:12:30,aquanet/alerts,ALERT E.COLI: 800.0 CFU/100ml exceeds NPS-FM limit of 540.0 - BACTERIAL CONTAMINATION DETECTED,ALERT
2026-05-05 18:12:30,aquanet/alerts,ALERT TURBIDITY: 12.0 NTU exceeds 5.0 NTU - TREATMENT REQUIRED,ALERT
2026-05-05 18:12:30,aquanet/alerts,ALERT PRESSURE HIGH: 5.51 bar exceeds 4.0 bar - PIPE BURST RISK,ALERT
2026-05-05 18:12:40,aquanet/water/turbidity,18.0,ALERT - Turbidity 18.0 NTU exceeds 5.0
2026-05-05 18:12:40,aquanet/water/ecoli,7400.0,ALERT - E.coli 7400.0 CFU/100ml exceeds 540.0
2026-05-05 18:12:40,aquanet/water/ph,6.61,OK
2026-05-05 18:12:40,aquanet/water/nitrate,0.31,OK
2026-05-05 18:12:40,aquanet/hydraulic/pressure,5.06,ALERT - Pressure 5.06 bar exceeds 5.0
2026-05-05 18:12:40,aquanet/hydraulic/flowrate,91.0,OK
2026-05-05 18:12:40,aquanet/alerts,ALERT E.COLI: 7400.0 CFU/100ml exceeds NPS-FM limit of 540.0 - BACTERIAL CONTAMINATION DETECTED,ALERT
2026-05-05 18:12:40,aquanet/alerts,ALERT TURBIDITY: 18.0 NTU exceeds 5.0 NTU - TREATMENT REQUIRED,ALERT
2026-05-05 18:12:40,aquanet/alerts,ALERT PRESSURE HIGH: 5.06 bar exceeds 4.0 bar - PIPE BURST RISK,ALERT
2026-05-05 18:12:50,aquanet/water/turbidity,14.0,ALERT - Turbidity 14.0 NTU exceeds 5.0
2026-05-05 18:12:50,aquanet/water/ecoli,3500.0,ALERT - E.coli 3500.0 CFU/100ml exceeds 540.0
2026-05-05 18:12:50,aquanet/water/ph,6.47,ALERT - pH 6.47 below minimum 6.5
2026-05-05 18:12:50,aquanet/water/nitrate,0.31,OK
2026-05-05 18:12:50,aquanet/hydraulic/pressure,4.44,OK
2026-05-05 18:12:50,aquanet/hydraulic/flowrate,83.6,OK
2026-05-05 18:12:50,aquanet/alerts,ALERT E.COLI: 3500.0 CFU/100ml exceeds NPS-FM limit of 540.0 - BACTERIAL CONTAMINATION DETECTED,ALERT
2026-05-05 18:12:50,aquanet/alerts,ALERT TURBIDITY: 14.0 NTU exceeds 5.0 NTU - TREATMENT REQUIRED,ALERT
2026-05-05 18:12:50,aquanet/alerts,ALERT pH LOW: 6.47 - CORROSION RISK - below 6.5,ALERT
2026-05-05 18:12:50,aquanet/alerts,ALERT PRESSURE HIGH: 4.44 bar exceeds 4.0 bar - PIPE BURST RISK,ALERT
2026-05-05 18:13:00,aquanet/water/turbidity,20.0,ALERT - Turbidity 20.0 NTU exceeds 5.0
2026-05-05 18:13:00,aquanet/water/ecoli,12000.0,ALERT - E.coli 12000.0 CFU/100ml exceeds 540.0
2026-05-05 18:13:00,aquanet/water/ph,6.42,ALERT - pH 6.42 below minimum 6.5
2026-05-05 18:13:00,aquanet/water/nitrate,0.24,OK
2026-05-05 18:13:00,aquanet/hydraulic/pressure,4.87,OK
2026-05-05 18:13:00,aquanet/hydraulic/flowrate,97.9,OK
2026-05-05 18:13:00,aquanet/alerts,ALERT E.COLI: 12000.0 CFU/100ml exceeds NPS-FM limit of 540.0 - BACTERIAL CONTAMINATION DETECTED,ALERT
2026-05-05 18:13:00,aquanet/alerts,ALERT TURBIDITY: 20.0 NTU exceeds 5.0 NTU - TREATMENT REQUIRED,ALERT
2026-05-05 18:13:00,aquanet/alerts,ALERT pH LOW: 6.42 - CORROSION RISK - below 6.5,ALERT
2026-05-05 18:13:00,aquanet/alerts,ALERT PRESSURE HIGH: 4.87 bar exceeds 4.0 bar - PIPE BURST RISK,ALERT
2026-05-05 18:13:10,aquanet/water/turbidity,18.0,ALERT - Turbidity 18.0 NTU exceeds 5.0
2026-05-05 18:13:10,aquanet/water/ecoli,11000.0,ALERT - E.coli 11000.0 CFU/100ml exceeds 540.0
2026-05-05 18:13:10,aquanet/water/ph,6.63,OK
2026-05-05 18:13:10,aquanet/water/nitrate,0.21,OK
2026-05-05 18:13:10,aquanet/hydraulic/pressure,5.57,ALERT - Pressure 5.57 bar exceeds 5.0
2026-05-05 18:13:10,aquanet/hydraulic/flowrate,84.0,OK
2026-05-05 18:13:10,aquanet/alerts,ALERT E.COLI: 11000.0 CFU/100ml exceeds NPS-FM limit of 540.0 - BACTERIAL CONTAMINATION DETECTED,ALERT
2026-05-05 18:13:10,aquanet/alerts,ALERT TURBIDITY: 18.0 NTU exceeds 5.0 NTU - TREATMENT REQUIRED,ALERT
2026-05-05 18:13:10,aquanet/alerts,ALERT PRESSURE HIGH: 5.57 bar exceeds 4.0 bar - PIPE BURST RISK,ALERT
2026-05-05 18:13:20,aquanet/water/turbidity,27.0,ALERT - Turbidity 27.0 NTU exceeds 5.0
2026-05-05 18:13:20,aquanet/water/ecoli,2900.0,ALERT - E.coli 2900.0 CFU/100ml exceeds 540.0
2026-05-05 18:13:20,aquanet/water/ph,7.06,OK
2026-05-05 18:13:20,aquanet/water/nitrate,0.29,OK
2026-05-05 18:13:20,aquanet/hydraulic/pressure,5.36,ALERT - Pressure 5.36 bar exceeds 5.0
2026-05-05 18:13:20,aquanet/hydraulic/flowrate,93.0,OK
2026-05-05 18:13:20,aquanet/alerts,ALERT E.COLI: 2900.0 CFU/100ml exceeds NPS-FM limit of 540.0 - BACTERIAL CONTAMINATION DETECTED,ALERT
2026-05-05 18:13:20,aquanet/alerts,ALERT TURBIDITY: 27.0 NTU exceeds 5.0 NTU - TREATMENT REQUIRED,ALERT
2026-05-05 18:13:20,aquanet/alerts,ALERT PRESSURE HIGH: 5.36 bar exceeds 4.0 bar - PIPE BURST RISK,ALERT
2026-05-05 18:13:30,aquanet/water/turbidity,11.0,ALERT - Turbidity 11.0 NTU exceeds 5.0
2026-05-05 18:13:30,aquanet/water/ecoli,1200.0,ALERT - E.coli 1200.0 CFU/100ml exceeds 540.0
2026-05-05 18:13:30,aquanet/water/ph,6.91,OK
2026-05-05 18:13:30,aquanet/water/nitrate,0.4,OK
2026-05-05 18:13:30,aquanet/hydraulic/pressure,5.82,ALERT - Pressure 5.82 bar exceeds 5.0
2026-05-05 18:13:30,aquanet/hydraulic/flowrate,80.4,OK
2026-05-05 18:13:30,aquanet/alerts,ALERT E.COLI: 1200.0 CFU/100ml exceeds NPS-FM limit of 540.0 - BACTERIAL CONTAMINATION DETECTED,ALERT
2026-05-05 18:13:30,aquanet/alerts,ALERT TURBIDITY: 11.0 NTU exceeds 5.0 NTU - TREATMENT REQUIRED,ALERT
2026-05-05 18:13:30,aquanet/alerts,ALERT PRESSURE HIGH: 5.82 bar exceeds 4.0 bar - PIPE BURST RISK,ALERT
2026-05-05 18:13:40,aquanet/water/turbidity,10.0,ALERT - Turbidity 10.0 NTU exceeds 5.0
2026-05-05 18:13:40,aquanet/water/ecoli,2500.0,ALERT - E.coli 2500.0 CFU/100ml exceeds 540.0
2026-05-05 18:13:40,aquanet/water/ph,6.93,OK
2026-05-05 18:13:40,aquanet/water/nitrate,0.38,OK
2026-05-05 18:13:40,aquanet/hydraulic/pressure,5.56,ALERT - Pressure 5.56 bar exceeds 5.0
2026-05-05 18:13:40,aquanet/hydraulic/flowrate,95.6,OK
2026-05-05 18:13:40,aquanet/alerts,ALERT E.COLI: 2500.0 CFU/100ml exceeds NPS-FM limit of 540.0 - BACTERIAL CONTAMINATION DETECTED,ALERT
2026-05-05 18:13:40,aquanet/alerts,ALERT TURBIDITY: 10.0 NTU exceeds 5.0 NTU - TREATMENT REQUIRED,ALERT
2026-05-05 18:13:40,aquanet/alerts,ALERT PRESSURE HIGH: 5.56 bar exceeds 4.0 bar - PIPE BURST RISK,ALERT
2026-05-05 18:13:50,aquanet/water/turbidity,13.0,ALERT - Turbidity 13.0 NTU exceeds 5.0
2026-05-05 18:13:50,aquanet/water/ecoli,1300.0,ALERT - E.coli 1300.0 CFU/100ml exceeds 540.0
2026-05-05 18:13:50,aquanet/water/ph,6.85,OK
2026-05-05 18:13:50,aquanet/water/nitrate,0.137,OK
2026-05-05 18:13:50,aquanet/hydraulic/pressure,5.77,ALERT - Pressure 5.77 bar exceeds 5.0
2026-05-05 18:13:50,aquanet/hydraulic/flowrate,92.6,OK
2026-05-05 18:13:50,aquanet/alerts,ALERT E.COLI: 1300.0 CFU/100ml exceeds NPS-FM limit of 540.0 - BACTERIAL CONTAMINATION DETECTED,ALERT
2026-05-05 18:13:50,aquanet/alerts,ALERT TURBIDITY: 13.0 NTU exceeds 5.0 NTU - TREATMENT REQUIRED,ALERT
2026-05-05 18:13:50,aquanet/alerts,ALERT PRESSURE HIGH: 5.77 bar exceeds 4.0 bar - PIPE BURST RISK,ALERT
2026-05-05 18:14:00,aquanet/water/turbidity,40.0,ALERT - Turbidity 40.0 NTU exceeds 5.0
2026-05-05 18:14:00,aquanet/water/ecoli,27000.0,ALERT - E.coli 27000.0 CFU/100ml exceeds 540.0
2026-05-05 18:14:00,aquanet/water/ph,6.95,OK
2026-05-05 18:14:00,aquanet/water/nitrate,0.4,OK
2026-05-05 18:14:00,aquanet/hydraulic/pressure,5.06,ALERT - Pressure 5.06 bar exceeds 5.0
2026-05-05 18:14:00,aquanet/hydraulic/flowrate,88.3,OK
2026-05-05 18:14:00,aquanet/alerts,ALERT E.COLI: 27000.0 CFU/100ml exceeds NPS-FM limit of 540.0 - BACTERIAL CONTAMINATION DETECTED,ALERT
2026-05-05 18:14:00,aquanet/alerts,ALERT TURBIDITY: 40.0 NTU exceeds 5.0 NTU - TREATMENT REQUIRED,ALERT
2026-05-05 18:14:00,aquanet/alerts,ALERT PRESSURE HIGH: 5.06 bar exceeds 4.0 bar - PIPE BURST RISK,ALERT
2026-05-05 18:14:10,aquanet/water/turbidity,15.0,ALERT - Turbidity 15.0 NTU exceeds 5.0
2026-05-05 18:14:10,aquanet/water/ecoli,810.0,ALERT - E.coli 810.0 CFU/100ml exceeds 540.0
2026-05-05 18:14:10,aquanet/water/ph,6.24,ALERT - pH 6.24 below minimum 6.5
2026-05-05 18:14:10,aquanet/water/nitrate,0.51,OK
2026-05-05 18:14:10,aquanet/hydraulic/pressure,5.41,ALERT - Pressure 5.41 bar exceeds 5.0
2026-05-05 18:14:10,aquanet/hydraulic/flowrate,91.5,OK
2026-05-05 18:14:10,aquanet/alerts,ALERT E.COLI: 810.0 CFU/100ml exceeds NPS-FM limit of 540.0 - BACTERIAL CONTAMINATION DETECTED,ALERT
2026-05-05 18:14:10,aquanet/alerts,ALERT TURBIDITY: 15.0 NTU exceeds 5.0 NTU - TREATMENT REQUIRED,ALERT
2026-05-05 18:14:10,aquanet/alerts,ALERT pH LOW: 6.24 - CORROSION RISK - below 6.5,ALERT
2026-05-05 18:14:10,aquanet/alerts,ALERT PRESSURE HIGH: 5.41 bar exceeds 4.0 bar - PIPE BURST RISK,ALERT
2026-05-05 18:14:20,aquanet/water/turbidity,25.0,ALERT - Turbidity 25.0 NTU exceeds 5.0
2026-05-05 18:14:20,aquanet/water/ecoli,3100.0,ALERT - E.coli 3100.0 CFU/100ml exceeds 540.0
2026-05-05 18:14:20,aquanet/water/ph,6.86,OK
2026-05-05 18:14:20,aquanet/water/nitrate,0.47,OK
2026-05-05 18:14:20,aquanet/hydraulic/pressure,5.4,ALERT - Pressure 5.4 bar exceeds 5.0
2026-05-05 18:14:20,aquanet/hydraulic/flowrate,79.9,OK
2026-05-05 18:14:20,aquanet/alerts,ALERT E.COLI: 3100.0 CFU/100ml exceeds NPS-FM limit of 540.0 - BACTERIAL CONTAMINATION DETECTED,ALERT
2026-05-05 18:14:20,aquanet/alerts,ALERT TURBIDITY: 25.0 NTU exceeds 5.0 NTU - TREATMENT REQUIRED,ALERT
2026-05-05 18:14:20,aquanet/alerts,ALERT PRESSURE HIGH: 5.4 bar exceeds 4.0 bar - PIPE BURST RISK,ALERT
2026-05-05 18:14:30,aquanet/water/turbidity,21.0,ALERT - Turbidity 21.0 NTU exceeds 5.0
2026-05-05 18:14:30,aquanet/water/ecoli,31000.0,ALERT - E.coli 31000.0 CFU/100ml exceeds 540.0
2026-05-05 18:14:30,aquanet/water/ph,6.67,OK
2026-05-05 18:14:30,aquanet/water/nitrate,0.35,OK
2026-05-05 18:14:30,aquanet/hydraulic/pressure,5.17,ALERT - Pressure 5.17 bar exceeds 5.0
2026-05-05 18:14:30,aquanet/hydraulic/flowrate,78.2,OK
2026-05-05 18:14:30,aquanet/alerts,ALERT E.COLI: 31000.0 CFU/100ml exceeds NPS-FM limit of 540.0 - BACTERIAL CONTAMINATION DETECTED,ALERT
2026-05-05 18:14:30,aquanet/alerts,ALERT TURBIDITY: 21.0 NTU exceeds 5.0 NTU - TREATMENT REQUIRED,ALERT
2026-05-05 18:14:30,aquanet/alerts,ALERT PRESSURE HIGH: 5.17 bar exceeds 4.0 bar - PIPE BURST RISK,ALERT
2026-05-05 18:14:40,aquanet/water/turbidity,17.0,ALERT - Turbidity 17.0 NTU exceeds 5.0
2026-05-05 18:14:40,aquanet/water/ecoli,1100.0,ALERT - E.coli 1100.0 CFU/100ml exceeds 540.0
2026-05-05 18:14:40,aquanet/water/ph,6.08,ALERT - pH 6.08 below minimum 6.5
2026-05-05 18:14:40,aquanet/water/nitrate,0.39,OK
2026-05-05 18:14:40,aquanet/hydraulic/pressure,3.47,OK
2026-05-05 18:14:40,aquanet/hydraulic/flowrate,75.5,OK
2026-05-05 18:14:40,aquanet/alerts,ALERT E.COLI: 1100.0 CFU/100ml exceeds NPS-FM limit of 540.0 - BACTERIAL CONTAMINATION DETECTED,ALERT
2026-05-05 18:14:40,aquanet/alerts,ALERT TURBIDITY: 17.0 NTU exceeds 5.0 NTU - TREATMENT REQUIRED,ALERT
2026-05-05 18:14:40,aquanet/alerts,ALERT pH LOW: 6.08 - CORROSION RISK - below 6.5,ALERT
2026-05-05 18:14:50,aquanet/water/turbidity,11.0,ALERT - Turbidity 11.0 NTU exceeds 5.0
2026-05-05 18:14:50,aquanet/water/ecoli,850.0,ALERT - E.coli 850.0 CFU/100ml exceeds 540.0
2026-05-05 18:14:50,aquanet/water/ph,6.95,OK
2026-05-05 18:14:50,aquanet/water/nitrate,0.34,OK
2026-05-05 18:14:50,aquanet/hydraulic/pressure,5.01,ALERT - Pressure 5.01 bar exceeds 5.0
2026-05-05 18:14:50,aquanet/hydraulic/flowrate,78.5,OK
2026-05-05 18:14:50,aquanet/alerts,ALERT E.COLI: 850.0 CFU/100ml exceeds NPS-FM limit of 540.0 - BACTERIAL CONTAMINATION DETECTED,ALERT
2026-05-05 18:14:50,aquanet/alerts,ALERT TURBIDITY: 11.0 NTU exceeds 5.0 NTU - TREATMENT REQUIRED,ALERT
2026-05-05 18:14:50,aquanet/alerts,ALERT PRESSURE HIGH: 5.01 bar exceeds 4.0 bar - PIPE BURST RISK,ALERT
2026-05-05 18:15:00,aquanet/water/turbidity,18.0,ALERT - Turbidity 18.0 NTU exceeds 5.0
2026-05-05 18:15:00,aquanet/water/ecoli,4400.0,ALERT - E.coli 4400.0 CFU/100ml exceeds 540.0
2026-05-05 18:15:00,aquanet/water/ph,6.79,OK
2026-05-05 18:15:00,aquanet/water/nitrate,0.37,OK
2026-05-05 18:15:00,aquanet/hydraulic/pressure,3.56,OK
2026-05-05 18:15:00,aquanet/hydraulic/flowrate,74.4,OK
2026-05-05 18:15:00,aquanet/alerts,ALERT E.COLI: 4400.0 CFU/100ml exceeds NPS-FM limit of 540.0 - BACTERIAL CONTAMINATION DETECTED,ALERT
2026-05-05 18:15:00,aquanet/alerts,ALERT TURBIDITY: 18.0 NTU exceeds 5.0 NTU - TREATMENT REQUIRED,ALERT
2026-05-05 18:15:10,aquanet/water/turbidity,7.8,ALERT - Turbidity 7.8 NTU exceeds 5.0
2026-05-05 18:15:10,aquanet/water/ecoli,4200.0,ALERT - E.coli 4200.0 CFU/100ml exceeds 540.0
2026-05-05 18:15:10,aquanet/water/ph,6.87,OK
2026-05-05 18:15:10,aquanet/water/nitrate,0.5,OK
2026-05-05 18:15:10,aquanet/hydraulic/pressure,4.84,OK
2026-05-05 18:15:10,aquanet/hydraulic/flowrate,71.2,OK
2026-05-05 18:15:10,aquanet/alerts,ALERT E.COLI: 4200.0 CFU/100ml exceeds NPS-FM limit of 540.0 - BACTERIAL CONTAMINATION DETECTED,ALERT
2026-05-05 18:15:10,aquanet/alerts,ALERT TURBIDITY: 7.8 NTU exceeds 5.0 NTU - TREATMENT REQUIRED,ALERT
2026-05-05 18:15:10,aquanet/alerts,ALERT PRESSURE HIGH: 4.84 bar exceeds 4.0 bar - PIPE BURST RISK,ALERT
2026-05-05 18:15:20,aquanet/water/turbidity,9.0,ALERT - Turbidity 9.0 NTU exceeds 5.0
2026-05-05 18:15:20,aquanet/water/ecoli,1100.0,ALERT - E.coli 1100.0 CFU/100ml exceeds 540.0
2026-05-05 18:15:20,aquanet/water/ph,6.77,OK
2026-05-05 18:15:20,aquanet/water/nitrate,0.57,OK
2026-05-05 18:15:20,aquanet/hydraulic/pressure,4.83,OK
2026-05-05 18:15:20,aquanet/hydraulic/flowrate,79.2,OK
2026-05-05 18:15:20,aquanet/alerts,ALERT E.COLI: 1100.0 CFU/100ml exceeds NPS-FM limit of 540.0 - BACTERIAL CONTAMINATION DETECTED,ALERT
2026-05-05 18:15:20,aquanet/alerts,ALERT TURBIDITY: 9.0 NTU exceeds 5.0 NTU - TREATMENT REQUIRED,ALERT
2026-05-05 18:15:20,aquanet/alerts,ALERT PRESSURE HIGH: 4.83 bar exceeds 4.0 bar - PIPE BURST RISK,ALERT
2026-05-05 18:15:30,aquanet/water/turbidity,11.0,ALERT - Turbidity 11.0 NTU exceeds 5.0
2026-05-05 18:15:30,aquanet/water/ecoli,3000.0,ALERT - E.coli 3000.0 CFU/100ml exceeds 540.0
2026-05-05 18:15:30,aquanet/water/ph,6.76,OK
2026-05-05 18:15:30,aquanet/water/nitrate,0.41,OK
2026-05-05 18:15:30,aquanet/hydraulic/pressure,5.5,ALERT - Pressure 5.5 bar exceeds 5.0
2026-05-05 18:15:30,aquanet/hydraulic/flowrate,77.9,OK
2026-05-05 18:15:30,aquanet/alerts,ALERT E.COLI: 3000.0 CFU/100ml exceeds NPS-FM limit of 540.0 - BACTERIAL CONTAMINATION DETECTED,ALERT
2026-05-05 18:15:30,aquanet/alerts,ALERT TURBIDITY: 11.0 NTU exceeds 5.0 NTU - TREATMENT REQUIRED,ALERT
2026-05-05 18:15:30,aquanet/alerts,ALERT PRESSURE HIGH: 5.5 bar exceeds 4.0 bar - PIPE BURST RISK,ALERT
2026-05-05 18:15:40,aquanet/water/turbidity,22.0,ALERT - Turbidity 22.0 NTU exceeds 5.0
2026-05-05 18:15:40,aquanet/water/ecoli,4400.0,ALERT - E.coli 4400.0 CFU/100ml exceeds 540.0
2026-05-05 18:15:40,aquanet/water/ph,7.24,OK
2026-05-05 18:15:40,aquanet/water/nitrate,0.35,OK
2026-05-05 18:15:40,aquanet/hydraulic/pressure,4.89,OK
2026-05-05 18:15:40,aquanet/hydraulic/flowrate,81.3,OK
2026-05-05 18:15:40,aquanet/alerts,ALERT E.COLI: 4400.0 CFU/100ml exceeds NPS-FM limit of 540.0 - BACTERIAL CONTAMINATION DETECTED,ALERT
2026-05-05 18:15:40,aquanet/alerts,ALERT TURBIDITY: 22.0 NTU exceeds 5.0 NTU - TREATMENT REQUIRED,ALERT
2026-05-05 18:15:40,aquanet/alerts,ALERT PRESSURE HIGH: 4.89 bar exceeds 4.0 bar - PIPE BURST RISK,ALERT
2026-05-05 18:15:50,aquanet/water/turbidity,6.9,ALERT - Turbidity 6.9 NTU exceeds 5.0
2026-05-05 18:15:50,aquanet/water/ecoli,1600.0,ALERT - E.coli 1600.0 CFU/100ml exceeds 540.0
2026-05-05 18:15:50,aquanet/water/ph,6.89,OK
2026-05-05 18:15:50,aquanet/water/nitrate,0.44,OK
2026-05-05 18:15:50,aquanet/hydraulic/pressure,4.95,OK
2026-05-05 18:15:50,aquanet/hydraulic/flowrate,93.9,OK
2026-05-05 18:15:50,aquanet/alerts,ALERT E.COLI: 1600.0 CFU/100ml exceeds NPS-FM limit of 540.0 - BACTERIAL CONTAMINATION DETECTED,ALERT
2026-05-05 18:15:50,aquanet/alerts,ALERT TURBIDITY: 6.9 NTU exceeds 5.0 NTU - TREATMENT REQUIRED,ALERT
2026-05-05 18:15:50,aquanet/alerts,ALERT PRESSURE HIGH: 4.95 bar exceeds 4.0 bar - PIPE BURST RISK,ALERT
2026-05-05 18:16:00,aquanet/water/turbidity,7.7,ALERT - Turbidity 7.7 NTU exceeds 5.0
2026-05-05 18:16:00,aquanet/water/ecoli,1100.0,ALERT - E.coli 1100.0 CFU/100ml exceeds 540.0
2026-05-05 18:16:00,aquanet/water/ph,6.68,OK
2026-05-05 18:16:00,aquanet/water/nitrate,0.41,OK
2026-05-05 18:16:00,aquanet/hydraulic/pressure,5.3,ALERT - Pressure 5.3 bar exceeds 5.0
2026-05-05 18:16:00,aquanet/hydraulic/flowrate,83.7,OK
2026-05-05 18:16:00,aquanet/alerts,ALERT E.COLI: 1100.0 CFU/100ml exceeds NPS-FM limit of 540.0 - BACTERIAL CONTAMINATION DETECTED,ALERT
2026-05-05 18:16:00,aquanet/alerts,ALERT TURBIDITY: 7.7 NTU exceeds 5.0 NTU - TREATMENT REQUIRED,ALERT
2026-05-05 18:16:00,aquanet/alerts,ALERT PRESSURE HIGH: 5.3 bar exceeds 4.0 bar - PIPE BURST RISK,ALERT
2026-05-05 18:16:10,aquanet/water/turbidity,7.1,ALERT - Turbidity 7.1 NTU exceeds 5.0
2026-05-05 18:16:10,aquanet/water/ecoli,1000.0,ALERT - E.coli 1000.0 CFU/100ml exceeds 540.0
2026-05-05 18:16:10,aquanet/water/ph,7.21,OK
2026-05-05 18:16:10,aquanet/water/nitrate,0.33,OK
2026-05-05 18:16:10,aquanet/hydraulic/pressure,3.57,OK
2026-05-05 18:16:10,aquanet/hydraulic/flowrate,93.3,OK
2026-05-05 18:16:10,aquanet/alerts,ALERT E.COLI: 1000.0 CFU/100ml exceeds NPS-FM limit of 540.0 - BACTERIAL CONTAMINATION DETECTED,ALERT
2026-05-05 18:16:10,aquanet/alerts,ALERT TURBIDITY: 7.1 NTU exceeds 5.0 NTU - TREATMENT REQUIRED,ALERT
2026-05-05 18:16:20,aquanet/water/turbidity,15.0,ALERT - Turbidity 15.0 NTU exceeds 5.0
2026-05-05 18:16:20,aquanet/water/ecoli,380.0,OK
2026-05-05 18:16:20,aquanet/water/ph,6.99,OK
2026-05-05 18:16:20,aquanet/water/nitrate,0.38,OK
2026-05-05 18:16:20,aquanet/hydraulic/pressure,3.18,OK
2026-05-05 18:16:20,aquanet/hydraulic/flowrate,72.1,OK
2026-05-05 18:16:20,aquanet/alerts,ALERT TURBIDITY: 15.0 NTU exceeds 5.0 NTU - TREATMENT REQUIRED,ALERT
2026-05-05 18:16:30,aquanet/water/turbidity,7.9,ALERT - Turbidity 7.9 NTU exceeds 5.0
2026-05-05 18:16:30,aquanet/water/ecoli,520.0,OK
2026-05-05 18:16:30,aquanet/water/ph,6.77,OK
2026-05-05 18:16:30,aquanet/water/nitrate,0.33,OK
2026-05-05 18:16:30,aquanet/hydraulic/pressure,4.99,OK
2026-05-05 18:16:30,aquanet/hydraulic/flowrate,98.0,OK
2026-05-05 18:16:30,aquanet/alerts,ALERT TURBIDITY: 7.9 NTU exceeds 5.0 NTU - TREATMENT REQUIRED,ALERT
2026-05-05 18:16:30,aquanet/alerts,ALERT PRESSURE HIGH: 4.99 bar exceeds 4.0 bar - PIPE BURST RISK,ALERT
2026-05-05 18:16:40,aquanet/water/turbidity,13.0,ALERT - Turbidity 13.0 NTU exceeds 5.0
2026-05-05 18:16:40,aquanet/water/ecoli,390.0,OK
2026-05-05 18:16:40,aquanet/water/ph,6.78,OK
2026-05-05 18:16:40,aquanet/water/nitrate,0.28,OK
2026-05-05 18:16:40,aquanet/hydraulic/pressure,4.92,OK
2026-05-05 18:16:40,aquanet/hydraulic/flowrate,95.2,OK
2026-05-05 18:16:40,aquanet/alerts,ALERT TURBIDITY: 13.0 NTU exceeds 5.0 NTU - TREATMENT REQUIRED,ALERT
2026-05-05 18:16:40,aquanet/alerts,ALERT PRESSURE HIGH: 4.92 bar exceeds 4.0 bar - PIPE BURST RISK,ALERT
2026-05-05 18:16:50,aquanet/water/turbidity,12.0,ALERT - Turbidity 12.0 NTU exceeds 5.0
2026-05-05 18:16:50,aquanet/water/ecoli,720.0,ALERT - E.coli 720.0 CFU/100ml exceeds 540.0
2026-05-05 18:16:50,aquanet/water/ph,6.99,OK
2026-05-05 18:16:50,aquanet/water/nitrate,0.33,OK
2026-05-05 18:16:50,aquanet/hydraulic/pressure,5.2,ALERT - Pressure 5.2 bar exceeds 5.0
2026-05-05 18:16:50,aquanet/hydraulic/flowrate,92.6,OK
2026-05-05 18:16:50,aquanet/alerts,ALERT E.COLI: 720.0 CFU/100ml exceeds NPS-FM limit of 540.0 - BACTERIAL CONTAMINATION DETECTED,ALERT
2026-05-05 18:16:50,aquanet/alerts,ALERT TURBIDITY: 12.0 NTU exceeds 5.0 NTU - TREATMENT REQUIRED,ALERT
2026-05-05 18:16:50,aquanet/alerts,ALERT PRESSURE HIGH: 5.2 bar exceeds 4.0 bar - PIPE BURST RISK,ALERT
2026-05-05 18:17:00,aquanet/water/turbidity,11.0,ALERT - Turbidity 11.0 NTU exceeds 5.0
2026-05-05 18:17:00,aquanet/water/ecoli,790.0,ALERT - E.coli 790.0 CFU/100ml exceeds 540.0
2026-05-05 18:17:00,aquanet/water/ph,6.78,OK
2026-05-05 18:17:00,aquanet/water/nitrate,0.27,OK
2026-05-05 18:17:00,aquanet/hydraulic/pressure,5.07,ALERT - Pressure 5.07 bar exceeds 5.0
2026-05-05 18:17:00,aquanet/hydraulic/flowrate,74.4,OK
2026-05-05 18:17:00,aquanet/alerts,ALERT E.COLI: 790.0 CFU/100ml exceeds NPS-FM limit of 540.0 - BACTERIAL CONTAMINATION DETECTED,ALERT
2026-05-05 18:17:00,aquanet/alerts,ALERT TURBIDITY: 11.0 NTU exceeds 5.0 NTU - TREATMENT REQUIRED,ALERT
2026-05-05 18:17:00,aquanet/alerts,ALERT PRESSURE HIGH: 5.07 bar exceeds 4.0 bar - PIPE BURST RISK,ALERT
2026-05-05 18:17:10,aquanet/water/turbidity,8.3,ALERT - Turbidity 8.3 NTU exceeds 5.0
2026-05-05 18:17:10,aquanet/water/ecoli,590.0,ALERT - E.coli 590.0 CFU/100ml exceeds 540.0
2026-05-05 18:17:10,aquanet/water/ph,6.95,OK
2026-05-05 18:17:10,aquanet/water/nitrate,0.3,OK
2026-05-05 18:17:10,aquanet/hydraulic/pressure,4.86,OK
2026-05-05 18:17:10,aquanet/hydraulic/flowrate,81.6,OK
2026-05-05 18:17:10,aquanet/alerts,ALERT E.COLI: 590.0 CFU/100ml exceeds NPS-FM limit of 540.0 - BACTERIAL CONTAMINATION DETECTED,ALERT
2026-05-05 18:17:10,aquanet/alerts,ALERT TURBIDITY: 8.3 NTU exceeds 5.0 NTU - TREATMENT REQUIRED,ALERT
2026-05-05 18:17:10,aquanet/alerts,ALERT PRESSURE HIGH: 4.86 bar exceeds 4.0 bar - PIPE BURST RISK,ALERT
2026-05-05 18:17:20,aquanet/water/turbidity,9.7,ALERT - Turbidity 9.7 NTU exceeds 5.0
2026-05-05 18:17:20,aquanet/water/ecoli,0.0,OK
2026-05-05 18:17:20,aquanet/water/ph,6.8,OK
2026-05-05 18:17:20,aquanet/water/nitrate,0.4,OK
2026-05-05 18:17:20,aquanet/hydraulic/pressure,4.79,OK
2026-05-05 18:17:20,aquanet/hydraulic/flowrate,96.6,OK
2026-05-05 18:17:20,aquanet/alerts,ALERT TURBIDITY: 9.7 NTU exceeds 5.0 NTU - TREATMENT REQUIRED,ALERT
2026-05-05 18:17:20,aquanet/alerts,ALERT PRESSURE HIGH: 4.79 bar exceeds 4.0 bar - PIPE BURST RISK,ALERT
2026-05-05 18:17:30,aquanet/water/turbidity,9.1,ALERT - Turbidity 9.1 NTU exceeds 5.0
2026-05-05 18:17:30,aquanet/water/ecoli,9800.0,ALERT - E.coli 9800.0 CFU/100ml exceeds 540.0
2026-05-05 18:17:30,aquanet/water/ph,7.27,OK
2026-05-05 18:17:30,aquanet/water/nitrate,0.34,OK
2026-05-05 18:17:30,aquanet/hydraulic/pressure,3.27,OK
2026-05-05 18:17:30,aquanet/hydraulic/flowrate,86.5,OK
2026-05-05 18:17:30,aquanet/alerts,ALERT E.COLI: 9800.0 CFU/100ml exceeds NPS-FM limit of 540.0 - BACTERIAL CONTAMINATION DETECTED,ALERT
2026-05-05 18:17:30,aquanet/alerts,ALERT TURBIDITY: 9.1 NTU exceeds 5.0 NTU - TREATMENT REQUIRED,ALERT
2026-05-05 18:17:40,aquanet/water/turbidity,6.9,ALERT - Turbidity 6.9 NTU exceeds 5.0
2026-05-05 18:17:40,aquanet/water/ecoli,2100.0,ALERT - E.coli 2100.0 CFU/100ml exceeds 540.0
2026-05-05 18:17:40,aquanet/water/ph,7.07,OK
2026-05-05 18:17:40,aquanet/water/nitrate,0.45,OK
2026-05-05 18:17:40,aquanet/hydraulic/pressure,5.32,ALERT - Pressure 5.32 bar exceeds 5.0
2026-05-05 18:17:40,aquanet/hydraulic/flowrate,92.4,OK
2026-05-05 18:17:40,aquanet/alerts,ALERT E.COLI: 2100.0 CFU/100ml exceeds NPS-FM limit of 540.0 - BACTERIAL CONTAMINATION DETECTED,ALERT
2026-05-05 18:17:40,aquanet/alerts,ALERT TURBIDITY: 6.9 NTU exceeds 5.0 NTU - TREATMENT REQUIRED,ALERT
2026-05-05 18:17:40,aquanet/alerts,ALERT PRESSURE HIGH: 5.32 bar exceeds 4.0 bar - PIPE BURST RISK,ALERT
2026-05-05 18:17:50,aquanet/water/turbidity,8.5,ALERT - Turbidity 8.5 NTU exceeds 5.0
2026-05-05 18:17:50,aquanet/water/ecoli,2200.0,ALERT - E.coli 2200.0 CFU/100ml exceeds 540.0
2026-05-05 18:17:50,aquanet/water/ph,7.45,OK
2026-05-05 18:17:50,aquanet/water/nitrate,0.43,OK
2026-05-05 18:17:50,aquanet/hydraulic/pressure,5.35,ALERT - Pressure 5.35 bar exceeds 5.0
2026-05-05 18:17:50,aquanet/hydraulic/flowrate,71.7,OK
2026-05-05 18:17:50,aquanet/alerts,ALERT E.COLI: 2200.0 CFU/100ml exceeds NPS-FM limit of 540.0 - BACTERIAL CONTAMINATION DETECTED,ALERT
2026-05-05 18:17:50,aquanet/alerts,ALERT TURBIDITY: 8.5 NTU exceeds 5.0 NTU - TREATMENT REQUIRED,ALERT
2026-05-05 18:17:50,aquanet/alerts,ALERT PRESSURE HIGH: 5.35 bar exceeds 4.0 bar - PIPE BURST RISK,ALERT
2026-05-05 18:18:00,aquanet/water/turbidity,8.0,ALERT - Turbidity 8.0 NTU exceeds 5.0
2026-05-05 18:18:00,aquanet/water/ecoli,1500.0,ALERT - E.coli 1500.0 CFU/100ml exceeds 540.0
2026-05-05 18:18:00,aquanet/water/ph,7.43,OK
2026-05-05 18:18:00,aquanet/water/nitrate,0.54,OK
2026-05-05 18:18:00,aquanet/hydraulic/pressure,5.71,ALERT - Pressure 5.71 bar exceeds 5.0
2026-05-05 18:18:00,aquanet/hydraulic/flowrate,84.4,OK
2026-05-05 18:18:00,aquanet/alerts,ALERT E.COLI: 1500.0 CFU/100ml exceeds NPS-FM limit of 540.0 - BACTERIAL CONTAMINATION DETECTED,ALERT
2026-05-05 18:18:00,aquanet/alerts,ALERT TURBIDITY: 8.0 NTU exceeds 5.0 NTU - TREATMENT REQUIRED,ALERT
2026-05-05 18:18:00,aquanet/alerts,ALERT PRESSURE HIGH: 5.71 bar exceeds 4.0 bar - PIPE BURST RISK,ALERT
2026-05-05 18:18:10,aquanet/water/turbidity,7.7,ALERT - Turbidity 7.7 NTU exceeds 5.0
2026-05-05 18:18:10,aquanet/water/ecoli,4000.0,ALERT - E.coli 4000.0 CFU/100ml exceeds 540.0
2026-05-05 18:18:10,aquanet/water/ph,7.07,OK
2026-05-05 18:18:10,aquanet/water/nitrate,0.42,OK
2026-05-05 18:18:10,aquanet/hydraulic/pressure,5.13,ALERT - Pressure 5.13 bar exceeds 5.0
2026-05-05 18:18:10,aquanet/hydraulic/flowrate,92.5,OK
2026-05-05 18:18:10,aquanet/alerts,ALERT E.COLI: 4000.0 CFU/100ml exceeds NPS-FM limit of 540.0 - BACTERIAL CONTAMINATION DETECTED,ALERT
2026-05-05 18:18:10,aquanet/alerts,ALERT TURBIDITY: 7.7 NTU exceeds 5.0 NTU - TREATMENT REQUIRED,ALERT
2026-05-05 18:18:10,aquanet/alerts,ALERT PRESSURE HIGH: 5.13 bar exceeds 4.0 bar - PIPE BURST RISK,ALERT
2026-05-05 18:18:20,aquanet/water/turbidity,9.7,ALERT - Turbidity 9.7 NTU exceeds 5.0
2026-05-05 18:18:20,aquanet/water/ecoli,1400.0,ALERT - E.coli 1400.0 CFU/100ml exceeds 540.0
2026-05-05 18:18:20,aquanet/water/ph,6.72,OK
2026-05-05 18:18:20,aquanet/water/nitrate,0.33,OK
2026-05-05 18:18:20,aquanet/hydraulic/pressure,2.96,OK
2026-05-05 18:18:20,aquanet/hydraulic/flowrate,94.0,OK
2026-05-05 18:18:20,aquanet/alerts,ALERT E.COLI: 1400.0 CFU/100ml exceeds NPS-FM limit of 540.0 - BACTERIAL CONTAMINATION DETECTED,ALERT
2026-05-05 18:18:20,aquanet/alerts,ALERT TURBIDITY: 9.7 NTU exceeds 5.0 NTU - TREATMENT REQUIRED,ALERT
2026-05-05 18:18:30,aquanet/water/turbidity,7.5,ALERT - Turbidity 7.5 NTU exceeds 5.0
2026-05-05 18:18:30,aquanet/water/ecoli,890.0,ALERT - E.coli 890.0 CFU/100ml exceeds 540.0
2026-05-05 18:18:30,aquanet/water/ph,6.74,OK
2026-05-05 18:18:30,aquanet/water/nitrate,0.3,OK
2026-05-05 18:18:30,aquanet/hydraulic/pressure,5.82,ALERT - Pressure 5.82 bar exceeds 5.0
2026-05-05 18:18:30,aquanet/hydraulic/flowrate,88.5,OK
2026-05-05 18:18:30,aquanet/alerts,ALERT E.COLI: 890.0 CFU/100ml exceeds NPS-FM limit of 540.0 - BACTERIAL CONTAMINATION DETECTED,ALERT
2026-05-05 18:18:30,aquanet/alerts,ALERT TURBIDITY: 7.5 NTU exceeds 5.0 NTU - TREATMENT REQUIRED,ALERT
2026-05-05 18:18:30,aquanet/alerts,ALERT PRESSURE HIGH: 5.82 bar exceeds 4.0 bar - PIPE BURST RISK,ALERT
2026-05-05 18:18:40,aquanet/water/turbidity,10.0,ALERT - Turbidity 10.0 NTU exceeds 5.0
2026-05-05 18:18:40,aquanet/water/ecoli,760.0,ALERT - E.coli 760.0 CFU/100ml exceeds 540.0
2026-05-05 18:18:40,aquanet/water/ph,7.51,OK
2026-05-05 18:18:40,aquanet/water/nitrate,0.26,OK
2026-05-05 18:18:40,aquanet/hydraulic/pressure,5.54,ALERT - Pressure 5.54 bar exceeds 5.0
2026-05-05 18:18:40,aquanet/hydraulic/flowrate,99.9,OK
2026-05-05 18:18:40,aquanet/alerts,ALERT E.COLI: 760.0 CFU/100ml exceeds NPS-FM limit of 540.0 - BACTERIAL CONTAMINATION DETECTED,ALERT
2026-05-05 18:18:40,aquanet/alerts,ALERT TURBIDITY: 10.0 NTU exceeds 5.0 NTU - TREATMENT REQUIRED,ALERT
2026-05-05 18:18:40,aquanet/alerts,ALERT PRESSURE HIGH: 5.54 bar exceeds 4.0 bar - PIPE BURST RISK,ALERT
2026-05-05 18:18:50,aquanet/water/turbidity,12.0,ALERT - Turbidity 12.0 NTU exceeds 5.0
2026-05-05 18:18:50,aquanet/water/ecoli,590.0,ALERT - E.coli 590.0 CFU/100ml exceeds 540.0
2026-05-05 18:18:50,aquanet/water/ph,7.26,OK
2026-05-05 18:18:50,aquanet/water/nitrate,0.31,OK
2026-05-05 18:18:50,aquanet/hydraulic/pressure,5.14,ALERT - Pressure 5.14 bar exceeds 5.0
2026-05-05 18:18:50,aquanet/hydraulic/flowrate,96.2,OK
2026-05-05 18:18:50,aquanet/alerts,ALERT E.COLI: 590.0 CFU/100ml exceeds NPS-FM limit of 540.0 - BACTERIAL CONTAMINATION DETECTED,ALERT
2026-05-05 18:18:50,aquanet/alerts,ALERT TURBIDITY: 12.0 NTU exceeds 5.0 NTU - TREATMENT REQUIRED,ALERT
2026-05-05 18:18:50,aquanet/alerts,ALERT PRESSURE HIGH: 5.14 bar exceeds 4.0 bar - PIPE BURST RISK,ALERT
2026-05-05 18:19:00,aquanet/water/turbidity,7.5,ALERT - Turbidity 7.5 NTU exceeds 5.0
2026-05-05 18:19:00,aquanet/water/ecoli,790.0,ALERT - E.coli 790.0 CFU/100ml exceeds 540.0
2026-05-05 18:19:00,aquanet/water/ph,7.45,OK
2026-05-05 18:19:00,aquanet/water/nitrate,0.118,OK
2026-05-05 18:19:00,aquanet/hydraulic/pressure,5.64,ALERT - Pressure 5.64 bar exceeds 5.0
2026-05-05 18:19:00,aquanet/hydraulic/flowrate,80.2,OK
2026-05-05 18:19:00,aquanet/alerts,ALERT E.COLI: 790.0 CFU/100ml exceeds NPS-FM limit of 540.0 - BACTERIAL CONTAMINATION DETECTED,ALERT
2026-05-05 18:19:00,aquanet/alerts,ALERT TURBIDITY: 7.5 NTU exceeds 5.0 NTU - TREATMENT REQUIRED,ALERT
2026-05-05 18:19:00,aquanet/alerts,ALERT PRESSURE HIGH: 5.64 bar exceeds 4.0 bar - PIPE BURST RISK,ALERT
2026-05-05 18:19:10,aquanet/water/turbidity,7.8,ALERT - Turbidity 7.8 NTU exceeds 5.0
2026-05-05 18:19:10,aquanet/water/ecoli,960.0,ALERT - E.coli 960.0 CFU/100ml exceeds 540.0
2026-05-05 18:19:10,aquanet/water/ph,6.97,OK
2026-05-05 18:19:10,aquanet/water/nitrate,0.137,OK
2026-05-05 18:19:10,aquanet/hydraulic/pressure,4.66,OK
2026-05-05 18:19:10,aquanet/hydraulic/flowrate,98.0,OK
2026-05-05 18:19:10,aquanet/alerts,ALERT E.COLI: 960.0 CFU/100ml exceeds NPS-FM limit of 540.0 - BACTERIAL CONTAMINATION DETECTED,ALERT
2026-05-05 18:19:10,aquanet/alerts,ALERT TURBIDITY: 7.8 NTU exceeds 5.0 NTU - TREATMENT REQUIRED,ALERT
2026-05-05 18:19:10,aquanet/alerts,ALERT PRESSURE HIGH: 4.66 bar exceeds 4.0 bar - PIPE BURST RISK,ALERT
2026-05-05 18:19:20,aquanet/water/turbidity,7.0,ALERT - Turbidity 7.0 NTU exceeds 5.0
2026-05-05 18:19:20,aquanet/water/ecoli,3400.0,ALERT - E.coli 3400.0 CFU/100ml exceeds 540.0
2026-05-05 18:19:20,aquanet/water/ph,6.03,ALERT - pH 6.03 below minimum 6.5
2026-05-05 18:19:20,aquanet/water/nitrate,0.108,OK
2026-05-05 18:19:20,aquanet/hydraulic/pressure,5.5,ALERT - Pressure 5.5 bar exceeds 5.0
2026-05-05 18:19:20,aquanet/hydraulic/flowrate,79.5,OK
2026-05-05 18:19:20,aquanet/alerts,ALERT E.COLI: 3400.0 CFU/100ml exceeds NPS-FM limit of 540.0 - BACTERIAL CONTAMINATION DETECTED,ALERT
2026-05-05 18:19:20,aquanet/alerts,ALERT TURBIDITY: 7.0 NTU exceeds 5.0 NTU - TREATMENT REQUIRED,ALERT
2026-05-05 18:19:20,aquanet/alerts,ALERT pH LOW: 6.03 - CORROSION RISK - below 6.5,ALERT
2026-05-05 18:19:20,aquanet/alerts,ALERT PRESSURE HIGH: 5.5 bar exceeds 4.0 bar - PIPE BURST RISK,ALERT
2026-05-05 18:19:30,aquanet/water/turbidity,8.8,ALERT - Turbidity 8.8 NTU exceeds 5.0
2026-05-05 18:19:30,aquanet/water/ecoli,6400.0,ALERT - E.coli 6400.0 CFU/100ml exceeds 540.0
2026-05-05 18:19:30,aquanet/water/ph,6.39,ALERT - pH 6.39 below minimum 6.5
2026-05-05 18:19:30,aquanet/water/nitrate,0.121,OK
2026-05-05 18:19:30,aquanet/hydraulic/pressure,3.42,OK
2026-05-05 18:19:30,aquanet/hydraulic/flowrate,72.0,OK
2026-05-05 18:19:30,aquanet/alerts,ALERT E.COLI: 6400.0 CFU/100ml exceeds NPS-FM limit of 540.0 - BACTERIAL CONTAMINATION DETECTED,ALERT
2026-05-05 18:19:30,aquanet/alerts,ALERT TURBIDITY: 8.8 NTU exceeds 5.0 NTU - TREATMENT REQUIRED,ALERT
2026-05-05 18:19:30,aquanet/alerts,ALERT pH LOW: 6.39 - CORROSION RISK - below 6.5,ALERT
2026-05-05 18:19:41,aquanet/water/turbidity,16.0,ALERT - Turbidity 16.0 NTU exceeds 5.0
2026-05-05 18:19:41,aquanet/water/ecoli,31000.0,ALERT - E.coli 31000.0 CFU/100ml exceeds 540.0
2026-05-05 18:19:41,aquanet/water/ph,6.97,OK
2026-05-05 18:19:41,aquanet/water/nitrate,0.9,OK
2026-05-05 18:19:41,aquanet/hydraulic/pressure,3.2,OK
2026-05-05 18:19:41,aquanet/hydraulic/flowrate,92.9,OK
2026-05-05 18:19:41,aquanet/alerts,ALERT E.COLI: 31000.0 CFU/100ml exceeds NPS-FM limit of 540.0 - BACTERIAL CONTAMINATION DETECTED,ALERT
2026-05-05 18:19:41,aquanet/alerts,ALERT TURBIDITY: 16.0 NTU exceeds 5.0 NTU - TREATMENT REQUIRED,ALERT
2026-05-05 18:19:51,aquanet/water/turbidity,7.2,ALERT - Turbidity 7.2 NTU exceeds 5.0
2026-05-05 18:19:51,aquanet/water/ecoli,2400.0,ALERT - E.coli 2400.0 CFU/100ml exceeds 540.0
2026-05-05 18:19:51,aquanet/water/ph,7.18,OK
2026-05-05 18:19:51,aquanet/water/nitrate,1.04,OK
2026-05-05 18:19:51,aquanet/hydraulic/pressure,4.6,OK
2026-05-05 18:19:51,aquanet/hydraulic/flowrate,72.3,OK
2026-05-05 18:19:51,aquanet/alerts,ALERT E.COLI: 2400.0 CFU/100ml exceeds NPS-FM limit of 540.0 - BACTERIAL CONTAMINATION DETECTED,ALERT
2026-05-05 18:19:51,aquanet/alerts,ALERT TURBIDITY: 7.2 NTU exceeds 5.0 NTU - TREATMENT REQUIRED,ALERT
2026-05-05 18:19:51,aquanet/alerts,ALERT PRESSURE HIGH: 4.6 bar exceeds 4.0 bar - PIPE BURST RISK,ALERT
2026-05-05 18:20:01,aquanet/water/turbidity,15.0,ALERT - Turbidity 15.0 NTU exceeds 5.0
2026-05-05 18:20:01,aquanet/water/ecoli,900.0,ALERT - E.coli 900.0 CFU/100ml exceeds 540.0
2026-05-05 18:20:01,aquanet/water/ph,7.06,OK
2026-05-05 18:20:01,aquanet/water/nitrate,0.49,OK
2026-05-05 18:20:01,aquanet/hydraulic/pressure,4.94,OK
2026-05-05 18:20:01,aquanet/hydraulic/flowrate,89.3,OK
2026-05-05 18:20:01,aquanet/alerts,ALERT E.COLI: 900.0 CFU/100ml exceeds NPS-FM limit of 540.0 - BACTERIAL CONTAMINATION DETECTED,ALERT
2026-05-05 18:20:01,aquanet/alerts,ALERT TURBIDITY: 15.0 NTU exceeds 5.0 NTU - TREATMENT REQUIRED,ALERT
2026-05-05 18:20:01,aquanet/alerts,ALERT PRESSURE HIGH: 4.94 bar exceeds 4.0 bar - PIPE BURST RISK,ALERT
2026-05-05 18:20:11,aquanet/water/turbidity,7.1,ALERT - Turbidity 7.1 NTU exceeds 5.0
2026-05-05 18:20:11,aquanet/water/ecoli,750.0,ALERT - E.coli 750.0 CFU/100ml exceeds 540.0
2026-05-05 18:20:11,aquanet/water/ph,7.13,OK
2026-05-05 18:20:11,aquanet/water/nitrate,0.28,OK
2026-05-05 18:20:11,aquanet/hydraulic/pressure,3.36,OK
2026-05-05 18:20:11,aquanet/hydraulic/flowrate,70.6,OK
2026-05-05 18:20:11,aquanet/alerts,ALERT E.COLI: 750.0 CFU/100ml exceeds NPS-FM limit of 540.0 - BACTERIAL CONTAMINATION DETECTED,ALERT
2026-05-05 18:20:11,aquanet/alerts,ALERT TURBIDITY: 7.1 NTU exceeds 5.0 NTU - TREATMENT REQUIRED,ALERT
2026-05-05 18:20:21,aquanet/water/turbidity,6.9,ALERT - Turbidity 6.9 NTU exceeds 5.0
2026-05-05 18:20:21,aquanet/water/ecoli,540.0,OK
2026-05-05 18:20:21,aquanet/water/ph,7.11,OK
2026-05-05 18:20:21,aquanet/water/nitrate,0.32,OK
2026-05-05 18:20:21,aquanet/hydraulic/pressure,5.42,ALERT - Pressure 5.42 bar exceeds 5.0
2026-05-05 18:20:21,aquanet/hydraulic/flowrate,88.5,OK
2026-05-05 18:20:21,aquanet/alerts,ALERT TURBIDITY: 6.9 NTU exceeds 5.0 NTU - TREATMENT REQUIRED,ALERT
2026-05-05 18:20:21,aquanet/alerts,ALERT PRESSURE HIGH: 5.42 bar exceeds 4.0 bar - PIPE BURST RISK,ALERT
2026-05-05 18:20:31,aquanet/water/turbidity,12.0,ALERT - Turbidity 12.0 NTU exceeds 5.0
2026-05-05 18:20:31,aquanet/water/ecoli,460.0,OK
2026-05-05 18:20:31,aquanet/water/ph,7.12,OK
2026-05-05 18:20:31,aquanet/water/nitrate,0.53,OK
2026-05-05 18:20:31,aquanet/hydraulic/pressure,3.36,OK
2026-05-05 18:20:31,aquanet/hydraulic/flowrate,97.0,OK
2026-05-05 18:20:31,aquanet/alerts,ALERT TURBIDITY: 12.0 NTU exceeds 5.0 NTU - TREATMENT REQUIRED,ALERT
2026-05-05 18:20:41,aquanet/water/turbidity,16.0,ALERT - Turbidity 16.0 NTU exceeds 5.0
2026-05-05 18:20:41,aquanet/water/ecoli,500.0,OK
2026-05-05 18:20:41,aquanet/water/ph,7.2,OK
2026-05-05 18:20:41,aquanet/water/nitrate,0.2,OK
2026-05-05 18:20:41,aquanet/hydraulic/pressure,4.49,OK
2026-05-05 18:20:41,aquanet/hydraulic/flowrate,81.1,OK
2026-05-05 18:20:41,aquanet/alerts,ALERT TURBIDITY: 16.0 NTU exceeds 5.0 NTU - TREATMENT REQUIRED,ALERT
2026-05-05 18:20:41,aquanet/alerts,ALERT PRESSURE HIGH: 4.49 bar exceeds 4.0 bar - PIPE BURST RISK,ALERT
2026-05-05 18:20:51,aquanet/water/turbidity,25.0,ALERT - Turbidity 25.0 NTU exceeds 5.0
2026-05-05 18:20:51,aquanet/water/ecoli,1100.0,ALERT - E.coli 1100.0 CFU/100ml exceeds 540.0
2026-05-05 18:20:51,aquanet/water/ph,7.12,OK
2026-05-05 18:20:51,aquanet/water/nitrate,0.21,OK
2026-05-05 18:20:51,aquanet/hydraulic/pressure,5.03,ALERT - Pressure 5.03 bar exceeds 5.0
2026-05-05 18:20:51,aquanet/hydraulic/flowrate,81.8,OK
2026-05-05 18:20:51,aquanet/alerts,ALERT E.COLI: 1100.0 CFU/100ml exceeds NPS-FM limit of 540.0 - BACTERIAL CONTAMINATION DETECTED,ALERT
2026-05-05 18:20:51,aquanet/alerts,ALERT TURBIDITY: 25.0 NTU exceeds 5.0 NTU - TREATMENT REQUIRED,ALERT
2026-05-05 18:20:51,aquanet/alerts,ALERT PRESSURE HIGH: 5.03 bar exceeds 4.0 bar - PIPE BURST RISK,ALERT
2026-05-05 18:21:01,aquanet/water/turbidity,45.0,ALERT - Turbidity 45.0 NTU exceeds 5.0
2026-05-05 18:21:01,aquanet/water/ecoli,500.0,OK
2026-05-05 18:21:01,aquanet/water/ph,6.96,OK
2026-05-05 18:21:01,aquanet/water/nitrate,0.179,OK
2026-05-05 18:21:01,aquanet/hydraulic/pressure,3.22,OK
2026-05-05 18:21:01,aquanet/hydraulic/flowrate,75.4,OK
2026-05-05 18:21:01,aquanet/alerts,ALERT TURBIDITY: 45.0 NTU exceeds 5.0 NTU - TREATMENT REQUIRED,ALERT
2026-05-05 18:21:11,aquanet/water/turbidity,10.0,ALERT - Turbidity 10.0 NTU exceeds 5.0
2026-05-05 18:21:11,aquanet/water/ecoli,1000.0,ALERT - E.coli 1000.0 CFU/100ml exceeds 540.0
2026-05-05 18:21:11,aquanet/water/ph,7.18,OK
2026-05-05 18:21:11,aquanet/water/nitrate,0.22,OK
2026-05-05 18:21:11,aquanet/hydraulic/pressure,3.02,OK
2026-05-05 18:21:11,aquanet/hydraulic/flowrate,79.3,OK
2026-05-05 18:21:11,aquanet/alerts,ALERT E.COLI: 1000.0 CFU/100ml exceeds NPS-FM limit of 540.0 - BACTERIAL CONTAMINATION DETECTED,ALERT
2026-05-05 18:21:11,aquanet/alerts,ALERT TURBIDITY: 10.0 NTU exceeds 5.0 NTU - TREATMENT REQUIRED,ALERT
2026-05-05 18:21:21,aquanet/water/turbidity,6.6,ALERT - Turbidity 6.6 NTU exceeds 5.0
2026-05-05 18:21:21,aquanet/water/ecoli,6000.0,ALERT - E.coli 6000.0 CFU/100ml exceeds 540.0
2026-05-05 18:21:21,aquanet/water/ph,7.15,OK
2026-05-05 18:21:21,aquanet/water/nitrate,0.094,OK
2026-05-05 18:21:21,aquanet/hydraulic/pressure,5.22,ALERT - Pressure 5.22 bar exceeds 5.0
2026-05-05 18:21:21,aquanet/hydraulic/flowrate,92.6,OK
2026-05-05 18:21:21,aquanet/alerts,ALERT E.COLI: 6000.0 CFU/100ml exceeds NPS-FM limit of 540.0 - BACTERIAL CONTAMINATION DETECTED,ALERT
2026-05-05 18:21:21,aquanet/alerts,ALERT TURBIDITY: 6.6 NTU exceeds 5.0 NTU - TREATMENT REQUIRED,ALERT
2026-05-05 18:21:21,aquanet/alerts,ALERT PRESSURE HIGH: 5.22 bar exceeds 4.0 bar - PIPE BURST RISK,ALERT
2026-05-05 18:21:31,aquanet/water/turbidity,9.3,ALERT - Turbidity 9.3 NTU exceeds 5.0
2026-05-05 18:21:31,aquanet/water/ecoli,2500.0,ALERT - E.coli 2500.0 CFU/100ml exceeds 540.0
2026-05-05 18:21:31,aquanet/water/ph,7.09,OK
2026-05-05 18:21:31,aquanet/water/nitrate,0.48,OK
2026-05-05 18:21:31,aquanet/hydraulic/pressure,5.21,ALERT - Pressure 5.21 bar exceeds 5.0
2026-05-05 18:21:31,aquanet/hydraulic/flowrate,81.5,OK
2026-05-05 18:21:31,aquanet/alerts,ALERT E.COLI: 2500.0 CFU/100ml exceeds NPS-FM limit of 540.0 - BACTERIAL CONTAMINATION DETECTED,ALERT
2026-05-05 18:21:31,aquanet/alerts,ALERT TURBIDITY: 9.3 NTU exceeds 5.0 NTU - TREATMENT REQUIRED,ALERT
2026-05-05 18:21:31,aquanet/alerts,ALERT PRESSURE HIGH: 5.21 bar exceeds 4.0 bar - PIPE BURST RISK,ALERT
2026-05-05 18:21:41,aquanet/water/turbidity,10.7,ALERT - Turbidity 10.7 NTU exceeds 5.0
2026-05-05 18:21:41,aquanet/water/ecoli,2900.0,ALERT - E.coli 2900.0 CFU/100ml exceeds 540.0
2026-05-05 18:21:41,aquanet/water/ph,7.33,OK
2026-05-05 18:21:41,aquanet/water/nitrate,0.28,OK
2026-05-05 18:21:41,aquanet/hydraulic/pressure,3.47,OK
2026-05-05 18:21:41,aquanet/hydraulic/flowrate,74.4,OK
2026-05-05 18:21:41,aquanet/alerts,ALERT E.COLI: 2900.0 CFU/100ml exceeds NPS-FM limit of 540.0 - BACTERIAL CONTAMINATION DETECTED,ALERT
2026-05-05 18:21:41,aquanet/alerts,ALERT TURBIDITY: 10.7 NTU exceeds 5.0 NTU - TREATMENT REQUIRED,ALERT
2026-05-05 18:21:51,aquanet/water/turbidity,13.7,ALERT - Turbidity 13.7 NTU exceeds 5.0
2026-05-05 18:21:51,aquanet/water/ecoli,500.0,OK
2026-05-05 18:21:51,aquanet/water/ph,7.33,OK
2026-05-05 18:21:51,aquanet/water/nitrate,0.58,OK
2026-05-05 18:21:51,aquanet/hydraulic/pressure,5.45,ALERT - Pressure 5.45 bar exceeds 5.0
2026-05-05 18:21:51,aquanet/hydraulic/flowrate,77.7,OK
2026-05-05 18:21:51,aquanet/alerts,ALERT TURBIDITY: 13.7 NTU exceeds 5.0 NTU - TREATMENT REQUIRED,ALERT
2026-05-05 18:21:51,aquanet/alerts,ALERT PRESSURE HIGH: 5.45 bar exceeds 4.0 bar - PIPE BURST RISK,ALERT
2026-05-05 18:22:01,aquanet/water/turbidity,10.2,ALERT - Turbidity 10.2 NTU exceeds 5.0
2026-05-05 18:22:01,aquanet/water/ecoli,1700.0,ALERT - E.coli 1700.0 CFU/100ml exceeds 540.0
2026-05-05 18:22:01,aquanet/water/ph,6.91,OK
2026-05-05 18:22:01,aquanet/water/nitrate,0.53,OK
2026-05-05 18:22:01,aquanet/hydraulic/pressure,5.18,ALERT - Pressure 5.18 bar exceeds 5.0
2026-05-05 18:22:01,aquanet/hydraulic/flowrate,97.2,OK
2026-05-05 18:22:01,aquanet/alerts,ALERT E.COLI: 1700.0 CFU/100ml exceeds NPS-FM limit of 540.0 - BACTERIAL CONTAMINATION DETECTED,ALERT
2026-05-05 18:22:01,aquanet/alerts,ALERT TURBIDITY: 10.2 NTU exceeds 5.0 NTU - TREATMENT REQUIRED,ALERT
2026-05-05 18:22:01,aquanet/alerts,ALERT PRESSURE HIGH: 5.18 bar exceeds 4.0 bar - PIPE BURST RISK,ALERT
2026-05-05 18:22:11,aquanet/water/turbidity,10.3,ALERT - Turbidity 10.3 NTU exceeds 5.0
2026-05-05 18:22:11,aquanet/water/ecoli,600.0,ALERT - E.coli 600.0 CFU/100ml exceeds 540.0
2026-05-05 18:22:11,aquanet/water/ph,6.88,OK
2026-05-05 18:22:11,aquanet/water/nitrate,0.69,OK
2026-05-05 18:22:11,aquanet/hydraulic/pressure,5.61,ALERT - Pressure 5.61 bar exceeds 5.0
2026-05-05 18:22:11,aquanet/hydraulic/flowrate,80.4,OK
2026-05-05 18:22:11,aquanet/alerts,ALERT E.COLI: 600.0 CFU/100ml exceeds NPS-FM limit of 540.0 - BACTERIAL CONTAMINATION DETECTED,ALERT
2026-05-05 18:22:11,aquanet/alerts,ALERT TURBIDITY: 10.3 NTU exceeds 5.0 NTU - TREATMENT REQUIRED,ALERT
2026-05-05 18:22:11,aquanet/alerts,ALERT PRESSURE HIGH: 5.61 bar exceeds 4.0 bar - PIPE BURST RISK,ALERT
2026-05-05 18:22:21,aquanet/water/turbidity,9.1,ALERT - Turbidity 9.1 NTU exceeds 5.0
2026-05-05 18:22:21,aquanet/water/ecoli,260.0,OK
2026-05-05 18:22:21,aquanet/water/ph,7.36,OK
2026-05-05 18:22:21,aquanet/water/nitrate,0.53,OK
2026-05-05 18:22:21,aquanet/hydraulic/pressure,5.55,ALERT - Pressure 5.55 bar exceeds 5.0
2026-05-05 18:22:21,aquanet/hydraulic/flowrate,97.5,OK
2026-05-05 18:22:21,aquanet/alerts,ALERT TURBIDITY: 9.1 NTU exceeds 5.0 NTU - TREATMENT REQUIRED,ALERT
2026-05-05 18:22:21,aquanet/alerts,ALERT PRESSURE HIGH: 5.55 bar exceeds 4.0 bar - PIPE BURST RISK,ALERT
2026-05-05 18:22:31,aquanet/water/turbidity,15.6,ALERT - Turbidity 15.6 NTU exceeds 5.0
2026-05-05 18:22:31,aquanet/water/ecoli,1100.0,ALERT - E.coli 1100.0 CFU/100ml exceeds 540.0
2026-05-05 18:22:31,aquanet/water/ph,7.57,OK
2026-05-05 18:22:31,aquanet/water/nitrate,0.57,OK
2026-05-05 18:22:31,aquanet/hydraulic/pressure,5.64,ALERT - Pressure 5.64 bar exceeds 5.0
2026-05-05 18:22:31,aquanet/hydraulic/flowrate,90.3,OK
2026-05-05 18:22:31,aquanet/alerts,ALERT E.COLI: 1100.0 CFU/100ml exceeds NPS-FM limit of 540.0 - BACTERIAL CONTAMINATION DETECTED,ALERT
2026-05-05 18:22:31,aquanet/alerts,ALERT TURBIDITY: 15.6 NTU exceeds 5.0 NTU - TREATMENT REQUIRED,ALERT
2026-05-05 18:22:31,aquanet/alerts,ALERT PRESSURE HIGH: 5.64 bar exceeds 4.0 bar - PIPE BURST RISK,ALERT
2026-05-05 18:22:41,aquanet/water/turbidity,22.0,ALERT - Turbidity 22.0 NTU exceeds 5.0
2026-05-05 18:22:41,aquanet/water/ecoli,400.0,OK
2026-05-05 18:22:41,aquanet/water/ph,7.58,OK
2026-05-05 18:22:41,aquanet/water/nitrate,0.27,OK
2026-05-05 18:22:41,aquanet/hydraulic/pressure,5.06,ALERT - Pressure 5.06 bar exceeds 5.0
2026-05-05 18:22:41,aquanet/hydraulic/flowrate,87.9,OK
2026-05-05 18:22:41,aquanet/alerts,ALERT TURBIDITY: 22.0 NTU exceeds 5.0 NTU - TREATMENT REQUIRED,ALERT
2026-05-05 18:22:41,aquanet/alerts,ALERT PRESSURE HIGH: 5.06 bar exceeds 4.0 bar - PIPE BURST RISK,ALERT
2026-05-05 18:22:51,aquanet/water/turbidity,9.7,ALERT - Turbidity 9.7 NTU exceeds 5.0
2026-05-05 18:22:51,aquanet/water/ecoli,1400.0,ALERT - E.coli 1400.0 CFU/100ml exceeds 540.0
2026-05-05 18:22:51,aquanet/water/ph,7.18,OK
2026-05-05 18:22:51,aquanet/water/nitrate,0.012,OK
2026-05-05 18:22:51,aquanet/hydraulic/pressure,5.88,ALERT - Pressure 5.88 bar exceeds 5.0
2026-05-05 18:22:51,aquanet/hydraulic/flowrate,98.9,OK
2026-05-05 18:22:51,aquanet/alerts,ALERT E.COLI: 1400.0 CFU/100ml exceeds NPS-FM limit of 540.0 - BACTERIAL CONTAMINATION DETECTED,ALERT
2026-05-05 18:22:51,aquanet/alerts,ALERT TURBIDITY: 9.7 NTU exceeds 5.0 NTU - TREATMENT REQUIRED,ALERT
2026-05-05 18:22:51,aquanet/alerts,ALERT PRESSURE HIGH: 5.88 bar exceeds 4.0 bar - PIPE BURST RISK,ALERT
2026-05-05 18:23:01,aquanet/water/turbidity,8.0,ALERT - Turbidity 8.0 NTU exceeds 5.0
2026-05-05 18:23:01,aquanet/water/ecoli,800.0,ALERT - E.coli 800.0 CFU/100ml exceeds 540.0
2026-05-05 18:23:01,aquanet/water/ph,7.25,OK
2026-05-05 18:23:01,aquanet/water/nitrate,0.45,OK
2026-05-05 18:23:01,aquanet/hydraulic/pressure,5.84,ALERT - Pressure 5.84 bar exceeds 5.0
2026-05-05 18:23:01,aquanet/hydraulic/flowrate,97.7,OK
2026-05-05 18:23:01,aquanet/alerts,ALERT E.COLI: 800.0 CFU/100ml exceeds NPS-FM limit of 540.0 - BACTERIAL CONTAMINATION DETECTED,ALERT
2026-05-05 18:23:01,aquanet/alerts,ALERT TURBIDITY: 8.0 NTU exceeds 5.0 NTU - TREATMENT REQUIRED,ALERT
2026-05-05 18:23:01,aquanet/alerts,ALERT PRESSURE HIGH: 5.84 bar exceeds 4.0 bar - PIPE BURST RISK,ALERT
2026-05-05 18:23:11,aquanet/water/turbidity,9.6,ALERT - Turbidity 9.6 NTU exceeds 5.0
2026-05-05 18:23:11,aquanet/water/ecoli,3600.0,ALERT - E.coli 3600.0 CFU/100ml exceeds 540.0
2026-05-05 18:23:11,aquanet/water/ph,7.59,OK
2026-05-05 18:23:11,aquanet/water/nitrate,0.3,OK
2026-05-05 18:23:11,aquanet/hydraulic/pressure,5.8,ALERT - Pressure 5.8 bar exceeds 5.0
2026-05-05 18:23:11,aquanet/hydraulic/flowrate,98.8,OK
2026-05-05 18:23:11,aquanet/alerts,ALERT E.COLI: 3600.0 CFU/100ml exceeds NPS-FM limit of 540.0 - BACTERIAL CONTAMINATION DETECTED,ALERT
2026-05-05 18:23:11,aquanet/alerts,ALERT TURBIDITY: 9.6 NTU exceeds 5.0 NTU - TREATMENT REQUIRED,ALERT
2026-05-05 18:23:11,aquanet/alerts,ALERT PRESSURE HIGH: 5.8 bar exceeds 4.0 bar - PIPE BURST RISK,ALERT
2026-05-05 18:23:21,aquanet/water/turbidity,11.3,ALERT - Turbidity 11.3 NTU exceeds 5.0
2026-05-05 18:23:21,aquanet/water/ecoli,2900.0,ALERT - E.coli 2900.0 CFU/100ml exceeds 540.0
2026-05-05 18:23:21,aquanet/water/ph,7.02,OK
2026-05-05 18:23:21,aquanet/water/nitrate,0.3,OK
2026-05-05 18:23:21,aquanet/hydraulic/pressure,5.37,ALERT - Pressure 5.37 bar exceeds 5.0
2026-05-05 18:23:21,aquanet/hydraulic/flowrate,83.0,OK
2026-05-05 18:23:21,aquanet/alerts,ALERT E.COLI: 2900.0 CFU/100ml exceeds NPS-FM limit of 540.0 - BACTERIAL CONTAMINATION DETECTED,ALERT
2026-05-05 18:23:21,aquanet/alerts,ALERT TURBIDITY: 11.3 NTU exceeds 5.0 NTU - TREATMENT REQUIRED,ALERT
2026-05-05 18:23:21,aquanet/alerts,ALERT PRESSURE HIGH: 5.37 bar exceeds 4.0 bar - PIPE BURST RISK,ALERT
2026-05-05 18:23:31,aquanet/water/turbidity,10.6,ALERT - Turbidity 10.6 NTU exceeds 5.0
2026-05-05 18:23:31,aquanet/water/ecoli,41000.0,ALERT - E.coli 41000.0 CFU/100ml exceeds 540.0
2026-05-05 18:23:31,aquanet/water/ph,7.18,OK
2026-05-05 18:23:31,aquanet/water/nitrate,0.28,OK
2026-05-05 18:23:31,aquanet/hydraulic/pressure,5.02,ALERT - Pressure 5.02 bar exceeds 5.0
2026-05-05 18:23:31,aquanet/hydraulic/flowrate,79.7,OK
2026-05-05 18:23:31,aquanet/alerts,ALERT E.COLI: 41000.0 CFU/100ml exceeds NPS-FM limit of 540.0 - BACTERIAL CONTAMINATION DETECTED,ALERT
2026-05-05 18:23:31,aquanet/alerts,ALERT TURBIDITY: 10.6 NTU exceeds 5.0 NTU - TREATMENT REQUIRED,ALERT
2026-05-05 18:23:31,aquanet/alerts,ALERT PRESSURE HIGH: 5.02 bar exceeds 4.0 bar - PIPE BURST RISK,ALERT
2026-05-05 18:23:41,aquanet/water/turbidity,12.0,ALERT - Turbidity 12.0 NTU exceeds 5.0
2026-05-05 18:23:41,aquanet/water/ecoli,2200.0,ALERT - E.coli 2200.0 CFU/100ml exceeds 540.0
2026-05-05 18:23:41,aquanet/water/ph,7.36,OK
2026-05-05 18:23:41,aquanet/water/nitrate,0.72,OK
2026-05-05 18:23:41,aquanet/hydraulic/pressure,5.62,ALERT - Pressure 5.62 bar exceeds 5.0
2026-05-05 18:23:41,aquanet/hydraulic/flowrate,94.8,OK
2026-05-05 18:23:41,aquanet/alerts,ALERT E.COLI: 2200.0 CFU/100ml exceeds NPS-FM limit of 540.0 - BACTERIAL CONTAMINATION DETECTED,ALERT
2026-05-05 18:23:41,aquanet/alerts,ALERT TURBIDITY: 12.0 NTU exceeds 5.0 NTU - TREATMENT REQUIRED,ALERT
2026-05-05 18:23:41,aquanet/alerts,ALERT PRESSURE HIGH: 5.62 bar exceeds 4.0 bar - PIPE BURST RISK,ALERT
2026-05-05 18:23:51,aquanet/water/turbidity,14.0,ALERT - Turbidity 14.0 NTU exceeds 5.0
2026-05-05 18:23:51,aquanet/water/ecoli,10.0,OK
2026-05-05 18:23:51,aquanet/water/ph,7.19,OK
2026-05-05 18:23:51,aquanet/water/nitrate,0.6,OK
2026-05-05 18:23:51,aquanet/hydraulic/pressure,5.36,ALERT - Pressure 5.36 bar exceeds 5.0
2026-05-05 18:23:51,aquanet/hydraulic/flowrate,99.1,OK
2026-05-05 18:23:51,aquanet/alerts,ALERT TURBIDITY: 14.0 NTU exceeds 5.0 NTU - TREATMENT REQUIRED,ALERT
2026-05-05 18:23:51,aquanet/alerts,ALERT PRESSURE HIGH: 5.36 bar exceeds 4.0 bar - PIPE BURST RISK,ALERT
2026-05-05 18:24:01,aquanet/water/turbidity,8.3,ALERT - Turbidity 8.3 NTU exceeds 5.0
2026-05-05 18:24:01,aquanet/water/ecoli,900.0,ALERT - E.coli 900.0 CFU/100ml exceeds 540.0
2026-05-05 18:24:01,aquanet/water/ph,7.04,OK
2026-05-05 18:24:01,aquanet/water/nitrate,0.48,OK
2026-05-05 18:24:01,aquanet/hydraulic/pressure,5.09,ALERT - Pressure 5.09 bar exceeds 5.0
2026-05-05 18:24:01,aquanet/hydraulic/flowrate,87.6,OK
2026-05-05 18:24:01,aquanet/alerts,ALERT E.COLI: 900.0 CFU/100ml exceeds NPS-FM limit of 540.0 - BACTERIAL CONTAMINATION DETECTED,ALERT
2026-05-05 18:24:01,aquanet/alerts,ALERT TURBIDITY: 8.3 NTU exceeds 5.0 NTU - TREATMENT REQUIRED,ALERT
2026-05-05 18:24:01,aquanet/alerts,ALERT PRESSURE HIGH: 5.09 bar exceeds 4.0 bar - PIPE BURST RISK,ALERT
2026-05-06 09:39:32,aquanet/water/turbidity,12.4,ALERT - Turbidity 12.4 NTU exceeds 5.0
2026-05-06 09:39:32,aquanet/water/ecoli,500.0,OK
2026-05-06 09:39:32,aquanet/water/ph,7.12,OK
2026-05-06 09:39:32,aquanet/water/nitrate,0.4,OK
2026-05-06 09:39:32,aquanet/hydraulic/pressure,5.15,ALERT - Pressure 5.15 bar exceeds 5.0
2026-05-06 09:39:32,aquanet/hydraulic/flowrate,87.1,OK
2026-05-06 09:39:32,aquanet/alerts,ALERT TURBIDITY: 12.4 NTU exceeds 5.0 NTU - TREATMENT REQUIRED,ALERT
2026-05-06 09:39:32,aquanet/alerts,ALERT PRESSURE HIGH: 5.15 bar exceeds 4.0 bar - PIPE BURST RISK,ALERT
2026-05-06 09:39:42,aquanet/water/turbidity,12.7,ALERT - Turbidity 12.7 NTU exceeds 5.0
2026-05-06 09:39:42,aquanet/water/ecoli,240.0,OK
2026-05-06 09:39:42,aquanet/water/ph,7.03,OK
2026-05-06 09:39:42,aquanet/water/nitrate,0.36,OK
2026-05-06 09:39:42,aquanet/hydraulic/pressure,3.27,OK
2026-05-06 09:39:42,aquanet/hydraulic/flowrate,79.6,OK
2026-05-06 09:39:42,aquanet/alerts,ALERT TURBIDITY: 12.7 NTU exceeds 5.0 NTU - TREATMENT REQUIRED,ALERT
2026-05-06 09:39:52,aquanet/water/turbidity,17.7,ALERT - Turbidity 17.7 NTU exceeds 5.0
2026-05-06 09:39:52,aquanet/water/ecoli,500.0,OK
2026-05-06 09:39:52,aquanet/water/ph,7.12,OK
2026-05-06 09:39:52,aquanet/water/nitrate,0.34,OK
2026-05-06 09:39:52,aquanet/hydraulic/pressure,5.06,ALERT - Pressure 5.06 bar exceeds 5.0
2026-05-06 09:39:52,aquanet/hydraulic/flowrate,97.5,OK
2026-05-06 09:39:52,aquanet/alerts,ALERT TURBIDITY: 17.7 NTU exceeds 5.0 NTU - TREATMENT REQUIRED,ALERT
2026-05-06 09:39:52,aquanet/alerts,ALERT PRESSURE HIGH: 5.06 bar exceeds 4.0 bar - PIPE BURST RISK,ALERT
2026-05-06 09:40:02,aquanet/water/turbidity,9.7,ALERT - Turbidity 9.7 NTU exceeds 5.0
2026-05-06 09:40:02,aquanet/water/ecoli,600.0,ALERT - E.coli 600.0 CFU/100ml exceeds 540.0
2026-05-06 09:40:02,aquanet/water/ph,6.96,OK
2026-05-06 09:40:02,aquanet/water/nitrate,0.3,OK
2026-05-06 09:40:02,aquanet/hydraulic/pressure,5.18,ALERT - Pressure 5.18 bar exceeds 5.0
2026-05-06 09:40:02,aquanet/hydraulic/flowrate,86.1,OK
2026-05-06 09:40:02,aquanet/alerts,ALERT E.COLI: 600.0 CFU/100ml exceeds NPS-FM limit of 540.0 - BACTERIAL CONTAMINATION DETECTED,ALERT
2026-05-06 09:40:02,aquanet/alerts,ALERT TURBIDITY: 9.7 NTU exceeds 5.0 NTU - TREATMENT REQUIRED,ALERT
2026-05-06 09:40:02,aquanet/alerts,ALERT PRESSURE HIGH: 5.18 bar exceeds 4.0 bar - PIPE BURST RISK,ALERT
2026-05-06 09:40:12,aquanet/water/turbidity,31.0,ALERT - Turbidity 31.0 NTU exceeds 5.0
2026-05-06 09:40:12,aquanet/water/ecoli,1900.0,ALERT - E.coli 1900.0 CFU/100ml exceeds 540.0
2026-05-06 09:40:12,aquanet/water/ph,7.03,OK
2026-05-06 09:40:12,aquanet/water/nitrate,0.31,OK
2026-05-06 09:40:12,aquanet/hydraulic/pressure,5.27,ALERT - Pressure 5.27 bar exceeds 5.0
2026-05-06 09:40:12,aquanet/hydraulic/flowrate,98.6,OK
2026-05-06 09:40:12,aquanet/alerts,ALERT E.COLI: 1900.0 CFU/100ml exceeds NPS-FM limit of 540.0 - BACTERIAL CONTAMINATION DETECTED,ALERT
2026-05-06 09:40:12,aquanet/alerts,ALERT TURBIDITY: 31.0 NTU exceeds 5.0 NTU - TREATMENT REQUIRED,ALERT
2026-05-06 09:40:12,aquanet/alerts,ALERT PRESSURE HIGH: 5.27 bar exceeds 4.0 bar - PIPE BURST RISK,ALERT
2026-05-06 09:40:22,aquanet/water/turbidity,11.3,ALERT - Turbidity 11.3 NTU exceeds 5.0
2026-05-06 09:40:22,aquanet/water/ecoli,400.0,OK
2026-05-06 09:40:22,aquanet/water/ph,6.91,OK
2026-05-06 09:40:22,aquanet/water/nitrate,0.31,OK
2026-05-06 09:40:22,aquanet/hydraulic/pressure,4.54,OK
2026-05-06 09:40:22,aquanet/hydraulic/flowrate,76.2,OK
2026-05-06 09:40:22,aquanet/alerts,ALERT TURBIDITY: 11.3 NTU exceeds 5.0 NTU - TREATMENT REQUIRED,ALERT
2026-05-06 09:40:22,aquanet/alerts,ALERT PRESSURE HIGH: 4.54 bar exceeds 4.0 bar - PIPE BURST RISK,ALERT
2026-05-06 09:40:32,aquanet/water/turbidity,5.3,ALERT - Turbidity 5.3 NTU exceeds 5.0
2026-05-06 09:40:32,aquanet/water/ecoli,5000.0,ALERT - E.coli 5000.0 CFU/100ml exceeds 540.0
2026-05-06 09:40:32,aquanet/water/ph,6.61,OK
2026-05-06 09:40:32,aquanet/water/nitrate,0.24,OK
2026-05-06 09:40:32,aquanet/hydraulic/pressure,5.4,ALERT - Pressure 5.4 bar exceeds 5.0
2026-05-06 09:40:32,aquanet/hydraulic/flowrate,72.1,OK
2026-05-06 09:40:32,aquanet/alerts,ALERT E.COLI: 5000.0 CFU/100ml exceeds NPS-FM limit of 540.0 - BACTERIAL CONTAMINATION DETECTED,ALERT
2026-05-06 09:40:32,aquanet/alerts,ALERT TURBIDITY: 5.3 NTU exceeds 5.0 NTU - TREATMENT REQUIRED,ALERT
2026-05-06 09:40:32,aquanet/alerts,ALERT PRESSURE HIGH: 5.4 bar exceeds 4.0 bar - PIPE BURST RISK,ALERT
2026-05-06 09:40:42,aquanet/water/turbidity,7.5,ALERT - Turbidity 7.5 NTU exceeds 5.0
2026-05-06 09:40:42,aquanet/water/ecoli,2300.0,ALERT - E.coli 2300.0 CFU/100ml exceeds 540.0
2026-05-06 09:40:42,aquanet/water/ph,6.89,OK
2026-05-06 09:40:42,aquanet/water/nitrate,0.21,OK
2026-05-06 09:40:42,aquanet/hydraulic/pressure,3.19,OK
2026-05-06 09:40:42,aquanet/hydraulic/flowrate,98.3,OK
2026-05-06 09:40:42,aquanet/alerts,ALERT E.COLI: 2300.0 CFU/100ml exceeds NPS-FM limit of 540.0 - BACTERIAL CONTAMINATION DETECTED,ALERT
2026-05-06 09:40:42,aquanet/alerts,ALERT TURBIDITY: 7.5 NTU exceeds 5.0 NTU - TREATMENT REQUIRED,ALERT
2026-05-06 09:40:52,aquanet/water/turbidity,14.0,ALERT - Turbidity 14.0 NTU exceeds 5.0
2026-05-06 09:40:52,aquanet/water/ecoli,2900.0,ALERT - E.coli 2900.0 CFU/100ml exceeds 540.0
2026-05-06 09:40:52,aquanet/water/ph,7.31,OK
2026-05-06 09:40:52,aquanet/water/nitrate,0.29,OK
2026-05-06 09:40:52,aquanet/hydraulic/pressure,5.08,ALERT - Pressure 5.08 bar exceeds 5.0
2026-05-06 09:40:52,aquanet/hydraulic/flowrate,77.1,OK
2026-05-06 09:40:52,aquanet/alerts,ALERT E.COLI: 2900.0 CFU/100ml exceeds NPS-FM limit of 540.0 - BACTERIAL CONTAMINATION DETECTED,ALERT
2026-05-06 09:40:52,aquanet/alerts,ALERT TURBIDITY: 14.0 NTU exceeds 5.0 NTU - TREATMENT REQUIRED,ALERT
2026-05-06 09:40:52,aquanet/alerts,ALERT PRESSURE HIGH: 5.08 bar exceeds 4.0 bar - PIPE BURST RISK,ALERT
2026-05-06 09:41:02,aquanet/water/turbidity,13.2,ALERT - Turbidity 13.2 NTU exceeds 5.0
2026-05-06 09:41:02,aquanet/water/ecoli,1500.0,ALERT - E.coli 1500.0 CFU/100ml exceeds 540.0
2026-05-06 09:41:02,aquanet/water/ph,6.97,OK
2026-05-06 09:41:02,aquanet/water/nitrate,0.4,OK
2026-05-06 09:41:02,aquanet/hydraulic/pressure,4.36,OK
2026-05-06 09:41:02,aquanet/hydraulic/flowrate,70.0,OK
2026-05-06 09:41:02,aquanet/alerts,ALERT E.COLI: 1500.0 CFU/100ml exceeds NPS-FM limit of 540.0 - BACTERIAL CONTAMINATION DETECTED,ALERT
2026-05-06 09:41:02,aquanet/alerts,ALERT TURBIDITY: 13.2 NTU exceeds 5.0 NTU - TREATMENT REQUIRED,ALERT
2026-05-06 09:41:02,aquanet/alerts,ALERT PRESSURE HIGH: 4.36 bar exceeds 4.0 bar - PIPE BURST RISK,ALERT
2026-05-06 09:41:12,aquanet/water/turbidity,7.6,ALERT - Turbidity 7.6 NTU exceeds 5.0
2026-05-06 09:41:12,aquanet/water/ecoli,2200.0,ALERT - E.coli 2200.0 CFU/100ml exceeds 540.0
2026-05-06 09:41:12,aquanet/water/ph,6.85,OK
2026-05-06 09:41:12,aquanet/water/nitrate,0.38,OK
2026-05-06 09:41:12,aquanet/hydraulic/pressure,5.58,ALERT - Pressure 5.58 bar exceeds 5.0
2026-05-06 09:41:12,aquanet/hydraulic/flowrate,78.1,OK
2026-05-06 09:41:12,aquanet/alerts,ALERT E.COLI: 2200.0 CFU/100ml exceeds NPS-FM limit of 540.0 - BACTERIAL CONTAMINATION DETECTED,ALERT
2026-05-06 09:41:12,aquanet/alerts,ALERT TURBIDITY: 7.6 NTU exceeds 5.0 NTU - TREATMENT REQUIRED,ALERT
2026-05-06 09:41:12,aquanet/alerts,ALERT PRESSURE HIGH: 5.58 bar exceeds 4.0 bar - PIPE BURST RISK,ALERT
2026-05-06 09:41:22,aquanet/water/turbidity,10.0,ALERT - Turbidity 10.0 NTU exceeds 5.0
2026-05-06 09:41:22,aquanet/water/ecoli,1000.0,ALERT - E.coli 1000.0 CFU/100ml exceeds 540.0
2026-05-06 09:41:22,aquanet/water/ph,7.17,OK
2026-05-06 09:41:22,aquanet/water/nitrate,0.137,OK
2026-05-06 09:41:22,aquanet/hydraulic/pressure,2.83,OK
2026-05-06 09:41:22,aquanet/hydraulic/flowrate,93.2,OK
2026-05-06 09:41:22,aquanet/alerts,ALERT E.COLI: 1000.0 CFU/100ml exceeds NPS-FM limit of 540.0 - BACTERIAL CONTAMINATION DETECTED,ALERT
2026-05-06 09:41:22,aquanet/alerts,ALERT TURBIDITY: 10.0 NTU exceeds 5.0 NTU - TREATMENT REQUIRED,ALERT
2026-05-06 09:41:32,aquanet/water/turbidity,10.8,ALERT - Turbidity 10.8 NTU exceeds 5.0
2026-05-06 09:41:32,aquanet/water/ecoli,5000.0,ALERT - E.coli 5000.0 CFU/100ml exceeds 540.0
2026-05-06 09:41:32,aquanet/water/ph,7.18,OK
2026-05-06 09:41:32,aquanet/water/nitrate,0.4,OK
2026-05-06 09:41:32,aquanet/hydraulic/pressure,5.61,ALERT - Pressure 5.61 bar exceeds 5.0
2026-05-06 09:41:32,aquanet/hydraulic/flowrate,70.1,OK
2026-05-06 09:41:32,aquanet/alerts,ALERT E.COLI: 5000.0 CFU/100ml exceeds NPS-FM limit of 540.0 - BACTERIAL CONTAMINATION DETECTED,ALERT
2026-05-06 09:41:32,aquanet/alerts,ALERT TURBIDITY: 10.8 NTU exceeds 5.0 NTU - TREATMENT REQUIRED,ALERT
2026-05-06 09:41:32,aquanet/alerts,ALERT PRESSURE HIGH: 5.61 bar exceeds 4.0 bar - PIPE BURST RISK,ALERT
2026-05-06 09:41:42,aquanet/water/turbidity,7.8,ALERT - Turbidity 7.8 NTU exceeds 5.0
2026-05-06 09:41:42,aquanet/water/ecoli,13000.0,ALERT - E.coli 13000.0 CFU/100ml exceeds 540.0
2026-05-06 09:41:42,aquanet/water/ph,7.13,OK
2026-05-06 09:41:42,aquanet/water/nitrate,0.51,OK
2026-05-06 09:41:42,aquanet/hydraulic/pressure,2.88,OK
2026-05-06 09:41:42,aquanet/hydraulic/flowrate,94.4,OK
2026-05-06 09:41:42,aquanet/alerts,ALERT E.COLI: 13000.0 CFU/100ml exceeds NPS-FM limit of 540.0 - BACTERIAL CONTAMINATION DETECTED,ALERT
2026-05-06 09:41:42,aquanet/alerts,ALERT TURBIDITY: 7.8 NTU exceeds 5.0 NTU - TREATMENT REQUIRED,ALERT
2026-05-06 09:41:52,aquanet/water/turbidity,10.3,ALERT - Turbidity 10.3 NTU exceeds 5.0
2026-05-06 09:41:52,aquanet/water/ecoli,300.0,OK
2026-05-06 09:41:52,aquanet/water/ph,7.05,OK
2026-05-06 09:41:52,aquanet/water/nitrate,0.47,OK
2026-05-06 09:41:52,aquanet/hydraulic/pressure,3.56,OK
2026-05-06 09:41:52,aquanet/hydraulic/flowrate,96.5,OK
2026-05-06 09:41:52,aquanet/alerts,ALERT TURBIDITY: 10.3 NTU exceeds 5.0 NTU - TREATMENT REQUIRED,ALERT
2026-05-06 09:42:02,aquanet/water/turbidity,11.6,ALERT - Turbidity 11.6 NTU exceeds 5.0
2026-05-06 09:42:02,aquanet/water/ecoli,700.0,ALERT - E.coli 700.0 CFU/100ml exceeds 540.0
2026-05-06 09:42:02,aquanet/water/ph,7.1,OK
2026-05-06 09:42:02,aquanet/water/nitrate,0.35,OK
2026-05-06 09:42:02,aquanet/hydraulic/pressure,5.38,ALERT - Pressure 5.38 bar exceeds 5.0
2026-05-06 09:42:02,aquanet/hydraulic/flowrate,96.3,OK
2026-05-06 09:42:02,aquanet/alerts,ALERT E.COLI: 700.0 CFU/100ml exceeds NPS-FM limit of 540.0 - BACTERIAL CONTAMINATION DETECTED,ALERT
2026-05-06 09:42:02,aquanet/alerts,ALERT TURBIDITY: 11.6 NTU exceeds 5.0 NTU - TREATMENT REQUIRED,ALERT
2026-05-06 09:42:02,aquanet/alerts,ALERT PRESSURE HIGH: 5.38 bar exceeds 4.0 bar - PIPE BURST RISK,ALERT
2026-05-06 09:42:12,aquanet/water/turbidity,12.3,ALERT - Turbidity 12.3 NTU exceeds 5.0
2026-05-06 09:42:12,aquanet/water/ecoli,1600.0,ALERT - E.coli 1600.0 CFU/100ml exceeds 540.0
2026-05-06 09:42:12,aquanet/water/ph,6.96,OK
2026-05-06 09:42:12,aquanet/water/nitrate,0.39,OK
2026-05-06 09:42:12,aquanet/hydraulic/pressure,5.27,ALERT - Pressure 5.27 bar exceeds 5.0
2026-05-06 09:42:12,aquanet/hydraulic/flowrate,85.1,OK
2026-05-06 09:42:12,aquanet/alerts,ALERT E.COLI: 1600.0 CFU/100ml exceeds NPS-FM limit of 540.0 - BACTERIAL CONTAMINATION DETECTED,ALERT
2026-05-06 09:42:12,aquanet/alerts,ALERT TURBIDITY: 12.3 NTU exceeds 5.0 NTU - TREATMENT REQUIRED,ALERT
2026-05-06 09:42:12,aquanet/alerts,ALERT PRESSURE HIGH: 5.27 bar exceeds 4.0 bar - PIPE BURST RISK,ALERT
2026-05-06 09:42:22,aquanet/water/turbidity,9.5,ALERT - Turbidity 9.5 NTU exceeds 5.0
2026-05-06 09:42:22,aquanet/water/ecoli,400.0,OK
2026-05-06 09:42:22,aquanet/water/ph,7.01,OK
2026-05-06 09:42:22,aquanet/water/nitrate,0.34,OK
2026-05-06 09:42:22,aquanet/hydraulic/pressure,3.24,OK
2026-05-06 09:42:22,aquanet/hydraulic/flowrate,89.4,OK
2026-05-06 09:42:22,aquanet/alerts,ALERT TURBIDITY: 9.5 NTU exceeds 5.0 NTU - TREATMENT REQUIRED,ALERT
2026-05-06 09:42:32,aquanet/water/turbidity,15.5,ALERT - Turbidity 15.5 NTU exceeds 5.0
2026-05-06 09:42:32,aquanet/water/ecoli,13000.0,ALERT - E.coli 13000.0 CFU/100ml exceeds 540.0
2026-05-06 09:42:32,aquanet/water/ph,7.17,OK
2026-05-06 09:42:32,aquanet/water/nitrate,0.37,OK
2026-05-06 09:42:32,aquanet/hydraulic/pressure,4.5,OK
2026-05-06 09:42:32,aquanet/hydraulic/flowrate,76.3,OK
2026-05-06 09:42:32,aquanet/alerts,ALERT E.COLI: 13000.0 CFU/100ml exceeds NPS-FM limit of 540.0 - BACTERIAL CONTAMINATION DETECTED,ALERT
2026-05-06 09:42:32,aquanet/alerts,ALERT TURBIDITY: 15.5 NTU exceeds 5.0 NTU - TREATMENT REQUIRED,ALERT
2026-05-06 09:42:32,aquanet/alerts,ALERT PRESSURE HIGH: 4.5 bar exceeds 4.0 bar - PIPE BURST RISK,ALERT
2026-05-06 09:42:42,aquanet/water/turbidity,12.1,ALERT - Turbidity 12.1 NTU exceeds 5.0
2026-05-06 09:42:42,aquanet/water/ecoli,2000.0,ALERT - E.coli 2000.0 CFU/100ml exceeds 540.0
2026-05-06 09:42:42,aquanet/water/ph,7.05,OK
2026-05-06 09:42:42,aquanet/water/nitrate,0.5,OK
2026-05-06 09:42:42,aquanet/hydraulic/pressure,3.11,OK
2026-05-06 09:42:42,aquanet/hydraulic/flowrate,78.0,OK
2026-05-06 09:42:42,aquanet/alerts,ALERT E.COLI: 2000.0 CFU/100ml exceeds NPS-FM limit of 540.0 - BACTERIAL CONTAMINATION DETECTED,ALERT
2026-05-06 09:42:42,aquanet/alerts,ALERT TURBIDITY: 12.1 NTU exceeds 5.0 NTU - TREATMENT REQUIRED,ALERT
2026-05-06 09:42:52,aquanet/water/turbidity,13.8,ALERT - Turbidity 13.8 NTU exceeds 5.0
2026-05-06 09:42:52,aquanet/water/ecoli,1500.0,ALERT - E.coli 1500.0 CFU/100ml exceeds 540.0
2026-05-06 09:42:52,aquanet/water/ph,7.11,OK
2026-05-06 09:42:52,aquanet/water/nitrate,0.57,OK
2026-05-06 09:42:52,aquanet/hydraulic/pressure,4.76,OK
2026-05-06 09:42:52,aquanet/hydraulic/flowrate,87.8,OK
2026-05-06 09:42:52,aquanet/alerts,ALERT E.COLI: 1500.0 CFU/100ml exceeds NPS-FM limit of 540.0 - BACTERIAL CONTAMINATION DETECTED,ALERT
2026-05-06 09:42:52,aquanet/alerts,ALERT TURBIDITY: 13.8 NTU exceeds 5.0 NTU - TREATMENT REQUIRED,ALERT
2026-05-06 09:42:52,aquanet/alerts,ALERT PRESSURE HIGH: 4.76 bar exceeds 4.0 bar - PIPE BURST RISK,ALERT
2026-05-06 09:43:02,aquanet/water/turbidity,14.2,ALERT - Turbidity 14.2 NTU exceeds 5.0
2026-05-06 09:43:02,aquanet/water/ecoli,1900.0,ALERT - E.coli 1900.0 CFU/100ml exceeds 540.0
2026-05-06 09:43:02,aquanet/water/ph,7.3,OK
2026-05-06 09:43:02,aquanet/water/nitrate,0.41,OK
2026-05-06 09:43:02,aquanet/hydraulic/pressure,2.94,OK
2026-05-06 09:43:02,aquanet/hydraulic/flowrate,85.0,OK
2026-05-06 09:43:02,aquanet/alerts,ALERT E.COLI: 1900.0 CFU/100ml exceeds NPS-FM limit of 540.0 - BACTERIAL CONTAMINATION DETECTED,ALERT
2026-05-06 09:43:02,aquanet/alerts,ALERT TURBIDITY: 14.2 NTU exceeds 5.0 NTU - TREATMENT REQUIRED,ALERT
2026-05-06 09:43:12,aquanet/water/turbidity,6.8,ALERT - Turbidity 6.8 NTU exceeds 5.0
2026-05-06 09:43:12,aquanet/water/ecoli,1100.0,ALERT - E.coli 1100.0 CFU/100ml exceeds 540.0
2026-05-06 09:43:12,aquanet/water/ph,7.13,OK
2026-05-06 09:43:12,aquanet/water/nitrate,0.35,OK
2026-05-06 09:43:12,aquanet/hydraulic/pressure,5.24,ALERT - Pressure 5.24 bar exceeds 5.0
2026-05-06 09:43:12,aquanet/hydraulic/flowrate,89.9,OK
2026-05-06 09:43:12,aquanet/alerts,ALERT E.COLI: 1100.0 CFU/100ml exceeds NPS-FM limit of 540.0 - BACTERIAL CONTAMINATION DETECTED,ALERT
2026-05-06 09:43:12,aquanet/alerts,ALERT TURBIDITY: 6.8 NTU exceeds 5.0 NTU - TREATMENT REQUIRED,ALERT
2026-05-06 09:43:12,aquanet/alerts,ALERT PRESSURE HIGH: 5.24 bar exceeds 4.0 bar - PIPE BURST RISK,ALERT
2026-05-06 09:43:22,aquanet/water/turbidity,6.5,ALERT - Turbidity 6.5 NTU exceeds 5.0
2026-05-06 09:43:22,aquanet/water/ecoli,1800.0,ALERT - E.coli 1800.0 CFU/100ml exceeds 540.0
2026-05-06 09:43:22,aquanet/water/ph,7.13,OK
2026-05-06 09:43:22,aquanet/water/nitrate,0.44,OK
2026-05-06 09:43:22,aquanet/hydraulic/pressure,5.39,ALERT - Pressure 5.39 bar exceeds 5.0
2026-05-06 09:43:22,aquanet/hydraulic/flowrate,72.3,OK
2026-05-06 09:43:22,aquanet/alerts,ALERT E.COLI: 1800.0 CFU/100ml exceeds NPS-FM limit of 540.0 - BACTERIAL CONTAMINATION DETECTED,ALERT
2026-05-06 09:43:22,aquanet/alerts,ALERT TURBIDITY: 6.5 NTU exceeds 5.0 NTU - TREATMENT REQUIRED,ALERT
2026-05-06 09:43:22,aquanet/alerts,ALERT PRESSURE HIGH: 5.39 bar exceeds 4.0 bar - PIPE BURST RISK,ALERT
2026-05-06 09:43:32,aquanet/water/turbidity,7.5,ALERT - Turbidity 7.5 NTU exceeds 5.0
2026-05-06 09:43:32,aquanet/water/ecoli,1600.0,ALERT - E.coli 1600.0 CFU/100ml exceeds 540.0
2026-05-06 09:43:32,aquanet/water/ph,6.97,OK
2026-05-06 09:43:32,aquanet/water/nitrate,0.41,OK
2026-05-06 09:43:32,aquanet/hydraulic/pressure,5.65,ALERT - Pressure 5.65 bar exceeds 5.0
2026-05-06 09:43:32,aquanet/hydraulic/flowrate,88.5,OK
2026-05-06 09:43:32,aquanet/alerts,ALERT E.COLI: 1600.0 CFU/100ml exceeds NPS-FM limit of 540.0 - BACTERIAL CONTAMINATION DETECTED,ALERT
2026-05-06 09:43:32,aquanet/alerts,ALERT TURBIDITY: 7.5 NTU exceeds 5.0 NTU - TREATMENT REQUIRED,ALERT
2026-05-06 09:43:32,aquanet/alerts,ALERT PRESSURE HIGH: 5.65 bar exceeds 4.0 bar - PIPE BURST RISK,ALERT
2026-05-06 09:43:42,aquanet/water/turbidity,6.7,ALERT - Turbidity 6.7 NTU exceeds 5.0
2026-05-06 09:43:42,aquanet/water/ecoli,4500.0,ALERT - E.coli 4500.0 CFU/100ml exceeds 540.0
2026-05-06 09:43:42,aquanet/water/ph,7.08,OK
2026-05-06 09:43:42,aquanet/water/nitrate,0.33,OK
2026-05-06 09:43:42,aquanet/hydraulic/pressure,5.87,ALERT - Pressure 5.87 bar exceeds 5.0
2026-05-06 09:43:42,aquanet/hydraulic/flowrate,95.4,OK
2026-05-06 09:43:42,aquanet/alerts,ALERT E.COLI: 4500.0 CFU/100ml exceeds NPS-FM limit of 540.0 - BACTERIAL CONTAMINATION DETECTED,ALERT
2026-05-06 09:43:42,aquanet/alerts,ALERT TURBIDITY: 6.7 NTU exceeds 5.0 NTU - TREATMENT REQUIRED,ALERT
2026-05-06 09:43:42,aquanet/alerts,ALERT PRESSURE HIGH: 5.87 bar exceeds 4.0 bar - PIPE BURST RISK,ALERT
2026-05-06 09:43:52,aquanet/water/turbidity,20.0,ALERT - Turbidity 20.0 NTU exceeds 5.0
2026-05-06 09:43:52,aquanet/water/ecoli,12000.0,ALERT - E.coli 12000.0 CFU/100ml exceeds 540.0
2026-05-06 09:43:52,aquanet/water/ph,6.92,OK
2026-05-06 09:43:52,aquanet/water/nitrate,0.38,OK
2026-05-06 09:43:52,aquanet/hydraulic/pressure,5.14,ALERT - Pressure 5.14 bar exceeds 5.0
2026-05-06 09:43:52,aquanet/hydraulic/flowrate,73.9,OK
2026-05-06 09:43:52,aquanet/alerts,ALERT E.COLI: 12000.0 CFU/100ml exceeds NPS-FM limit of 540.0 - BACTERIAL CONTAMINATION DETECTED,ALERT
2026-05-06 09:43:52,aquanet/alerts,ALERT TURBIDITY: 20.0 NTU exceeds 5.0 NTU - TREATMENT REQUIRED,ALERT
2026-05-06 09:43:52,aquanet/alerts,ALERT PRESSURE HIGH: 5.14 bar exceeds 4.0 bar - PIPE BURST RISK,ALERT
2026-05-06 09:44:02,aquanet/water/turbidity,17.4,ALERT - Turbidity 17.4 NTU exceeds 5.0
2026-05-06 09:44:02,aquanet/water/ecoli,3500.0,ALERT - E.coli 3500.0 CFU/100ml exceeds 540.0
2026-05-06 09:44:02,aquanet/water/ph,6.93,OK
2026-05-06 09:44:02,aquanet/water/nitrate,0.33,OK
2026-05-06 09:44:02,aquanet/hydraulic/pressure,5.33,ALERT - Pressure 5.33 bar exceeds 5.0
2026-05-06 09:44:02,aquanet/hydraulic/flowrate,95.4,OK
2026-05-06 09:44:02,aquanet/alerts,ALERT E.COLI: 3500.0 CFU/100ml exceeds NPS-FM limit of 540.0 - BACTERIAL CONTAMINATION DETECTED,ALERT
2026-05-06 09:44:02,aquanet/alerts,ALERT TURBIDITY: 17.4 NTU exceeds 5.0 NTU - TREATMENT REQUIRED,ALERT
2026-05-06 09:44:02,aquanet/alerts,ALERT PRESSURE HIGH: 5.33 bar exceeds 4.0 bar - PIPE BURST RISK,ALERT
2026-05-06 09:44:12,aquanet/water/turbidity,15.0,ALERT - Turbidity 15.0 NTU exceeds 5.0
2026-05-06 09:44:12,aquanet/water/ecoli,3400.0,ALERT - E.coli 3400.0 CFU/100ml exceeds 540.0
2026-05-06 09:44:12,aquanet/water/ph,6.87,OK
2026-05-06 09:44:12,aquanet/water/nitrate,0.28,OK
2026-05-06 09:44:12,aquanet/hydraulic/pressure,3.55,OK
2026-05-06 09:44:12,aquanet/hydraulic/flowrate,86.1,OK
2026-05-06 09:44:12,aquanet/alerts,ALERT E.COLI: 3400.0 CFU/100ml exceeds NPS-FM limit of 540.0 - BACTERIAL CONTAMINATION DETECTED,ALERT
2026-05-06 09:44:12,aquanet/alerts,ALERT TURBIDITY: 15.0 NTU exceeds 5.0 NTU - TREATMENT REQUIRED,ALERT
2026-05-06 09:44:22,aquanet/water/turbidity,12.8,ALERT - Turbidity 12.8 NTU exceeds 5.0
2026-05-06 09:44:22,aquanet/water/ecoli,2300.0,ALERT - E.coli 2300.0 CFU/100ml exceeds 540.0
2026-05-06 09:44:22,aquanet/water/ph,6.9,OK
2026-05-06 09:44:22,aquanet/water/nitrate,0.33,OK
2026-05-06 09:44:22,aquanet/hydraulic/pressure,3.03,OK
2026-05-06 09:44:22,aquanet/hydraulic/flowrate,71.8,OK
2026-05-06 09:44:22,aquanet/alerts,ALERT E.COLI: 2300.0 CFU/100ml exceeds NPS-FM limit of 540.0 - BACTERIAL CONTAMINATION DETECTED,ALERT
2026-05-06 09:44:22,aquanet/alerts,ALERT TURBIDITY: 12.8 NTU exceeds 5.0 NTU - TREATMENT REQUIRED,ALERT
2026-05-06 09:44:32,aquanet/water/turbidity,8.2,ALERT - Turbidity 8.2 NTU exceeds 5.0
2026-05-06 09:44:32,aquanet/water/ecoli,1800.0,ALERT - E.coli 1800.0 CFU/100ml exceeds 540.0
2026-05-06 09:44:32,aquanet/water/ph,7.29,OK
2026-05-06 09:44:32,aquanet/water/nitrate,0.27,OK
2026-05-06 09:44:32,aquanet/hydraulic/pressure,4.54,OK
2026-05-06 09:44:32,aquanet/hydraulic/flowrate,88.4,OK
2026-05-06 09:44:32,aquanet/alerts,ALERT E.COLI: 1800.0 CFU/100ml exceeds NPS-FM limit of 540.0 - BACTERIAL CONTAMINATION DETECTED,ALERT
2026-05-06 09:44:32,aquanet/alerts,ALERT TURBIDITY: 8.2 NTU exceeds 5.0 NTU - TREATMENT REQUIRED,ALERT
2026-05-06 09:44:32,aquanet/alerts,ALERT PRESSURE HIGH: 4.54 bar exceeds 4.0 bar - PIPE BURST RISK,ALERT
2026-05-06 09:44:42,aquanet/water/turbidity,11.1,ALERT - Turbidity 11.1 NTU exceeds 5.0
2026-05-06 09:44:42,aquanet/water/ecoli,1300.0,ALERT - E.coli 1300.0 CFU/100ml exceeds 540.0
2026-05-06 09:44:42,aquanet/water/ph,7.04,OK
2026-05-06 09:44:42,aquanet/water/nitrate,0.3,OK
2026-05-06 09:44:42,aquanet/hydraulic/pressure,4.99,OK
2026-05-06 09:44:42,aquanet/hydraulic/flowrate,95.0,OK
2026-05-06 09:44:42,aquanet/alerts,ALERT E.COLI: 1300.0 CFU/100ml exceeds NPS-FM limit of 540.0 - BACTERIAL CONTAMINATION DETECTED,ALERT
2026-05-06 09:44:42,aquanet/alerts,ALERT TURBIDITY: 11.1 NTU exceeds 5.0 NTU - TREATMENT REQUIRED,ALERT
2026-05-06 09:44:42,aquanet/alerts,ALERT PRESSURE HIGH: 4.99 bar exceeds 4.0 bar - PIPE BURST RISK,ALERT
2026-05-06 09:44:52,aquanet/water/turbidity,9.9,ALERT - Turbidity 9.9 NTU exceeds 5.0
2026-05-06 09:44:52,aquanet/water/ecoli,3500.0,ALERT - E.coli 3500.0 CFU/100ml exceeds 540.0
2026-05-06 09:44:52,aquanet/water/ph,6.84,OK
2026-05-06 09:44:52,aquanet/water/nitrate,0.4,OK
2026-05-06 09:44:52,aquanet/hydraulic/pressure,5.71,ALERT - Pressure 5.71 bar exceeds 5.0
2026-05-06 09:44:52,aquanet/hydraulic/flowrate,89.2,OK
2026-05-06 09:44:52,aquanet/alerts,ALERT E.COLI: 3500.0 CFU/100ml exceeds NPS-FM limit of 540.0 - BACTERIAL CONTAMINATION DETECTED,ALERT
2026-05-06 09:44:52,aquanet/alerts,ALERT TURBIDITY: 9.9 NTU exceeds 5.0 NTU - TREATMENT REQUIRED,ALERT
2026-05-06 09:44:52,aquanet/alerts,ALERT PRESSURE HIGH: 5.71 bar exceeds 4.0 bar - PIPE BURST RISK,ALERT
2026-05-06 09:45:02,aquanet/water/turbidity,7.6,ALERT - Turbidity 7.6 NTU exceeds 5.0
2026-05-06 09:45:02,aquanet/water/ecoli,1800.0,ALERT - E.coli 1800.0 CFU/100ml exceeds 540.0
2026-05-06 09:45:02,aquanet/water/ph,7.09,OK
2026-05-06 09:45:03,aquanet/water/nitrate,0.34,OK
2026-05-06 09:45:03,aquanet/hydraulic/pressure,5.69,ALERT - Pressure 5.69 bar exceeds 5.0
2026-05-06 09:45:03,aquanet/hydraulic/flowrate,96.0,OK
2026-05-06 09:45:03,aquanet/alerts,ALERT E.COLI: 1800.0 CFU/100ml exceeds NPS-FM limit of 540.0 - BACTERIAL CONTAMINATION DETECTED,ALERT
2026-05-06 09:45:03,aquanet/alerts,ALERT TURBIDITY: 7.6 NTU exceeds 5.0 NTU - TREATMENT REQUIRED,ALERT
2026-05-06 09:45:03,aquanet/alerts,ALERT PRESSURE HIGH: 5.69 bar exceeds 4.0 bar - PIPE BURST RISK,ALERT
2026-05-06 09:45:12,aquanet/water/turbidity,7.1,ALERT - Turbidity 7.1 NTU exceeds 5.0
2026-05-06 09:45:13,aquanet/water/ecoli,500.0,OK
2026-05-06 09:45:13,aquanet/water/ph,7.06,OK
2026-05-06 09:45:13,aquanet/water/nitrate,0.45,OK
2026-05-06 09:45:13,aquanet/hydraulic/pressure,5.37,ALERT - Pressure 5.37 bar exceeds 5.0
2026-05-06 09:45:13,aquanet/hydraulic/flowrate,93.1,OK
2026-05-06 09:45:13,aquanet/alerts,ALERT TURBIDITY: 7.1 NTU exceeds 5.0 NTU - TREATMENT REQUIRED,ALERT
2026-05-06 09:45:13,aquanet/alerts,ALERT PRESSURE HIGH: 5.37 bar exceeds 4.0 bar - PIPE BURST RISK,ALERT
2026-05-06 09:45:23,aquanet/water/turbidity,10.8,ALERT - Turbidity 10.8 NTU exceeds 5.0
2026-05-06 09:45:23,aquanet/water/ecoli,2000.0,ALERT - E.coli 2000.0 CFU/100ml exceeds 540.0
2026-05-06 09:45:23,aquanet/water/ph,7.0,OK
2026-05-06 09:45:23,aquanet/water/nitrate,0.43,OK
2026-05-06 09:45:23,aquanet/hydraulic/pressure,4.88,OK
2026-05-06 09:45:23,aquanet/hydraulic/flowrate,77.9,OK
2026-05-06 09:45:23,aquanet/alerts,ALERT E.COLI: 2000.0 CFU/100ml exceeds NPS-FM limit of 540.0 - BACTERIAL CONTAMINATION DETECTED,ALERT
2026-05-06 09:45:23,aquanet/alerts,ALERT TURBIDITY: 10.8 NTU exceeds 5.0 NTU - TREATMENT REQUIRED,ALERT
2026-05-06 09:45:23,aquanet/alerts,ALERT PRESSURE HIGH: 4.88 bar exceeds 4.0 bar - PIPE BURST RISK,ALERT
2026-05-06 09:45:33,aquanet/water/turbidity,9.0,ALERT - Turbidity 9.0 NTU exceeds 5.0
2026-05-06 09:45:33,aquanet/water/ecoli,3100.0,ALERT - E.coli 3100.0 CFU/100ml exceeds 540.0
2026-05-06 09:45:33,aquanet/water/ph,7.03,OK
2026-05-06 09:45:33,aquanet/water/nitrate,0.54,OK
2026-05-06 09:45:33,aquanet/hydraulic/pressure,5.13,ALERT - Pressure 5.13 bar exceeds 5.0
2026-05-06 09:45:33,aquanet/hydraulic/flowrate,90.7,OK
2026-05-06 09:45:33,aquanet/alerts,ALERT E.COLI: 3100.0 CFU/100ml exceeds NPS-FM limit of 540.0 - BACTERIAL CONTAMINATION DETECTED,ALERT
2026-05-06 09:45:33,aquanet/alerts,ALERT TURBIDITY: 9.0 NTU exceeds 5.0 NTU - TREATMENT REQUIRED,ALERT
2026-05-06 09:45:33,aquanet/alerts,ALERT PRESSURE HIGH: 5.13 bar exceeds 4.0 bar - PIPE BURST RISK,ALERT
2026-05-06 09:45:43,aquanet/water/turbidity,12.6,ALERT - Turbidity 12.6 NTU exceeds 5.0
2026-05-06 09:45:43,aquanet/water/ecoli,840.0,ALERT - E.coli 840.0 CFU/100ml exceeds 540.0
2026-05-06 09:45:43,aquanet/water/ph,7.04,OK
2026-05-06 09:45:43,aquanet/water/nitrate,0.42,OK
2026-05-06 09:45:43,aquanet/hydraulic/pressure,4.44,OK
2026-05-06 09:45:43,aquanet/hydraulic/flowrate,96.1,OK
2026-05-06 09:45:43,aquanet/alerts,ALERT E.COLI: 840.0 CFU/100ml exceeds NPS-FM limit of 540.0 - BACTERIAL CONTAMINATION DETECTED,ALERT
2026-05-06 09:45:43,aquanet/alerts,ALERT TURBIDITY: 12.6 NTU exceeds 5.0 NTU - TREATMENT REQUIRED,ALERT
2026-05-06 09:45:43,aquanet/alerts,ALERT PRESSURE HIGH: 4.44 bar exceeds 4.0 bar - PIPE BURST RISK,ALERT
2026-05-06 09:45:53,aquanet/water/turbidity,33.0,ALERT - Turbidity 33.0 NTU exceeds 5.0
2026-05-06 09:45:53,aquanet/water/ecoli,530.0,OK
2026-05-06 09:45:53,aquanet/water/ph,6.96,OK
2026-05-06 09:45:53,aquanet/water/nitrate,0.33,OK
2026-05-06 09:45:53,aquanet/hydraulic/pressure,5.69,ALERT - Pressure 5.69 bar exceeds 5.0
2026-05-06 09:45:53,aquanet/hydraulic/flowrate,84.9,OK
2026-05-06 09:45:53,aquanet/alerts,ALERT TURBIDITY: 33.0 NTU exceeds 5.0 NTU - TREATMENT REQUIRED,ALERT
2026-05-06 09:45:53,aquanet/alerts,ALERT PRESSURE HIGH: 5.69 bar exceeds 4.0 bar - PIPE BURST RISK,ALERT
2026-05-06 09:46:03,aquanet/water/turbidity,12.2,ALERT - Turbidity 12.2 NTU exceeds 5.0
2026-05-06 09:46:03,aquanet/water/ecoli,14000.0,ALERT - E.coli 14000.0 CFU/100ml exceeds 540.0
2026-05-06 09:46:03,aquanet/water/ph,6.99,OK
2026-05-06 09:46:03,aquanet/water/nitrate,0.3,OK
2026-05-06 09:46:03,aquanet/hydraulic/pressure,3.35,OK
2026-05-06 09:46:03,aquanet/hydraulic/flowrate,85.6,OK
2026-05-06 09:46:03,aquanet/alerts,ALERT E.COLI: 14000.0 CFU/100ml exceeds NPS-FM limit of 540.0 - BACTERIAL CONTAMINATION DETECTED,ALERT
2026-05-06 09:46:03,aquanet/alerts,ALERT TURBIDITY: 12.2 NTU exceeds 5.0 NTU - TREATMENT REQUIRED,ALERT
2026-05-06 09:46:13,aquanet/water/turbidity,28.0,ALERT - Turbidity 28.0 NTU exceeds 5.0
2026-05-06 09:46:13,aquanet/water/ecoli,2100.0,ALERT - E.coli 2100.0 CFU/100ml exceeds 540.0
2026-05-06 09:46:13,aquanet/water/ph,6.93,OK
2026-05-06 09:46:13,aquanet/water/nitrate,0.26,OK
2026-05-06 09:46:13,aquanet/hydraulic/pressure,4.87,OK
2026-05-06 09:46:13,aquanet/hydraulic/flowrate,96.2,OK
2026-05-06 09:46:13,aquanet/alerts,ALERT E.COLI: 2100.0 CFU/100ml exceeds NPS-FM limit of 540.0 - BACTERIAL CONTAMINATION DETECTED,ALERT
2026-05-06 09:46:13,aquanet/alerts,ALERT TURBIDITY: 28.0 NTU exceeds 5.0 NTU - TREATMENT REQUIRED,ALERT
2026-05-06 09:46:13,aquanet/alerts,ALERT PRESSURE HIGH: 4.87 bar exceeds 4.0 bar - PIPE BURST RISK,ALERT
2026-05-06 09:46:23,aquanet/water/turbidity,25.0,ALERT - Turbidity 25.0 NTU exceeds 5.0
2026-05-06 09:46:23,aquanet/water/ecoli,1200.0,ALERT - E.coli 1200.0 CFU/100ml exceeds 540.0
2026-05-06 09:46:23,aquanet/water/ph,6.72,OK
2026-05-06 09:46:23,aquanet/water/nitrate,0.31,OK
2026-05-06 09:46:23,aquanet/hydraulic/pressure,5.77,ALERT - Pressure 5.77 bar exceeds 5.0
2026-05-06 09:46:23,aquanet/hydraulic/flowrate,91.6,OK
2026-05-06 09:46:23,aquanet/alerts,ALERT E.COLI: 1200.0 CFU/100ml exceeds NPS-FM limit of 540.0 - BACTERIAL CONTAMINATION DETECTED,ALERT
2026-05-06 09:46:23,aquanet/alerts,ALERT TURBIDITY: 25.0 NTU exceeds 5.0 NTU - TREATMENT REQUIRED,ALERT
2026-05-06 09:46:23,aquanet/alerts,ALERT PRESSURE HIGH: 5.77 bar exceeds 4.0 bar - PIPE BURST RISK,ALERT
2026-05-06 09:46:33,aquanet/water/turbidity,13.6,ALERT - Turbidity 13.6 NTU exceeds 5.0
2026-05-06 09:46:33,aquanet/water/ecoli,1700.0,ALERT - E.coli 1700.0 CFU/100ml exceeds 540.0
2026-05-06 09:46:33,aquanet/water/ph,6.84,OK
2026-05-06 09:46:33,aquanet/water/nitrate,0.118,OK
2026-05-06 09:46:33,aquanet/hydraulic/pressure,5.65,ALERT - Pressure 5.65 bar exceeds 5.0
2026-05-06 09:46:33,aquanet/hydraulic/flowrate,95.6,OK
2026-05-06 09:46:33,aquanet/alerts,ALERT E.COLI: 1700.0 CFU/100ml exceeds NPS-FM limit of 540.0 - BACTERIAL CONTAMINATION DETECTED,ALERT
2026-05-06 09:46:33,aquanet/alerts,ALERT TURBIDITY: 13.6 NTU exceeds 5.0 NTU - TREATMENT REQUIRED,ALERT
2026-05-06 09:46:33,aquanet/alerts,ALERT PRESSURE HIGH: 5.65 bar exceeds 4.0 bar - PIPE BURST RISK,ALERT
2026-05-06 09:46:43,aquanet/water/turbidity,8.1,ALERT - Turbidity 8.1 NTU exceeds 5.0
2026-05-06 09:46:43,aquanet/water/ecoli,1500.0,ALERT - E.coli 1500.0 CFU/100ml exceeds 540.0
2026-05-06 09:46:43,aquanet/water/ph,6.99,OK
2026-05-06 09:46:43,aquanet/water/nitrate,0.137,OK
2026-05-06 09:46:43,aquanet/hydraulic/pressure,3.24,OK
2026-05-06 09:46:43,aquanet/hydraulic/flowrate,86.1,OK
2026-05-06 09:46:43,aquanet/alerts,ALERT E.COLI: 1500.0 CFU/100ml exceeds NPS-FM limit of 540.0 - BACTERIAL CONTAMINATION DETECTED,ALERT
2026-05-06 09:46:43,aquanet/alerts,ALERT TURBIDITY: 8.1 NTU exceeds 5.0 NTU - TREATMENT REQUIRED,ALERT
2026-05-06 09:46:53,aquanet/water/turbidity,26.0,ALERT - Turbidity 26.0 NTU exceeds 5.0
2026-05-06 09:46:53,aquanet/water/ecoli,1100.0,ALERT - E.coli 1100.0 CFU/100ml exceeds 540.0
2026-05-06 09:46:53,aquanet/water/ph,6.95,OK
2026-05-06 09:46:53,aquanet/water/nitrate,0.108,OK
2026-05-06 09:46:53,aquanet/hydraulic/pressure,5.31,ALERT - Pressure 5.31 bar exceeds 5.0
2026-05-06 09:46:53,aquanet/hydraulic/flowrate,78.6,OK
2026-05-06 09:46:53,aquanet/alerts,ALERT E.COLI: 1100.0 CFU/100ml exceeds NPS-FM limit of 540.0 - BACTERIAL CONTAMINATION DETECTED,ALERT
2026-05-06 09:46:53,aquanet/alerts,ALERT TURBIDITY: 26.0 NTU exceeds 5.0 NTU - TREATMENT REQUIRED,ALERT
2026-05-06 09:46:53,aquanet/alerts,ALERT PRESSURE HIGH: 5.31 bar exceeds 4.0 bar - PIPE BURST RISK,ALERT
2026-05-06 09:47:03,aquanet/water/turbidity,25.0,ALERT - Turbidity 25.0 NTU exceeds 5.0
2026-05-06 09:47:03,aquanet/water/ecoli,240.0,OK
2026-05-06 09:47:03,aquanet/water/ph,6.9,OK
2026-05-06 09:47:03,aquanet/water/nitrate,0.121,OK
2026-05-06 09:47:03,aquanet/hydraulic/pressure,5.45,ALERT - Pressure 5.45 bar exceeds 5.0
2026-05-06 09:47:03,aquanet/hydraulic/flowrate,83.2,OK
2026-05-06 09:47:03,aquanet/alerts,ALERT TURBIDITY: 25.0 NTU exceeds 5.0 NTU - TREATMENT REQUIRED,ALERT
2026-05-06 09:47:03,aquanet/alerts,ALERT PRESSURE HIGH: 5.45 bar exceeds 4.0 bar - PIPE BURST RISK,ALERT
2026-05-06 09:47:13,aquanet/water/turbidity,7.4,ALERT - Turbidity 7.4 NTU exceeds 5.0
2026-05-06 09:47:13,aquanet/water/ecoli,20000.0,ALERT - E.coli 20000.0 CFU/100ml exceeds 540.0
2026-05-06 09:47:13,aquanet/water/ph,7.02,OK
2026-05-06 09:47:13,aquanet/water/nitrate,0.9,OK
2026-05-06 09:47:13,aquanet/hydraulic/pressure,5.87,ALERT - Pressure 5.87 bar exceeds 5.0
2026-05-06 09:47:13,aquanet/hydraulic/flowrate,80.4,OK
2026-05-06 09:47:13,aquanet/alerts,ALERT E.COLI: 20000.0 CFU/100ml exceeds NPS-FM limit of 540.0 - BACTERIAL CONTAMINATION DETECTED,ALERT
2026-05-06 09:47:13,aquanet/alerts,ALERT TURBIDITY: 7.4 NTU exceeds 5.0 NTU - TREATMENT REQUIRED,ALERT
2026-05-06 09:47:13,aquanet/alerts,ALERT PRESSURE HIGH: 5.87 bar exceeds 4.0 bar - PIPE BURST RISK,ALERT
2026-05-06 09:47:23,aquanet/water/turbidity,6.6,ALERT - Turbidity 6.6 NTU exceeds 5.0
2026-05-06 09:47:23,aquanet/water/ecoli,200.0,OK
2026-05-06 09:47:23,aquanet/water/ph,7.1,OK
2026-05-06 09:47:23,aquanet/water/nitrate,1.04,OK
2026-05-06 09:47:23,aquanet/hydraulic/pressure,6.0,ALERT - Pressure 6.0 bar exceeds 5.0
2026-05-06 09:47:23,aquanet/hydraulic/flowrate,70.1,OK
2026-05-06 09:47:23,aquanet/alerts,ALERT TURBIDITY: 6.6 NTU exceeds 5.0 NTU - TREATMENT REQUIRED,ALERT
2026-05-06 09:47:23,aquanet/alerts,ALERT PRESSURE HIGH: 6.0 bar exceeds 4.0 bar - PIPE BURST RISK,ALERT
2026-05-06 09:47:33,aquanet/water/turbidity,29.0,ALERT - Turbidity 29.0 NTU exceeds 5.0
2026-05-06 09:47:33,aquanet/water/ecoli,11000.0,ALERT - E.coli 11000.0 CFU/100ml exceeds 540.0
2026-05-06 09:47:33,aquanet/water/ph,7.04,OK
2026-05-06 09:47:33,aquanet/water/nitrate,0.49,OK
2026-05-06 09:47:33,aquanet/hydraulic/pressure,5.27,ALERT - Pressure 5.27 bar exceeds 5.0
2026-05-06 09:47:33,aquanet/hydraulic/flowrate,98.8,OK
2026-05-06 09:47:33,aquanet/alerts,ALERT E.COLI: 11000.0 CFU/100ml exceeds NPS-FM limit of 540.0 - BACTERIAL CONTAMINATION DETECTED,ALERT
2026-05-06 09:47:33,aquanet/alerts,ALERT TURBIDITY: 29.0 NTU exceeds 5.0 NTU - TREATMENT REQUIRED,ALERT
2026-05-06 09:47:33,aquanet/alerts,ALERT PRESSURE HIGH: 5.27 bar exceeds 4.0 bar - PIPE BURST RISK,ALERT
2026-05-06 09:47:43,aquanet/water/turbidity,7.6,ALERT - Turbidity 7.6 NTU exceeds 5.0
2026-05-06 09:47:43,aquanet/water/ecoli,2700.0,ALERT - E.coli 2700.0 CFU/100ml exceeds 540.0
2026-05-06 09:47:43,aquanet/water/ph,6.73,OK
2026-05-06 09:47:43,aquanet/water/nitrate,0.28,OK
2026-05-06 09:47:43,aquanet/hydraulic/pressure,3.51,OK
2026-05-06 09:47:43,aquanet/hydraulic/flowrate,78.6,OK
2026-05-06 09:47:43,aquanet/alerts,ALERT E.COLI: 2700.0 CFU/100ml exceeds NPS-FM limit of 540.0 - BACTERIAL CONTAMINATION DETECTED,ALERT
2026-05-06 09:47:43,aquanet/alerts,ALERT TURBIDITY: 7.6 NTU exceeds 5.0 NTU - TREATMENT REQUIRED,ALERT
2026-05-06 09:47:53,aquanet/water/turbidity,10.2,ALERT - Turbidity 10.2 NTU exceeds 5.0
2026-05-06 09:47:53,aquanet/water/ecoli,400.0,OK
2026-05-06 09:47:53,aquanet/water/ph,6.99,OK
2026-05-06 09:47:53,aquanet/water/nitrate,0.32,OK
2026-05-06 09:47:53,aquanet/hydraulic/pressure,5.77,ALERT - Pressure 5.77 bar exceeds 5.0
2026-05-06 09:47:53,aquanet/hydraulic/flowrate,97.2,OK
2026-05-06 09:47:53,aquanet/alerts,ALERT TURBIDITY: 10.2 NTU exceeds 5.0 NTU - TREATMENT REQUIRED,ALERT
2026-05-06 09:47:53,aquanet/alerts,ALERT PRESSURE HIGH: 5.77 bar exceeds 4.0 bar - PIPE BURST RISK,ALERT
2026-05-06 09:48:03,aquanet/water/turbidity,16.1,ALERT - Turbidity 16.1 NTU exceeds 5.0
2026-05-06 09:48:03,aquanet/water/ecoli,900.0,ALERT - E.coli 900.0 CFU/100ml exceeds 540.0
2026-05-06 09:48:03,aquanet/water/ph,7.31,OK
2026-05-06 09:48:03,aquanet/water/nitrate,0.53,OK
2026-05-06 09:48:03,aquanet/hydraulic/pressure,5.22,ALERT - Pressure 5.22 bar exceeds 5.0
2026-05-06 09:48:03,aquanet/hydraulic/flowrate,78.4,OK
2026-05-06 09:48:03,aquanet/alerts,ALERT E.COLI: 900.0 CFU/100ml exceeds NPS-FM limit of 540.0 - BACTERIAL CONTAMINATION DETECTED,ALERT
2026-05-06 09:48:03,aquanet/alerts,ALERT TURBIDITY: 16.1 NTU exceeds 5.0 NTU - TREATMENT REQUIRED,ALERT
2026-05-06 09:48:03,aquanet/alerts,ALERT PRESSURE HIGH: 5.22 bar exceeds 4.0 bar - PIPE BURST RISK,ALERT
2026-05-06 09:48:13,aquanet/water/turbidity,10.8,ALERT - Turbidity 10.8 NTU exceeds 5.0
2026-05-06 09:48:13,aquanet/water/ecoli,2100.0,ALERT - E.coli 2100.0 CFU/100ml exceeds 540.0
2026-05-06 09:48:13,aquanet/water/ph,6.99,OK
2026-05-06 09:48:13,aquanet/water/nitrate,0.2,OK
2026-05-06 09:48:13,aquanet/hydraulic/pressure,4.77,OK
2026-05-06 09:48:13,aquanet/hydraulic/flowrate,76.3,OK
2026-05-06 09:48:13,aquanet/alerts,ALERT E.COLI: 2100.0 CFU/100ml exceeds NPS-FM limit of 540.0 - BACTERIAL CONTAMINATION DETECTED,ALERT
2026-05-06 09:48:13,aquanet/alerts,ALERT TURBIDITY: 10.8 NTU exceeds 5.0 NTU - TREATMENT REQUIRED,ALERT
2026-05-06 09:48:13,aquanet/alerts,ALERT PRESSURE HIGH: 4.77 bar exceeds 4.0 bar - PIPE BURST RISK,ALERT
2026-05-06 09:48:23,aquanet/water/turbidity,11.2,ALERT - Turbidity 11.2 NTU exceeds 5.0
2026-05-06 09:48:23,aquanet/water/ecoli,2100.0,ALERT - E.coli 2100.0 CFU/100ml exceeds 540.0
2026-05-06 09:48:23,aquanet/water/ph,7.09,OK
2026-05-06 09:48:23,aquanet/water/nitrate,0.21,OK
2026-05-06 09:48:23,aquanet/hydraulic/pressure,2.97,OK
2026-05-06 09:48:23,aquanet/hydraulic/flowrate,85.9,OK
2026-05-06 09:48:23,aquanet/alerts,ALERT E.COLI: 2100.0 CFU/100ml exceeds NPS-FM limit of 540.0 - BACTERIAL CONTAMINATION DETECTED,ALERT
2026-05-06 09:48:23,aquanet/alerts,ALERT TURBIDITY: 11.2 NTU exceeds 5.0 NTU - TREATMENT REQUIRED,ALERT
2026-05-06 09:48:33,aquanet/water/turbidity,11.7,ALERT - Turbidity 11.7 NTU exceeds 5.0
2026-05-06 09:48:33,aquanet/water/ecoli,2100.0,ALERT - E.coli 2100.0 CFU/100ml exceeds 540.0
2026-05-06 09:48:33,aquanet/water/ph,6.94,OK
2026-05-06 09:48:33,aquanet/water/nitrate,0.179,OK
2026-05-06 09:48:33,aquanet/hydraulic/pressure,4.95,OK
2026-05-06 09:48:33,aquanet/hydraulic/flowrate,97.5,OK
2026-05-06 09:48:33,aquanet/alerts,ALERT E.COLI: 2100.0 CFU/100ml exceeds NPS-FM limit of 540.0 - BACTERIAL CONTAMINATION DETECTED,ALERT
2026-05-06 09:48:33,aquanet/alerts,ALERT TURBIDITY: 11.7 NTU exceeds 5.0 NTU - TREATMENT REQUIRED,ALERT
2026-05-06 09:48:33,aquanet/alerts,ALERT PRESSURE HIGH: 4.95 bar exceeds 4.0 bar - PIPE BURST RISK,ALERT
2026-05-06 09:48:43,aquanet/water/turbidity,13.5,ALERT - Turbidity 13.5 NTU exceeds 5.0
2026-05-06 09:48:43,aquanet/water/ecoli,700.0,ALERT - E.coli 700.0 CFU/100ml exceeds 540.0
2026-05-06 09:48:43,aquanet/water/ph,6.69,OK
2026-05-06 09:48:43,aquanet/water/nitrate,0.22,OK
2026-05-06 09:48:43,aquanet/hydraulic/pressure,5.14,ALERT - Pressure 5.14 bar exceeds 5.0
2026-05-06 09:48:43,aquanet/hydraulic/flowrate,73.6,OK
2026-05-06 09:48:43,aquanet/alerts,ALERT E.COLI: 700.0 CFU/100ml exceeds NPS-FM limit of 540.0 - BACTERIAL CONTAMINATION DETECTED,ALERT
2026-05-06 09:48:43,aquanet/alerts,ALERT TURBIDITY: 13.5 NTU exceeds 5.0 NTU - TREATMENT REQUIRED,ALERT
2026-05-06 09:48:43,aquanet/alerts,ALERT PRESSURE HIGH: 5.14 bar exceeds 4.0 bar - PIPE BURST RISK,ALERT
2026-05-06 09:48:53,aquanet/water/turbidity,115.0,ALERT - Turbidity 115.0 NTU exceeds 5.0
2026-05-06 09:48:53,aquanet/water/ecoli,1200.0,ALERT - E.coli 1200.0 CFU/100ml exceeds 540.0
2026-05-06 09:48:53,aquanet/water/ph,7.23,OK
2026-05-06 09:48:53,aquanet/water/nitrate,0.094,OK
2026-05-06 09:48:53,aquanet/hydraulic/pressure,2.91,OK
2026-05-06 09:48:53,aquanet/hydraulic/flowrate,70.6,OK
2026-05-06 09:48:53,aquanet/alerts,ALERT E.COLI: 1200.0 CFU/100ml exceeds NPS-FM limit of 540.0 - BACTERIAL CONTAMINATION DETECTED,ALERT
2026-05-06 09:48:53,aquanet/alerts,ALERT TURBIDITY: 115.0 NTU exceeds 5.0 NTU - TREATMENT REQUIRED,ALERT
2026-05-06 09:49:03,aquanet/water/turbidity,11.2,ALERT - Turbidity 11.2 NTU exceeds 5.0
2026-05-06 09:49:03,aquanet/water/ecoli,1100.0,ALERT - E.coli 1100.0 CFU/100ml exceeds 540.0
2026-05-06 09:49:03,aquanet/water/ph,7.06,OK
2026-05-06 09:49:03,aquanet/water/nitrate,0.48,OK
2026-05-06 09:49:03,aquanet/hydraulic/pressure,4.9,OK
2026-05-06 09:49:03,aquanet/hydraulic/flowrate,73.6,OK
2026-05-06 09:49:03,aquanet/alerts,ALERT E.COLI: 1100.0 CFU/100ml exceeds NPS-FM limit of 540.0 - BACTERIAL CONTAMINATION DETECTED,ALERT
2026-05-06 09:49:03,aquanet/alerts,ALERT TURBIDITY: 11.2 NTU exceeds 5.0 NTU - TREATMENT REQUIRED,ALERT
2026-05-06 09:49:03,aquanet/alerts,ALERT PRESSURE HIGH: 4.9 bar exceeds 4.0 bar - PIPE BURST RISK,ALERT
2026-05-06 09:49:13,aquanet/water/turbidity,45.0,ALERT - Turbidity 45.0 NTU exceeds 5.0
2026-05-06 09:49:13,aquanet/water/ecoli,1100.0,ALERT - E.coli 1100.0 CFU/100ml exceeds 540.0
2026-05-06 09:49:13,aquanet/water/ph,7.16,OK
2026-05-06 09:49:13,aquanet/water/nitrate,0.28,OK
2026-05-06 09:49:13,aquanet/hydraulic/pressure,5.16,ALERT - Pressure 5.16 bar exceeds 5.0
2026-05-06 09:49:13,aquanet/hydraulic/flowrate,99.6,OK
2026-05-06 09:49:13,aquanet/alerts,ALERT E.COLI: 1100.0 CFU/100ml exceeds NPS-FM limit of 540.0 - BACTERIAL CONTAMINATION DETECTED,ALERT
2026-05-06 09:49:13,aquanet/alerts,ALERT TURBIDITY: 45.0 NTU exceeds 5.0 NTU - TREATMENT REQUIRED,ALERT
2026-05-06 09:49:13,aquanet/alerts,ALERT PRESSURE HIGH: 5.16 bar exceeds 4.0 bar - PIPE BURST RISK,ALERT
2026-05-06 09:49:23,aquanet/water/turbidity,23.0,ALERT - Turbidity 23.0 NTU exceeds 5.0
2026-05-06 09:49:23,aquanet/water/ecoli,2200.0,ALERT - E.coli 2200.0 CFU/100ml exceeds 540.0
2026-05-06 09:49:23,aquanet/water/ph,7.27,OK
2026-05-06 09:49:23,aquanet/water/nitrate,0.58,OK
2026-05-06 09:49:23,aquanet/hydraulic/pressure,5.48,ALERT - Pressure 5.48 bar exceeds 5.0
2026-05-06 09:49:23,aquanet/hydraulic/flowrate,94.6,OK
2026-05-06 09:49:23,aquanet/alerts,ALERT E.COLI: 2200.0 CFU/100ml exceeds NPS-FM limit of 540.0 - BACTERIAL CONTAMINATION DETECTED,ALERT
2026-05-06 09:49:23,aquanet/alerts,ALERT TURBIDITY: 23.0 NTU exceeds 5.0 NTU - TREATMENT REQUIRED,ALERT
2026-05-06 09:49:23,aquanet/alerts,ALERT PRESSURE HIGH: 5.48 bar exceeds 4.0 bar - PIPE BURST RISK,ALERT
2026-05-06 09:49:33,aquanet/water/turbidity,9.2,ALERT - Turbidity 9.2 NTU exceeds 5.0
2026-05-06 09:49:33,aquanet/water/ecoli,1800.0,ALERT - E.coli 1800.0 CFU/100ml exceeds 540.0
2026-05-06 09:49:33,aquanet/water/ph,6.91,OK
2026-05-06 09:49:33,aquanet/water/nitrate,0.53,OK
2026-05-06 09:49:33,aquanet/hydraulic/pressure,3.14,OK
2026-05-06 09:49:33,aquanet/hydraulic/flowrate,80.8,OK
2026-05-06 09:49:33,aquanet/alerts,ALERT E.COLI: 1800.0 CFU/100ml exceeds NPS-FM limit of 540.0 - BACTERIAL CONTAMINATION DETECTED,ALERT
2026-05-06 09:49:33,aquanet/alerts,ALERT TURBIDITY: 9.2 NTU exceeds 5.0 NTU - TREATMENT REQUIRED,ALERT
2026-05-06 09:49:43,aquanet/water/turbidity,16.2,ALERT - Turbidity 16.2 NTU exceeds 5.0
2026-05-06 09:49:43,aquanet/water/ecoli,600.0,ALERT - E.coli 600.0 CFU/100ml exceeds 540.0
2026-05-06 09:49:43,aquanet/water/ph,7.01,OK
2026-05-06 09:49:43,aquanet/water/nitrate,0.69,OK
2026-05-06 09:49:43,aquanet/hydraulic/pressure,3.12,OK
2026-05-06 09:49:43,aquanet/hydraulic/flowrate,99.5,OK
2026-05-06 09:49:43,aquanet/alerts,ALERT E.COLI: 600.0 CFU/100ml exceeds NPS-FM limit of 540.0 - BACTERIAL CONTAMINATION DETECTED,ALERT
2026-05-06 09:49:43,aquanet/alerts,ALERT TURBIDITY: 16.2 NTU exceeds 5.0 NTU - TREATMENT REQUIRED,ALERT
2026-05-06 09:49:53,aquanet/water/turbidity,16.6,ALERT - Turbidity 16.6 NTU exceeds 5.0
2026-05-06 09:49:53,aquanet/water/ecoli,3000.0,ALERT - E.coli 3000.0 CFU/100ml exceeds 540.0
2026-05-06 09:49:53,aquanet/water/ph,7.1,OK
2026-05-06 09:49:53,aquanet/water/nitrate,0.53,OK
2026-05-06 09:49:53,aquanet/hydraulic/pressure,5.82,ALERT - Pressure 5.82 bar exceeds 5.0
2026-05-06 09:49:53,aquanet/hydraulic/flowrate,81.7,OK
2026-05-06 09:49:53,aquanet/alerts,ALERT E.COLI: 3000.0 CFU/100ml exceeds NPS-FM limit of 540.0 - BACTERIAL CONTAMINATION DETECTED,ALERT
2026-05-06 09:49:53,aquanet/alerts,ALERT TURBIDITY: 16.6 NTU exceeds 5.0 NTU - TREATMENT REQUIRED,ALERT
2026-05-06 09:49:53,aquanet/alerts,ALERT PRESSURE HIGH: 5.82 bar exceeds 4.0 bar - PIPE BURST RISK,ALERT
2026-05-06 09:50:03,aquanet/water/turbidity,7.0,ALERT - Turbidity 7.0 NTU exceeds 5.0
2026-05-06 09:50:03,aquanet/water/ecoli,730.0,ALERT - E.coli 730.0 CFU/100ml exceeds 540.0
2026-05-06 09:50:03,aquanet/water/ph,7.13,OK
2026-05-06 09:50:03,aquanet/water/nitrate,0.57,OK
2026-05-06 09:50:03,aquanet/hydraulic/pressure,5.06,ALERT - Pressure 5.06 bar exceeds 5.0
2026-05-06 09:50:03,aquanet/hydraulic/flowrate,82.5,OK
2026-05-06 09:50:03,aquanet/alerts,ALERT E.COLI: 730.0 CFU/100ml exceeds NPS-FM limit of 540.0 - BACTERIAL CONTAMINATION DETECTED,ALERT
2026-05-06 09:50:03,aquanet/alerts,ALERT TURBIDITY: 7.0 NTU exceeds 5.0 NTU - TREATMENT REQUIRED,ALERT
2026-05-06 09:50:03,aquanet/alerts,ALERT PRESSURE HIGH: 5.06 bar exceeds 4.0 bar - PIPE BURST RISK,ALERT
2026-05-06 09:50:13,aquanet/water/turbidity,10.8,ALERT - Turbidity 10.8 NTU exceeds 5.0
2026-05-06 09:50:13,aquanet/water/ecoli,1500.0,ALERT - E.coli 1500.0 CFU/100ml exceeds 540.0
2026-05-06 09:50:13,aquanet/water/ph,7.02,OK
2026-05-06 09:50:13,aquanet/water/nitrate,0.27,OK
2026-05-06 09:50:13,aquanet/hydraulic/pressure,2.86,OK
2026-05-06 09:50:13,aquanet/hydraulic/flowrate,90.4,OK
2026-05-06 09:50:13,aquanet/alerts,ALERT E.COLI: 1500.0 CFU/100ml exceeds NPS-FM limit of 540.0 - BACTERIAL CONTAMINATION DETECTED,ALERT
2026-05-06 09:50:13,aquanet/alerts,ALERT TURBIDITY: 10.8 NTU exceeds 5.0 NTU - TREATMENT REQUIRED,ALERT
2026-05-06 09:50:23,aquanet/water/turbidity,12.3,ALERT - Turbidity 12.3 NTU exceeds 5.0
2026-05-06 09:50:23,aquanet/water/ecoli,26000.0,ALERT - E.coli 26000.0 CFU/100ml exceeds 540.0
2026-05-06 09:50:23,aquanet/water/ph,7.01,OK
2026-05-06 09:50:23,aquanet/water/nitrate,0.012,OK
2026-05-06 09:50:23,aquanet/hydraulic/pressure,4.65,OK
2026-05-06 09:50:23,aquanet/hydraulic/flowrate,78.7,OK
2026-05-06 09:50:23,aquanet/alerts,ALERT E.COLI: 26000.0 CFU/100ml exceeds NPS-FM limit of 540.0 - BACTERIAL CONTAMINATION DETECTED,ALERT
2026-05-06 09:50:23,aquanet/alerts,ALERT TURBIDITY: 12.3 NTU exceeds 5.0 NTU - TREATMENT REQUIRED,ALERT
2026-05-06 09:50:23,aquanet/alerts,ALERT PRESSURE HIGH: 4.65 bar exceeds 4.0 bar - PIPE BURST RISK,ALERT
2026-05-06 09:50:33,aquanet/water/turbidity,13.2,ALERT - Turbidity 13.2 NTU exceeds 5.0
2026-05-06 09:50:33,aquanet/water/ecoli,11000.0,ALERT - E.coli 11000.0 CFU/100ml exceeds 540.0
2026-05-06 09:50:33,aquanet/water/ph,6.64,OK
2026-05-06 09:50:33,aquanet/water/nitrate,0.45,OK
2026-05-06 09:50:33,aquanet/hydraulic/pressure,2.91,OK
2026-05-06 09:50:33,aquanet/hydraulic/flowrate,84.9,OK
2026-05-06 09:50:33,aquanet/alerts,ALERT E.COLI: 11000.0 CFU/100ml exceeds NPS-FM limit of 540.0 - BACTERIAL CONTAMINATION DETECTED,ALERT
2026-05-06 09:50:33,aquanet/alerts,ALERT TURBIDITY: 13.2 NTU exceeds 5.0 NTU - TREATMENT REQUIRED,ALERT
2026-05-06 09:50:43,aquanet/water/turbidity,9.6,ALERT - Turbidity 9.6 NTU exceeds 5.0
2026-05-06 09:50:43,aquanet/water/ecoli,2600.0,ALERT - E.coli 2600.0 CFU/100ml exceeds 540.0
2026-05-06 09:50:43,aquanet/water/ph,6.8,OK
2026-05-06 09:50:43,aquanet/water/nitrate,0.3,OK
2026-05-06 09:50:43,aquanet/hydraulic/pressure,5.08,ALERT - Pressure 5.08 bar exceeds 5.0
2026-05-06 09:50:43,aquanet/hydraulic/flowrate,76.7,OK
2026-05-06 09:50:43,aquanet/alerts,ALERT E.COLI: 2600.0 CFU/100ml exceeds NPS-FM limit of 540.0 - BACTERIAL CONTAMINATION DETECTED,ALERT
2026-05-06 09:50:43,aquanet/alerts,ALERT TURBIDITY: 9.6 NTU exceeds 5.0 NTU - TREATMENT REQUIRED,ALERT
2026-05-06 09:50:43,aquanet/alerts,ALERT PRESSURE HIGH: 5.08 bar exceeds 4.0 bar - PIPE BURST RISK,ALERT
2026-05-06 09:50:53,aquanet/water/turbidity,13.6,ALERT - Turbidity 13.6 NTU exceeds 5.0
2026-05-06 09:50:53,aquanet/water/ecoli,2200.0,ALERT - E.coli 2200.0 CFU/100ml exceeds 540.0
2026-05-06 09:50:53,aquanet/water/ph,6.7,OK
2026-05-06 09:50:53,aquanet/water/nitrate,0.3,OK
2026-05-06 09:50:53,aquanet/hydraulic/pressure,4.71,OK
2026-05-06 09:50:53,aquanet/hydraulic/flowrate,93.5,OK
2026-05-06 09:50:53,aquanet/alerts,ALERT E.COLI: 2200.0 CFU/100ml exceeds NPS-FM limit of 540.0 - BACTERIAL CONTAMINATION DETECTED,ALERT
2026-05-06 09:50:53,aquanet/alerts,ALERT TURBIDITY: 13.6 NTU exceeds 5.0 NTU - TREATMENT REQUIRED,ALERT
2026-05-06 09:50:53,aquanet/alerts,ALERT PRESSURE HIGH: 4.71 bar exceeds 4.0 bar - PIPE BURST RISK,ALERT
2026-05-06 09:51:03,aquanet/water/turbidity,7.3,ALERT - Turbidity 7.3 NTU exceeds 5.0
2026-05-06 09:51:03,aquanet/water/ecoli,7600.0,ALERT - E.coli 7600.0 CFU/100ml exceeds 540.0
2026-05-06 09:51:03,aquanet/water/ph,7.0,OK
2026-05-06 09:51:03,aquanet/water/nitrate,0.28,OK
2026-05-06 09:51:03,aquanet/hydraulic/pressure,5.19,ALERT - Pressure 5.19 bar exceeds 5.0
2026-05-06 09:51:03,aquanet/hydraulic/flowrate,98.7,OK
2026-05-06 09:51:03,aquanet/alerts,ALERT E.COLI: 7600.0 CFU/100ml exceeds NPS-FM limit of 540.0 - BACTERIAL CONTAMINATION DETECTED,ALERT
2026-05-06 09:51:03,aquanet/alerts,ALERT TURBIDITY: 7.3 NTU exceeds 5.0 NTU - TREATMENT REQUIRED,ALERT
2026-05-06 09:51:03,aquanet/alerts,ALERT PRESSURE HIGH: 5.19 bar exceeds 4.0 bar - PIPE BURST RISK,ALERT
2026-05-06 09:51:13,aquanet/water/turbidity,7.4,ALERT - Turbidity 7.4 NTU exceeds 5.0
2026-05-06 09:51:13,aquanet/water/ecoli,1100.0,ALERT - E.coli 1100.0 CFU/100ml exceeds 540.0
2026-05-06 09:51:13,aquanet/water/ph,6.86,OK
2026-05-06 09:51:13,aquanet/water/nitrate,0.72,OK
2026-05-06 09:51:13,aquanet/hydraulic/pressure,5.06,ALERT - Pressure 5.06 bar exceeds 5.0
2026-05-06 09:51:13,aquanet/hydraulic/flowrate,98.7,OK
2026-05-06 09:51:13,aquanet/alerts,ALERT E.COLI: 1100.0 CFU/100ml exceeds NPS-FM limit of 540.0 - BACTERIAL CONTAMINATION DETECTED,ALERT
2026-05-06 09:51:13,aquanet/alerts,ALERT TURBIDITY: 7.4 NTU exceeds 5.0 NTU - TREATMENT REQUIRED,ALERT
2026-05-06 09:51:13,aquanet/alerts,ALERT PRESSURE HIGH: 5.06 bar exceeds 4.0 bar - PIPE BURST RISK,ALERT
2026-05-06 09:51:23,aquanet/water/turbidity,9.9,ALERT - Turbidity 9.9 NTU exceeds 5.0
2026-05-06 09:51:23,aquanet/water/ecoli,1200.0,ALERT - E.coli 1200.0 CFU/100ml exceeds 540.0
2026-05-06 09:51:23,aquanet/water/ph,6.62,OK
2026-05-06 09:51:23,aquanet/water/nitrate,0.6,OK
2026-05-06 09:51:23,aquanet/hydraulic/pressure,5.07,ALERT - Pressure 5.07 bar exceeds 5.0
2026-05-06 09:51:23,aquanet/hydraulic/flowrate,99.8,OK
2026-05-06 09:51:23,aquanet/alerts,ALERT E.COLI: 1200.0 CFU/100ml exceeds NPS-FM limit of 540.0 - BACTERIAL CONTAMINATION DETECTED,ALERT
2026-05-06 09:51:23,aquanet/alerts,ALERT TURBIDITY: 9.9 NTU exceeds 5.0 NTU - TREATMENT REQUIRED,ALERT
2026-05-06 09:51:23,aquanet/alerts,ALERT PRESSURE HIGH: 5.07 bar exceeds 4.0 bar - PIPE BURST RISK,ALERT
2026-05-06 09:51:33,aquanet/water/turbidity,9.6,ALERT - Turbidity 9.6 NTU exceeds 5.0
2026-05-06 09:51:33,aquanet/water/ecoli,510.0,OK
2026-05-06 09:51:33,aquanet/water/ph,6.91,OK
2026-05-06 09:51:33,aquanet/water/nitrate,0.48,OK
2026-05-06 09:51:33,aquanet/hydraulic/pressure,5.45,ALERT - Pressure 5.45 bar exceeds 5.0
2026-05-06 09:51:33,aquanet/hydraulic/flowrate,85.7,OK
2026-05-06 09:51:33,aquanet/alerts,ALERT TURBIDITY: 9.6 NTU exceeds 5.0 NTU - TREATMENT REQUIRED,ALERT
2026-05-06 09:51:33,aquanet/alerts,ALERT PRESSURE HIGH: 5.45 bar exceeds 4.0 bar - PIPE BURST RISK,ALERT
2026-05-06 09:51:43,aquanet/water/turbidity,8.2,ALERT - Turbidity 8.2 NTU exceeds 5.0
2026-05-06 09:51:43,aquanet/water/ecoli,870.0,ALERT - E.coli 870.0 CFU/100ml exceeds 540.0
2026-05-06 09:51:43,aquanet/water/ph,6.86,OK
2026-05-06 09:51:43,aquanet/water/nitrate,0.4,OK
2026-05-06 09:51:43,aquanet/hydraulic/pressure,5.1,ALERT - Pressure 5.1 bar exceeds 5.0
2026-05-06 09:51:43,aquanet/hydraulic/flowrate,88.6,OK
2026-05-06 09:51:43,aquanet/alerts,ALERT E.COLI: 870.0 CFU/100ml exceeds NPS-FM limit of 540.0 - BACTERIAL CONTAMINATION DETECTED,ALERT
2026-05-06 09:51:43,aquanet/alerts,ALERT TURBIDITY: 8.2 NTU exceeds 5.0 NTU - TREATMENT REQUIRED,ALERT
2026-05-06 09:51:43,aquanet/alerts,ALERT PRESSURE HIGH: 5.1 bar exceeds 4.0 bar - PIPE BURST RISK,ALERT
2026-05-06 09:51:53,aquanet/water/turbidity,15.8,ALERT - Turbidity 15.8 NTU exceeds 5.0
2026-05-06 09:51:53,aquanet/water/ecoli,1200.0,ALERT - E.coli 1200.0 CFU/100ml exceeds 540.0
2026-05-06 09:51:53,aquanet/water/ph,6.7,OK
2026-05-06 09:51:53,aquanet/water/nitrate,0.36,OK
2026-05-06 09:51:53,aquanet/hydraulic/pressure,3.38,OK
2026-05-06 09:51:53,aquanet/hydraulic/flowrate,85.0,OK
2026-05-06 09:51:53,aquanet/alerts,ALERT E.COLI: 1200.0 CFU/100ml exceeds NPS-FM limit of 540.0 - BACTERIAL CONTAMINATION DETECTED,ALERT
2026-05-06 09:51:53,aquanet/alerts,ALERT TURBIDITY: 15.8 NTU exceeds 5.0 NTU - TREATMENT REQUIRED,ALERT
2026-05-06 09:52:03,aquanet/water/turbidity,17.9,ALERT - Turbidity 17.9 NTU exceeds 5.0
2026-05-06 09:52:03,aquanet/water/ecoli,610.0,ALERT - E.coli 610.0 CFU/100ml exceeds 540.0
2026-05-06 09:52:03,aquanet/water/ph,6.8,OK
2026-05-06 09:52:03,aquanet/water/nitrate,0.34,OK
2026-05-06 09:52:03,aquanet/hydraulic/pressure,5.35,ALERT - Pressure 5.35 bar exceeds 5.0
2026-05-06 09:52:03,aquanet/hydraulic/flowrate,93.4,OK
2026-05-06 09:52:03,aquanet/alerts,ALERT E.COLI: 610.0 CFU/100ml exceeds NPS-FM limit of 540.0 - BACTERIAL CONTAMINATION DETECTED,ALERT
2026-05-06 09:52:03,aquanet/alerts,ALERT TURBIDITY: 17.9 NTU exceeds 5.0 NTU - TREATMENT REQUIRED,ALERT
2026-05-06 09:52:03,aquanet/alerts,ALERT PRESSURE HIGH: 5.35 bar exceeds 4.0 bar - PIPE BURST RISK,ALERT
2026-05-06 09:52:13,aquanet/water/turbidity,19.3,ALERT - Turbidity 19.3 NTU exceeds 5.0
2026-05-06 09:52:13,aquanet/water/ecoli,7300.0,ALERT - E.coli 7300.0 CFU/100ml exceeds 540.0
2026-05-06 09:52:13,aquanet/water/ph,6.8,OK
2026-05-06 09:52:13,aquanet/water/nitrate,0.3,OK
2026-05-06 09:52:13,aquanet/hydraulic/pressure,5.34,ALERT - Pressure 5.34 bar exceeds 5.0
2026-05-06 09:52:13,aquanet/hydraulic/flowrate,81.4,OK
2026-05-06 09:52:13,aquanet/alerts,ALERT E.COLI: 7300.0 CFU/100ml exceeds NPS-FM limit of 540.0 - BACTERIAL CONTAMINATION DETECTED,ALERT
2026-05-06 09:52:13,aquanet/alerts,ALERT TURBIDITY: 19.3 NTU exceeds 5.0 NTU - TREATMENT REQUIRED,ALERT
2026-05-06 09:52:13,aquanet/alerts,ALERT PRESSURE HIGH: 5.34 bar exceeds 4.0 bar - PIPE BURST RISK,ALERT
2026-05-06 09:52:23,aquanet/water/turbidity,19.5,ALERT - Turbidity 19.5 NTU exceeds 5.0
2026-05-06 09:52:23,aquanet/water/ecoli,2000.0,ALERT - E.coli 2000.0 CFU/100ml exceeds 540.0
2026-05-06 09:52:23,aquanet/water/ph,6.73,OK
2026-05-06 09:52:23,aquanet/water/nitrate,0.31,OK
2026-05-06 09:52:23,aquanet/hydraulic/pressure,3.43,OK
2026-05-06 09:52:23,aquanet/hydraulic/flowrate,80.0,OK
2026-05-06 09:52:23,aquanet/alerts,ALERT E.COLI: 2000.0 CFU/100ml exceeds NPS-FM limit of 540.0 - BACTERIAL CONTAMINATION DETECTED,ALERT
2026-05-06 09:52:23,aquanet/alerts,ALERT TURBIDITY: 19.5 NTU exceeds 5.0 NTU - TREATMENT REQUIRED,ALERT
2026-05-06 09:52:33,aquanet/water/turbidity,10.8,ALERT - Turbidity 10.8 NTU exceeds 5.0
2026-05-06 09:52:33,aquanet/water/ecoli,2700.0,ALERT - E.coli 2700.0 CFU/100ml exceeds 540.0
2026-05-06 09:52:33,aquanet/water/ph,6.53,OK
2026-05-06 09:52:33,aquanet/water/nitrate,0.31,OK
2026-05-06 09:52:33,aquanet/hydraulic/pressure,5.39,ALERT - Pressure 5.39 bar exceeds 5.0
2026-05-06 09:52:33,aquanet/hydraulic/flowrate,74.7,OK
2026-05-06 09:52:33,aquanet/alerts,ALERT E.COLI: 2700.0 CFU/100ml exceeds NPS-FM limit of 540.0 - BACTERIAL CONTAMINATION DETECTED,ALERT
2026-05-06 09:52:33,aquanet/alerts,ALERT TURBIDITY: 10.8 NTU exceeds 5.0 NTU - TREATMENT REQUIRED,ALERT
2026-05-06 09:52:33,aquanet/alerts,ALERT PRESSURE HIGH: 5.39 bar exceeds 4.0 bar - PIPE BURST RISK,ALERT
2026-05-06 09:52:43,aquanet/water/turbidity,36.6,ALERT - Turbidity 36.6 NTU exceeds 5.0
2026-05-06 09:52:43,aquanet/water/ecoli,3500.0,ALERT - E.coli 3500.0 CFU/100ml exceeds 540.0
2026-05-06 09:52:43,aquanet/water/ph,7.01,OK
2026-05-06 09:52:43,aquanet/water/nitrate,0.24,OK
2026-05-06 09:52:43,aquanet/hydraulic/pressure,5.04,ALERT - Pressure 5.04 bar exceeds 5.0
2026-05-06 09:52:43,aquanet/hydraulic/flowrate,95.8,OK
2026-05-06 09:52:43,aquanet/alerts,ALERT E.COLI: 3500.0 CFU/100ml exceeds NPS-FM limit of 540.0 - BACTERIAL CONTAMINATION DETECTED,ALERT
2026-05-06 09:52:43,aquanet/alerts,ALERT TURBIDITY: 36.6 NTU exceeds 5.0 NTU - TREATMENT REQUIRED,ALERT
2026-05-06 09:52:43,aquanet/alerts,ALERT PRESSURE HIGH: 5.04 bar exceeds 4.0 bar - PIPE BURST RISK,ALERT
2026-05-06 09:52:53,aquanet/water/turbidity,12.0,ALERT - Turbidity 12.0 NTU exceeds 5.0
2026-05-06 09:52:53,aquanet/water/ecoli,9700.0,ALERT - E.coli 9700.0 CFU/100ml exceeds 540.0
2026-05-06 09:52:53,aquanet/water/ph,6.93,OK
2026-05-06 09:52:53,aquanet/water/nitrate,0.21,OK
2026-05-06 09:52:53,aquanet/hydraulic/pressure,5.78,ALERT - Pressure 5.78 bar exceeds 5.0
2026-05-06 09:52:53,aquanet/hydraulic/flowrate,73.1,OK
2026-05-06 09:52:53,aquanet/alerts,ALERT E.COLI: 9700.0 CFU/100ml exceeds NPS-FM limit of 540.0 - BACTERIAL CONTAMINATION DETECTED,ALERT
2026-05-06 09:52:53,aquanet/alerts,ALERT TURBIDITY: 12.0 NTU exceeds 5.0 NTU - TREATMENT REQUIRED,ALERT
2026-05-06 09:52:53,aquanet/alerts,ALERT PRESSURE HIGH: 5.78 bar exceeds 4.0 bar - PIPE BURST RISK,ALERT
2026-05-06 09:53:03,aquanet/water/turbidity,39.0,ALERT - Turbidity 39.0 NTU exceeds 5.0
2026-05-06 09:53:03,aquanet/water/ecoli,680.0,ALERT - E.coli 680.0 CFU/100ml exceeds 540.0
2026-05-06 09:53:03,aquanet/water/ph,6.74,OK
2026-05-06 09:53:03,aquanet/water/nitrate,0.29,OK
2026-05-06 09:53:03,aquanet/hydraulic/pressure,5.07,ALERT - Pressure 5.07 bar exceeds 5.0
2026-05-06 09:53:03,aquanet/hydraulic/flowrate,98.2,OK
2026-05-06 09:53:03,aquanet/alerts,ALERT E.COLI: 680.0 CFU/100ml exceeds NPS-FM limit of 540.0 - BACTERIAL CONTAMINATION DETECTED,ALERT
2026-05-06 09:53:03,aquanet/alerts,ALERT TURBIDITY: 39.0 NTU exceeds 5.0 NTU - TREATMENT REQUIRED,ALERT
2026-05-06 09:53:03,aquanet/alerts,ALERT PRESSURE HIGH: 5.07 bar exceeds 4.0 bar - PIPE BURST RISK,ALERT
2026-05-06 09:53:13,aquanet/water/turbidity,30.0,ALERT - Turbidity 30.0 NTU exceeds 5.0
2026-05-06 09:53:13,aquanet/water/ecoli,840.0,ALERT - E.coli 840.0 CFU/100ml exceeds 540.0
2026-05-06 09:53:13,aquanet/water/ph,7.09,OK
2026-05-06 09:53:13,aquanet/water/nitrate,0.4,OK
2026-05-06 09:53:13,aquanet/hydraulic/pressure,3.08,OK
2026-05-06 09:53:13,aquanet/hydraulic/flowrate,71.4,OK
2026-05-06 09:53:13,aquanet/alerts,ALERT E.COLI: 840.0 CFU/100ml exceeds NPS-FM limit of 540.0 - BACTERIAL CONTAMINATION DETECTED,ALERT
2026-05-06 09:53:13,aquanet/alerts,ALERT TURBIDITY: 30.0 NTU exceeds 5.0 NTU - TREATMENT REQUIRED,ALERT
2026-05-06 09:53:23,aquanet/water/turbidity,11.0,ALERT - Turbidity 11.0 NTU exceeds 5.0
2026-05-06 09:53:23,aquanet/water/ecoli,800.0,ALERT - E.coli 800.0 CFU/100ml exceeds 540.0
2026-05-06 09:53:23,aquanet/water/ph,7.08,OK
2026-05-06 09:53:23,aquanet/water/nitrate,0.38,OK
2026-05-06 09:53:23,aquanet/hydraulic/pressure,5.85,ALERT - Pressure 5.85 bar exceeds 5.0
2026-05-06 09:53:23,aquanet/hydraulic/flowrate,88.7,OK
2026-05-06 09:53:23,aquanet/alerts,ALERT E.COLI: 800.0 CFU/100ml exceeds NPS-FM limit of 540.0 - BACTERIAL CONTAMINATION DETECTED,ALERT
2026-05-06 09:53:23,aquanet/alerts,ALERT TURBIDITY: 11.0 NTU exceeds 5.0 NTU - TREATMENT REQUIRED,ALERT
2026-05-06 09:53:23,aquanet/alerts,ALERT PRESSURE HIGH: 5.85 bar exceeds 4.0 bar - PIPE BURST RISK,ALERT
2026-05-06 09:53:33,aquanet/water/turbidity,16.0,ALERT - Turbidity 16.0 NTU exceeds 5.0
2026-05-06 09:53:33,aquanet/water/ecoli,7400.0,ALERT - E.coli 7400.0 CFU/100ml exceeds 540.0
2026-05-06 09:53:33,aquanet/water/ph,6.61,OK
2026-05-06 09:53:33,aquanet/water/nitrate,0.137,OK
2026-05-06 09:53:33,aquanet/hydraulic/pressure,3.1,OK
2026-05-06 09:53:33,aquanet/hydraulic/flowrate,82.8,OK
2026-05-06 09:53:33,aquanet/alerts,ALERT E.COLI: 7400.0 CFU/100ml exceeds NPS-FM limit of 540.0 - BACTERIAL CONTAMINATION DETECTED,ALERT
2026-05-06 09:53:33,aquanet/alerts,ALERT TURBIDITY: 16.0 NTU exceeds 5.0 NTU - TREATMENT REQUIRED,ALERT
2026-05-06 09:53:43,aquanet/water/turbidity,12.0,ALERT - Turbidity 12.0 NTU exceeds 5.0
2026-05-06 09:53:43,aquanet/water/ecoli,3500.0,ALERT - E.coli 3500.0 CFU/100ml exceeds 540.0
2026-05-06 09:53:43,aquanet/water/ph,6.47,ALERT - pH 6.47 below minimum 6.5
2026-05-06 09:53:43,aquanet/water/nitrate,0.4,OK
2026-05-06 09:53:43,aquanet/hydraulic/pressure,5.22,ALERT - Pressure 5.22 bar exceeds 5.0
2026-05-06 09:53:43,aquanet/hydraulic/flowrate,97.1,OK
2026-05-06 09:53:43,aquanet/alerts,ALERT E.COLI: 3500.0 CFU/100ml exceeds NPS-FM limit of 540.0 - BACTERIAL CONTAMINATION DETECTED,ALERT
2026-05-06 09:53:43,aquanet/alerts,ALERT TURBIDITY: 12.0 NTU exceeds 5.0 NTU - TREATMENT REQUIRED,ALERT
2026-05-06 09:53:43,aquanet/alerts,ALERT pH LOW: 6.47 - CORROSION RISK - below 6.5,ALERT
2026-05-06 09:53:43,aquanet/alerts,ALERT PRESSURE HIGH: 5.22 bar exceeds 4.0 bar - PIPE BURST RISK,ALERT
2026-05-06 09:53:53,aquanet/water/turbidity,18.0,ALERT - Turbidity 18.0 NTU exceeds 5.0
2026-05-06 09:53:53,aquanet/water/ecoli,12000.0,ALERT - E.coli 12000.0 CFU/100ml exceeds 540.0
2026-05-06 09:53:53,aquanet/water/ph,6.42,ALERT - pH 6.42 below minimum 6.5
2026-05-06 09:53:53,aquanet/water/nitrate,0.51,OK
2026-05-06 09:53:53,aquanet/hydraulic/pressure,5.65,ALERT - Pressure 5.65 bar exceeds 5.0
2026-05-06 09:53:53,aquanet/hydraulic/flowrate,84.2,OK
2026-05-06 09:53:53,aquanet/alerts,ALERT E.COLI: 12000.0 CFU/100ml exceeds NPS-FM limit of 540.0 - BACTERIAL CONTAMINATION DETECTED,ALERT
2026-05-06 09:53:53,aquanet/alerts,ALERT TURBIDITY: 18.0 NTU exceeds 5.0 NTU - TREATMENT REQUIRED,ALERT
2026-05-06 09:53:53,aquanet/alerts,ALERT pH LOW: 6.42 - CORROSION RISK - below 6.5,ALERT
2026-05-06 09:53:53,aquanet/alerts,ALERT PRESSURE HIGH: 5.65 bar exceeds 4.0 bar - PIPE BURST RISK,ALERT
2026-05-06 09:54:03,aquanet/water/turbidity,14.0,ALERT - Turbidity 14.0 NTU exceeds 5.0
2026-05-06 09:54:03,aquanet/water/ecoli,11000.0,ALERT - E.coli 11000.0 CFU/100ml exceeds 540.0
2026-05-06 09:54:03,aquanet/water/ph,6.63,OK
2026-05-06 09:54:03,aquanet/water/nitrate,0.47,OK
2026-05-06 09:54:03,aquanet/hydraulic/pressure,3.25,OK
2026-05-06 09:54:03,aquanet/hydraulic/flowrate,79.7,OK
2026-05-06 09:54:03,aquanet/alerts,ALERT E.COLI: 11000.0 CFU/100ml exceeds NPS-FM limit of 540.0 - BACTERIAL CONTAMINATION DETECTED,ALERT
2026-05-06 09:54:03,aquanet/alerts,ALERT TURBIDITY: 14.0 NTU exceeds 5.0 NTU - TREATMENT REQUIRED,ALERT
2026-05-06 09:54:13,aquanet/water/turbidity,20.0,ALERT - Turbidity 20.0 NTU exceeds 5.0
2026-05-06 09:54:13,aquanet/water/ecoli,2900.0,ALERT - E.coli 2900.0 CFU/100ml exceeds 540.0
2026-05-06 09:54:13,aquanet/water/ph,7.06,OK
2026-05-06 09:54:13,aquanet/water/nitrate,0.35,OK
2026-05-06 09:54:13,aquanet/hydraulic/pressure,5.01,ALERT - Pressure 5.01 bar exceeds 5.0
2026-05-06 09:54:13,aquanet/hydraulic/flowrate,82.3,OK
2026-05-06 09:54:13,aquanet/alerts,ALERT E.COLI: 2900.0 CFU/100ml exceeds NPS-FM limit of 540.0 - BACTERIAL CONTAMINATION DETECTED,ALERT
2026-05-06 09:54:13,aquanet/alerts,ALERT TURBIDITY: 20.0 NTU exceeds 5.0 NTU - TREATMENT REQUIRED,ALERT
2026-05-06 09:54:13,aquanet/alerts,ALERT PRESSURE HIGH: 5.01 bar exceeds 4.0 bar - PIPE BURST RISK,ALERT
2026-05-06 09:54:23,aquanet/water/turbidity,18.0,ALERT - Turbidity 18.0 NTU exceeds 5.0
2026-05-06 09:54:23,aquanet/water/ecoli,1200.0,ALERT - E.coli 1200.0 CFU/100ml exceeds 540.0
2026-05-06 09:54:23,aquanet/water/ph,6.91,OK
2026-05-06 09:54:23,aquanet/water/nitrate,0.39,OK
2026-05-06 09:54:23,aquanet/hydraulic/pressure,5.12,ALERT - Pressure 5.12 bar exceeds 5.0
2026-05-06 09:54:23,aquanet/hydraulic/flowrate,80.8,OK
2026-05-06 09:54:23,aquanet/alerts,ALERT E.COLI: 1200.0 CFU/100ml exceeds NPS-FM limit of 540.0 - BACTERIAL CONTAMINATION DETECTED,ALERT
2026-05-06 09:54:23,aquanet/alerts,ALERT TURBIDITY: 18.0 NTU exceeds 5.0 NTU - TREATMENT REQUIRED,ALERT
2026-05-06 09:54:23,aquanet/alerts,ALERT PRESSURE HIGH: 5.12 bar exceeds 4.0 bar - PIPE BURST RISK,ALERT
2026-05-06 09:54:33,aquanet/water/turbidity,27.0,ALERT - Turbidity 27.0 NTU exceeds 5.0
2026-05-06 09:54:33,aquanet/water/ecoli,2500.0,ALERT - E.coli 2500.0 CFU/100ml exceeds 540.0
2026-05-06 09:54:33,aquanet/water/ph,6.93,OK
2026-05-06 09:54:33,aquanet/water/nitrate,0.34,OK
2026-05-06 09:54:33,aquanet/hydraulic/pressure,4.96,OK
2026-05-06 09:54:33,aquanet/hydraulic/flowrate,76.9,OK
2026-05-06 09:54:33,aquanet/alerts,ALERT E.COLI: 2500.0 CFU/100ml exceeds NPS-FM limit of 540.0 - BACTERIAL CONTAMINATION DETECTED,ALERT
2026-05-06 09:54:33,aquanet/alerts,ALERT TURBIDITY: 27.0 NTU exceeds 5.0 NTU - TREATMENT REQUIRED,ALERT
2026-05-06 09:54:33,aquanet/alerts,ALERT PRESSURE HIGH: 4.96 bar exceeds 4.0 bar - PIPE BURST RISK,ALERT
2026-05-06 09:54:43,aquanet/water/turbidity,11.0,ALERT - Turbidity 11.0 NTU exceeds 5.0
2026-05-06 09:54:43,aquanet/water/ecoli,1300.0,ALERT - E.coli 1300.0 CFU/100ml exceeds 540.0
2026-05-06 09:54:43,aquanet/water/ph,6.85,OK
2026-05-06 09:54:43,aquanet/water/nitrate,0.37,OK
2026-05-06 09:54:43,aquanet/hydraulic/pressure,4.74,OK
2026-05-06 09:54:43,aquanet/hydraulic/flowrate,91.6,OK
2026-05-06 09:54:43,aquanet/alerts,ALERT E.COLI: 1300.0 CFU/100ml exceeds NPS-FM limit of 540.0 - BACTERIAL CONTAMINATION DETECTED,ALERT
2026-05-06 09:54:43,aquanet/alerts,ALERT TURBIDITY: 11.0 NTU exceeds 5.0 NTU - TREATMENT REQUIRED,ALERT
2026-05-06 09:54:43,aquanet/alerts,ALERT PRESSURE HIGH: 4.74 bar exceeds 4.0 bar - PIPE BURST RISK,ALERT
2026-05-06 09:54:53,aquanet/water/turbidity,10.0,ALERT - Turbidity 10.0 NTU exceeds 5.0
2026-05-06 09:54:53,aquanet/water/ecoli,27000.0,ALERT - E.coli 27000.0 CFU/100ml exceeds 540.0
2026-05-06 09:54:53,aquanet/water/ph,6.95,OK
2026-05-06 09:54:53,aquanet/water/nitrate,0.5,OK
2026-05-06 09:54:53,aquanet/hydraulic/pressure,4.92,OK
2026-05-06 09:54:53,aquanet/hydraulic/flowrate,88.0,OK
2026-05-06 09:54:53,aquanet/alerts,ALERT E.COLI: 27000.0 CFU/100ml exceeds NPS-FM limit of 540.0 - BACTERIAL CONTAMINATION DETECTED,ALERT
2026-05-06 09:54:53,aquanet/alerts,ALERT TURBIDITY: 10.0 NTU exceeds 5.0 NTU - TREATMENT REQUIRED,ALERT
2026-05-06 09:54:53,aquanet/alerts,ALERT PRESSURE HIGH: 4.92 bar exceeds 4.0 bar - PIPE BURST RISK,ALERT
2026-05-06 09:55:03,aquanet/water/turbidity,13.0,ALERT - Turbidity 13.0 NTU exceeds 5.0
2026-05-06 09:55:03,aquanet/water/ecoli,810.0,ALERT - E.coli 810.0 CFU/100ml exceeds 540.0
2026-05-06 09:55:03,aquanet/water/ph,6.24,ALERT - pH 6.24 below minimum 6.5
2026-05-06 09:55:03,aquanet/water/nitrate,0.57,OK
2026-05-06 09:55:03,aquanet/hydraulic/pressure,5.06,ALERT - Pressure 5.06 bar exceeds 5.0
2026-05-06 09:55:03,aquanet/hydraulic/flowrate,99.7,OK
2026-05-06 09:55:03,aquanet/alerts,ALERT E.COLI: 810.0 CFU/100ml exceeds NPS-FM limit of 540.0 - BACTERIAL CONTAMINATION DETECTED,ALERT
2026-05-06 09:55:03,aquanet/alerts,ALERT TURBIDITY: 13.0 NTU exceeds 5.0 NTU - TREATMENT REQUIRED,ALERT
2026-05-06 09:55:03,aquanet/alerts,ALERT pH LOW: 6.24 - CORROSION RISK - below 6.5,ALERT
2026-05-06 09:55:03,aquanet/alerts,ALERT PRESSURE HIGH: 5.06 bar exceeds 4.0 bar - PIPE BURST RISK,ALERT
2026-05-06 09:55:13,aquanet/water/turbidity,40.0,ALERT - Turbidity 40.0 NTU exceeds 5.0
2026-05-06 09:55:13,aquanet/water/ecoli,3100.0,ALERT - E.coli 3100.0 CFU/100ml exceeds 540.0
2026-05-06 09:55:13,aquanet/water/ph,6.86,OK
2026-05-06 09:55:13,aquanet/water/nitrate,0.41,OK
2026-05-06 09:55:13,aquanet/hydraulic/pressure,5.41,ALERT - Pressure 5.41 bar exceeds 5.0
2026-05-06 09:55:13,aquanet/hydraulic/flowrate,98.1,OK
2026-05-06 09:55:13,aquanet/alerts,ALERT E.COLI: 3100.0 CFU/100ml exceeds NPS-FM limit of 540.0 - BACTERIAL CONTAMINATION DETECTED,ALERT
2026-05-06 09:55:13,aquanet/alerts,ALERT TURBIDITY: 40.0 NTU exceeds 5.0 NTU - TREATMENT REQUIRED,ALERT
2026-05-06 09:55:13,aquanet/alerts,ALERT PRESSURE HIGH: 5.41 bar exceeds 4.0 bar - PIPE BURST RISK,ALERT
2026-05-06 09:55:23,aquanet/water/turbidity,15.0,ALERT - Turbidity 15.0 NTU exceeds 5.0
2026-05-06 09:55:23,aquanet/water/ecoli,31000.0,ALERT - E.coli 31000.0 CFU/100ml exceeds 540.0
2026-05-06 09:55:23,aquanet/water/ph,6.67,OK
2026-05-06 09:55:23,aquanet/water/nitrate,0.35,OK
2026-05-06 09:55:23,aquanet/hydraulic/pressure,4.75,OK
2026-05-06 09:55:23,aquanet/hydraulic/flowrate,80.2,OK
2026-05-06 09:55:23,aquanet/alerts,ALERT E.COLI: 31000.0 CFU/100ml exceeds NPS-FM limit of 540.0 - BACTERIAL CONTAMINATION DETECTED,ALERT
2026-05-06 09:55:23,aquanet/alerts,ALERT TURBIDITY: 15.0 NTU exceeds 5.0 NTU - TREATMENT REQUIRED,ALERT
2026-05-06 09:55:23,aquanet/alerts,ALERT PRESSURE HIGH: 4.75 bar exceeds 4.0 bar - PIPE BURST RISK,ALERT
2026-05-06 09:55:33,aquanet/water/turbidity,25.0,ALERT - Turbidity 25.0 NTU exceeds 5.0
2026-05-06 09:55:33,aquanet/water/ecoli,1100.0,ALERT - E.coli 1100.0 CFU/100ml exceeds 540.0
2026-05-06 09:55:33,aquanet/water/ph,6.08,ALERT - pH 6.08 below minimum 6.5
2026-05-06 09:55:33,aquanet/water/nitrate,0.44,OK
2026-05-06 09:55:33,aquanet/hydraulic/pressure,5.45,ALERT - Pressure 5.45 bar exceeds 5.0
2026-05-06 09:55:33,aquanet/hydraulic/flowrate,95.9,OK
2026-05-06 09:55:33,aquanet/alerts,ALERT E.COLI: 1100.0 CFU/100ml exceeds NPS-FM limit of 540.0 - BACTERIAL CONTAMINATION DETECTED,ALERT
2026-05-06 09:55:33,aquanet/alerts,ALERT TURBIDITY: 25.0 NTU exceeds 5.0 NTU - TREATMENT REQUIRED,ALERT
2026-05-06 09:55:33,aquanet/alerts,ALERT pH LOW: 6.08 - CORROSION RISK - below 6.5,ALERT
2026-05-06 09:55:33,aquanet/alerts,ALERT PRESSURE HIGH: 5.45 bar exceeds 4.0 bar - PIPE BURST RISK,ALERT
2026-05-06 09:55:43,aquanet/water/turbidity,21.0,ALERT - Turbidity 21.0 NTU exceeds 5.0
2026-05-06 09:55:43,aquanet/water/ecoli,850.0,ALERT - E.coli 850.0 CFU/100ml exceeds 540.0
2026-05-06 09:55:43,aquanet/water/ph,6.95,OK
2026-05-06 09:55:43,aquanet/water/nitrate,0.41,OK
2026-05-06 09:55:43,aquanet/hydraulic/pressure,5.36,ALERT - Pressure 5.36 bar exceeds 5.0
2026-05-06 09:55:43,aquanet/hydraulic/flowrate,94.2,OK
2026-05-06 09:55:43,aquanet/alerts,ALERT E.COLI: 850.0 CFU/100ml exceeds NPS-FM limit of 540.0 - BACTERIAL CONTAMINATION DETECTED,ALERT
2026-05-06 09:55:43,aquanet/alerts,ALERT TURBIDITY: 21.0 NTU exceeds 5.0 NTU - TREATMENT REQUIRED,ALERT
2026-05-06 09:55:43,aquanet/alerts,ALERT PRESSURE HIGH: 5.36 bar exceeds 4.0 bar - PIPE BURST RISK,ALERT
2026-05-06 09:55:53,aquanet/water/turbidity,17.0,ALERT - Turbidity 17.0 NTU exceeds 5.0
2026-05-06 09:55:53,aquanet/water/ecoli,4400.0,ALERT - E.coli 4400.0 CFU/100ml exceeds 540.0
2026-05-06 09:55:53,aquanet/water/ph,6.79,OK
2026-05-06 09:55:53,aquanet/water/nitrate,0.33,OK
2026-05-06 09:55:53,aquanet/hydraulic/pressure,5.84,ALERT - Pressure 5.84 bar exceeds 5.0
2026-05-06 09:55:53,aquanet/hydraulic/flowrate,92.6,OK
2026-05-06 09:55:53,aquanet/alerts,ALERT E.COLI: 4400.0 CFU/100ml exceeds NPS-FM limit of 540.0 - BACTERIAL CONTAMINATION DETECTED,ALERT
2026-05-06 09:55:53,aquanet/alerts,ALERT TURBIDITY: 17.0 NTU exceeds 5.0 NTU - TREATMENT REQUIRED,ALERT
2026-05-06 09:55:53,aquanet/alerts,ALERT PRESSURE HIGH: 5.84 bar exceeds 4.0 bar - PIPE BURST RISK,ALERT
2026-05-06 09:56:03,aquanet/water/turbidity,11.0,ALERT - Turbidity 11.0 NTU exceeds 5.0
2026-05-06 09:56:03,aquanet/water/ecoli,4200.0,ALERT - E.coli 4200.0 CFU/100ml exceeds 540.0
2026-05-06 09:56:03,aquanet/water/ph,6.87,OK
2026-05-06 09:56:03,aquanet/water/nitrate,0.38,OK
2026-05-06 09:56:03,aquanet/hydraulic/pressure,4.88,OK
2026-05-06 09:56:03,aquanet/hydraulic/flowrate,72.8,OK
2026-05-06 09:56:03,aquanet/alerts,ALERT E.COLI: 4200.0 CFU/100ml exceeds NPS-FM limit of 540.0 - BACTERIAL CONTAMINATION DETECTED,ALERT
2026-05-06 09:56:03,aquanet/alerts,ALERT TURBIDITY: 11.0 NTU exceeds 5.0 NTU - TREATMENT REQUIRED,ALERT
2026-05-06 09:56:03,aquanet/alerts,ALERT PRESSURE HIGH: 4.88 bar exceeds 4.0 bar - PIPE BURST RISK,ALERT
2026-05-06 09:56:13,aquanet/water/turbidity,18.0,ALERT - Turbidity 18.0 NTU exceeds 5.0
2026-05-06 09:56:13,aquanet/water/ecoli,1100.0,ALERT - E.coli 1100.0 CFU/100ml exceeds 540.0
2026-05-06 09:56:13,aquanet/water/ph,6.77,OK
2026-05-06 09:56:13,aquanet/water/nitrate,0.33,OK
2026-05-06 09:56:13,aquanet/hydraulic/pressure,5.64,ALERT - Pressure 5.64 bar exceeds 5.0
2026-05-06 09:56:13,aquanet/hydraulic/flowrate,98.3,OK
2026-05-06 09:56:13,aquanet/alerts,ALERT E.COLI: 1100.0 CFU/100ml exceeds NPS-FM limit of 540.0 - BACTERIAL CONTAMINATION DETECTED,ALERT
2026-05-06 09:56:13,aquanet/alerts,ALERT TURBIDITY: 18.0 NTU exceeds 5.0 NTU - TREATMENT REQUIRED,ALERT
2026-05-06 09:56:13,aquanet/alerts,ALERT PRESSURE HIGH: 5.64 bar exceeds 4.0 bar - PIPE BURST RISK,ALERT
2026-05-06 09:56:24,aquanet/water/turbidity,7.8,ALERT - Turbidity 7.8 NTU exceeds 5.0
2026-05-06 09:56:24,aquanet/water/ecoli,3000.0,ALERT - E.coli 3000.0 CFU/100ml exceeds 540.0
2026-05-06 09:56:24,aquanet/water/ph,6.76,OK
2026-05-06 09:56:24,aquanet/water/nitrate,0.28,OK
2026-05-06 09:56:24,aquanet/hydraulic/pressure,4.36,OK
2026-05-06 09:56:24,aquanet/hydraulic/flowrate,86.4,OK
2026-05-06 09:56:24,aquanet/alerts,ALERT E.COLI: 3000.0 CFU/100ml exceeds NPS-FM limit of 540.0 - BACTERIAL CONTAMINATION DETECTED,ALERT
2026-05-06 09:56:24,aquanet/alerts,ALERT TURBIDITY: 7.8 NTU exceeds 5.0 NTU - TREATMENT REQUIRED,ALERT
2026-05-06 09:56:24,aquanet/alerts,ALERT PRESSURE HIGH: 4.36 bar exceeds 4.0 bar - PIPE BURST RISK,ALERT
2026-05-06 09:56:34,aquanet/water/turbidity,9.0,ALERT - Turbidity 9.0 NTU exceeds 5.0
2026-05-06 09:56:34,aquanet/water/ecoli,4400.0,ALERT - E.coli 4400.0 CFU/100ml exceeds 540.0
2026-05-06 09:56:34,aquanet/water/ph,7.24,OK
2026-05-06 09:56:34,aquanet/water/nitrate,0.33,OK
2026-05-06 09:56:34,aquanet/hydraulic/pressure,4.9,OK
2026-05-06 09:56:34,aquanet/hydraulic/flowrate,91.4,OK
2026-05-06 09:56:34,aquanet/alerts,ALERT E.COLI: 4400.0 CFU/100ml exceeds NPS-FM limit of 540.0 - BACTERIAL CONTAMINATION DETECTED,ALERT
2026-05-06 09:56:34,aquanet/alerts,ALERT TURBIDITY: 9.0 NTU exceeds 5.0 NTU - TREATMENT REQUIRED,ALERT
2026-05-06 09:56:34,aquanet/alerts,ALERT PRESSURE HIGH: 4.9 bar exceeds 4.0 bar - PIPE BURST RISK,ALERT
2026-05-06 09:56:44,aquanet/water/turbidity,11.0,ALERT - Turbidity 11.0 NTU exceeds 5.0
2026-05-06 09:56:44,aquanet/water/ecoli,1600.0,ALERT - E.coli 1600.0 CFU/100ml exceeds 540.0
2026-05-06 09:56:44,aquanet/water/ph,6.89,OK
2026-05-06 09:56:44,aquanet/water/nitrate,0.27,OK
2026-05-06 09:56:44,aquanet/hydraulic/pressure,5.31,ALERT - Pressure 5.31 bar exceeds 5.0
2026-05-06 09:56:44,aquanet/hydraulic/flowrate,92.9,OK
2026-05-06 09:56:44,aquanet/alerts,ALERT E.COLI: 1600.0 CFU/100ml exceeds NPS-FM limit of 540.0 - BACTERIAL CONTAMINATION DETECTED,ALERT
2026-05-06 09:56:44,aquanet/alerts,ALERT TURBIDITY: 11.0 NTU exceeds 5.0 NTU - TREATMENT REQUIRED,ALERT
2026-05-06 09:56:44,aquanet/alerts,ALERT PRESSURE HIGH: 5.31 bar exceeds 4.0 bar - PIPE BURST RISK,ALERT
2026-05-06 09:56:54,aquanet/water/turbidity,22.0,ALERT - Turbidity 22.0 NTU exceeds 5.0
2026-05-06 09:56:54,aquanet/water/ecoli,1100.0,ALERT - E.coli 1100.0 CFU/100ml exceeds 540.0
2026-05-06 09:56:54,aquanet/water/ph,6.68,OK
2026-05-06 09:56:54,aquanet/water/nitrate,0.3,OK
2026-05-06 09:56:54,aquanet/hydraulic/pressure,5.62,ALERT - Pressure 5.62 bar exceeds 5.0
2026-05-06 09:56:54,aquanet/hydraulic/flowrate,86.7,OK
2026-05-06 09:56:54,aquanet/alerts,ALERT E.COLI: 1100.0 CFU/100ml exceeds NPS-FM limit of 540.0 - BACTERIAL CONTAMINATION DETECTED,ALERT
2026-05-06 09:56:54,aquanet/alerts,ALERT TURBIDITY: 22.0 NTU exceeds 5.0 NTU - TREATMENT REQUIRED,ALERT
2026-05-06 09:56:54,aquanet/alerts,ALERT PRESSURE HIGH: 5.62 bar exceeds 4.0 bar - PIPE BURST RISK,ALERT
2026-05-06 09:57:04,aquanet/water/turbidity,6.9,ALERT - Turbidity 6.9 NTU exceeds 5.0
2026-05-06 09:57:04,aquanet/water/ecoli,1000.0,ALERT - E.coli 1000.0 CFU/100ml exceeds 540.0
2026-05-06 09:57:04,aquanet/water/ph,7.21,OK
2026-05-06 09:57:04,aquanet/water/nitrate,0.4,OK
2026-05-06 09:57:04,aquanet/hydraulic/pressure,3.18,OK
2026-05-06 09:57:04,aquanet/hydraulic/flowrate,80.0,OK
2026-05-06 09:57:04,aquanet/alerts,ALERT E.COLI: 1000.0 CFU/100ml exceeds NPS-FM limit of 540.0 - BACTERIAL CONTAMINATION DETECTED,ALERT
2026-05-06 09:57:04,aquanet/alerts,ALERT TURBIDITY: 6.9 NTU exceeds 5.0 NTU - TREATMENT REQUIRED,ALERT
2026-05-06 09:57:14,aquanet/water/turbidity,7.7,ALERT - Turbidity 7.7 NTU exceeds 5.0
2026-05-06 09:57:14,aquanet/water/ecoli,380.0,OK
2026-05-06 09:57:14,aquanet/water/ph,6.99,OK
2026-05-06 09:57:14,aquanet/water/nitrate,0.34,OK
2026-05-06 09:57:14,aquanet/hydraulic/pressure,5.14,ALERT - Pressure 5.14 bar exceeds 5.0
2026-05-06 09:57:14,aquanet/hydraulic/flowrate,84.3,OK
2026-05-06 09:57:14,aquanet/alerts,ALERT TURBIDITY: 7.7 NTU exceeds 5.0 NTU - TREATMENT REQUIRED,ALERT
2026-05-06 09:57:14,aquanet/alerts,ALERT PRESSURE HIGH: 5.14 bar exceeds 4.0 bar - PIPE BURST RISK,ALERT
2026-05-06 09:57:24,aquanet/water/turbidity,7.1,ALERT - Turbidity 7.1 NTU exceeds 5.0
2026-05-06 09:57:24,aquanet/water/ecoli,520.0,OK
2026-05-06 09:57:24,aquanet/water/ph,6.77,OK
2026-05-06 09:57:24,aquanet/water/nitrate,0.45,OK
2026-05-06 09:57:24,aquanet/hydraulic/pressure,5.55,ALERT - Pressure 5.55 bar exceeds 5.0
2026-05-06 09:57:24,aquanet/hydraulic/flowrate,99.9,OK
2026-05-06 09:57:24,aquanet/alerts,ALERT TURBIDITY: 7.1 NTU exceeds 5.0 NTU - TREATMENT REQUIRED,ALERT
2026-05-06 09:57:24,aquanet/alerts,ALERT PRESSURE HIGH: 5.55 bar exceeds 4.0 bar - PIPE BURST RISK,ALERT
2026-05-06 09:57:34,aquanet/water/turbidity,15.0,ALERT - Turbidity 15.0 NTU exceeds 5.0
2026-05-06 09:57:34,aquanet/water/ecoli,390.0,OK
2026-05-06 09:57:34,aquanet/water/ph,6.78,OK
2026-05-06 09:57:34,aquanet/water/nitrate,0.43,OK
2026-05-06 09:57:34,aquanet/hydraulic/pressure,4.5,OK
2026-05-06 09:57:34,aquanet/hydraulic/flowrate,86.8,OK
2026-05-06 09:57:34,aquanet/alerts,ALERT TURBIDITY: 15.0 NTU exceeds 5.0 NTU - TREATMENT REQUIRED,ALERT
2026-05-06 09:57:34,aquanet/alerts,ALERT PRESSURE HIGH: 4.5 bar exceeds 4.0 bar - PIPE BURST RISK,ALERT
2026-05-06 09:57:44,aquanet/water/turbidity,7.9,ALERT - Turbidity 7.9 NTU exceeds 5.0
2026-05-06 09:57:44,aquanet/water/ecoli,720.0,ALERT - E.coli 720.0 CFU/100ml exceeds 540.0
2026-05-06 09:57:44,aquanet/water/ph,6.99,OK
2026-05-06 09:57:44,aquanet/water/nitrate,0.54,OK
2026-05-06 09:57:44,aquanet/hydraulic/pressure,3.33,OK
2026-05-06 09:57:44,aquanet/hydraulic/flowrate,73.6,OK
2026-05-06 09:57:44,aquanet/alerts,ALERT E.COLI: 720.0 CFU/100ml exceeds NPS-FM limit of 540.0 - BACTERIAL CONTAMINATION DETECTED,ALERT
2026-05-06 09:57:44,aquanet/alerts,ALERT TURBIDITY: 7.9 NTU exceeds 5.0 NTU - TREATMENT REQUIRED,ALERT
2026-05-06 09:57:54,aquanet/water/turbidity,13.0,ALERT - Turbidity 13.0 NTU exceeds 5.0
2026-05-06 09:57:54,aquanet/water/ecoli,790.0,ALERT - E.coli 790.0 CFU/100ml exceeds 540.0
2026-05-06 09:57:54,aquanet/water/ph,6.78,OK
2026-05-06 09:57:54,aquanet/water/nitrate,0.42,OK
2026-05-06 09:57:54,aquanet/hydraulic/pressure,3.41,OK
2026-05-06 09:57:54,aquanet/hydraulic/flowrate,92.3,OK
2026-05-06 09:57:54,aquanet/alerts,ALERT E.COLI: 790.0 CFU/100ml exceeds NPS-FM limit of 540.0 - BACTERIAL CONTAMINATION DETECTED,ALERT
2026-05-06 09:57:54,aquanet/alerts,ALERT TURBIDITY: 13.0 NTU exceeds 5.0 NTU - TREATMENT REQUIRED,ALERT
2026-05-06 09:58:04,aquanet/water/turbidity,12.0,ALERT - Turbidity 12.0 NTU exceeds 5.0
2026-05-06 09:58:04,aquanet/water/ecoli,590.0,ALERT - E.coli 590.0 CFU/100ml exceeds 540.0
2026-05-06 09:58:04,aquanet/water/ph,6.95,OK
2026-05-06 09:58:04,aquanet/water/nitrate,0.33,OK
2026-05-06 09:58:04,aquanet/hydraulic/pressure,4.72,OK
2026-05-06 09:58:04,aquanet/hydraulic/flowrate,81.2,OK
2026-05-06 09:58:04,aquanet/alerts,ALERT E.COLI: 590.0 CFU/100ml exceeds NPS-FM limit of 540.0 - BACTERIAL CONTAMINATION DETECTED,ALERT
2026-05-06 09:58:04,aquanet/alerts,ALERT TURBIDITY: 12.0 NTU exceeds 5.0 NTU - TREATMENT REQUIRED,ALERT
2026-05-06 09:58:04,aquanet/alerts,ALERT PRESSURE HIGH: 4.72 bar exceeds 4.0 bar - PIPE BURST RISK,ALERT
2026-05-06 09:58:14,aquanet/water/turbidity,11.0,ALERT - Turbidity 11.0 NTU exceeds 5.0
2026-05-06 09:58:14,aquanet/water/ecoli,0.0,OK
2026-05-06 09:58:14,aquanet/water/ph,6.8,OK
2026-05-06 09:58:14,aquanet/water/nitrate,0.3,OK
2026-05-06 09:58:14,aquanet/hydraulic/pressure,5.02,ALERT - Pressure 5.02 bar exceeds 5.0
2026-05-06 09:58:14,aquanet/hydraulic/flowrate,81.3,OK
2026-05-06 09:58:14,aquanet/alerts,ALERT TURBIDITY: 11.0 NTU exceeds 5.0 NTU - TREATMENT REQUIRED,ALERT
2026-05-06 09:58:14,aquanet/alerts,ALERT PRESSURE HIGH: 5.02 bar exceeds 4.0 bar - PIPE BURST RISK,ALERT
2026-05-06 09:58:24,aquanet/water/turbidity,8.3,ALERT - Turbidity 8.3 NTU exceeds 5.0
2026-05-06 09:58:24,aquanet/water/ecoli,9800.0,ALERT - E.coli 9800.0 CFU/100ml exceeds 540.0
2026-05-06 09:58:24,aquanet/water/ph,7.27,OK
2026-05-06 09:58:24,aquanet/water/nitrate,0.26,OK
2026-05-06 09:58:24,aquanet/hydraulic/pressure,5.2,ALERT - Pressure 5.2 bar exceeds 5.0
2026-05-06 09:58:24,aquanet/hydraulic/flowrate,90.3,OK
2026-05-06 09:58:24,aquanet/alerts,ALERT E.COLI: 9800.0 CFU/100ml exceeds NPS-FM limit of 540.0 - BACTERIAL CONTAMINATION DETECTED,ALERT
2026-05-06 09:58:24,aquanet/alerts,ALERT TURBIDITY: 8.3 NTU exceeds 5.0 NTU - TREATMENT REQUIRED,ALERT
2026-05-06 09:58:24,aquanet/alerts,ALERT PRESSURE HIGH: 5.2 bar exceeds 4.0 bar - PIPE BURST RISK,ALERT
2026-05-06 09:58:34,aquanet/water/turbidity,9.7,ALERT - Turbidity 9.7 NTU exceeds 5.0
2026-05-06 09:58:34,aquanet/water/ecoli,2100.0,ALERT - E.coli 2100.0 CFU/100ml exceeds 540.0
2026-05-06 09:58:34,aquanet/water/ph,7.07,OK
2026-05-06 09:58:34,aquanet/water/nitrate,0.31,OK
2026-05-06 09:58:34,aquanet/hydraulic/pressure,5.68,ALERT - Pressure 5.68 bar exceeds 5.0
2026-05-06 09:58:34,aquanet/hydraulic/flowrate,99.9,OK
2026-05-06 09:58:34,aquanet/alerts,ALERT E.COLI: 2100.0 CFU/100ml exceeds NPS-FM limit of 540.0 - BACTERIAL CONTAMINATION DETECTED,ALERT
2026-05-06 09:58:34,aquanet/alerts,ALERT TURBIDITY: 9.7 NTU exceeds 5.0 NTU - TREATMENT REQUIRED,ALERT
2026-05-06 09:58:34,aquanet/alerts,ALERT PRESSURE HIGH: 5.68 bar exceeds 4.0 bar - PIPE BURST RISK,ALERT
2026-05-06 09:58:44,aquanet/water/turbidity,9.1,ALERT - Turbidity 9.1 NTU exceeds 5.0
2026-05-06 09:58:44,aquanet/water/ecoli,2200.0,ALERT - E.coli 2200.0 CFU/100ml exceeds 540.0
2026-05-06 09:58:44,aquanet/water/ph,7.45,OK
2026-05-06 09:58:44,aquanet/water/nitrate,0.118,OK
2026-05-06 09:58:44,aquanet/hydraulic/pressure,5.23,ALERT - Pressure 5.23 bar exceeds 5.0
2026-05-06 09:58:44,aquanet/hydraulic/flowrate,75.5,OK
2026-05-06 09:58:44,aquanet/alerts,ALERT E.COLI: 2200.0 CFU/100ml exceeds NPS-FM limit of 540.0 - BACTERIAL CONTAMINATION DETECTED,ALERT
2026-05-06 09:58:44,aquanet/alerts,ALERT TURBIDITY: 9.1 NTU exceeds 5.0 NTU - TREATMENT REQUIRED,ALERT
2026-05-06 09:58:44,aquanet/alerts,ALERT PRESSURE HIGH: 5.23 bar exceeds 4.0 bar - PIPE BURST RISK,ALERT
2026-05-06 09:58:54,aquanet/water/turbidity,6.9,ALERT - Turbidity 6.9 NTU exceeds 5.0
2026-05-06 09:58:54,aquanet/water/ecoli,1500.0,ALERT - E.coli 1500.0 CFU/100ml exceeds 540.0
2026-05-06 09:58:54,aquanet/water/ph,7.43,OK
2026-05-06 09:58:54,aquanet/water/nitrate,0.137,OK
2026-05-06 09:58:54,aquanet/hydraulic/pressure,2.84,OK
2026-05-06 09:58:54,aquanet/hydraulic/flowrate,86.2,OK
2026-05-06 09:58:54,aquanet/alerts,ALERT E.COLI: 1500.0 CFU/100ml exceeds NPS-FM limit of 540.0 - BACTERIAL CONTAMINATION DETECTED,ALERT
2026-05-06 09:58:54,aquanet/alerts,ALERT TURBIDITY: 6.9 NTU exceeds 5.0 NTU - TREATMENT REQUIRED,ALERT
2026-05-06 09:59:04,aquanet/water/turbidity,8.5,ALERT - Turbidity 8.5 NTU exceeds 5.0
2026-05-06 09:59:04,aquanet/water/ecoli,4000.0,ALERT - E.coli 4000.0 CFU/100ml exceeds 540.0
2026-05-06 09:59:04,aquanet/water/ph,7.07,OK
2026-05-06 09:59:04,aquanet/water/nitrate,0.108,OK
2026-05-06 09:59:04,aquanet/hydraulic/pressure,5.18,ALERT - Pressure 5.18 bar exceeds 5.0
2026-05-06 09:59:04,aquanet/hydraulic/flowrate,74.9,OK
2026-05-06 09:59:04,aquanet/alerts,ALERT E.COLI: 4000.0 CFU/100ml exceeds NPS-FM limit of 540.0 - BACTERIAL CONTAMINATION DETECTED,ALERT
2026-05-06 09:59:04,aquanet/alerts,ALERT TURBIDITY: 8.5 NTU exceeds 5.0 NTU - TREATMENT REQUIRED,ALERT
2026-05-06 09:59:04,aquanet/alerts,ALERT PRESSURE HIGH: 5.18 bar exceeds 4.0 bar - PIPE BURST RISK,ALERT
2026-05-06 09:59:14,aquanet/water/turbidity,8.0,ALERT - Turbidity 8.0 NTU exceeds 5.0
2026-05-06 09:59:14,aquanet/water/ecoli,1400.0,ALERT - E.coli 1400.0 CFU/100ml exceeds 540.0
2026-05-06 09:59:14,aquanet/water/ph,6.72,OK
2026-05-06 09:59:14,aquanet/water/nitrate,0.121,OK
2026-05-06 09:59:14,aquanet/hydraulic/pressure,3.45,OK
2026-05-06 09:59:14,aquanet/hydraulic/flowrate,82.4,OK
2026-05-06 09:59:14,aquanet/alerts,ALERT E.COLI: 1400.0 CFU/100ml exceeds NPS-FM limit of 540.0 - BACTERIAL CONTAMINATION DETECTED,ALERT
2026-05-06 09:59:14,aquanet/alerts,ALERT TURBIDITY: 8.0 NTU exceeds 5.0 NTU - TREATMENT REQUIRED,ALERT
2026-05-06 09:59:24,aquanet/water/turbidity,7.7,ALERT - Turbidity 7.7 NTU exceeds 5.0
2026-05-06 09:59:24,aquanet/water/ecoli,890.0,ALERT - E.coli 890.0 CFU/100ml exceeds 540.0
2026-05-06 09:59:24,aquanet/water/ph,6.74,OK
2026-05-06 09:59:24,aquanet/water/nitrate,0.9,OK
2026-05-06 09:59:24,aquanet/hydraulic/pressure,5.12,ALERT - Pressure 5.12 bar exceeds 5.0
2026-05-06 09:59:24,aquanet/hydraulic/flowrate,85.8,OK
2026-05-06 09:59:24,aquanet/alerts,ALERT E.COLI: 890.0 CFU/100ml exceeds NPS-FM limit of 540.0 - BACTERIAL CONTAMINATION DETECTED,ALERT
2026-05-06 09:59:24,aquanet/alerts,ALERT TURBIDITY: 7.7 NTU exceeds 5.0 NTU - TREATMENT REQUIRED,ALERT
2026-05-06 09:59:24,aquanet/alerts,ALERT PRESSURE HIGH: 5.12 bar exceeds 4.0 bar - PIPE BURST RISK,ALERT
2026-05-06 09:59:34,aquanet/water/turbidity,9.7,ALERT - Turbidity 9.7 NTU exceeds 5.0
2026-05-06 09:59:34,aquanet/water/ecoli,760.0,ALERT - E.coli 760.0 CFU/100ml exceeds 540.0
2026-05-06 09:59:34,aquanet/water/ph,7.51,OK
2026-05-06 09:59:34,aquanet/water/nitrate,1.04,OK
2026-05-06 09:59:34,aquanet/hydraulic/pressure,5.03,ALERT - Pressure 5.03 bar exceeds 5.0
2026-05-06 09:59:34,aquanet/hydraulic/flowrate,74.5,OK
2026-05-06 09:59:34,aquanet/alerts,ALERT E.COLI: 760.0 CFU/100ml exceeds NPS-FM limit of 540.0 - BACTERIAL CONTAMINATION DETECTED,ALERT
2026-05-06 09:59:34,aquanet/alerts,ALERT TURBIDITY: 9.7 NTU exceeds 5.0 NTU - TREATMENT REQUIRED,ALERT
2026-05-06 09:59:34,aquanet/alerts,ALERT PRESSURE HIGH: 5.03 bar exceeds 4.0 bar - PIPE BURST RISK,ALERT
2026-05-06 09:59:44,aquanet/water/turbidity,7.5,ALERT - Turbidity 7.5 NTU exceeds 5.0
2026-05-06 09:59:44,aquanet/water/ecoli,590.0,ALERT - E.coli 590.0 CFU/100ml exceeds 540.0
2026-05-06 09:59:44,aquanet/water/ph,7.26,OK
2026-05-06 09:59:44,aquanet/water/nitrate,0.49,OK
2026-05-06 09:59:44,aquanet/hydraulic/pressure,4.87,OK
2026-05-06 09:59:44,aquanet/hydraulic/flowrate,81.5,OK
2026-05-06 09:59:44,aquanet/alerts,ALERT E.COLI: 590.0 CFU/100ml exceeds NPS-FM limit of 540.0 - BACTERIAL CONTAMINATION DETECTED,ALERT
2026-05-06 09:59:44,aquanet/alerts,ALERT TURBIDITY: 7.5 NTU exceeds 5.0 NTU - TREATMENT REQUIRED,ALERT
2026-05-06 09:59:44,aquanet/alerts,ALERT PRESSURE HIGH: 4.87 bar exceeds 4.0 bar - PIPE BURST RISK,ALERT
2026-05-06 09:59:54,aquanet/water/turbidity,10.0,ALERT - Turbidity 10.0 NTU exceeds 5.0
2026-05-06 09:59:54,aquanet/water/ecoli,790.0,ALERT - E.coli 790.0 CFU/100ml exceeds 540.0
2026-05-06 09:59:54,aquanet/water/ph,7.45,OK
2026-05-06 09:59:54,aquanet/water/nitrate,0.28,OK
2026-05-06 09:59:54,aquanet/hydraulic/pressure,5.19,ALERT - Pressure 5.19 bar exceeds 5.0
2026-05-06 09:59:54,aquanet/hydraulic/flowrate,84.5,OK
2026-05-06 09:59:54,aquanet/alerts,ALERT E.COLI: 790.0 CFU/100ml exceeds NPS-FM limit of 540.0 - BACTERIAL CONTAMINATION DETECTED,ALERT
2026-05-06 09:59:54,aquanet/alerts,ALERT TURBIDITY: 10.0 NTU exceeds 5.0 NTU - TREATMENT REQUIRED,ALERT
2026-05-06 09:59:54,aquanet/alerts,ALERT PRESSURE HIGH: 5.19 bar exceeds 4.0 bar - PIPE BURST RISK,ALERT
2026-05-06 10:00:04,aquanet/water/turbidity,12.0,ALERT - Turbidity 12.0 NTU exceeds 5.0
2026-05-06 10:00:04,aquanet/water/ecoli,960.0,ALERT - E.coli 960.0 CFU/100ml exceeds 540.0
2026-05-06 10:00:04,aquanet/water/ph,6.97,OK
2026-05-06 10:00:04,aquanet/water/nitrate,0.32,OK
2026-05-06 10:00:04,aquanet/hydraulic/pressure,5.67,ALERT - Pressure 5.67 bar exceeds 5.0
2026-05-06 10:00:04,aquanet/hydraulic/flowrate,94.5,OK
2026-05-06 10:00:04,aquanet/alerts,ALERT E.COLI: 960.0 CFU/100ml exceeds NPS-FM limit of 540.0 - BACTERIAL CONTAMINATION DETECTED,ALERT
2026-05-06 10:00:04,aquanet/alerts,ALERT TURBIDITY: 12.0 NTU exceeds 5.0 NTU - TREATMENT REQUIRED,ALERT
2026-05-06 10:00:04,aquanet/alerts,ALERT PRESSURE HIGH: 5.67 bar exceeds 4.0 bar - PIPE BURST RISK,ALERT
2026-05-06 10:00:14,aquanet/water/turbidity,7.5,ALERT - Turbidity 7.5 NTU exceeds 5.0
2026-05-06 10:00:14,aquanet/water/ecoli,3400.0,ALERT - E.coli 3400.0 CFU/100ml exceeds 540.0
2026-05-06 10:00:14,aquanet/water/ph,6.03,ALERT - pH 6.03 below minimum 6.5
2026-05-06 10:00:14,aquanet/water/nitrate,0.53,OK
2026-05-06 10:00:14,aquanet/hydraulic/pressure,5.21,ALERT - Pressure 5.21 bar exceeds 5.0
2026-05-06 10:00:14,aquanet/hydraulic/flowrate,95.3,OK
2026-05-06 10:00:14,aquanet/alerts,ALERT E.COLI: 3400.0 CFU/100ml exceeds NPS-FM limit of 540.0 - BACTERIAL CONTAMINATION DETECTED,ALERT
2026-05-06 10:00:14,aquanet/alerts,ALERT TURBIDITY: 7.5 NTU exceeds 5.0 NTU - TREATMENT REQUIRED,ALERT
2026-05-06 10:00:14,aquanet/alerts,ALERT pH LOW: 6.03 - CORROSION RISK - below 6.5,ALERT
2026-05-06 10:00:14,aquanet/alerts,ALERT PRESSURE HIGH: 5.21 bar exceeds 4.0 bar - PIPE BURST RISK,ALERT
2026-05-06 10:00:24,aquanet/water/turbidity,7.8,ALERT - Turbidity 7.8 NTU exceeds 5.0
2026-05-06 10:00:24,aquanet/water/ecoli,6400.0,ALERT - E.coli 6400.0 CFU/100ml exceeds 540.0
2026-05-06 10:00:24,aquanet/water/ph,6.39,ALERT - pH 6.39 below minimum 6.5
2026-05-06 10:00:24,aquanet/water/nitrate,0.2,OK
2026-05-06 10:00:24,aquanet/hydraulic/pressure,4.81,OK
2026-05-06 10:00:24,aquanet/hydraulic/flowrate,90.9,OK
2026-05-06 10:00:24,aquanet/alerts,ALERT E.COLI: 6400.0 CFU/100ml exceeds NPS-FM limit of 540.0 - BACTERIAL CONTAMINATION DETECTED,ALERT
2026-05-06 10:00:24,aquanet/alerts,ALERT TURBIDITY: 7.8 NTU exceeds 5.0 NTU - TREATMENT REQUIRED,ALERT
2026-05-06 10:00:24,aquanet/alerts,ALERT pH LOW: 6.39 - CORROSION RISK - below 6.5,ALERT
2026-05-06 10:00:24,aquanet/alerts,ALERT PRESSURE HIGH: 4.81 bar exceeds 4.0 bar - PIPE BURST RISK,ALERT
2026-05-06 10:00:34,aquanet/water/turbidity,7.0,ALERT - Turbidity 7.0 NTU exceeds 5.0
2026-05-06 10:00:34,aquanet/water/ecoli,31000.0,ALERT - E.coli 31000.0 CFU/100ml exceeds 540.0
2026-05-06 10:00:34,aquanet/water/ph,6.97,OK
2026-05-06 10:00:34,aquanet/water/nitrate,0.21,OK
2026-05-06 10:00:34,aquanet/hydraulic/pressure,5.44,ALERT - Pressure 5.44 bar exceeds 5.0
2026-05-06 10:00:34,aquanet/hydraulic/flowrate,82.8,OK
2026-05-06 10:00:34,aquanet/alerts,ALERT E.COLI: 31000.0 CFU/100ml exceeds NPS-FM limit of 540.0 - BACTERIAL CONTAMINATION DETECTED,ALERT
2026-05-06 10:00:34,aquanet/alerts,ALERT TURBIDITY: 7.0 NTU exceeds 5.0 NTU - TREATMENT REQUIRED,ALERT
2026-05-06 10:00:34,aquanet/alerts,ALERT PRESSURE HIGH: 5.44 bar exceeds 4.0 bar - PIPE BURST RISK,ALERT
2026-05-06 10:00:44,aquanet/water/turbidity,8.8,ALERT - Turbidity 8.8 NTU exceeds 5.0
2026-05-06 10:00:44,aquanet/water/ecoli,2400.0,ALERT - E.coli 2400.0 CFU/100ml exceeds 540.0
2026-05-06 10:00:44,aquanet/water/ph,7.18,OK
2026-05-06 10:00:44,aquanet/water/nitrate,0.179,OK
2026-05-06 10:00:44,aquanet/hydraulic/pressure,4.82,OK
2026-05-06 10:00:44,aquanet/hydraulic/flowrate,89.4,OK
2026-05-06 10:00:44,aquanet/alerts,ALERT E.COLI: 2400.0 CFU/100ml exceeds NPS-FM limit of 540.0 - BACTERIAL CONTAMINATION DETECTED,ALERT
2026-05-06 10:00:44,aquanet/alerts,ALERT TURBIDITY: 8.8 NTU exceeds 5.0 NTU - TREATMENT REQUIRED,ALERT
2026-05-06 10:00:44,aquanet/alerts,ALERT PRESSURE HIGH: 4.82 bar exceeds 4.0 bar - PIPE BURST RISK,ALERT
2026-05-06 10:00:54,aquanet/water/turbidity,16.0,ALERT - Turbidity 16.0 NTU exceeds 5.0
2026-05-06 10:00:54,aquanet/water/ecoli,900.0,ALERT - E.coli 900.0 CFU/100ml exceeds 540.0
2026-05-06 10:00:54,aquanet/water/ph,7.06,OK
2026-05-06 10:00:54,aquanet/water/nitrate,0.22,OK
2026-05-06 10:00:54,aquanet/hydraulic/pressure,5.14,ALERT - Pressure 5.14 bar exceeds 5.0
2026-05-06 10:00:54,aquanet/hydraulic/flowrate,95.1,OK
2026-05-06 10:00:54,aquanet/alerts,ALERT E.COLI: 900.0 CFU/100ml exceeds NPS-FM limit of 540.0 - BACTERIAL CONTAMINATION DETECTED,ALERT
2026-05-06 10:00:54,aquanet/alerts,ALERT TURBIDITY: 16.0 NTU exceeds 5.0 NTU - TREATMENT REQUIRED,ALERT
2026-05-06 10:00:54,aquanet/alerts,ALERT PRESSURE HIGH: 5.14 bar exceeds 4.0 bar - PIPE BURST RISK,ALERT
2026-05-06 10:01:04,aquanet/water/turbidity,7.2,ALERT - Turbidity 7.2 NTU exceeds 5.0
2026-05-06 10:01:04,aquanet/water/ecoli,750.0,ALERT - E.coli 750.0 CFU/100ml exceeds 540.0
2026-05-06 10:01:04,aquanet/water/ph,7.13,OK
2026-05-06 10:01:04,aquanet/water/nitrate,0.094,OK
2026-05-06 10:01:04,aquanet/hydraulic/pressure,5.32,ALERT - Pressure 5.32 bar exceeds 5.0
2026-05-06 10:01:04,aquanet/hydraulic/flowrate,97.2,OK
2026-05-06 10:01:04,aquanet/alerts,ALERT E.COLI: 750.0 CFU/100ml exceeds NPS-FM limit of 540.0 - BACTERIAL CONTAMINATION DETECTED,ALERT
2026-05-06 10:01:04,aquanet/alerts,ALERT TURBIDITY: 7.2 NTU exceeds 5.0 NTU - TREATMENT REQUIRED,ALERT
2026-05-06 10:01:04,aquanet/alerts,ALERT PRESSURE HIGH: 5.32 bar exceeds 4.0 bar - PIPE BURST RISK,ALERT
2026-05-06 10:01:14,aquanet/water/turbidity,15.0,ALERT - Turbidity 15.0 NTU exceeds 5.0
2026-05-06 10:01:14,aquanet/water/ecoli,540.0,OK
2026-05-06 10:01:14,aquanet/water/ph,7.11,OK
2026-05-06 10:01:14,aquanet/water/nitrate,0.48,OK
2026-05-06 10:01:14,aquanet/hydraulic/pressure,2.94,OK
2026-05-06 10:01:14,aquanet/hydraulic/flowrate,82.7,OK
2026-05-06 10:01:14,aquanet/alerts,ALERT TURBIDITY: 15.0 NTU exceeds 5.0 NTU - TREATMENT REQUIRED,ALERT
2026-05-06 10:01:24,aquanet/water/turbidity,7.1,ALERT - Turbidity 7.1 NTU exceeds 5.0
2026-05-06 10:01:24,aquanet/water/ecoli,460.0,OK
2026-05-06 10:01:24,aquanet/water/ph,7.12,OK
2026-05-06 10:01:24,aquanet/water/nitrate,0.28,OK
2026-05-06 10:01:24,aquanet/hydraulic/pressure,5.22,ALERT - Pressure 5.22 bar exceeds 5.0
2026-05-06 10:01:24,aquanet/hydraulic/flowrate,80.6,OK
2026-05-06 10:01:24,aquanet/alerts,ALERT TURBIDITY: 7.1 NTU exceeds 5.0 NTU - TREATMENT REQUIRED,ALERT
2026-05-06 10:01:24,aquanet/alerts,ALERT PRESSURE HIGH: 5.22 bar exceeds 4.0 bar - PIPE BURST RISK,ALERT
2026-05-06 10:01:34,aquanet/water/turbidity,6.9,ALERT - Turbidity 6.9 NTU exceeds 5.0
2026-05-06 10:01:34,aquanet/water/ecoli,500.0,OK
2026-05-06 10:01:34,aquanet/water/ph,7.2,OK
2026-05-06 10:01:34,aquanet/water/nitrate,0.58,OK
2026-05-06 10:01:34,aquanet/hydraulic/pressure,5.11,ALERT - Pressure 5.11 bar exceeds 5.0
2026-05-06 10:01:34,aquanet/hydraulic/flowrate,97.7,OK
2026-05-06 10:01:34,aquanet/alerts,ALERT TURBIDITY: 6.9 NTU exceeds 5.0 NTU - TREATMENT REQUIRED,ALERT
2026-05-06 10:01:34,aquanet/alerts,ALERT PRESSURE HIGH: 5.11 bar exceeds 4.0 bar - PIPE BURST RISK,ALERT
2026-05-06 10:01:44,aquanet/water/turbidity,12.0,ALERT - Turbidity 12.0 NTU exceeds 5.0
2026-05-06 10:01:44,aquanet/water/ecoli,1100.0,ALERT - E.coli 1100.0 CFU/100ml exceeds 540.0
2026-05-06 10:01:44,aquanet/water/ph,7.12,OK
2026-05-06 10:01:44,aquanet/water/nitrate,0.53,OK
2026-05-06 10:01:44,aquanet/hydraulic/pressure,5.73,ALERT - Pressure 5.73 bar exceeds 5.0
2026-05-06 10:01:44,aquanet/hydraulic/flowrate,70.6,OK
2026-05-06 10:01:44,aquanet/alerts,ALERT E.COLI: 1100.0 CFU/100ml exceeds NPS-FM limit of 540.0 - BACTERIAL CONTAMINATION DETECTED,ALERT
2026-05-06 10:01:44,aquanet/alerts,ALERT TURBIDITY: 12.0 NTU exceeds 5.0 NTU - TREATMENT REQUIRED,ALERT
2026-05-06 10:01:44,aquanet/alerts,ALERT PRESSURE HIGH: 5.73 bar exceeds 4.0 bar - PIPE BURST RISK,ALERT
2026-05-06 10:01:54,aquanet/water/turbidity,16.0,ALERT - Turbidity 16.0 NTU exceeds 5.0
2026-05-06 10:01:54,aquanet/water/ecoli,500.0,OK
2026-05-06 10:01:54,aquanet/water/ph,6.96,OK
2026-05-06 10:01:54,aquanet/water/nitrate,0.69,OK
2026-05-06 10:01:54,aquanet/hydraulic/pressure,3.46,OK
2026-05-06 10:01:54,aquanet/hydraulic/flowrate,80.8,OK
2026-05-06 10:01:54,aquanet/alerts,ALERT TURBIDITY: 16.0 NTU exceeds 5.0 NTU - TREATMENT REQUIRED,ALERT
2026-05-06 10:02:04,aquanet/water/turbidity,25.0,ALERT - Turbidity 25.0 NTU exceeds 5.0
2026-05-06 10:02:04,aquanet/water/ecoli,1000.0,ALERT - E.coli 1000.0 CFU/100ml exceeds 540.0
2026-05-06 10:02:04,aquanet/water/ph,7.18,OK
2026-05-06 10:02:04,aquanet/water/nitrate,0.53,OK
2026-05-06 10:02:04,aquanet/hydraulic/pressure,5.31,ALERT - Pressure 5.31 bar exceeds 5.0
2026-05-06 10:02:04,aquanet/hydraulic/flowrate,71.7,OK
2026-05-06 10:02:04,aquanet/alerts,ALERT E.COLI: 1000.0 CFU/100ml exceeds NPS-FM limit of 540.0 - BACTERIAL CONTAMINATION DETECTED,ALERT
2026-05-06 10:02:04,aquanet/alerts,ALERT TURBIDITY: 25.0 NTU exceeds 5.0 NTU - TREATMENT REQUIRED,ALERT
2026-05-06 10:02:04,aquanet/alerts,ALERT PRESSURE HIGH: 5.31 bar exceeds 4.0 bar - PIPE BURST RISK,ALERT
2026-05-06 10:02:14,aquanet/water/turbidity,45.0,ALERT - Turbidity 45.0 NTU exceeds 5.0
2026-05-06 10:02:14,aquanet/water/ecoli,6000.0,ALERT - E.coli 6000.0 CFU/100ml exceeds 540.0
2026-05-06 10:02:14,aquanet/water/ph,7.15,OK
2026-05-06 10:02:14,aquanet/water/nitrate,0.57,OK
2026-05-06 10:02:14,aquanet/hydraulic/pressure,5.56,ALERT - Pressure 5.56 bar exceeds 5.0
2026-05-06 10:02:14,aquanet/hydraulic/flowrate,97.7,OK
2026-05-06 10:02:14,aquanet/alerts,ALERT E.COLI: 6000.0 CFU/100ml exceeds NPS-FM limit of 540.0 - BACTERIAL CONTAMINATION DETECTED,ALERT
2026-05-06 10:02:14,aquanet/alerts,ALERT TURBIDITY: 45.0 NTU exceeds 5.0 NTU - TREATMENT REQUIRED,ALERT
2026-05-06 10:02:14,aquanet/alerts,ALERT PRESSURE HIGH: 5.56 bar exceeds 4.0 bar - PIPE BURST RISK,ALERT
2026-05-06 10:02:24,aquanet/water/turbidity,10.0,ALERT - Turbidity 10.0 NTU exceeds 5.0
2026-05-06 10:02:24,aquanet/water/ecoli,2500.0,ALERT - E.coli 2500.0 CFU/100ml exceeds 540.0
2026-05-06 10:02:24,aquanet/water/ph,7.09,OK
2026-05-06 10:02:24,aquanet/water/nitrate,0.27,OK
2026-05-06 10:02:24,aquanet/hydraulic/pressure,2.84,OK
2026-05-06 10:02:24,aquanet/hydraulic/flowrate,84.7,OK
2026-05-06 10:02:24,aquanet/alerts,ALERT E.COLI: 2500.0 CFU/100ml exceeds NPS-FM limit of 540.0 - BACTERIAL CONTAMINATION DETECTED,ALERT
2026-05-06 10:02:24,aquanet/alerts,ALERT TURBIDITY: 10.0 NTU exceeds 5.0 NTU - TREATMENT REQUIRED,ALERT
2026-05-06 10:02:34,aquanet/water/turbidity,6.6,ALERT - Turbidity 6.6 NTU exceeds 5.0
2026-05-06 10:02:34,aquanet/water/ecoli,2900.0,ALERT - E.coli 2900.0 CFU/100ml exceeds 540.0
2026-05-06 10:02:34,aquanet/water/ph,7.33,OK
2026-05-06 10:02:34,aquanet/water/nitrate,0.012,OK
2026-05-06 10:02:34,aquanet/hydraulic/pressure,5.17,ALERT - Pressure 5.17 bar exceeds 5.0
2026-05-06 10:02:34,aquanet/hydraulic/flowrate,71.3,OK
2026-05-06 10:02:34,aquanet/alerts,ALERT E.COLI: 2900.0 CFU/100ml exceeds NPS-FM limit of 540.0 - BACTERIAL CONTAMINATION DETECTED,ALERT
2026-05-06 10:02:34,aquanet/alerts,ALERT TURBIDITY: 6.6 NTU exceeds 5.0 NTU - TREATMENT REQUIRED,ALERT
2026-05-06 10:02:34,aquanet/alerts,ALERT PRESSURE HIGH: 5.17 bar exceeds 4.0 bar - PIPE BURST RISK,ALERT
2026-05-06 10:02:44,aquanet/water/turbidity,9.3,ALERT - Turbidity 9.3 NTU exceeds 5.0
2026-05-06 10:02:44,aquanet/water/ecoli,500.0,OK
2026-05-06 10:02:44,aquanet/water/ph,7.33,OK
2026-05-06 10:02:44,aquanet/water/nitrate,0.45,OK
2026-05-06 10:02:44,aquanet/hydraulic/pressure,5.45,ALERT - Pressure 5.45 bar exceeds 5.0
2026-05-06 10:02:44,aquanet/hydraulic/flowrate,83.9,OK
2026-05-06 10:02:44,aquanet/alerts,ALERT TURBIDITY: 9.3 NTU exceeds 5.0 NTU - TREATMENT REQUIRED,ALERT
2026-05-06 10:02:44,aquanet/alerts,ALERT PRESSURE HIGH: 5.45 bar exceeds 4.0 bar - PIPE BURST RISK,ALERT
2026-05-06 10:02:54,aquanet/water/turbidity,10.7,ALERT - Turbidity 10.7 NTU exceeds 5.0
2026-05-06 10:02:54,aquanet/water/ecoli,1700.0,ALERT - E.coli 1700.0 CFU/100ml exceeds 540.0
2026-05-06 10:02:54,aquanet/water/ph,6.91,OK
2026-05-06 10:02:54,aquanet/water/nitrate,0.3,OK
2026-05-06 10:02:54,aquanet/hydraulic/pressure,5.94,ALERT - Pressure 5.94 bar exceeds 5.0
2026-05-06 10:02:54,aquanet/hydraulic/flowrate,83.0,OK
2026-05-06 10:02:54,aquanet/alerts,ALERT E.COLI: 1700.0 CFU/100ml exceeds NPS-FM limit of 540.0 - BACTERIAL CONTAMINATION DETECTED,ALERT
2026-05-06 10:02:54,aquanet/alerts,ALERT TURBIDITY: 10.7 NTU exceeds 5.0 NTU - TREATMENT REQUIRED,ALERT
2026-05-06 10:02:54,aquanet/alerts,ALERT PRESSURE HIGH: 5.94 bar exceeds 4.0 bar - PIPE BURST RISK,ALERT
2026-05-06 10:03:04,aquanet/water/turbidity,13.7,ALERT - Turbidity 13.7 NTU exceeds 5.0
2026-05-06 10:03:04,aquanet/water/ecoli,600.0,ALERT - E.coli 600.0 CFU/100ml exceeds 540.0
2026-05-06 10:03:04,aquanet/water/ph,6.88,OK
2026-05-06 10:03:04,aquanet/water/nitrate,0.3,OK
2026-05-06 10:03:04,aquanet/hydraulic/pressure,5.49,ALERT - Pressure 5.49 bar exceeds 5.0
2026-05-06 10:03:04,aquanet/hydraulic/flowrate,93.7,OK
2026-05-06 10:03:04,aquanet/alerts,ALERT E.COLI: 600.0 CFU/100ml exceeds NPS-FM limit of 540.0 - BACTERIAL CONTAMINATION DETECTED,ALERT
2026-05-06 10:03:04,aquanet/alerts,ALERT TURBIDITY: 13.7 NTU exceeds 5.0 NTU - TREATMENT REQUIRED,ALERT
2026-05-06 10:03:04,aquanet/alerts,ALERT PRESSURE HIGH: 5.49 bar exceeds 4.0 bar - PIPE BURST RISK,ALERT
2026-05-06 10:03:14,aquanet/water/turbidity,10.2,ALERT - Turbidity 10.2 NTU exceeds 5.0
2026-05-06 10:03:14,aquanet/water/ecoli,260.0,OK
2026-05-06 10:03:14,aquanet/water/ph,7.36,OK
2026-05-06 10:03:14,aquanet/water/nitrate,0.28,OK
2026-05-06 10:03:14,aquanet/hydraulic/pressure,5.53,ALERT - Pressure 5.53 bar exceeds 5.0
2026-05-06 10:03:14,aquanet/hydraulic/flowrate,92.8,OK
2026-05-06 10:03:14,aquanet/alerts,ALERT TURBIDITY: 10.2 NTU exceeds 5.0 NTU - TREATMENT REQUIRED,ALERT
2026-05-06 10:03:14,aquanet/alerts,ALERT PRESSURE HIGH: 5.53 bar exceeds 4.0 bar - PIPE BURST RISK,ALERT
2026-05-06 10:03:24,aquanet/water/turbidity,10.3,ALERT - Turbidity 10.3 NTU exceeds 5.0
2026-05-06 10:03:24,aquanet/water/ecoli,1100.0,ALERT - E.coli 1100.0 CFU/100ml exceeds 540.0
2026-05-06 10:03:24,aquanet/water/ph,7.57,OK
2026-05-06 10:03:24,aquanet/water/nitrate,0.72,OK
2026-05-06 10:03:24,aquanet/hydraulic/pressure,2.91,OK
2026-05-06 10:03:24,aquanet/hydraulic/flowrate,73.6,OK
2026-05-06 10:03:24,aquanet/alerts,ALERT E.COLI: 1100.0 CFU/100ml exceeds NPS-FM limit of 540.0 - BACTERIAL CONTAMINATION DETECTED,ALERT
2026-05-06 10:03:24,aquanet/alerts,ALERT TURBIDITY: 10.3 NTU exceeds 5.0 NTU - TREATMENT REQUIRED,ALERT
2026-05-06 10:03:34,aquanet/water/turbidity,9.1,ALERT - Turbidity 9.1 NTU exceeds 5.0
2026-05-06 10:03:34,aquanet/water/ecoli,400.0,OK
2026-05-06 10:03:34,aquanet/water/ph,7.58,OK
2026-05-06 10:03:34,aquanet/water/nitrate,0.6,OK
2026-05-06 10:03:34,aquanet/hydraulic/pressure,3.21,OK
2026-05-06 10:03:34,aquanet/hydraulic/flowrate,84.9,OK
2026-05-06 10:03:34,aquanet/alerts,ALERT TURBIDITY: 9.1 NTU exceeds 5.0 NTU - TREATMENT REQUIRED,ALERT
2026-05-06 10:03:44,aquanet/water/turbidity,15.6,ALERT - Turbidity 15.6 NTU exceeds 5.0
2026-05-06 10:03:44,aquanet/water/ecoli,1400.0,ALERT - E.coli 1400.0 CFU/100ml exceeds 540.0
2026-05-06 10:03:44,aquanet/water/ph,7.18,OK
2026-05-06 10:03:44,aquanet/water/nitrate,0.48,OK
2026-05-06 10:03:44,aquanet/hydraulic/pressure,4.66,OK
2026-05-06 10:03:44,aquanet/hydraulic/flowrate,94.6,OK
2026-05-06 10:03:44,aquanet/alerts,ALERT E.COLI: 1400.0 CFU/100ml exceeds NPS-FM limit of 540.0 - BACTERIAL CONTAMINATION DETECTED,ALERT
2026-05-06 10:03:44,aquanet/alerts,ALERT TURBIDITY: 15.6 NTU exceeds 5.0 NTU - TREATMENT REQUIRED,ALERT
2026-05-06 10:03:44,aquanet/alerts,ALERT PRESSURE HIGH: 4.66 bar exceeds 4.0 bar - PIPE BURST RISK,ALERT
2026-05-06 10:03:54,aquanet/water/turbidity,22.0,ALERT - Turbidity 22.0 NTU exceeds 5.0
2026-05-06 10:03:54,aquanet/water/ecoli,800.0,ALERT - E.coli 800.0 CFU/100ml exceeds 540.0
2026-05-06 10:03:54,aquanet/water/ph,7.25,OK
2026-05-06 10:03:54,aquanet/water/nitrate,0.4,OK
2026-05-06 10:03:54,aquanet/hydraulic/pressure,5.26,ALERT - Pressure 5.26 bar exceeds 5.0
2026-05-06 10:03:54,aquanet/hydraulic/flowrate,74.5,OK
2026-05-06 10:03:54,aquanet/alerts,ALERT E.COLI: 800.0 CFU/100ml exceeds NPS-FM limit of 540.0 - BACTERIAL CONTAMINATION DETECTED,ALERT
2026-05-06 10:03:54,aquanet/alerts,ALERT TURBIDITY: 22.0 NTU exceeds 5.0 NTU - TREATMENT REQUIRED,ALERT
2026-05-06 10:03:54,aquanet/alerts,ALERT PRESSURE HIGH: 5.26 bar exceeds 4.0 bar - PIPE BURST RISK,ALERT
2026-05-06 10:04:04,aquanet/water/turbidity,9.7,ALERT - Turbidity 9.7 NTU exceeds 5.0
2026-05-06 10:04:04,aquanet/water/ecoli,3600.0,ALERT - E.coli 3600.0 CFU/100ml exceeds 540.0
2026-05-06 10:04:04,aquanet/water/ph,7.59,OK
2026-05-06 10:04:04,aquanet/water/nitrate,0.36,OK
2026-05-06 10:04:04,aquanet/hydraulic/pressure,2.9,OK
2026-05-06 10:04:04,aquanet/hydraulic/flowrate,85.5,OK
2026-05-06 10:04:04,aquanet/alerts,ALERT E.COLI: 3600.0 CFU/100ml exceeds NPS-FM limit of 540.0 - BACTERIAL CONTAMINATION DETECTED,ALERT
2026-05-06 10:04:04,aquanet/alerts,ALERT TURBIDITY: 9.7 NTU exceeds 5.0 NTU - TREATMENT REQUIRED,ALERT
2026-05-06 10:04:14,aquanet/water/turbidity,8.0,ALERT - Turbidity 8.0 NTU exceeds 5.0
2026-05-06 10:04:14,aquanet/water/ecoli,2900.0,ALERT - E.coli 2900.0 CFU/100ml exceeds 540.0
2026-05-06 10:04:14,aquanet/water/ph,7.02,OK
2026-05-06 10:04:14,aquanet/water/nitrate,0.34,OK
2026-05-06 10:04:14,aquanet/hydraulic/pressure,5.0,OK
2026-05-06 10:04:14,aquanet/hydraulic/flowrate,71.8,OK
2026-05-06 10:04:14,aquanet/alerts,ALERT E.COLI: 2900.0 CFU/100ml exceeds NPS-FM limit of 540.0 - BACTERIAL CONTAMINATION DETECTED,ALERT
2026-05-06 10:04:14,aquanet/alerts,ALERT TURBIDITY: 8.0 NTU exceeds 5.0 NTU - TREATMENT REQUIRED,ALERT
2026-05-06 10:04:14,aquanet/alerts,ALERT PRESSURE HIGH: 5.0 bar exceeds 4.0 bar - PIPE BURST RISK,ALERT
2026-05-06 10:04:24,aquanet/water/turbidity,9.6,ALERT - Turbidity 9.6 NTU exceeds 5.0
2026-05-06 10:04:24,aquanet/water/ecoli,41000.0,ALERT - E.coli 41000.0 CFU/100ml exceeds 540.0
2026-05-06 10:04:24,aquanet/water/ph,7.18,OK
2026-05-06 10:04:24,aquanet/water/nitrate,0.3,OK
2026-05-06 10:04:24,aquanet/hydraulic/pressure,5.72,ALERT - Pressure 5.72 bar exceeds 5.0
2026-05-06 10:04:24,aquanet/hydraulic/flowrate,85.9,OK
2026-05-06 10:04:24,aquanet/alerts,ALERT E.COLI: 41000.0 CFU/100ml exceeds NPS-FM limit of 540.0 - BACTERIAL CONTAMINATION DETECTED,ALERT
2026-05-06 10:04:24,aquanet/alerts,ALERT TURBIDITY: 9.6 NTU exceeds 5.0 NTU - TREATMENT REQUIRED,ALERT
2026-05-06 10:04:24,aquanet/alerts,ALERT PRESSURE HIGH: 5.72 bar exceeds 4.0 bar - PIPE BURST RISK,ALERT
2026-05-06 10:04:34,aquanet/water/turbidity,11.3,ALERT - Turbidity 11.3 NTU exceeds 5.0
2026-05-06 10:04:34,aquanet/water/ecoli,2200.0,ALERT - E.coli 2200.0 CFU/100ml exceeds 540.0
2026-05-06 10:04:34,aquanet/water/ph,7.36,OK
2026-05-06 10:04:34,aquanet/water/nitrate,0.31,OK
2026-05-06 10:04:34,aquanet/hydraulic/pressure,5.11,ALERT - Pressure 5.11 bar exceeds 5.0
2026-05-06 10:04:34,aquanet/hydraulic/flowrate,70.3,OK
2026-05-06 10:04:34,aquanet/alerts,ALERT E.COLI: 2200.0 CFU/100ml exceeds NPS-FM limit of 540.0 - BACTERIAL CONTAMINATION DETECTED,ALERT
2026-05-06 10:04:34,aquanet/alerts,ALERT TURBIDITY: 11.3 NTU exceeds 5.0 NTU - TREATMENT REQUIRED,ALERT
2026-05-06 10:04:34,aquanet/alerts,ALERT PRESSURE HIGH: 5.11 bar exceeds 4.0 bar - PIPE BURST RISK,ALERT
2026-05-06 10:04:44,aquanet/water/turbidity,10.6,ALERT - Turbidity 10.6 NTU exceeds 5.0
2026-05-06 10:04:44,aquanet/water/ecoli,10.0,OK
2026-05-06 10:04:44,aquanet/water/ph,7.19,OK
2026-05-06 10:04:44,aquanet/water/nitrate,0.31,OK
2026-05-06 10:04:44,aquanet/hydraulic/pressure,5.84,ALERT - Pressure 5.84 bar exceeds 5.0
2026-05-06 10:04:44,aquanet/hydraulic/flowrate,80.0,OK
2026-05-06 10:04:44,aquanet/alerts,ALERT TURBIDITY: 10.6 NTU exceeds 5.0 NTU - TREATMENT REQUIRED,ALERT
2026-05-06 10:04:44,aquanet/alerts,ALERT PRESSURE HIGH: 5.84 bar exceeds 4.0 bar - PIPE BURST RISK,ALERT
2026-05-06 10:04:54,aquanet/water/turbidity,12.0,ALERT - Turbidity 12.0 NTU exceeds 5.0
2026-05-06 10:04:54,aquanet/water/ecoli,900.0,ALERT - E.coli 900.0 CFU/100ml exceeds 540.0
2026-05-06 10:04:54,aquanet/water/ph,7.04,OK
2026-05-06 10:04:54,aquanet/water/nitrate,0.24,OK
2026-05-06 10:04:54,aquanet/hydraulic/pressure,5.88,ALERT - Pressure 5.88 bar exceeds 5.0
2026-05-06 10:04:54,aquanet/hydraulic/flowrate,75.2,OK
2026-05-06 10:04:54,aquanet/alerts,ALERT E.COLI: 900.0 CFU/100ml exceeds NPS-FM limit of 540.0 - BACTERIAL CONTAMINATION DETECTED,ALERT
2026-05-06 10:04:54,aquanet/alerts,ALERT TURBIDITY: 12.0 NTU exceeds 5.0 NTU - TREATMENT REQUIRED,ALERT
2026-05-06 10:04:54,aquanet/alerts,ALERT PRESSURE HIGH: 5.88 bar exceeds 4.0 bar - PIPE BURST RISK,ALERT
2026-05-06 10:05:04,aquanet/water/turbidity,14.0,ALERT - Turbidity 14.0 NTU exceeds 5.0
2026-05-06 10:05:04,aquanet/water/ecoli,500.0,OK
2026-05-06 10:05:04,aquanet/water/ph,7.12,OK
2026-05-06 10:05:04,aquanet/water/nitrate,0.21,OK
2026-05-06 10:05:04,aquanet/hydraulic/pressure,4.68,OK
2026-05-06 10:05:04,aquanet/hydraulic/flowrate,98.3,OK
2026-05-06 10:05:04,aquanet/alerts,ALERT TURBIDITY: 14.0 NTU exceeds 5.0 NTU - TREATMENT REQUIRED,ALERT
2026-05-06 10:05:04,aquanet/alerts,ALERT PRESSURE HIGH: 4.68 bar exceeds 4.0 bar - PIPE BURST RISK,ALERT
2026-05-06 10:05:14,aquanet/water/turbidity,8.3,ALERT - Turbidity 8.3 NTU exceeds 5.0
2026-05-06 10:05:14,aquanet/water/ecoli,240.0,OK
2026-05-06 10:05:14,aquanet/water/ph,7.03,OK
2026-05-06 10:05:14,aquanet/water/nitrate,0.29,OK
2026-05-06 10:05:14,aquanet/hydraulic/pressure,3.1,OK
2026-05-06 10:05:14,aquanet/hydraulic/flowrate,83.5,OK
2026-05-06 10:05:14,aquanet/alerts,ALERT TURBIDITY: 8.3 NTU exceeds 5.0 NTU - TREATMENT REQUIRED,ALERT
2026-05-06 10:05:24,aquanet/water/turbidity,12.4,ALERT - Turbidity 12.4 NTU exceeds 5.0
2026-05-06 10:05:24,aquanet/water/ecoli,500.0,OK
2026-05-06 10:05:24,aquanet/water/ph,7.12,OK
2026-05-06 10:05:24,aquanet/water/nitrate,0.4,OK
2026-05-06 10:05:24,aquanet/hydraulic/pressure,5.31,ALERT - Pressure 5.31 bar exceeds 5.0
2026-05-06 10:05:24,aquanet/hydraulic/flowrate,87.4,OK
2026-05-06 10:05:24,aquanet/alerts,ALERT TURBIDITY: 12.4 NTU exceeds 5.0 NTU - TREATMENT REQUIRED,ALERT
2026-05-06 10:05:24,aquanet/alerts,ALERT PRESSURE HIGH: 5.31 bar exceeds 4.0 bar - PIPE BURST RISK,ALERT
2026-05-06 10:05:34,aquanet/water/turbidity,12.7,ALERT - Turbidity 12.7 NTU exceeds 5.0
2026-05-06 10:05:34,aquanet/water/ecoli,600.0,ALERT - E.coli 600.0 CFU/100ml exceeds 540.0
2026-05-06 10:05:35,aquanet/water/ph,6.96,OK
2026-05-06 10:05:35,aquanet/water/nitrate,0.38,OK
2026-05-06 10:05:35,aquanet/hydraulic/pressure,2.93,OK
2026-05-06 10:05:35,aquanet/hydraulic/flowrate,91.1,OK
2026-05-06 10:05:35,aquanet/alerts,ALERT E.COLI: 600.0 CFU/100ml exceeds NPS-FM limit of 540.0 - BACTERIAL CONTAMINATION DETECTED,ALERT
2026-05-06 10:05:35,aquanet/alerts,ALERT TURBIDITY: 12.7 NTU exceeds 5.0 NTU - TREATMENT REQUIRED,ALERT
2026-05-06 10:05:45,aquanet/water/turbidity,17.7,ALERT - Turbidity 17.7 NTU exceeds 5.0
2026-05-06 10:05:45,aquanet/water/ecoli,1900.0,ALERT - E.coli 1900.0 CFU/100ml exceeds 540.0
2026-05-06 10:05:45,aquanet/water/ph,7.03,OK
2026-05-06 10:05:45,aquanet/water/nitrate,0.137,OK
2026-05-06 10:05:45,aquanet/hydraulic/pressure,5.58,ALERT - Pressure 5.58 bar exceeds 5.0
2026-05-06 10:05:45,aquanet/hydraulic/flowrate,73.2,OK
2026-05-06 10:05:45,aquanet/alerts,ALERT E.COLI: 1900.0 CFU/100ml exceeds NPS-FM limit of 540.0 - BACTERIAL CONTAMINATION DETECTED,ALERT
2026-05-06 10:05:45,aquanet/alerts,ALERT TURBIDITY: 17.7 NTU exceeds 5.0 NTU - TREATMENT REQUIRED,ALERT
2026-05-06 10:05:45,aquanet/alerts,ALERT PRESSURE HIGH: 5.58 bar exceeds 4.0 bar - PIPE BURST RISK,ALERT
2026-05-06 10:05:55,aquanet/water/turbidity,9.7,ALERT - Turbidity 9.7 NTU exceeds 5.0
2026-05-06 10:05:55,aquanet/water/ecoli,400.0,OK
2026-05-06 10:05:55,aquanet/water/ph,6.91,OK
2026-05-06 10:05:55,aquanet/water/nitrate,0.4,OK
2026-05-06 10:05:55,aquanet/hydraulic/pressure,3.37,OK
2026-05-06 10:05:55,aquanet/hydraulic/flowrate,89.4,OK
2026-05-06 10:05:55,aquanet/alerts,ALERT TURBIDITY: 9.7 NTU exceeds 5.0 NTU - TREATMENT REQUIRED,ALERT
2026-05-06 10:06:05,aquanet/water/turbidity,31.0,ALERT - Turbidity 31.0 NTU exceeds 5.0
2026-05-06 10:06:05,aquanet/water/ecoli,5000.0,ALERT - E.coli 5000.0 CFU/100ml exceeds 540.0
2026-05-06 10:06:05,aquanet/water/ph,6.61,OK
2026-05-06 10:06:05,aquanet/water/nitrate,0.51,OK
2026-05-06 10:06:05,aquanet/hydraulic/pressure,5.02,ALERT - Pressure 5.02 bar exceeds 5.0
2026-05-06 10:06:05,aquanet/hydraulic/flowrate,91.1,OK
2026-05-06 10:06:05,aquanet/alerts,ALERT E.COLI: 5000.0 CFU/100ml exceeds NPS-FM limit of 540.0 - BACTERIAL CONTAMINATION DETECTED,ALERT
2026-05-06 10:06:05,aquanet/alerts,ALERT TURBIDITY: 31.0 NTU exceeds 5.0 NTU - TREATMENT REQUIRED,ALERT
2026-05-06 10:06:05,aquanet/alerts,ALERT PRESSURE HIGH: 5.02 bar exceeds 4.0 bar - PIPE BURST RISK,ALERT
2026-05-06 10:06:15,aquanet/water/turbidity,11.3,ALERT - Turbidity 11.3 NTU exceeds 5.0
2026-05-06 10:06:15,aquanet/water/ecoli,2300.0,ALERT - E.coli 2300.0 CFU/100ml exceeds 540.0
2026-05-06 10:06:15,aquanet/water/ph,6.89,OK
2026-05-06 10:06:15,aquanet/water/nitrate,0.47,OK
2026-05-06 10:06:15,aquanet/hydraulic/pressure,2.82,OK
2026-05-06 10:06:15,aquanet/hydraulic/flowrate,91.0,OK
2026-05-06 10:06:15,aquanet/alerts,ALERT E.COLI: 2300.0 CFU/100ml exceeds NPS-FM limit of 540.0 - BACTERIAL CONTAMINATION DETECTED,ALERT
2026-05-06 10:06:15,aquanet/alerts,ALERT TURBIDITY: 11.3 NTU exceeds 5.0 NTU - TREATMENT REQUIRED,ALERT
2026-05-06 10:06:25,aquanet/water/turbidity,5.3,ALERT - Turbidity 5.3 NTU exceeds 5.0
2026-05-06 10:06:25,aquanet/water/ecoli,2900.0,ALERT - E.coli 2900.0 CFU/100ml exceeds 540.0
2026-05-06 10:06:25,aquanet/water/ph,7.31,OK
2026-05-06 10:06:25,aquanet/water/nitrate,0.35,OK
2026-05-06 10:06:25,aquanet/hydraulic/pressure,4.77,OK
2026-05-06 10:06:25,aquanet/hydraulic/flowrate,78.7,OK
2026-05-06 10:06:25,aquanet/alerts,ALERT E.COLI: 2900.0 CFU/100ml exceeds NPS-FM limit of 540.0 - BACTERIAL CONTAMINATION DETECTED,ALERT
2026-05-06 10:06:25,aquanet/alerts,ALERT TURBIDITY: 5.3 NTU exceeds 5.0 NTU - TREATMENT REQUIRED,ALERT
2026-05-06 10:06:25,aquanet/alerts,ALERT PRESSURE HIGH: 4.77 bar exceeds 4.0 bar - PIPE BURST RISK,ALERT
2026-05-06 10:06:35,aquanet/water/turbidity,7.5,ALERT - Turbidity 7.5 NTU exceeds 5.0
2026-05-06 10:06:35,aquanet/water/ecoli,1500.0,ALERT - E.coli 1500.0 CFU/100ml exceeds 540.0
2026-05-06 10:06:35,aquanet/water/ph,6.97,OK
2026-05-06 10:06:35,aquanet/water/nitrate,0.39,OK
2026-05-06 10:06:35,aquanet/hydraulic/pressure,3.43,OK
2026-05-06 10:06:35,aquanet/hydraulic/flowrate,92.1,OK
2026-05-06 10:06:35,aquanet/alerts,ALERT E.COLI: 1500.0 CFU/100ml exceeds NPS-FM limit of 540.0 - BACTERIAL CONTAMINATION DETECTED,ALERT
2026-05-06 10:06:35,aquanet/alerts,ALERT TURBIDITY: 7.5 NTU exceeds 5.0 NTU - TREATMENT REQUIRED,ALERT
2026-05-06 10:06:45,aquanet/water/turbidity,14.0,ALERT - Turbidity 14.0 NTU exceeds 5.0
2026-05-06 10:06:45,aquanet/water/ecoli,2200.0,ALERT - E.coli 2200.0 CFU/100ml exceeds 540.0
2026-05-06 10:06:45,aquanet/water/ph,6.85,OK
2026-05-06 10:06:45,aquanet/water/nitrate,0.34,OK
2026-05-06 10:06:45,aquanet/hydraulic/pressure,4.92,OK
2026-05-06 10:06:45,aquanet/hydraulic/flowrate,83.9,OK
2026-05-06 10:06:45,aquanet/alerts,ALERT E.COLI: 2200.0 CFU/100ml exceeds NPS-FM limit of 540.0 - BACTERIAL CONTAMINATION DETECTED,ALERT
2026-05-06 10:06:45,aquanet/alerts,ALERT TURBIDITY: 14.0 NTU exceeds 5.0 NTU - TREATMENT REQUIRED,ALERT
2026-05-06 10:06:45,aquanet/alerts,ALERT PRESSURE HIGH: 4.92 bar exceeds 4.0 bar - PIPE BURST RISK,ALERT
2026-05-06 10:06:55,aquanet/water/turbidity,13.2,ALERT - Turbidity 13.2 NTU exceeds 5.0
2026-05-06 10:06:55,aquanet/water/ecoli,1000.0,ALERT - E.coli 1000.0 CFU/100ml exceeds 540.0
2026-05-06 10:06:55,aquanet/water/ph,7.17,OK
2026-05-06 10:06:55,aquanet/water/nitrate,0.37,OK
2026-05-06 10:06:55,aquanet/hydraulic/pressure,5.01,ALERT - Pressure 5.01 bar exceeds 5.0
2026-05-06 10:06:55,aquanet/hydraulic/flowrate,83.4,OK
2026-05-06 10:06:55,aquanet/alerts,ALERT E.COLI: 1000.0 CFU/100ml exceeds NPS-FM limit of 540.0 - BACTERIAL CONTAMINATION DETECTED,ALERT
2026-05-06 10:06:55,aquanet/alerts,ALERT TURBIDITY: 13.2 NTU exceeds 5.0 NTU - TREATMENT REQUIRED,ALERT
2026-05-06 10:06:55,aquanet/alerts,ALERT PRESSURE HIGH: 5.01 bar exceeds 4.0 bar - PIPE BURST RISK,ALERT
2026-05-06 10:07:05,aquanet/water/turbidity,7.6,ALERT - Turbidity 7.6 NTU exceeds 5.0
2026-05-06 10:07:05,aquanet/water/ecoli,5000.0,ALERT - E.coli 5000.0 CFU/100ml exceeds 540.0
2026-05-06 10:07:05,aquanet/water/ph,7.18,OK
2026-05-06 10:07:05,aquanet/water/nitrate,0.5,OK
2026-05-06 10:07:05,aquanet/hydraulic/pressure,5.26,ALERT - Pressure 5.26 bar exceeds 5.0
2026-05-06 10:07:05,aquanet/hydraulic/flowrate,95.4,OK
2026-05-06 10:07:05,aquanet/alerts,ALERT E.COLI: 5000.0 CFU/100ml exceeds NPS-FM limit of 540.0 - BACTERIAL CONTAMINATION DETECTED,ALERT
2026-05-06 10:07:05,aquanet/alerts,ALERT TURBIDITY: 7.6 NTU exceeds 5.0 NTU - TREATMENT REQUIRED,ALERT
2026-05-06 10:07:05,aquanet/alerts,ALERT PRESSURE HIGH: 5.26 bar exceeds 4.0 bar - PIPE BURST RISK,ALERT
2026-05-06 10:07:15,aquanet/water/turbidity,10.0,ALERT - Turbidity 10.0 NTU exceeds 5.0
2026-05-06 10:07:15,aquanet/water/ecoli,13000.0,ALERT - E.coli 13000.0 CFU/100ml exceeds 540.0
2026-05-06 10:07:15,aquanet/water/ph,7.13,OK
2026-05-06 10:07:15,aquanet/water/nitrate,0.57,OK
2026-05-06 10:07:15,aquanet/hydraulic/pressure,5.64,ALERT - Pressure 5.64 bar exceeds 5.0
2026-05-06 10:07:15,aquanet/hydraulic/flowrate,88.4,OK
2026-05-06 10:07:15,aquanet/alerts,ALERT E.COLI: 13000.0 CFU/100ml exceeds NPS-FM limit of 540.0 - BACTERIAL CONTAMINATION DETECTED,ALERT
2026-05-06 10:07:15,aquanet/alerts,ALERT TURBIDITY: 10.0 NTU exceeds 5.0 NTU - TREATMENT REQUIRED,ALERT
2026-05-06 10:07:15,aquanet/alerts,ALERT PRESSURE HIGH: 5.64 bar exceeds 4.0 bar - PIPE BURST RISK,ALERT
2026-05-06 10:07:25,aquanet/water/turbidity,10.8,ALERT - Turbidity 10.8 NTU exceeds 5.0
2026-05-06 10:07:25,aquanet/water/ecoli,300.0,OK
2026-05-06 10:07:25,aquanet/water/ph,7.05,OK
2026-05-06 10:07:25,aquanet/water/nitrate,0.41,OK
2026-05-06 10:07:25,aquanet/hydraulic/pressure,5.21,ALERT - Pressure 5.21 bar exceeds 5.0
2026-05-06 10:07:25,aquanet/hydraulic/flowrate,91.5,OK
2026-05-06 10:07:25,aquanet/alerts,ALERT TURBIDITY: 10.8 NTU exceeds 5.0 NTU - TREATMENT REQUIRED,ALERT
2026-05-06 10:07:25,aquanet/alerts,ALERT PRESSURE HIGH: 5.21 bar exceeds 4.0 bar - PIPE BURST RISK,ALERT
2026-05-06 10:07:35,aquanet/water/turbidity,7.8,ALERT - Turbidity 7.8 NTU exceeds 5.0
2026-05-06 10:07:35,aquanet/water/ecoli,700.0,ALERT - E.coli 700.0 CFU/100ml exceeds 540.0
2026-05-06 10:07:35,aquanet/water/ph,7.1,OK
2026-05-06 10:07:35,aquanet/water/nitrate,0.35,OK
2026-05-06 10:07:35,aquanet/hydraulic/pressure,3.06,OK
2026-05-06 10:07:35,aquanet/hydraulic/flowrate,92.0,OK
2026-05-06 10:07:35,aquanet/alerts,ALERT E.COLI: 700.0 CFU/100ml exceeds NPS-FM limit of 540.0 - BACTERIAL CONTAMINATION DETECTED,ALERT
2026-05-06 10:07:35,aquanet/alerts,ALERT TURBIDITY: 7.8 NTU exceeds 5.0 NTU - TREATMENT REQUIRED,ALERT
2026-05-06 10:07:45,aquanet/water/turbidity,10.3,ALERT - Turbidity 10.3 NTU exceeds 5.0
2026-05-06 10:07:45,aquanet/water/ecoli,1600.0,ALERT - E.coli 1600.0 CFU/100ml exceeds 540.0
2026-05-06 10:07:45,aquanet/water/ph,6.96,OK
2026-05-06 10:07:45,aquanet/water/nitrate,0.44,OK
2026-05-06 10:07:45,aquanet/hydraulic/pressure,5.39,ALERT - Pressure 5.39 bar exceeds 5.0
2026-05-06 10:07:45,aquanet/hydraulic/flowrate,96.4,OK
2026-05-06 10:07:45,aquanet/alerts,ALERT E.COLI: 1600.0 CFU/100ml exceeds NPS-FM limit of 540.0 - BACTERIAL CONTAMINATION DETECTED,ALERT
2026-05-06 10:07:45,aquanet/alerts,ALERT TURBIDITY: 10.3 NTU exceeds 5.0 NTU - TREATMENT REQUIRED,ALERT
2026-05-06 10:07:45,aquanet/alerts,ALERT PRESSURE HIGH: 5.39 bar exceeds 4.0 bar - PIPE BURST RISK,ALERT
2026-05-06 10:07:55,aquanet/water/turbidity,11.6,ALERT - Turbidity 11.6 NTU exceeds 5.0
2026-05-06 10:07:55,aquanet/water/ecoli,400.0,OK
2026-05-06 10:07:55,aquanet/water/ph,7.01,OK
2026-05-06 10:07:55,aquanet/water/nitrate,0.41,OK
2026-05-06 10:07:55,aquanet/hydraulic/pressure,5.96,ALERT - Pressure 5.96 bar exceeds 5.0
2026-05-06 10:07:55,aquanet/hydraulic/flowrate,83.9,OK
2026-05-06 10:07:55,aquanet/alerts,ALERT TURBIDITY: 11.6 NTU exceeds 5.0 NTU - TREATMENT REQUIRED,ALERT
2026-05-06 10:07:55,aquanet/alerts,ALERT PRESSURE HIGH: 5.96 bar exceeds 4.0 bar - PIPE BURST RISK,ALERT
2026-05-06 10:08:05,aquanet/water/turbidity,12.3,ALERT - Turbidity 12.3 NTU exceeds 5.0
2026-05-06 10:08:05,aquanet/water/ecoli,13000.0,ALERT - E.coli 13000.0 CFU/100ml exceeds 540.0
2026-05-06 10:08:05,aquanet/water/ph,7.17,OK
2026-05-06 10:08:05,aquanet/water/nitrate,0.33,OK
2026-05-06 10:08:05,aquanet/hydraulic/pressure,5.32,ALERT - Pressure 5.32 bar exceeds 5.0
2026-05-06 10:08:05,aquanet/hydraulic/flowrate,95.1,OK
2026-05-06 10:08:05,aquanet/alerts,ALERT E.COLI: 13000.0 CFU/100ml exceeds NPS-FM limit of 540.0 - BACTERIAL CONTAMINATION DETECTED,ALERT
2026-05-06 10:08:05,aquanet/alerts,ALERT TURBIDITY: 12.3 NTU exceeds 5.0 NTU - TREATMENT REQUIRED,ALERT
2026-05-06 10:08:05,aquanet/alerts,ALERT PRESSURE HIGH: 5.32 bar exceeds 4.0 bar - PIPE BURST RISK,ALERT
2026-05-06 10:08:15,aquanet/water/turbidity,9.5,ALERT - Turbidity 9.5 NTU exceeds 5.0
2026-05-06 10:08:15,aquanet/water/ecoli,2000.0,ALERT - E.coli 2000.0 CFU/100ml exceeds 540.0
2026-05-06 10:08:15,aquanet/water/ph,7.05,OK
2026-05-06 10:08:15,aquanet/water/nitrate,0.38,OK
2026-05-06 10:08:15,aquanet/hydraulic/pressure,5.17,ALERT - Pressure 5.17 bar exceeds 5.0
2026-05-06 10:08:15,aquanet/hydraulic/flowrate,88.2,OK
2026-05-06 10:08:15,aquanet/alerts,ALERT E.COLI: 2000.0 CFU/100ml exceeds NPS-FM limit of 540.0 - BACTERIAL CONTAMINATION DETECTED,ALERT
2026-05-06 10:08:15,aquanet/alerts,ALERT TURBIDITY: 9.5 NTU exceeds 5.0 NTU - TREATMENT REQUIRED,ALERT
2026-05-06 10:08:15,aquanet/alerts,ALERT PRESSURE HIGH: 5.17 bar exceeds 4.0 bar - PIPE BURST RISK,ALERT
2026-05-06 10:08:25,aquanet/water/turbidity,15.5,ALERT - Turbidity 15.5 NTU exceeds 5.0
2026-05-06 10:08:25,aquanet/water/ecoli,1500.0,ALERT - E.coli 1500.0 CFU/100ml exceeds 540.0
2026-05-06 10:08:25,aquanet/water/ph,7.11,OK
2026-05-06 10:08:25,aquanet/water/nitrate,0.33,OK
2026-05-06 10:08:25,aquanet/hydraulic/pressure,3.37,OK
2026-05-06 10:08:25,aquanet/hydraulic/flowrate,98.1,OK
2026-05-06 10:08:25,aquanet/alerts,ALERT E.COLI: 1500.0 CFU/100ml exceeds NPS-FM limit of 540.0 - BACTERIAL CONTAMINATION DETECTED,ALERT
2026-05-06 10:08:25,aquanet/alerts,ALERT TURBIDITY: 15.5 NTU exceeds 5.0 NTU - TREATMENT REQUIRED,ALERT
2026-05-06 10:08:35,aquanet/water/turbidity,12.1,ALERT - Turbidity 12.1 NTU exceeds 5.0
2026-05-06 10:08:35,aquanet/water/ecoli,1900.0,ALERT - E.coli 1900.0 CFU/100ml exceeds 540.0
2026-05-06 10:08:35,aquanet/water/ph,7.3,OK
2026-05-06 10:08:35,aquanet/water/nitrate,0.28,OK
2026-05-06 10:08:35,aquanet/hydraulic/pressure,5.08,ALERT - Pressure 5.08 bar exceeds 5.0
2026-05-06 10:08:35,aquanet/hydraulic/flowrate,80.9,OK
2026-05-06 10:08:35,aquanet/alerts,ALERT E.COLI: 1900.0 CFU/100ml exceeds NPS-FM limit of 540.0 - BACTERIAL CONTAMINATION DETECTED,ALERT
2026-05-06 10:08:35,aquanet/alerts,ALERT TURBIDITY: 12.1 NTU exceeds 5.0 NTU - TREATMENT REQUIRED,ALERT
2026-05-06 10:08:35,aquanet/alerts,ALERT PRESSURE HIGH: 5.08 bar exceeds 4.0 bar - PIPE BURST RISK,ALERT
2026-05-06 10:08:45,aquanet/water/turbidity,13.8,ALERT - Turbidity 13.8 NTU exceeds 5.0
2026-05-06 10:08:45,aquanet/water/ecoli,1100.0,ALERT - E.coli 1100.0 CFU/100ml exceeds 540.0
2026-05-06 10:08:45,aquanet/water/ph,7.13,OK
2026-05-06 10:08:45,aquanet/water/nitrate,0.33,OK
2026-05-06 10:08:45,aquanet/hydraulic/pressure,5.01,ALERT - Pressure 5.01 bar exceeds 5.0
2026-05-06 10:08:45,aquanet/hydraulic/flowrate,75.8,OK
2026-05-06 10:08:45,aquanet/alerts,ALERT E.COLI: 1100.0 CFU/100ml exceeds NPS-FM limit of 540.0 - BACTERIAL CONTAMINATION DETECTED,ALERT
2026-05-06 10:08:45,aquanet/alerts,ALERT TURBIDITY: 13.8 NTU exceeds 5.0 NTU - TREATMENT REQUIRED,ALERT
2026-05-06 10:08:45,aquanet/alerts,ALERT PRESSURE HIGH: 5.01 bar exceeds 4.0 bar - PIPE BURST RISK,ALERT
2026-05-06 10:08:55,aquanet/water/turbidity,14.2,ALERT - Turbidity 14.2 NTU exceeds 5.0
2026-05-06 10:08:55,aquanet/water/ecoli,1800.0,ALERT - E.coli 1800.0 CFU/100ml exceeds 540.0
2026-05-06 10:08:55,aquanet/water/ph,7.13,OK
2026-05-06 10:08:55,aquanet/water/nitrate,0.27,OK
2026-05-06 10:08:55,aquanet/hydraulic/pressure,5.25,ALERT - Pressure 5.25 bar exceeds 5.0
2026-05-06 10:08:55,aquanet/hydraulic/flowrate,95.7,OK
2026-05-06 10:08:55,aquanet/alerts,ALERT E.COLI: 1800.0 CFU/100ml exceeds NPS-FM limit of 540.0 - BACTERIAL CONTAMINATION DETECTED,ALERT
2026-05-06 10:08:55,aquanet/alerts,ALERT TURBIDITY: 14.2 NTU exceeds 5.0 NTU - TREATMENT REQUIRED,ALERT
2026-05-06 10:08:55,aquanet/alerts,ALERT PRESSURE HIGH: 5.25 bar exceeds 4.0 bar - PIPE BURST RISK,ALERT
2026-05-06 10:09:05,aquanet/water/turbidity,6.8,ALERT - Turbidity 6.8 NTU exceeds 5.0
2026-05-06 10:09:05,aquanet/water/ecoli,1600.0,ALERT - E.coli 1600.0 CFU/100ml exceeds 540.0
2026-05-06 10:09:05,aquanet/water/ph,6.97,OK
2026-05-06 10:09:05,aquanet/water/nitrate,0.3,OK
2026-05-06 10:09:05,aquanet/hydraulic/pressure,5.7,ALERT - Pressure 5.7 bar exceeds 5.0
2026-05-06 10:09:05,aquanet/hydraulic/flowrate,83.7,OK
2026-05-06 10:09:05,aquanet/alerts,ALERT E.COLI: 1600.0 CFU/100ml exceeds NPS-FM limit of 540.0 - BACTERIAL CONTAMINATION DETECTED,ALERT
2026-05-06 10:09:05,aquanet/alerts,ALERT TURBIDITY: 6.8 NTU exceeds 5.0 NTU - TREATMENT REQUIRED,ALERT
2026-05-06 10:09:05,aquanet/alerts,ALERT PRESSURE HIGH: 5.7 bar exceeds 4.0 bar - PIPE BURST RISK,ALERT
2026-05-06 10:09:15,aquanet/water/turbidity,6.5,ALERT - Turbidity 6.5 NTU exceeds 5.0
2026-05-06 10:09:15,aquanet/water/ecoli,4500.0,ALERT - E.coli 4500.0 CFU/100ml exceeds 540.0
2026-05-06 10:09:15,aquanet/water/ph,7.08,OK
2026-05-06 10:09:15,aquanet/water/nitrate,0.4,OK
2026-05-06 10:09:15,aquanet/hydraulic/pressure,5.82,ALERT - Pressure 5.82 bar exceeds 5.0
2026-05-06 10:09:15,aquanet/hydraulic/flowrate,94.0,OK
2026-05-06 10:09:15,aquanet/alerts,ALERT E.COLI: 4500.0 CFU/100ml exceeds NPS-FM limit of 540.0 - BACTERIAL CONTAMINATION DETECTED,ALERT
2026-05-06 10:09:15,aquanet/alerts,ALERT TURBIDITY: 6.5 NTU exceeds 5.0 NTU - TREATMENT REQUIRED,ALERT
2026-05-06 10:09:15,aquanet/alerts,ALERT PRESSURE HIGH: 5.82 bar exceeds 4.0 bar - PIPE BURST RISK,ALERT
2026-05-06 10:09:25,aquanet/water/turbidity,7.5,ALERT - Turbidity 7.5 NTU exceeds 5.0
2026-05-06 10:09:25,aquanet/water/ecoli,12000.0,ALERT - E.coli 12000.0 CFU/100ml exceeds 540.0
2026-05-06 10:09:25,aquanet/water/ph,6.92,OK
2026-05-06 10:09:25,aquanet/water/nitrate,0.34,OK
2026-05-06 10:09:25,aquanet/hydraulic/pressure,2.91,OK
2026-05-06 10:09:25,aquanet/hydraulic/flowrate,91.4,OK
2026-05-06 10:09:25,aquanet/alerts,ALERT E.COLI: 12000.0 CFU/100ml exceeds NPS-FM limit of 540.0 - BACTERIAL CONTAMINATION DETECTED,ALERT
2026-05-06 10:09:25,aquanet/alerts,ALERT TURBIDITY: 7.5 NTU exceeds 5.0 NTU - TREATMENT REQUIRED,ALERT
2026-05-06 10:09:35,aquanet/water/turbidity,6.7,ALERT - Turbidity 6.7 NTU exceeds 5.0
2026-05-06 10:09:35,aquanet/water/ecoli,3500.0,ALERT - E.coli 3500.0 CFU/100ml exceeds 540.0
2026-05-06 10:09:35,aquanet/water/ph,6.93,OK
2026-05-06 10:09:35,aquanet/water/nitrate,0.45,OK
2026-05-06 10:09:35,aquanet/hydraulic/pressure,4.99,OK
2026-05-06 10:09:35,aquanet/hydraulic/flowrate,95.6,OK
2026-05-06 10:09:35,aquanet/alerts,ALERT E.COLI: 3500.0 CFU/100ml exceeds NPS-FM limit of 540.0 - BACTERIAL CONTAMINATION DETECTED,ALERT
2026-05-06 10:09:35,aquanet/alerts,ALERT TURBIDITY: 6.7 NTU exceeds 5.0 NTU - TREATMENT REQUIRED,ALERT
2026-05-06 10:09:35,aquanet/alerts,ALERT PRESSURE HIGH: 4.99 bar exceeds 4.0 bar - PIPE BURST RISK,ALERT
2026-05-06 10:09:45,aquanet/water/turbidity,20.0,ALERT - Turbidity 20.0 NTU exceeds 5.0
2026-05-06 10:09:45,aquanet/water/ecoli,3400.0,ALERT - E.coli 3400.0 CFU/100ml exceeds 540.0
2026-05-06 10:09:45,aquanet/water/ph,6.87,OK
2026-05-06 10:09:45,aquanet/water/nitrate,0.43,OK
2026-05-06 10:09:45,aquanet/hydraulic/pressure,3.22,OK
2026-05-06 10:09:45,aquanet/hydraulic/flowrate,89.1,OK
2026-05-06 10:09:45,aquanet/alerts,ALERT E.COLI: 3400.0 CFU/100ml exceeds NPS-FM limit of 540.0 - BACTERIAL CONTAMINATION DETECTED,ALERT
2026-05-06 10:09:45,aquanet/alerts,ALERT TURBIDITY: 20.0 NTU exceeds 5.0 NTU - TREATMENT REQUIRED,ALERT
2026-05-06 10:09:55,aquanet/water/turbidity,17.4,ALERT - Turbidity 17.4 NTU exceeds 5.0
2026-05-06 10:09:55,aquanet/water/ecoli,2300.0,ALERT - E.coli 2300.0 CFU/100ml exceeds 540.0
2026-05-06 10:09:55,aquanet/water/ph,6.9,OK
2026-05-06 10:09:55,aquanet/water/nitrate,0.54,OK
2026-05-06 10:09:55,aquanet/hydraulic/pressure,5.6,ALERT - Pressure 5.6 bar exceeds 5.0
2026-05-06 10:09:55,aquanet/hydraulic/flowrate,93.6,OK
2026-05-06 10:09:55,aquanet/alerts,ALERT E.COLI: 2300.0 CFU/100ml exceeds NPS-FM limit of 540.0 - BACTERIAL CONTAMINATION DETECTED,ALERT
2026-05-06 10:09:55,aquanet/alerts,ALERT TURBIDITY: 17.4 NTU exceeds 5.0 NTU - TREATMENT REQUIRED,ALERT
2026-05-06 10:09:55,aquanet/alerts,ALERT PRESSURE HIGH: 5.6 bar exceeds 4.0 bar - PIPE BURST RISK,ALERT
2026-05-06 10:10:05,aquanet/water/turbidity,15.0,ALERT - Turbidity 15.0 NTU exceeds 5.0
2026-05-06 10:10:05,aquanet/water/ecoli,1800.0,ALERT - E.coli 1800.0 CFU/100ml exceeds 540.0
2026-05-06 10:10:05,aquanet/water/ph,7.29,OK
2026-05-06 10:10:05,aquanet/water/nitrate,0.42,OK
2026-05-06 10:10:05,aquanet/hydraulic/pressure,4.97,OK
2026-05-06 10:10:05,aquanet/hydraulic/flowrate,70.9,OK
2026-05-06 10:10:05,aquanet/alerts,ALERT E.COLI: 1800.0 CFU/100ml exceeds NPS-FM limit of 540.0 - BACTERIAL CONTAMINATION DETECTED,ALERT
2026-05-06 10:10:05,aquanet/alerts,ALERT TURBIDITY: 15.0 NTU exceeds 5.0 NTU - TREATMENT REQUIRED,ALERT
2026-05-06 10:10:05,aquanet/alerts,ALERT PRESSURE HIGH: 4.97 bar exceeds 4.0 bar - PIPE BURST RISK,ALERT
2026-05-06 10:10:15,aquanet/water/turbidity,12.8,ALERT - Turbidity 12.8 NTU exceeds 5.0
2026-05-06 10:10:15,aquanet/water/ecoli,1300.0,ALERT - E.coli 1300.0 CFU/100ml exceeds 540.0
2026-05-06 10:10:15,aquanet/water/ph,7.04,OK
2026-05-06 10:10:15,aquanet/water/nitrate,0.33,OK
2026-05-06 10:10:15,aquanet/hydraulic/pressure,5.0,OK
2026-05-06 10:10:15,aquanet/hydraulic/flowrate,92.9,OK
2026-05-06 10:10:15,aquanet/alerts,ALERT E.COLI: 1300.0 CFU/100ml exceeds NPS-FM limit of 540.0 - BACTERIAL CONTAMINATION DETECTED,ALERT
2026-05-06 10:10:15,aquanet/alerts,ALERT TURBIDITY: 12.8 NTU exceeds 5.0 NTU - TREATMENT REQUIRED,ALERT
2026-05-06 10:10:15,aquanet/alerts,ALERT PRESSURE HIGH: 5.0 bar exceeds 4.0 bar - PIPE BURST RISK,ALERT
2026-05-06 10:10:25,aquanet/water/turbidity,8.2,ALERT - Turbidity 8.2 NTU exceeds 5.0
2026-05-06 10:10:25,aquanet/water/ecoli,3500.0,ALERT - E.coli 3500.0 CFU/100ml exceeds 540.0
2026-05-06 10:10:25,aquanet/water/ph,6.84,OK
2026-05-06 10:10:25,aquanet/water/nitrate,0.3,OK
2026-05-06 10:10:25,aquanet/hydraulic/pressure,5.17,ALERT - Pressure 5.17 bar exceeds 5.0
2026-05-06 10:10:25,aquanet/hydraulic/flowrate,99.9,OK
2026-05-06 10:10:25,aquanet/alerts,ALERT E.COLI: 3500.0 CFU/100ml exceeds NPS-FM limit of 540.0 - BACTERIAL CONTAMINATION DETECTED,ALERT
2026-05-06 10:10:25,aquanet/alerts,ALERT TURBIDITY: 8.2 NTU exceeds 5.0 NTU - TREATMENT REQUIRED,ALERT
2026-05-06 10:10:25,aquanet/alerts,ALERT PRESSURE HIGH: 5.17 bar exceeds 4.0 bar - PIPE BURST RISK,ALERT
2026-05-06 10:10:35,aquanet/water/turbidity,11.1,ALERT - Turbidity 11.1 NTU exceeds 5.0
2026-05-06 10:10:35,aquanet/water/ecoli,1800.0,ALERT - E.coli 1800.0 CFU/100ml exceeds 540.0
2026-05-06 10:10:35,aquanet/water/ph,7.09,OK
2026-05-06 10:10:35,aquanet/water/nitrate,0.26,OK
2026-05-06 10:10:35,aquanet/hydraulic/pressure,2.93,OK
2026-05-06 10:10:35,aquanet/hydraulic/flowrate,81.7,OK
2026-05-06 10:10:35,aquanet/alerts,ALERT E.COLI: 1800.0 CFU/100ml exceeds NPS-FM limit of 540.0 - BACTERIAL CONTAMINATION DETECTED,ALERT
2026-05-06 10:10:35,aquanet/alerts,ALERT TURBIDITY: 11.1 NTU exceeds 5.0 NTU - TREATMENT REQUIRED,ALERT
2026-05-06 10:10:45,aquanet/water/turbidity,9.9,ALERT - Turbidity 9.9 NTU exceeds 5.0
2026-05-06 10:10:45,aquanet/water/ecoli,500.0,OK
2026-05-06 10:10:45,aquanet/water/ph,7.06,OK
2026-05-06 10:10:45,aquanet/water/nitrate,0.31,OK
2026-05-06 10:10:45,aquanet/hydraulic/pressure,5.03,ALERT - Pressure 5.03 bar exceeds 5.0
2026-05-06 10:10:45,aquanet/hydraulic/flowrate,98.4,OK
2026-05-06 10:10:45,aquanet/alerts,ALERT TURBIDITY: 9.9 NTU exceeds 5.0 NTU - TREATMENT REQUIRED,ALERT
2026-05-06 10:10:45,aquanet/alerts,ALERT PRESSURE HIGH: 5.03 bar exceeds 4.0 bar - PIPE BURST RISK,ALERT
2026-05-06 10:10:55,aquanet/water/turbidity,7.6,ALERT - Turbidity 7.6 NTU exceeds 5.0
2026-05-06 10:10:55,aquanet/water/ecoli,2000.0,ALERT - E.coli 2000.0 CFU/100ml exceeds 540.0
2026-05-06 10:10:55,aquanet/water/ph,7.0,OK
2026-05-06 10:10:55,aquanet/water/nitrate,0.118,OK
2026-05-06 10:10:55,aquanet/hydraulic/pressure,2.85,OK
2026-05-06 10:10:55,aquanet/hydraulic/flowrate,76.1,OK
2026-05-06 10:10:55,aquanet/alerts,ALERT E.COLI: 2000.0 CFU/100ml exceeds NPS-FM limit of 540.0 - BACTERIAL CONTAMINATION DETECTED,ALERT
2026-05-06 10:10:55,aquanet/alerts,ALERT TURBIDITY: 7.6 NTU exceeds 5.0 NTU - TREATMENT REQUIRED,ALERT
2026-05-06 10:11:05,aquanet/water/turbidity,7.1,ALERT - Turbidity 7.1 NTU exceeds 5.0
2026-05-06 10:11:05,aquanet/water/ecoli,3100.0,ALERT - E.coli 3100.0 CFU/100ml exceeds 540.0
2026-05-06 10:11:05,aquanet/water/ph,7.03,OK
2026-05-06 10:11:05,aquanet/water/nitrate,0.137,OK
2026-05-06 10:11:05,aquanet/hydraulic/pressure,4.48,OK
2026-05-06 10:11:05,aquanet/hydraulic/flowrate,82.4,OK
2026-05-06 10:11:05,aquanet/alerts,ALERT E.COLI: 3100.0 CFU/100ml exceeds NPS-FM limit of 540.0 - BACTERIAL CONTAMINATION DETECTED,ALERT
2026-05-06 10:11:05,aquanet/alerts,ALERT TURBIDITY: 7.1 NTU exceeds 5.0 NTU - TREATMENT REQUIRED,ALERT
2026-05-06 10:11:05,aquanet/alerts,ALERT PRESSURE HIGH: 4.48 bar exceeds 4.0 bar - PIPE BURST RISK,ALERT
2026-05-06 10:11:15,aquanet/water/turbidity,10.8,ALERT - Turbidity 10.8 NTU exceeds 5.0
2026-05-06 10:11:15,aquanet/water/ecoli,840.0,ALERT - E.coli 840.0 CFU/100ml exceeds 540.0
2026-05-06 10:11:15,aquanet/water/ph,7.04,OK
2026-05-06 10:11:15,aquanet/water/nitrate,0.108,OK
2026-05-06 10:11:15,aquanet/hydraulic/pressure,5.33,ALERT - Pressure 5.33 bar exceeds 5.0
2026-05-06 10:11:15,aquanet/hydraulic/flowrate,78.1,OK
2026-05-06 10:11:15,aquanet/alerts,ALERT E.COLI: 840.0 CFU/100ml exceeds NPS-FM limit of 540.0 - BACTERIAL CONTAMINATION DETECTED,ALERT
2026-05-06 10:11:15,aquanet/alerts,ALERT TURBIDITY: 10.8 NTU exceeds 5.0 NTU - TREATMENT REQUIRED,ALERT
2026-05-06 10:11:15,aquanet/alerts,ALERT PRESSURE HIGH: 5.33 bar exceeds 4.0 bar - PIPE BURST RISK,ALERT
2026-05-06 10:11:25,aquanet/water/turbidity,9.0,ALERT - Turbidity 9.0 NTU exceeds 5.0
2026-05-06 10:11:25,aquanet/water/ecoli,530.0,OK
2026-05-06 10:11:25,aquanet/water/ph,6.96,OK
2026-05-06 10:11:25,aquanet/water/nitrate,0.121,OK
2026-05-06 10:11:25,aquanet/hydraulic/pressure,5.07,ALERT - Pressure 5.07 bar exceeds 5.0
2026-05-06 10:11:25,aquanet/hydraulic/flowrate,98.4,OK
2026-05-06 10:11:25,aquanet/alerts,ALERT TURBIDITY: 9.0 NTU exceeds 5.0 NTU - TREATMENT REQUIRED,ALERT
2026-05-06 10:11:25,aquanet/alerts,ALERT PRESSURE HIGH: 5.07 bar exceeds 4.0 bar - PIPE BURST RISK,ALERT
2026-05-06 10:11:35,aquanet/water/turbidity,12.6,ALERT - Turbidity 12.6 NTU exceeds 5.0
2026-05-06 10:11:35,aquanet/water/ecoli,14000.0,ALERT - E.coli 14000.0 CFU/100ml exceeds 540.0
2026-05-06 10:11:35,aquanet/water/ph,6.99,OK
2026-05-06 10:11:35,aquanet/water/nitrate,0.9,OK
2026-05-06 10:11:35,aquanet/hydraulic/pressure,4.7,OK
2026-05-06 10:11:35,aquanet/hydraulic/flowrate,82.3,OK
2026-05-06 10:11:35,aquanet/alerts,ALERT E.COLI: 14000.0 CFU/100ml exceeds NPS-FM limit of 540.0 - BACTERIAL CONTAMINATION DETECTED,ALERT
2026-05-06 10:11:35,aquanet/alerts,ALERT TURBIDITY: 12.6 NTU exceeds 5.0 NTU - TREATMENT REQUIRED,ALERT
2026-05-06 10:11:35,aquanet/alerts,ALERT PRESSURE HIGH: 4.7 bar exceeds 4.0 bar - PIPE BURST RISK,ALERT
2026-05-06 10:11:45,aquanet/water/turbidity,33.0,ALERT - Turbidity 33.0 NTU exceeds 5.0
2026-05-06 10:11:45,aquanet/water/ecoli,2100.0,ALERT - E.coli 2100.0 CFU/100ml exceeds 540.0
2026-05-06 10:11:45,aquanet/water/ph,6.93,OK
2026-05-06 10:11:45,aquanet/water/nitrate,1.04,OK
2026-05-06 10:11:45,aquanet/hydraulic/pressure,5.56,ALERT - Pressure 5.56 bar exceeds 5.0
2026-05-06 10:11:45,aquanet/hydraulic/flowrate,97.5,OK
2026-05-06 10:11:45,aquanet/alerts,ALERT E.COLI: 2100.0 CFU/100ml exceeds NPS-FM limit of 540.0 - BACTERIAL CONTAMINATION DETECTED,ALERT
2026-05-06 10:11:45,aquanet/alerts,ALERT TURBIDITY: 33.0 NTU exceeds 5.0 NTU - TREATMENT REQUIRED,ALERT
2026-05-06 10:11:45,aquanet/alerts,ALERT PRESSURE HIGH: 5.56 bar exceeds 4.0 bar - PIPE BURST RISK,ALERT
2026-05-06 10:11:55,aquanet/water/turbidity,12.2,ALERT - Turbidity 12.2 NTU exceeds 5.0
2026-05-06 10:11:55,aquanet/water/ecoli,1200.0,ALERT - E.coli 1200.0 CFU/100ml exceeds 540.0
2026-05-06 10:11:55,aquanet/water/ph,6.72,OK
2026-05-06 10:11:55,aquanet/water/nitrate,0.49,OK
2026-05-06 10:11:55,aquanet/hydraulic/pressure,4.38,OK
2026-05-06 10:11:55,aquanet/hydraulic/flowrate,90.8,OK
2026-05-06 10:11:55,aquanet/alerts,ALERT E.COLI: 1200.0 CFU/100ml exceeds NPS-FM limit of 540.0 - BACTERIAL CONTAMINATION DETECTED,ALERT
2026-05-06 10:11:55,aquanet/alerts,ALERT TURBIDITY: 12.2 NTU exceeds 5.0 NTU - TREATMENT REQUIRED,ALERT
2026-05-06 10:11:55,aquanet/alerts,ALERT PRESSURE HIGH: 4.38 bar exceeds 4.0 bar - PIPE BURST RISK,ALERT
2026-05-06 10:12:05,aquanet/water/turbidity,28.0,ALERT - Turbidity 28.0 NTU exceeds 5.0
2026-05-06 10:12:05,aquanet/water/ecoli,1700.0,ALERT - E.coli 1700.0 CFU/100ml exceeds 540.0
2026-05-06 10:12:05,aquanet/water/ph,6.84,OK
2026-05-06 10:12:05,aquanet/water/nitrate,0.28,OK
2026-05-06 10:12:05,aquanet/hydraulic/pressure,5.2,ALERT - Pressure 5.2 bar exceeds 5.0
2026-05-06 10:12:05,aquanet/hydraulic/flowrate,76.3,OK
2026-05-06 10:12:05,aquanet/alerts,ALERT E.COLI: 1700.0 CFU/100ml exceeds NPS-FM limit of 540.0 - BACTERIAL CONTAMINATION DETECTED,ALERT
2026-05-06 10:12:05,aquanet/alerts,ALERT TURBIDITY: 28.0 NTU exceeds 5.0 NTU - TREATMENT REQUIRED,ALERT
2026-05-06 10:12:05,aquanet/alerts,ALERT PRESSURE HIGH: 5.2 bar exceeds 4.0 bar - PIPE BURST RISK,ALERT
2026-05-06 10:12:15,aquanet/water/turbidity,25.0,ALERT - Turbidity 25.0 NTU exceeds 5.0
2026-05-06 10:12:15,aquanet/water/ecoli,1500.0,ALERT - E.coli 1500.0 CFU/100ml exceeds 540.0
2026-05-06 10:12:15,aquanet/water/ph,6.99,OK
2026-05-06 10:12:15,aquanet/water/nitrate,0.32,OK
2026-05-06 10:12:15,aquanet/hydraulic/pressure,5.7,ALERT - Pressure 5.7 bar exceeds 5.0
2026-05-06 10:12:15,aquanet/hydraulic/flowrate,75.2,OK
2026-05-06 10:12:15,aquanet/alerts,ALERT E.COLI: 1500.0 CFU/100ml exceeds NPS-FM limit of 540.0 - BACTERIAL CONTAMINATION DETECTED,ALERT
2026-05-06 10:12:15,aquanet/alerts,ALERT TURBIDITY: 25.0 NTU exceeds 5.0 NTU - TREATMENT REQUIRED,ALERT
2026-05-06 10:12:15,aquanet/alerts,ALERT PRESSURE HIGH: 5.7 bar exceeds 4.0 bar - PIPE BURST RISK,ALERT
2026-05-06 10:12:25,aquanet/water/turbidity,13.6,ALERT - Turbidity 13.6 NTU exceeds 5.0
2026-05-06 10:12:25,aquanet/water/ecoli,1100.0,ALERT - E.coli 1100.0 CFU/100ml exceeds 540.0
2026-05-06 10:12:25,aquanet/water/ph,6.95,OK
2026-05-06 10:12:25,aquanet/water/nitrate,0.53,OK
2026-05-06 10:12:25,aquanet/hydraulic/pressure,5.04,ALERT - Pressure 5.04 bar exceeds 5.0
2026-05-06 10:12:25,aquanet/hydraulic/flowrate,92.6,OK
2026-05-06 10:12:25,aquanet/alerts,ALERT E.COLI: 1100.0 CFU/100ml exceeds NPS-FM limit of 540.0 - BACTERIAL CONTAMINATION DETECTED,ALERT
2026-05-06 10:12:25,aquanet/alerts,ALERT TURBIDITY: 13.6 NTU exceeds 5.0 NTU - TREATMENT REQUIRED,ALERT
2026-05-06 10:12:25,aquanet/alerts,ALERT PRESSURE HIGH: 5.04 bar exceeds 4.0 bar - PIPE BURST RISK,ALERT
2026-05-06 10:12:35,aquanet/water/turbidity,8.1,ALERT - Turbidity 8.1 NTU exceeds 5.0
2026-05-06 10:12:36,aquanet/water/ecoli,240.0,OK
2026-05-06 10:12:36,aquanet/water/ph,6.9,OK
2026-05-06 10:12:36,aquanet/water/nitrate,0.2,OK
2026-05-06 10:12:36,aquanet/hydraulic/pressure,5.26,ALERT - Pressure 5.26 bar exceeds 5.0
2026-05-06 10:12:36,aquanet/hydraulic/flowrate,80.5,OK
2026-05-06 10:12:36,aquanet/alerts,ALERT TURBIDITY: 8.1 NTU exceeds 5.0 NTU - TREATMENT REQUIRED,ALERT
2026-05-06 10:12:36,aquanet/alerts,ALERT PRESSURE HIGH: 5.26 bar exceeds 4.0 bar - PIPE BURST RISK,ALERT
2026-05-06 10:12:46,aquanet/water/turbidity,26.0,ALERT - Turbidity 26.0 NTU exceeds 5.0
2026-05-06 10:12:46,aquanet/water/ecoli,20000.0,ALERT - E.coli 20000.0 CFU/100ml exceeds 540.0
2026-05-06 10:12:46,aquanet/water/ph,7.02,OK
2026-05-06 10:12:46,aquanet/water/nitrate,0.21,OK
2026-05-06 10:12:46,aquanet/hydraulic/pressure,5.17,ALERT - Pressure 5.17 bar exceeds 5.0
2026-05-06 10:12:46,aquanet/hydraulic/flowrate,88.0,OK
2026-05-06 10:12:46,aquanet/alerts,ALERT E.COLI: 20000.0 CFU/100ml exceeds NPS-FM limit of 540.0 - BACTERIAL CONTAMINATION DETECTED,ALERT
2026-05-06 10:12:46,aquanet/alerts,ALERT TURBIDITY: 26.0 NTU exceeds 5.0 NTU - TREATMENT REQUIRED,ALERT
2026-05-06 10:12:46,aquanet/alerts,ALERT PRESSURE HIGH: 5.17 bar exceeds 4.0 bar - PIPE BURST RISK,ALERT
2026-05-06 10:12:56,aquanet/water/turbidity,25.0,ALERT - Turbidity 25.0 NTU exceeds 5.0
2026-05-06 10:12:56,aquanet/water/ecoli,200.0,OK
2026-05-06 10:12:56,aquanet/water/ph,7.1,OK
2026-05-06 10:12:56,aquanet/water/nitrate,0.179,OK
2026-05-06 10:12:56,aquanet/hydraulic/pressure,5.65,ALERT - Pressure 5.65 bar exceeds 5.0
2026-05-06 10:12:56,aquanet/hydraulic/flowrate,84.4,OK
2026-05-06 10:12:56,aquanet/alerts,ALERT TURBIDITY: 25.0 NTU exceeds 5.0 NTU - TREATMENT REQUIRED,ALERT
2026-05-06 10:12:56,aquanet/alerts,ALERT PRESSURE HIGH: 5.65 bar exceeds 4.0 bar - PIPE BURST RISK,ALERT
2026-05-06 10:13:06,aquanet/water/turbidity,7.4,ALERT - Turbidity 7.4 NTU exceeds 5.0
2026-05-06 10:13:06,aquanet/water/ecoli,11000.0,ALERT - E.coli 11000.0 CFU/100ml exceeds 540.0
2026-05-06 10:13:06,aquanet/water/ph,7.04,OK
2026-05-06 10:13:06,aquanet/water/nitrate,0.22,OK
2026-05-06 10:13:06,aquanet/hydraulic/pressure,5.11,ALERT - Pressure 5.11 bar exceeds 5.0
2026-05-06 10:13:06,aquanet/hydraulic/flowrate,74.3,OK
2026-05-06 10:13:06,aquanet/alerts,ALERT E.COLI: 11000.0 CFU/100ml exceeds NPS-FM limit of 540.0 - BACTERIAL CONTAMINATION DETECTED,ALERT
2026-05-06 10:13:06,aquanet/alerts,ALERT TURBIDITY: 7.4 NTU exceeds 5.0 NTU - TREATMENT REQUIRED,ALERT
2026-05-06 10:13:06,aquanet/alerts,ALERT PRESSURE HIGH: 5.11 bar exceeds 4.0 bar - PIPE BURST RISK,ALERT
2026-05-06 10:13:16,aquanet/water/turbidity,6.6,ALERT - Turbidity 6.6 NTU exceeds 5.0
2026-05-06 10:13:16,aquanet/water/ecoli,2700.0,ALERT - E.coli 2700.0 CFU/100ml exceeds 540.0
2026-05-06 10:13:16,aquanet/water/ph,6.73,OK
2026-05-06 10:13:16,aquanet/water/nitrate,0.094,OK
2026-05-06 10:13:16,aquanet/hydraulic/pressure,5.6,ALERT - Pressure 5.6 bar exceeds 5.0
2026-05-06 10:13:16,aquanet/hydraulic/flowrate,86.9,OK
2026-05-06 10:13:16,aquanet/alerts,ALERT E.COLI: 2700.0 CFU/100ml exceeds NPS-FM limit of 540.0 - BACTERIAL CONTAMINATION DETECTED,ALERT
2026-05-06 10:13:16,aquanet/alerts,ALERT TURBIDITY: 6.6 NTU exceeds 5.0 NTU - TREATMENT REQUIRED,ALERT
2026-05-06 10:13:16,aquanet/alerts,ALERT PRESSURE HIGH: 5.6 bar exceeds 4.0 bar - PIPE BURST RISK,ALERT
2026-05-06 10:13:26,aquanet/water/turbidity,29.0,ALERT - Turbidity 29.0 NTU exceeds 5.0
2026-05-06 10:13:26,aquanet/water/ecoli,400.0,OK
2026-05-06 10:13:26,aquanet/water/ph,6.99,OK
2026-05-06 10:13:26,aquanet/water/nitrate,0.48,OK
2026-05-06 10:13:26,aquanet/hydraulic/pressure,5.54,ALERT - Pressure 5.54 bar exceeds 5.0
2026-05-06 10:13:26,aquanet/hydraulic/flowrate,77.0,OK
2026-05-06 10:13:26,aquanet/alerts,ALERT TURBIDITY: 29.0 NTU exceeds 5.0 NTU - TREATMENT REQUIRED,ALERT
2026-05-06 10:13:26,aquanet/alerts,ALERT PRESSURE HIGH: 5.54 bar exceeds 4.0 bar - PIPE BURST RISK,ALERT
2026-05-06 10:13:36,aquanet/water/turbidity,7.6,ALERT - Turbidity 7.6 NTU exceeds 5.0
2026-05-06 10:13:36,aquanet/water/ecoli,900.0,ALERT - E.coli 900.0 CFU/100ml exceeds 540.0
2026-05-06 10:13:36,aquanet/water/ph,7.31,OK
2026-05-06 10:13:36,aquanet/water/nitrate,0.28,OK
2026-05-06 10:13:36,aquanet/hydraulic/pressure,5.15,ALERT - Pressure 5.15 bar exceeds 5.0
2026-05-06 10:13:36,aquanet/hydraulic/flowrate,78.3,OK
2026-05-06 10:13:36,aquanet/alerts,ALERT E.COLI: 900.0 CFU/100ml exceeds NPS-FM limit of 540.0 - BACTERIAL CONTAMINATION DETECTED,ALERT
2026-05-06 10:13:36,aquanet/alerts,ALERT TURBIDITY: 7.6 NTU exceeds 5.0 NTU - TREATMENT REQUIRED,ALERT
2026-05-06 10:13:36,aquanet/alerts,ALERT PRESSURE HIGH: 5.15 bar exceeds 4.0 bar - PIPE BURST RISK,ALERT
2026-05-06 10:13:46,aquanet/water/turbidity,10.2,ALERT - Turbidity 10.2 NTU exceeds 5.0
2026-05-06 10:13:46,aquanet/water/ecoli,2100.0,ALERT - E.coli 2100.0 CFU/100ml exceeds 540.0
2026-05-06 10:13:46,aquanet/water/ph,6.99,OK
2026-05-06 10:13:46,aquanet/water/nitrate,0.58,OK
2026-05-06 10:13:46,aquanet/hydraulic/pressure,2.89,OK
2026-05-06 10:13:46,aquanet/hydraulic/flowrate,75.4,OK
2026-05-06 10:13:46,aquanet/alerts,ALERT E.COLI: 2100.0 CFU/100ml exceeds NPS-FM limit of 540.0 - BACTERIAL CONTAMINATION DETECTED,ALERT
2026-05-06 10:13:46,aquanet/alerts,ALERT TURBIDITY: 10.2 NTU exceeds 5.0 NTU - TREATMENT REQUIRED,ALERT
2026-05-06 10:13:56,aquanet/water/turbidity,16.1,ALERT - Turbidity 16.1 NTU exceeds 5.0
2026-05-06 10:13:56,aquanet/water/ecoli,2100.0,ALERT - E.coli 2100.0 CFU/100ml exceeds 540.0
2026-05-06 10:13:56,aquanet/water/ph,7.09,OK
2026-05-06 10:13:56,aquanet/water/nitrate,0.53,OK
2026-05-06 10:13:56,aquanet/hydraulic/pressure,5.22,ALERT - Pressure 5.22 bar exceeds 5.0
2026-05-06 10:13:56,aquanet/hydraulic/flowrate,93.5,OK
2026-05-06 10:13:56,aquanet/alerts,ALERT E.COLI: 2100.0 CFU/100ml exceeds NPS-FM limit of 540.0 - BACTERIAL CONTAMINATION DETECTED,ALERT
2026-05-06 10:13:56,aquanet/alerts,ALERT TURBIDITY: 16.1 NTU exceeds 5.0 NTU - TREATMENT REQUIRED,ALERT
2026-05-06 10:13:56,aquanet/alerts,ALERT PRESSURE HIGH: 5.22 bar exceeds 4.0 bar - PIPE BURST RISK,ALERT
2026-05-06 10:14:06,aquanet/water/turbidity,10.8,ALERT - Turbidity 10.8 NTU exceeds 5.0
2026-05-06 10:14:06,aquanet/water/ecoli,2100.0,ALERT - E.coli 2100.0 CFU/100ml exceeds 540.0
2026-05-06 10:14:06,aquanet/water/ph,6.94,OK
2026-05-06 10:14:06,aquanet/water/nitrate,0.69,OK
2026-05-06 10:14:06,aquanet/hydraulic/pressure,3.48,OK
2026-05-06 10:14:06,aquanet/hydraulic/flowrate,77.7,OK
2026-05-06 10:14:06,aquanet/alerts,ALERT E.COLI: 2100.0 CFU/100ml exceeds NPS-FM limit of 540.0 - BACTERIAL CONTAMINATION DETECTED,ALERT
2026-05-06 10:14:06,aquanet/alerts,ALERT TURBIDITY: 10.8 NTU exceeds 5.0 NTU - TREATMENT REQUIRED,ALERT
2026-05-06 10:14:16,aquanet/water/turbidity,11.2,ALERT - Turbidity 11.2 NTU exceeds 5.0
2026-05-06 10:14:16,aquanet/water/ecoli,700.0,ALERT - E.coli 700.0 CFU/100ml exceeds 540.0
2026-05-06 10:14:16,aquanet/water/ph,6.69,OK
2026-05-06 10:14:16,aquanet/water/nitrate,0.53,OK
2026-05-06 10:14:16,aquanet/hydraulic/pressure,4.43,OK
2026-05-06 10:14:16,aquanet/hydraulic/flowrate,82.6,OK
2026-05-06 10:14:16,aquanet/alerts,ALERT E.COLI: 700.0 CFU/100ml exceeds NPS-FM limit of 540.0 - BACTERIAL CONTAMINATION DETECTED,ALERT
2026-05-06 10:14:16,aquanet/alerts,ALERT TURBIDITY: 11.2 NTU exceeds 5.0 NTU - TREATMENT REQUIRED,ALERT
2026-05-06 10:14:16,aquanet/alerts,ALERT PRESSURE HIGH: 4.43 bar exceeds 4.0 bar - PIPE BURST RISK,ALERT
2026-05-06 10:14:26,aquanet/water/turbidity,11.7,ALERT - Turbidity 11.7 NTU exceeds 5.0
2026-05-06 10:14:26,aquanet/water/ecoli,1200.0,ALERT - E.coli 1200.0 CFU/100ml exceeds 540.0
2026-05-06 10:14:26,aquanet/water/ph,7.23,OK
2026-05-06 10:14:26,aquanet/water/nitrate,0.57,OK
2026-05-06 10:14:26,aquanet/hydraulic/pressure,3.15,OK
2026-05-06 10:14:26,aquanet/hydraulic/flowrate,85.9,OK
2026-05-06 10:14:26,aquanet/alerts,ALERT E.COLI: 1200.0 CFU/100ml exceeds NPS-FM limit of 540.0 - BACTERIAL CONTAMINATION DETECTED,ALERT
2026-05-06 10:14:26,aquanet/alerts,ALERT TURBIDITY: 11.7 NTU exceeds 5.0 NTU - TREATMENT REQUIRED,ALERT
2026-05-06 10:14:36,aquanet/water/turbidity,13.5,ALERT - Turbidity 13.5 NTU exceeds 5.0
2026-05-06 10:14:36,aquanet/water/ecoli,1100.0,ALERT - E.coli 1100.0 CFU/100ml exceeds 540.0
2026-05-06 10:14:36,aquanet/water/ph,7.06,OK
2026-05-06 10:14:36,aquanet/water/nitrate,0.27,OK
2026-05-06 10:14:36,aquanet/hydraulic/pressure,4.8,OK
2026-05-06 10:14:36,aquanet/hydraulic/flowrate,89.8,OK
2026-05-06 10:14:36,aquanet/alerts,ALERT E.COLI: 1100.0 CFU/100ml exceeds NPS-FM limit of 540.0 - BACTERIAL CONTAMINATION DETECTED,ALERT
2026-05-06 10:14:36,aquanet/alerts,ALERT TURBIDITY: 13.5 NTU exceeds 5.0 NTU - TREATMENT REQUIRED,ALERT
2026-05-06 10:14:36,aquanet/alerts,ALERT PRESSURE HIGH: 4.8 bar exceeds 4.0 bar - PIPE BURST RISK,ALERT
2026-05-06 10:14:46,aquanet/water/turbidity,115.0,ALERT - Turbidity 115.0 NTU exceeds 5.0
2026-05-06 10:14:46,aquanet/water/ecoli,1100.0,ALERT - E.coli 1100.0 CFU/100ml exceeds 540.0
2026-05-06 10:14:46,aquanet/water/ph,7.16,OK
2026-05-06 10:14:46,aquanet/water/nitrate,0.012,OK
2026-05-06 10:14:46,aquanet/hydraulic/pressure,4.65,OK
2026-05-06 10:14:46,aquanet/hydraulic/flowrate,86.9,OK
2026-05-06 10:14:46,aquanet/alerts,ALERT E.COLI: 1100.0 CFU/100ml exceeds NPS-FM limit of 540.0 - BACTERIAL CONTAMINATION DETECTED,ALERT
2026-05-06 10:14:46,aquanet/alerts,ALERT TURBIDITY: 115.0 NTU exceeds 5.0 NTU - TREATMENT REQUIRED,ALERT
2026-05-06 10:14:46,aquanet/alerts,ALERT PRESSURE HIGH: 4.65 bar exceeds 4.0 bar - PIPE BURST RISK,ALERT
2026-05-06 10:14:56,aquanet/water/turbidity,11.2,ALERT - Turbidity 11.2 NTU exceeds 5.0
2026-05-06 10:14:56,aquanet/water/ecoli,2200.0,ALERT - E.coli 2200.0 CFU/100ml exceeds 540.0
2026-05-06 10:14:56,aquanet/water/ph,7.27,OK
2026-05-06 10:14:56,aquanet/water/nitrate,0.45,OK
2026-05-06 10:14:56,aquanet/hydraulic/pressure,5.62,ALERT - Pressure 5.62 bar exceeds 5.0
2026-05-06 10:14:56,aquanet/hydraulic/flowrate,92.1,OK
2026-05-06 10:14:56,aquanet/alerts,ALERT E.COLI: 2200.0 CFU/100ml exceeds NPS-FM limit of 540.0 - BACTERIAL CONTAMINATION DETECTED,ALERT
2026-05-06 10:14:56,aquanet/alerts,ALERT TURBIDITY: 11.2 NTU exceeds 5.0 NTU - TREATMENT REQUIRED,ALERT
2026-05-06 10:14:56,aquanet/alerts,ALERT PRESSURE HIGH: 5.62 bar exceeds 4.0 bar - PIPE BURST RISK,ALERT
2026-05-06 10:15:06,aquanet/water/turbidity,45.0,ALERT - Turbidity 45.0 NTU exceeds 5.0
2026-05-06 10:15:06,aquanet/water/ecoli,1800.0,ALERT - E.coli 1800.0 CFU/100ml exceeds 540.0
2026-05-06 10:15:06,aquanet/water/ph,6.91,OK
2026-05-06 10:15:06,aquanet/water/nitrate,0.3,OK
2026-05-06 10:15:06,aquanet/hydraulic/pressure,5.96,ALERT - Pressure 5.96 bar exceeds 5.0
2026-05-06 10:15:06,aquanet/hydraulic/flowrate,95.6,OK
2026-05-06 10:15:06,aquanet/alerts,ALERT E.COLI: 1800.0 CFU/100ml exceeds NPS-FM limit of 540.0 - BACTERIAL CONTAMINATION DETECTED,ALERT
2026-05-06 10:15:06,aquanet/alerts,ALERT TURBIDITY: 45.0 NTU exceeds 5.0 NTU - TREATMENT REQUIRED,ALERT
2026-05-06 10:15:06,aquanet/alerts,ALERT PRESSURE HIGH: 5.96 bar exceeds 4.0 bar - PIPE BURST RISK,ALERT
2026-05-06 10:15:16,aquanet/water/turbidity,23.0,ALERT - Turbidity 23.0 NTU exceeds 5.0
2026-05-06 10:15:16,aquanet/water/ecoli,600.0,ALERT - E.coli 600.0 CFU/100ml exceeds 540.0
2026-05-06 10:15:16,aquanet/water/ph,7.01,OK
2026-05-06 10:15:16,aquanet/water/nitrate,0.3,OK
2026-05-06 10:15:16,aquanet/hydraulic/pressure,5.17,ALERT - Pressure 5.17 bar exceeds 5.0
2026-05-06 10:15:16,aquanet/hydraulic/flowrate,98.2,OK
2026-05-06 10:15:16,aquanet/alerts,ALERT E.COLI: 600.0 CFU/100ml exceeds NPS-FM limit of 540.0 - BACTERIAL CONTAMINATION DETECTED,ALERT
2026-05-06 10:15:16,aquanet/alerts,ALERT TURBIDITY: 23.0 NTU exceeds 5.0 NTU - TREATMENT REQUIRED,ALERT
2026-05-06 10:15:16,aquanet/alerts,ALERT PRESSURE HIGH: 5.17 bar exceeds 4.0 bar - PIPE BURST RISK,ALERT
2026-05-06 10:15:26,aquanet/water/turbidity,9.2,ALERT - Turbidity 9.2 NTU exceeds 5.0
2026-05-06 10:15:26,aquanet/water/ecoli,3000.0,ALERT - E.coli 3000.0 CFU/100ml exceeds 540.0
2026-05-06 10:15:26,aquanet/water/ph,7.1,OK
2026-05-06 10:15:26,aquanet/water/nitrate,0.28,OK
2026-05-06 10:15:26,aquanet/hydraulic/pressure,5.12,ALERT - Pressure 5.12 bar exceeds 5.0
2026-05-06 10:15:26,aquanet/hydraulic/flowrate,75.0,OK
2026-05-06 10:15:26,aquanet/alerts,ALERT E.COLI: 3000.0 CFU/100ml exceeds NPS-FM limit of 540.0 - BACTERIAL CONTAMINATION DETECTED,ALERT
2026-05-06 10:15:26,aquanet/alerts,ALERT TURBIDITY: 9.2 NTU exceeds 5.0 NTU - TREATMENT REQUIRED,ALERT
2026-05-06 10:15:26,aquanet/alerts,ALERT PRESSURE HIGH: 5.12 bar exceeds 4.0 bar - PIPE BURST RISK,ALERT
2026-05-06 10:15:36,aquanet/water/turbidity,16.2,ALERT - Turbidity 16.2 NTU exceeds 5.0
2026-05-06 10:15:36,aquanet/water/ecoli,730.0,ALERT - E.coli 730.0 CFU/100ml exceeds 540.0
2026-05-06 10:15:36,aquanet/water/ph,7.13,OK
2026-05-06 10:15:36,aquanet/water/nitrate,0.72,OK
2026-05-06 10:15:36,aquanet/hydraulic/pressure,5.44,ALERT - Pressure 5.44 bar exceeds 5.0
2026-05-06 10:15:36,aquanet/hydraulic/flowrate,83.2,OK
2026-05-06 10:15:36,aquanet/alerts,ALERT E.COLI: 730.0 CFU/100ml exceeds NPS-FM limit of 540.0 - BACTERIAL CONTAMINATION DETECTED,ALERT
2026-05-06 10:15:36,aquanet/alerts,ALERT TURBIDITY: 16.2 NTU exceeds 5.0 NTU - TREATMENT REQUIRED,ALERT
2026-05-06 10:15:36,aquanet/alerts,ALERT PRESSURE HIGH: 5.44 bar exceeds 4.0 bar - PIPE BURST RISK,ALERT
2026-05-06 10:15:46,aquanet/water/turbidity,16.6,ALERT - Turbidity 16.6 NTU exceeds 5.0
2026-05-06 10:15:46,aquanet/water/ecoli,1500.0,ALERT - E.coli 1500.0 CFU/100ml exceeds 540.0
2026-05-06 10:15:46,aquanet/water/ph,7.02,OK
2026-05-06 10:15:46,aquanet/water/nitrate,0.6,OK
2026-05-06 10:15:46,aquanet/hydraulic/pressure,5.04,ALERT - Pressure 5.04 bar exceeds 5.0
2026-05-06 10:15:46,aquanet/hydraulic/flowrate,73.5,OK
2026-05-06 10:15:46,aquanet/alerts,ALERT E.COLI: 1500.0 CFU/100ml exceeds NPS-FM limit of 540.0 - BACTERIAL CONTAMINATION DETECTED,ALERT
2026-05-06 10:15:46,aquanet/alerts,ALERT TURBIDITY: 16.6 NTU exceeds 5.0 NTU - TREATMENT REQUIRED,ALERT
2026-05-06 10:15:46,aquanet/alerts,ALERT PRESSURE HIGH: 5.04 bar exceeds 4.0 bar - PIPE BURST RISK,ALERT
2026-05-06 10:15:56,aquanet/water/turbidity,7.0,ALERT - Turbidity 7.0 NTU exceeds 5.0
2026-05-06 10:15:56,aquanet/water/ecoli,26000.0,ALERT - E.coli 26000.0 CFU/100ml exceeds 540.0
2026-05-06 10:15:56,aquanet/water/ph,7.01,OK
2026-05-06 10:15:56,aquanet/water/nitrate,0.48,OK
2026-05-06 10:15:56,aquanet/hydraulic/pressure,3.06,OK
2026-05-06 10:15:56,aquanet/hydraulic/flowrate,87.5,OK
2026-05-06 10:15:56,aquanet/alerts,ALERT E.COLI: 26000.0 CFU/100ml exceeds NPS-FM limit of 540.0 - BACTERIAL CONTAMINATION DETECTED,ALERT
2026-05-06 10:15:56,aquanet/alerts,ALERT TURBIDITY: 7.0 NTU exceeds 5.0 NTU - TREATMENT REQUIRED,ALERT
2026-05-06 10:16:06,aquanet/water/turbidity,10.8,ALERT - Turbidity 10.8 NTU exceeds 5.0
2026-05-06 10:16:06,aquanet/water/ecoli,11000.0,ALERT - E.coli 11000.0 CFU/100ml exceeds 540.0
2026-05-06 10:16:06,aquanet/water/ph,6.64,OK
2026-05-06 10:16:06,aquanet/water/nitrate,0.4,OK
2026-05-06 10:16:06,aquanet/hydraulic/pressure,4.82,OK
2026-05-06 10:16:06,aquanet/hydraulic/flowrate,89.7,OK
2026-05-06 10:16:06,aquanet/alerts,ALERT E.COLI: 11000.0 CFU/100ml exceeds NPS-FM limit of 540.0 - BACTERIAL CONTAMINATION DETECTED,ALERT
2026-05-06 10:16:06,aquanet/alerts,ALERT TURBIDITY: 10.8 NTU exceeds 5.0 NTU - TREATMENT REQUIRED,ALERT
2026-05-06 10:16:06,aquanet/alerts,ALERT PRESSURE HIGH: 4.82 bar exceeds 4.0 bar - PIPE BURST RISK,ALERT
2026-05-06 10:16:16,aquanet/water/turbidity,12.3,ALERT - Turbidity 12.3 NTU exceeds 5.0
2026-05-06 10:16:16,aquanet/water/ecoli,2600.0,ALERT - E.coli 2600.0 CFU/100ml exceeds 540.0
2026-05-06 10:16:16,aquanet/water/ph,6.8,OK
2026-05-06 10:16:16,aquanet/water/nitrate,0.36,OK
2026-05-06 10:16:16,aquanet/hydraulic/pressure,5.56,ALERT - Pressure 5.56 bar exceeds 5.0
2026-05-06 10:16:16,aquanet/hydraulic/flowrate,87.0,OK
2026-05-06 10:16:16,aquanet/alerts,ALERT E.COLI: 2600.0 CFU/100ml exceeds NPS-FM limit of 540.0 - BACTERIAL CONTAMINATION DETECTED,ALERT
2026-05-06 10:16:16,aquanet/alerts,ALERT TURBIDITY: 12.3 NTU exceeds 5.0 NTU - TREATMENT REQUIRED,ALERT
2026-05-06 10:16:16,aquanet/alerts,ALERT PRESSURE HIGH: 5.56 bar exceeds 4.0 bar - PIPE BURST RISK,ALERT
2026-05-06 10:16:26,aquanet/water/turbidity,13.2,ALERT - Turbidity 13.2 NTU exceeds 5.0
2026-05-06 10:16:26,aquanet/water/ecoli,2200.0,ALERT - E.coli 2200.0 CFU/100ml exceeds 540.0
2026-05-06 10:16:26,aquanet/water/ph,6.7,OK
2026-05-06 10:16:26,aquanet/water/nitrate,0.34,OK
2026-05-06 10:16:26,aquanet/hydraulic/pressure,4.98,OK
2026-05-06 10:16:26,aquanet/hydraulic/flowrate,72.1,OK
2026-05-06 10:16:26,aquanet/alerts,ALERT E.COLI: 2200.0 CFU/100ml exceeds NPS-FM limit of 540.0 - BACTERIAL CONTAMINATION DETECTED,ALERT
2026-05-06 10:16:26,aquanet/alerts,ALERT TURBIDITY: 13.2 NTU exceeds 5.0 NTU - TREATMENT REQUIRED,ALERT
2026-05-06 10:16:26,aquanet/alerts,ALERT PRESSURE HIGH: 4.98 bar exceeds 4.0 bar - PIPE BURST RISK,ALERT
2026-05-06 10:16:36,aquanet/water/turbidity,9.6,ALERT - Turbidity 9.6 NTU exceeds 5.0
2026-05-06 10:16:36,aquanet/water/ecoli,7600.0,ALERT - E.coli 7600.0 CFU/100ml exceeds 540.0
2026-05-06 10:16:36,aquanet/water/ph,7.0,OK
2026-05-06 10:16:36,aquanet/water/nitrate,0.3,OK
2026-05-06 10:16:36,aquanet/hydraulic/pressure,3.05,OK
2026-05-06 10:16:36,aquanet/hydraulic/flowrate,97.3,OK
2026-05-06 10:16:36,aquanet/alerts,ALERT E.COLI: 7600.0 CFU/100ml exceeds NPS-FM limit of 540.0 - BACTERIAL CONTAMINATION DETECTED,ALERT
2026-05-06 10:16:36,aquanet/alerts,ALERT TURBIDITY: 9.6 NTU exceeds 5.0 NTU - TREATMENT REQUIRED,ALERT
2026-05-06 10:16:46,aquanet/water/turbidity,13.6,ALERT - Turbidity 13.6 NTU exceeds 5.0
2026-05-06 10:16:46,aquanet/water/ecoli,1100.0,ALERT - E.coli 1100.0 CFU/100ml exceeds 540.0
2026-05-06 10:16:46,aquanet/water/ph,6.86,OK
2026-05-06 10:16:46,aquanet/water/nitrate,0.31,OK
2026-05-06 10:16:46,aquanet/hydraulic/pressure,4.35,OK
2026-05-06 10:16:46,aquanet/hydraulic/flowrate,77.9,OK
2026-05-06 10:16:46,aquanet/alerts,ALERT E.COLI: 1100.0 CFU/100ml exceeds NPS-FM limit of 540.0 - BACTERIAL CONTAMINATION DETECTED,ALERT
2026-05-06 10:16:46,aquanet/alerts,ALERT TURBIDITY: 13.6 NTU exceeds 5.0 NTU - TREATMENT REQUIRED,ALERT
2026-05-06 10:16:46,aquanet/alerts,ALERT PRESSURE HIGH: 4.35 bar exceeds 4.0 bar - PIPE BURST RISK,ALERT
2026-05-06 10:16:56,aquanet/water/turbidity,7.3,ALERT - Turbidity 7.3 NTU exceeds 5.0
2026-05-06 10:16:56,aquanet/water/ecoli,1200.0,ALERT - E.coli 1200.0 CFU/100ml exceeds 540.0
2026-05-06 10:16:56,aquanet/water/ph,6.62,OK
2026-05-06 10:16:56,aquanet/water/nitrate,0.31,OK
2026-05-06 10:16:56,aquanet/hydraulic/pressure,4.78,OK
2026-05-06 10:16:56,aquanet/hydraulic/flowrate,85.5,OK
2026-05-06 10:16:56,aquanet/alerts,ALERT E.COLI: 1200.0 CFU/100ml exceeds NPS-FM limit of 540.0 - BACTERIAL CONTAMINATION DETECTED,ALERT
2026-05-06 10:16:56,aquanet/alerts,ALERT TURBIDITY: 7.3 NTU exceeds 5.0 NTU - TREATMENT REQUIRED,ALERT
2026-05-06 10:16:56,aquanet/alerts,ALERT PRESSURE HIGH: 4.78 bar exceeds 4.0 bar - PIPE BURST RISK,ALERT
2026-05-06 10:17:06,aquanet/water/turbidity,7.4,ALERT - Turbidity 7.4 NTU exceeds 5.0
2026-05-06 10:17:06,aquanet/water/ecoli,510.0,OK
2026-05-06 10:17:06,aquanet/water/ph,6.91,OK
2026-05-06 10:17:06,aquanet/water/nitrate,0.24,OK
2026-05-06 10:17:06,aquanet/hydraulic/pressure,5.27,ALERT - Pressure 5.27 bar exceeds 5.0
2026-05-06 10:17:06,aquanet/hydraulic/flowrate,75.4,OK
2026-05-06 10:17:06,aquanet/alerts,ALERT TURBIDITY: 7.4 NTU exceeds 5.0 NTU - TREATMENT REQUIRED,ALERT
2026-05-06 10:17:06,aquanet/alerts,ALERT PRESSURE HIGH: 5.27 bar exceeds 4.0 bar - PIPE BURST RISK,ALERT
2026-05-06 10:17:16,aquanet/water/turbidity,9.9,ALERT - Turbidity 9.9 NTU exceeds 5.0
2026-05-06 10:17:16,aquanet/water/ecoli,870.0,ALERT - E.coli 870.0 CFU/100ml exceeds 540.0
2026-05-06 10:17:16,aquanet/water/ph,6.86,OK
2026-05-06 10:17:16,aquanet/water/nitrate,0.21,OK
2026-05-06 10:17:16,aquanet/hydraulic/pressure,5.44,ALERT - Pressure 5.44 bar exceeds 5.0
2026-05-06 10:17:16,aquanet/hydraulic/flowrate,99.9,OK
2026-05-06 10:17:16,aquanet/alerts,ALERT E.COLI: 870.0 CFU/100ml exceeds NPS-FM limit of 540.0 - BACTERIAL CONTAMINATION DETECTED,ALERT
2026-05-06 10:17:16,aquanet/alerts,ALERT TURBIDITY: 9.9 NTU exceeds 5.0 NTU - TREATMENT REQUIRED,ALERT
2026-05-06 10:17:16,aquanet/alerts,ALERT PRESSURE HIGH: 5.44 bar exceeds 4.0 bar - PIPE BURST RISK,ALERT
2026-05-06 10:17:26,aquanet/water/turbidity,9.6,ALERT - Turbidity 9.6 NTU exceeds 5.0
2026-05-06 10:17:26,aquanet/water/ecoli,1200.0,ALERT - E.coli 1200.0 CFU/100ml exceeds 540.0
2026-05-06 10:17:26,aquanet/water/ph,6.7,OK
2026-05-06 10:17:26,aquanet/water/nitrate,0.29,OK
2026-05-06 10:17:26,aquanet/hydraulic/pressure,5.79,ALERT - Pressure 5.79 bar exceeds 5.0
2026-05-06 10:17:26,aquanet/hydraulic/flowrate,71.3,OK
2026-05-06 10:17:26,aquanet/alerts,ALERT E.COLI: 1200.0 CFU/100ml exceeds NPS-FM limit of 540.0 - BACTERIAL CONTAMINATION DETECTED,ALERT
2026-05-06 10:17:26,aquanet/alerts,ALERT TURBIDITY: 9.6 NTU exceeds 5.0 NTU - TREATMENT REQUIRED,ALERT
2026-05-06 10:17:26,aquanet/alerts,ALERT PRESSURE HIGH: 5.79 bar exceeds 4.0 bar - PIPE BURST RISK,ALERT
2026-05-06 10:17:36,aquanet/water/turbidity,8.2,ALERT - Turbidity 8.2 NTU exceeds 5.0
2026-05-06 10:17:36,aquanet/water/ecoli,610.0,ALERT - E.coli 610.0 CFU/100ml exceeds 540.0
2026-05-06 10:17:36,aquanet/water/ph,6.8,OK
2026-05-06 10:17:36,aquanet/water/nitrate,0.4,OK
2026-05-06 10:17:36,aquanet/hydraulic/pressure,5.75,ALERT - Pressure 5.75 bar exceeds 5.0
2026-05-06 10:17:36,aquanet/hydraulic/flowrate,74.5,OK
2026-05-06 10:17:36,aquanet/alerts,ALERT E.COLI: 610.0 CFU/100ml exceeds NPS-FM limit of 540.0 - BACTERIAL CONTAMINATION DETECTED,ALERT
2026-05-06 10:17:36,aquanet/alerts,ALERT TURBIDITY: 8.2 NTU exceeds 5.0 NTU - TREATMENT REQUIRED,ALERT
2026-05-06 10:17:36,aquanet/alerts,ALERT PRESSURE HIGH: 5.75 bar exceeds 4.0 bar - PIPE BURST RISK,ALERT
2026-05-06 10:17:46,aquanet/water/turbidity,15.8,ALERT - Turbidity 15.8 NTU exceeds 5.0
2026-05-06 10:17:46,aquanet/water/ecoli,7300.0,ALERT - E.coli 7300.0 CFU/100ml exceeds 540.0
2026-05-06 10:17:46,aquanet/water/ph,6.8,OK
2026-05-06 10:17:46,aquanet/water/nitrate,0.38,OK
2026-05-06 10:17:46,aquanet/hydraulic/pressure,5.54,ALERT - Pressure 5.54 bar exceeds 5.0
2026-05-06 10:17:46,aquanet/hydraulic/flowrate,85.4,OK
2026-05-06 10:17:46,aquanet/alerts,ALERT E.COLI: 7300.0 CFU/100ml exceeds NPS-FM limit of 540.0 - BACTERIAL CONTAMINATION DETECTED,ALERT
2026-05-06 10:17:46,aquanet/alerts,ALERT TURBIDITY: 15.8 NTU exceeds 5.0 NTU - TREATMENT REQUIRED,ALERT
2026-05-06 10:17:46,aquanet/alerts,ALERT PRESSURE HIGH: 5.54 bar exceeds 4.0 bar - PIPE BURST RISK,ALERT
2026-05-06 10:17:56,aquanet/water/turbidity,17.9,ALERT - Turbidity 17.9 NTU exceeds 5.0
2026-05-06 10:17:56,aquanet/water/ecoli,2000.0,ALERT - E.coli 2000.0 CFU/100ml exceeds 540.0
2026-05-06 10:17:56,aquanet/water/ph,6.73,OK
2026-05-06 10:17:56,aquanet/water/nitrate,0.137,OK
2026-05-06 10:17:56,aquanet/hydraulic/pressure,5.85,ALERT - Pressure 5.85 bar exceeds 5.0
2026-05-06 10:17:56,aquanet/hydraulic/flowrate,92.1,OK
2026-05-06 10:17:56,aquanet/alerts,ALERT E.COLI: 2000.0 CFU/100ml exceeds NPS-FM limit of 540.0 - BACTERIAL CONTAMINATION DETECTED,ALERT
2026-05-06 10:17:56,aquanet/alerts,ALERT TURBIDITY: 17.9 NTU exceeds 5.0 NTU - TREATMENT REQUIRED,ALERT
2026-05-06 10:17:56,aquanet/alerts,ALERT PRESSURE HIGH: 5.85 bar exceeds 4.0 bar - PIPE BURST RISK,ALERT
2026-05-06 10:18:06,aquanet/water/turbidity,19.3,ALERT - Turbidity 19.3 NTU exceeds 5.0
2026-05-06 10:18:06,aquanet/water/ecoli,2700.0,ALERT - E.coli 2700.0 CFU/100ml exceeds 540.0
2026-05-06 10:18:06,aquanet/water/ph,6.53,OK
2026-05-06 10:18:06,aquanet/water/nitrate,0.4,OK
2026-05-06 10:18:06,aquanet/hydraulic/pressure,4.82,OK
2026-05-06 10:18:06,aquanet/hydraulic/flowrate,71.4,OK
2026-05-06 10:18:06,aquanet/alerts,ALERT E.COLI: 2700.0 CFU/100ml exceeds NPS-FM limit of 540.0 - BACTERIAL CONTAMINATION DETECTED,ALERT
2026-05-06 10:18:06,aquanet/alerts,ALERT TURBIDITY: 19.3 NTU exceeds 5.0 NTU - TREATMENT REQUIRED,ALERT
2026-05-06 10:18:06,aquanet/alerts,ALERT PRESSURE HIGH: 4.82 bar exceeds 4.0 bar - PIPE BURST RISK,ALERT
2026-05-06 10:18:16,aquanet/water/turbidity,19.5,ALERT - Turbidity 19.5 NTU exceeds 5.0
2026-05-06 10:18:16,aquanet/water/ecoli,3500.0,ALERT - E.coli 3500.0 CFU/100ml exceeds 540.0
2026-05-06 10:18:16,aquanet/water/ph,7.01,OK
2026-05-06 10:18:16,aquanet/water/nitrate,0.51,OK
2026-05-06 10:18:16,aquanet/hydraulic/pressure,5.34,ALERT - Pressure 5.34 bar exceeds 5.0
2026-05-06 10:18:16,aquanet/hydraulic/flowrate,90.5,OK
2026-05-06 10:18:16,aquanet/alerts,ALERT E.COLI: 3500.0 CFU/100ml exceeds NPS-FM limit of 540.0 - BACTERIAL CONTAMINATION DETECTED,ALERT
2026-05-06 10:18:17,aquanet/alerts,ALERT TURBIDITY: 19.5 NTU exceeds 5.0 NTU - TREATMENT REQUIRED,ALERT
2026-05-06 10:18:17,aquanet/alerts,ALERT PRESSURE HIGH: 5.34 bar exceeds 4.0 bar - PIPE BURST RISK,ALERT
2026-05-06 10:18:27,aquanet/water/turbidity,10.8,ALERT - Turbidity 10.8 NTU exceeds 5.0
2026-05-06 10:18:27,aquanet/water/ecoli,9700.0,ALERT - E.coli 9700.0 CFU/100ml exceeds 540.0
2026-05-06 10:18:27,aquanet/water/ph,6.93,OK
2026-05-06 10:18:27,aquanet/water/nitrate,0.47,OK
2026-05-06 10:18:27,aquanet/hydraulic/pressure,5.88,ALERT - Pressure 5.88 bar exceeds 5.0
2026-05-06 10:18:27,aquanet/hydraulic/flowrate,98.3,OK
2026-05-06 10:18:27,aquanet/alerts,ALERT E.COLI: 9700.0 CFU/100ml exceeds NPS-FM limit of 540.0 - BACTERIAL CONTAMINATION DETECTED,ALERT
2026-05-06 10:18:27,aquanet/alerts,ALERT TURBIDITY: 10.8 NTU exceeds 5.0 NTU - TREATMENT REQUIRED,ALERT
2026-05-06 10:18:27,aquanet/alerts,ALERT PRESSURE HIGH: 5.88 bar exceeds 4.0 bar - PIPE BURST RISK,ALERT
2026-05-06 10:18:37,aquanet/water/turbidity,36.6,ALERT - Turbidity 36.6 NTU exceeds 5.0
2026-05-06 10:18:37,aquanet/water/ecoli,680.0,ALERT - E.coli 680.0 CFU/100ml exceeds 540.0
2026-05-06 10:18:37,aquanet/water/ph,6.74,OK
2026-05-06 10:18:37,aquanet/water/nitrate,0.35,OK
2026-05-06 10:18:37,aquanet/hydraulic/pressure,5.71,ALERT - Pressure 5.71 bar exceeds 5.0
2026-05-06 10:18:37,aquanet/hydraulic/flowrate,85.7,OK
2026-05-06 10:18:37,aquanet/alerts,ALERT E.COLI: 680.0 CFU/100ml exceeds NPS-FM limit of 540.0 - BACTERIAL CONTAMINATION DETECTED,ALERT
2026-05-06 10:18:37,aquanet/alerts,ALERT TURBIDITY: 36.6 NTU exceeds 5.0 NTU - TREATMENT REQUIRED,ALERT
2026-05-06 10:18:37,aquanet/alerts,ALERT PRESSURE HIGH: 5.71 bar exceeds 4.0 bar - PIPE BURST RISK,ALERT
2026-05-06 10:18:47,aquanet/water/turbidity,12.0,ALERT - Turbidity 12.0 NTU exceeds 5.0
2026-05-06 10:18:47,aquanet/water/ecoli,840.0,ALERT - E.coli 840.0 CFU/100ml exceeds 540.0
2026-05-06 10:18:47,aquanet/water/ph,7.09,OK
2026-05-06 10:18:47,aquanet/water/nitrate,0.39,OK
2026-05-06 10:18:47,aquanet/hydraulic/pressure,5.22,ALERT - Pressure 5.22 bar exceeds 5.0
2026-05-06 10:18:47,aquanet/hydraulic/flowrate,97.1,OK
2026-05-06 10:18:47,aquanet/alerts,ALERT E.COLI: 840.0 CFU/100ml exceeds NPS-FM limit of 540.0 - BACTERIAL CONTAMINATION DETECTED,ALERT
2026-05-06 10:18:47,aquanet/alerts,ALERT TURBIDITY: 12.0 NTU exceeds 5.0 NTU - TREATMENT REQUIRED,ALERT
2026-05-06 10:18:47,aquanet/alerts,ALERT PRESSURE HIGH: 5.22 bar exceeds 4.0 bar - PIPE BURST RISK,ALERT
2026-05-06 10:18:57,aquanet/water/turbidity,39.0,ALERT - Turbidity 39.0 NTU exceeds 5.0
2026-05-06 10:18:57,aquanet/water/ecoli,800.0,ALERT - E.coli 800.0 CFU/100ml exceeds 540.0
2026-05-06 10:18:57,aquanet/water/ph,7.08,OK
2026-05-06 10:18:57,aquanet/water/nitrate,0.34,OK
2026-05-06 10:18:57,aquanet/hydraulic/pressure,5.45,ALERT - Pressure 5.45 bar exceeds 5.0
2026-05-06 10:18:57,aquanet/hydraulic/flowrate,94.2,OK
2026-05-06 10:18:57,aquanet/alerts,ALERT E.COLI: 800.0 CFU/100ml exceeds NPS-FM limit of 540.0 - BACTERIAL CONTAMINATION DETECTED,ALERT
2026-05-06 10:18:57,aquanet/alerts,ALERT TURBIDITY: 39.0 NTU exceeds 5.0 NTU - TREATMENT REQUIRED,ALERT
2026-05-06 10:18:57,aquanet/alerts,ALERT PRESSURE HIGH: 5.45 bar exceeds 4.0 bar - PIPE BURST RISK,ALERT
2026-05-06 10:19:07,aquanet/water/turbidity,30.0,ALERT - Turbidity 30.0 NTU exceeds 5.0
2026-05-06 10:19:07,aquanet/water/ecoli,7400.0,ALERT - E.coli 7400.0 CFU/100ml exceeds 540.0
2026-05-06 10:19:07,aquanet/water/ph,6.61,OK
2026-05-06 10:19:07,aquanet/water/nitrate,0.37,OK
2026-05-06 10:19:07,aquanet/hydraulic/pressure,2.91,OK
2026-05-06 10:19:07,aquanet/hydraulic/flowrate,79.2,OK
2026-05-06 10:19:07,aquanet/alerts,ALERT E.COLI: 7400.0 CFU/100ml exceeds NPS-FM limit of 540.0 - BACTERIAL CONTAMINATION DETECTED,ALERT
2026-05-06 10:19:07,aquanet/alerts,ALERT TURBIDITY: 30.0 NTU exceeds 5.0 NTU - TREATMENT REQUIRED,ALERT
2026-05-06 10:19:17,aquanet/water/turbidity,11.0,ALERT - Turbidity 11.0 NTU exceeds 5.0
2026-05-06 10:19:17,aquanet/water/ecoli,3500.0,ALERT - E.coli 3500.0 CFU/100ml exceeds 540.0
2026-05-06 10:19:17,aquanet/water/ph,6.47,ALERT - pH 6.47 below minimum 6.5
2026-05-06 10:19:17,aquanet/water/nitrate,0.5,OK
2026-05-06 10:19:17,aquanet/hydraulic/pressure,2.97,OK
2026-05-06 10:19:17,aquanet/hydraulic/flowrate,86.9,OK
2026-05-06 10:19:17,aquanet/alerts,ALERT E.COLI: 3500.0 CFU/100ml exceeds NPS-FM limit of 540.0 - BACTERIAL CONTAMINATION DETECTED,ALERT
2026-05-06 10:19:17,aquanet/alerts,ALERT TURBIDITY: 11.0 NTU exceeds 5.0 NTU - TREATMENT REQUIRED,ALERT
2026-05-06 10:19:17,aquanet/alerts,ALERT pH LOW: 6.47 - CORROSION RISK - below 6.5,ALERT
2026-05-06 10:19:27,aquanet/water/turbidity,16.0,ALERT - Turbidity 16.0 NTU exceeds 5.0
2026-05-06 10:19:27,aquanet/water/ecoli,12000.0,ALERT - E.coli 12000.0 CFU/100ml exceeds 540.0
2026-05-06 10:19:27,aquanet/water/ph,6.42,ALERT - pH 6.42 below minimum 6.5
2026-05-06 10:19:27,aquanet/water/nitrate,0.57,OK
2026-05-06 10:19:27,aquanet/hydraulic/pressure,5.02,ALERT - Pressure 5.02 bar exceeds 5.0
2026-05-06 10:19:27,aquanet/hydraulic/flowrate,82.8,OK
2026-05-06 10:19:27,aquanet/alerts,ALERT E.COLI: 12000.0 CFU/100ml exceeds NPS-FM limit of 540.0 - BACTERIAL CONTAMINATION DETECTED,ALERT
2026-05-06 10:19:27,aquanet/alerts,ALERT TURBIDITY: 16.0 NTU exceeds 5.0 NTU - TREATMENT REQUIRED,ALERT
2026-05-06 10:19:27,aquanet/alerts,ALERT pH LOW: 6.42 - CORROSION RISK - below 6.5,ALERT
2026-05-06 10:19:27,aquanet/alerts,ALERT PRESSURE HIGH: 5.02 bar exceeds 4.0 bar - PIPE BURST RISK,ALERT
2026-05-06 10:19:37,aquanet/water/turbidity,12.0,ALERT - Turbidity 12.0 NTU exceeds 5.0
2026-05-06 10:19:37,aquanet/water/ecoli,11000.0,ALERT - E.coli 11000.0 CFU/100ml exceeds 540.0
2026-05-06 10:19:37,aquanet/water/ph,6.63,OK
2026-05-06 10:19:37,aquanet/water/nitrate,0.41,OK
2026-05-06 10:19:37,aquanet/hydraulic/pressure,4.77,OK
2026-05-06 10:19:37,aquanet/hydraulic/flowrate,98.3,OK
2026-05-06 10:19:37,aquanet/alerts,ALERT E.COLI: 11000.0 CFU/100ml exceeds NPS-FM limit of 540.0 - BACTERIAL CONTAMINATION DETECTED,ALERT
2026-05-06 10:19:37,aquanet/alerts,ALERT TURBIDITY: 12.0 NTU exceeds 5.0 NTU - TREATMENT REQUIRED,ALERT
2026-05-06 10:19:37,aquanet/alerts,ALERT PRESSURE HIGH: 4.77 bar exceeds 4.0 bar - PIPE BURST RISK,ALERT
2026-05-06 10:19:47,aquanet/water/turbidity,18.0,ALERT - Turbidity 18.0 NTU exceeds 5.0
2026-05-06 10:19:47,aquanet/water/ecoli,2900.0,ALERT - E.coli 2900.0 CFU/100ml exceeds 540.0
2026-05-06 10:19:47,aquanet/water/ph,7.06,OK
2026-05-06 10:19:47,aquanet/water/nitrate,0.35,OK
2026-05-06 10:19:47,aquanet/hydraulic/pressure,4.97,OK
2026-05-06 10:19:47,aquanet/hydraulic/flowrate,97.8,OK
2026-05-06 10:19:47,aquanet/alerts,ALERT E.COLI: 2900.0 CFU/100ml exceeds NPS-FM limit of 540.0 - BACTERIAL CONTAMINATION DETECTED,ALERT
2026-05-06 10:19:47,aquanet/alerts,ALERT TURBIDITY: 18.0 NTU exceeds 5.0 NTU - TREATMENT REQUIRED,ALERT
2026-05-06 10:19:47,aquanet/alerts,ALERT PRESSURE HIGH: 4.97 bar exceeds 4.0 bar - PIPE BURST RISK,ALERT
2026-05-06 10:19:57,aquanet/water/turbidity,14.0,ALERT - Turbidity 14.0 NTU exceeds 5.0
2026-05-06 10:19:57,aquanet/water/ecoli,1200.0,ALERT - E.coli 1200.0 CFU/100ml exceeds 540.0
2026-05-06 10:19:57,aquanet/water/ph,6.91,OK
2026-05-06 10:19:57,aquanet/water/nitrate,0.44,OK
2026-05-06 10:19:57,aquanet/hydraulic/pressure,5.68,ALERT - Pressure 5.68 bar exceeds 5.0
2026-05-06 10:19:57,aquanet/hydraulic/flowrate,85.6,OK
2026-05-06 10:19:57,aquanet/alerts,ALERT E.COLI: 1200.0 CFU/100ml exceeds NPS-FM limit of 540.0 - BACTERIAL CONTAMINATION DETECTED,ALERT
2026-05-06 10:19:57,aquanet/alerts,ALERT TURBIDITY: 14.0 NTU exceeds 5.0 NTU - TREATMENT REQUIRED,ALERT
2026-05-06 10:19:57,aquanet/alerts,ALERT PRESSURE HIGH: 5.68 bar exceeds 4.0 bar - PIPE BURST RISK,ALERT
2026-05-06 10:20:07,aquanet/water/turbidity,20.0,ALERT - Turbidity 20.0 NTU exceeds 5.0
2026-05-06 10:20:07,aquanet/water/ecoli,2500.0,ALERT - E.coli 2500.0 CFU/100ml exceeds 540.0
2026-05-06 10:20:07,aquanet/water/ph,6.93,OK
2026-05-06 10:20:07,aquanet/water/nitrate,0.41,OK
2026-05-06 10:20:07,aquanet/hydraulic/pressure,5.25,ALERT - Pressure 5.25 bar exceeds 5.0
2026-05-06 10:20:07,aquanet/hydraulic/flowrate,97.0,OK
2026-05-06 10:20:07,aquanet/alerts,ALERT E.COLI: 2500.0 CFU/100ml exceeds NPS-FM limit of 540.0 - BACTERIAL CONTAMINATION DETECTED,ALERT
2026-05-06 10:20:07,aquanet/alerts,ALERT TURBIDITY: 20.0 NTU exceeds 5.0 NTU - TREATMENT REQUIRED,ALERT
2026-05-06 10:20:07,aquanet/alerts,ALERT PRESSURE HIGH: 5.25 bar exceeds 4.0 bar - PIPE BURST RISK,ALERT
2026-05-06 10:20:17,aquanet/water/turbidity,18.0,ALERT - Turbidity 18.0 NTU exceeds 5.0
2026-05-06 10:20:17,aquanet/water/ecoli,1300.0,ALERT - E.coli 1300.0 CFU/100ml exceeds 540.0
2026-05-06 10:20:17,aquanet/water/ph,6.85,OK
2026-05-06 10:20:17,aquanet/water/nitrate,0.33,OK
2026-05-06 10:20:17,aquanet/hydraulic/pressure,5.47,ALERT - Pressure 5.47 bar exceeds 5.0
2026-05-06 10:20:17,aquanet/hydraulic/flowrate,90.0,OK
2026-05-06 10:20:17,aquanet/alerts,ALERT E.COLI: 1300.0 CFU/100ml exceeds NPS-FM limit of 540.0 - BACTERIAL CONTAMINATION DETECTED,ALERT
2026-05-06 10:20:17,aquanet/alerts,ALERT TURBIDITY: 18.0 NTU exceeds 5.0 NTU - TREATMENT REQUIRED,ALERT
2026-05-06 10:20:17,aquanet/alerts,ALERT PRESSURE HIGH: 5.47 bar exceeds 4.0 bar - PIPE BURST RISK,ALERT
2026-05-06 10:20:27,aquanet/water/turbidity,27.0,ALERT - Turbidity 27.0 NTU exceeds 5.0
2026-05-06 10:20:27,aquanet/water/ecoli,27000.0,ALERT - E.coli 27000.0 CFU/100ml exceeds 540.0
2026-05-06 10:20:27,aquanet/water/ph,6.95,OK
2026-05-06 10:20:27,aquanet/water/nitrate,0.38,OK
2026-05-06 10:20:27,aquanet/hydraulic/pressure,3.6,OK
2026-05-06 10:20:27,aquanet/hydraulic/flowrate,98.4,OK
2026-05-06 10:20:27,aquanet/alerts,ALERT E.COLI: 27000.0 CFU/100ml exceeds NPS-FM limit of 540.0 - BACTERIAL CONTAMINATION DETECTED,ALERT
2026-05-06 10:20:27,aquanet/alerts,ALERT TURBIDITY: 27.0 NTU exceeds 5.0 NTU - TREATMENT REQUIRED,ALERT
2026-05-06 10:20:37,aquanet/water/turbidity,11.0,ALERT - Turbidity 11.0 NTU exceeds 5.0
2026-05-06 10:20:37,aquanet/water/ecoli,810.0,ALERT - E.coli 810.0 CFU/100ml exceeds 540.0
2026-05-06 10:20:37,aquanet/water/ph,6.24,ALERT - pH 6.24 below minimum 6.5
2026-05-06 10:20:37,aquanet/water/nitrate,0.33,OK
2026-05-06 10:20:37,aquanet/hydraulic/pressure,5.32,ALERT - Pressure 5.32 bar exceeds 5.0
2026-05-06 10:20:37,aquanet/hydraulic/flowrate,83.8,OK
2026-05-06 10:20:37,aquanet/alerts,ALERT E.COLI: 810.0 CFU/100ml exceeds NPS-FM limit of 540.0 - BACTERIAL CONTAMINATION DETECTED,ALERT
2026-05-06 10:20:37,aquanet/alerts,ALERT TURBIDITY: 11.0 NTU exceeds 5.0 NTU - TREATMENT REQUIRED,ALERT
2026-05-06 10:20:37,aquanet/alerts,ALERT pH LOW: 6.24 - CORROSION RISK - below 6.5,ALERT
2026-05-06 10:20:37,aquanet/alerts,ALERT PRESSURE HIGH: 5.32 bar exceeds 4.0 bar - PIPE BURST RISK,ALERT
2026-05-06 10:20:47,aquanet/water/turbidity,10.0,ALERT - Turbidity 10.0 NTU exceeds 5.0
2026-05-06 10:20:47,aquanet/water/ecoli,3100.0,ALERT - E.coli 3100.0 CFU/100ml exceeds 540.0
2026-05-06 10:20:47,aquanet/water/ph,6.86,OK
2026-05-06 10:20:47,aquanet/water/nitrate,0.28,OK
2026-05-06 10:20:47,aquanet/hydraulic/pressure,3.3,OK
2026-05-06 10:20:47,aquanet/hydraulic/flowrate,91.7,OK
2026-05-06 10:20:47,aquanet/alerts,ALERT E.COLI: 3100.0 CFU/100ml exceeds NPS-FM limit of 540.0 - BACTERIAL CONTAMINATION DETECTED,ALERT
2026-05-06 10:20:47,aquanet/alerts,ALERT TURBIDITY: 10.0 NTU exceeds 5.0 NTU - TREATMENT REQUIRED,ALERT
2026-05-06 10:20:57,aquanet/water/turbidity,13.0,ALERT - Turbidity 13.0 NTU exceeds 5.0
2026-05-06 10:20:57,aquanet/water/ecoli,31000.0,ALERT - E.coli 31000.0 CFU/100ml exceeds 540.0
2026-05-06 10:20:57,aquanet/water/ph,6.67,OK
2026-05-06 10:20:57,aquanet/water/nitrate,0.33,OK
2026-05-06 10:20:57,aquanet/hydraulic/pressure,5.43,ALERT - Pressure 5.43 bar exceeds 5.0
2026-05-06 10:20:57,aquanet/hydraulic/flowrate,84.2,OK
2026-05-06 10:20:57,aquanet/alerts,ALERT E.COLI: 31000.0 CFU/100ml exceeds NPS-FM limit of 540.0 - BACTERIAL CONTAMINATION DETECTED,ALERT
2026-05-06 10:20:57,aquanet/alerts,ALERT TURBIDITY: 13.0 NTU exceeds 5.0 NTU - TREATMENT REQUIRED,ALERT
2026-05-06 10:20:57,aquanet/alerts,ALERT PRESSURE HIGH: 5.43 bar exceeds 4.0 bar - PIPE BURST RISK,ALERT
2026-05-06 10:21:07,aquanet/water/turbidity,40.0,ALERT - Turbidity 40.0 NTU exceeds 5.0
2026-05-06 10:21:07,aquanet/water/ecoli,1100.0,ALERT - E.coli 1100.0 CFU/100ml exceeds 540.0
2026-05-06 10:21:07,aquanet/water/ph,6.08,ALERT - pH 6.08 below minimum 6.5
2026-05-06 10:21:07,aquanet/water/nitrate,0.27,OK
2026-05-06 10:21:07,aquanet/hydraulic/pressure,5.16,ALERT - Pressure 5.16 bar exceeds 5.0
2026-05-06 10:21:07,aquanet/hydraulic/flowrate,98.9,OK
2026-05-06 10:21:07,aquanet/alerts,ALERT E.COLI: 1100.0 CFU/100ml exceeds NPS-FM limit of 540.0 - BACTERIAL CONTAMINATION DETECTED,ALERT
2026-05-06 10:21:07,aquanet/alerts,ALERT TURBIDITY: 40.0 NTU exceeds 5.0 NTU - TREATMENT REQUIRED,ALERT
2026-05-06 10:21:07,aquanet/alerts,ALERT pH LOW: 6.08 - CORROSION RISK - below 6.5,ALERT
2026-05-06 10:21:07,aquanet/alerts,ALERT PRESSURE HIGH: 5.16 bar exceeds 4.0 bar - PIPE BURST RISK,ALERT
2026-05-06 10:21:17,aquanet/water/turbidity,15.0,ALERT - Turbidity 15.0 NTU exceeds 5.0
2026-05-06 10:21:17,aquanet/water/ecoli,850.0,ALERT - E.coli 850.0 CFU/100ml exceeds 540.0
2026-05-06 10:21:17,aquanet/water/ph,6.95,OK
2026-05-06 10:21:17,aquanet/water/nitrate,0.3,OK
2026-05-06 10:21:17,aquanet/hydraulic/pressure,5.34,ALERT - Pressure 5.34 bar exceeds 5.0
2026-05-06 10:21:17,aquanet/hydraulic/flowrate,76.9,OK
2026-05-06 10:21:17,aquanet/alerts,ALERT E.COLI: 850.0 CFU/100ml exceeds NPS-FM limit of 540.0 - BACTERIAL CONTAMINATION DETECTED,ALERT
2026-05-06 10:21:17,aquanet/alerts,ALERT TURBIDITY: 15.0 NTU exceeds 5.0 NTU - TREATMENT REQUIRED,ALERT
2026-05-06 10:21:17,aquanet/alerts,ALERT PRESSURE HIGH: 5.34 bar exceeds 4.0 bar - PIPE BURST RISK,ALERT
2026-05-06 10:21:27,aquanet/water/turbidity,25.0,ALERT - Turbidity 25.0 NTU exceeds 5.0
2026-05-06 10:21:27,aquanet/water/ecoli,4400.0,ALERT - E.coli 4400.0 CFU/100ml exceeds 540.0
2026-05-06 10:21:27,aquanet/water/ph,6.79,OK
2026-05-06 10:21:27,aquanet/water/nitrate,0.4,OK
2026-05-06 10:21:27,aquanet/hydraulic/pressure,4.41,OK
2026-05-06 10:21:27,aquanet/hydraulic/flowrate,87.5,OK
2026-05-06 10:21:27,aquanet/alerts,ALERT E.COLI: 4400.0 CFU/100ml exceeds NPS-FM limit of 540.0 - BACTERIAL CONTAMINATION DETECTED,ALERT
2026-05-06 10:21:27,aquanet/alerts,ALERT TURBIDITY: 25.0 NTU exceeds 5.0 NTU - TREATMENT REQUIRED,ALERT
2026-05-06 10:21:27,aquanet/alerts,ALERT PRESSURE HIGH: 4.41 bar exceeds 4.0 bar - PIPE BURST RISK,ALERT
2026-05-06 10:21:37,aquanet/water/turbidity,21.0,ALERT - Turbidity 21.0 NTU exceeds 5.0
2026-05-06 10:21:37,aquanet/water/ecoli,4200.0,ALERT - E.coli 4200.0 CFU/100ml exceeds 540.0
2026-05-06 10:21:37,aquanet/water/ph,6.87,OK
2026-05-06 10:21:37,aquanet/water/nitrate,0.34,OK
2026-05-06 10:21:37,aquanet/hydraulic/pressure,3.52,OK
2026-05-06 10:21:37,aquanet/hydraulic/flowrate,84.2,OK
2026-05-06 10:21:37,aquanet/alerts,ALERT E.COLI: 4200.0 CFU/100ml exceeds NPS-FM limit of 540.0 - BACTERIAL CONTAMINATION DETECTED,ALERT
2026-05-06 10:21:37,aquanet/alerts,ALERT TURBIDITY: 21.0 NTU exceeds 5.0 NTU - TREATMENT REQUIRED,ALERT
2026-05-06 10:21:47,aquanet/water/turbidity,17.0,ALERT - Turbidity 17.0 NTU exceeds 5.0
2026-05-06 10:21:47,aquanet/water/ecoli,1100.0,ALERT - E.coli 1100.0 CFU/100ml exceeds 540.0
2026-05-06 10:21:47,aquanet/water/ph,6.77,OK
2026-05-06 10:21:47,aquanet/water/nitrate,0.45,OK
2026-05-06 10:21:47,aquanet/hydraulic/pressure,5.72,ALERT - Pressure 5.72 bar exceeds 5.0
2026-05-06 10:21:47,aquanet/hydraulic/flowrate,93.8,OK
2026-05-06 10:21:47,aquanet/alerts,ALERT E.COLI: 1100.0 CFU/100ml exceeds NPS-FM limit of 540.0 - BACTERIAL CONTAMINATION DETECTED,ALERT
2026-05-06 10:21:47,aquanet/alerts,ALERT TURBIDITY: 17.0 NTU exceeds 5.0 NTU - TREATMENT REQUIRED,ALERT
2026-05-06 10:21:47,aquanet/alerts,ALERT PRESSURE HIGH: 5.72 bar exceeds 4.0 bar - PIPE BURST RISK,ALERT
2026-05-06 10:21:57,aquanet/water/turbidity,11.0,ALERT - Turbidity 11.0 NTU exceeds 5.0
2026-05-06 10:21:57,aquanet/water/ecoli,3000.0,ALERT - E.coli 3000.0 CFU/100ml exceeds 540.0
2026-05-06 10:21:57,aquanet/water/ph,6.76,OK
2026-05-06 10:21:57,aquanet/water/nitrate,0.43,OK
2026-05-06 10:21:57,aquanet/hydraulic/pressure,4.91,OK
2026-05-06 10:21:57,aquanet/hydraulic/flowrate,82.0,OK
2026-05-06 10:21:57,aquanet/alerts,ALERT E.COLI: 3000.0 CFU/100ml exceeds NPS-FM limit of 540.0 - BACTERIAL CONTAMINATION DETECTED,ALERT
2026-05-06 10:21:57,aquanet/alerts,ALERT TURBIDITY: 11.0 NTU exceeds 5.0 NTU - TREATMENT REQUIRED,ALERT
2026-05-06 10:21:57,aquanet/alerts,ALERT PRESSURE HIGH: 4.91 bar exceeds 4.0 bar - PIPE BURST RISK,ALERT
2026-05-06 10:22:07,aquanet/water/turbidity,18.0,ALERT - Turbidity 18.0 NTU exceeds 5.0
2026-05-06 10:22:07,aquanet/water/ecoli,4400.0,ALERT - E.coli 4400.0 CFU/100ml exceeds 540.0
2026-05-06 10:22:07,aquanet/water/ph,7.24,OK
2026-05-06 10:22:07,aquanet/water/nitrate,0.54,OK
2026-05-06 10:22:07,aquanet/hydraulic/pressure,5.27,ALERT - Pressure 5.27 bar exceeds 5.0
2026-05-06 10:22:07,aquanet/hydraulic/flowrate,77.7,OK
2026-05-06 10:22:07,aquanet/alerts,ALERT E.COLI: 4400.0 CFU/100ml exceeds NPS-FM limit of 540.0 - BACTERIAL CONTAMINATION DETECTED,ALERT
2026-05-06 10:22:07,aquanet/alerts,ALERT TURBIDITY: 18.0 NTU exceeds 5.0 NTU - TREATMENT REQUIRED,ALERT
2026-05-06 10:22:07,aquanet/alerts,ALERT PRESSURE HIGH: 5.27 bar exceeds 4.0 bar - PIPE BURST RISK,ALERT
2026-05-06 10:22:17,aquanet/water/turbidity,7.8,ALERT - Turbidity 7.8 NTU exceeds 5.0
2026-05-06 10:22:17,aquanet/water/ecoli,1600.0,ALERT - E.coli 1600.0 CFU/100ml exceeds 540.0
2026-05-06 10:22:17,aquanet/water/ph,6.89,OK
2026-05-06 10:22:17,aquanet/water/nitrate,0.42,OK
2026-05-06 10:22:17,aquanet/hydraulic/pressure,3.09,OK
2026-05-06 10:22:17,aquanet/hydraulic/flowrate,79.0,OK
2026-05-06 10:22:17,aquanet/alerts,ALERT E.COLI: 1600.0 CFU/100ml exceeds NPS-FM limit of 540.0 - BACTERIAL CONTAMINATION DETECTED,ALERT
2026-05-06 10:22:17,aquanet/alerts,ALERT TURBIDITY: 7.8 NTU exceeds 5.0 NTU - TREATMENT REQUIRED,ALERT
2026-05-06 10:22:27,aquanet/water/turbidity,9.0,ALERT - Turbidity 9.0 NTU exceeds 5.0
2026-05-06 10:22:27,aquanet/water/ecoli,1100.0,ALERT - E.coli 1100.0 CFU/100ml exceeds 540.0
2026-05-06 10:22:27,aquanet/water/ph,6.68,OK
2026-05-06 10:22:27,aquanet/water/nitrate,0.33,OK
2026-05-06 10:22:27,aquanet/hydraulic/pressure,3.32,OK
2026-05-06 10:22:27,aquanet/hydraulic/flowrate,100.0,OK
2026-05-06 10:22:27,aquanet/alerts,ALERT E.COLI: 1100.0 CFU/100ml exceeds NPS-FM limit of 540.0 - BACTERIAL CONTAMINATION DETECTED,ALERT
2026-05-06 10:22:27,aquanet/alerts,ALERT TURBIDITY: 9.0 NTU exceeds 5.0 NTU - TREATMENT REQUIRED,ALERT
2026-05-06 10:22:37,aquanet/water/turbidity,11.0,ALERT - Turbidity 11.0 NTU exceeds 5.0
2026-05-06 10:22:37,aquanet/water/ecoli,1000.0,ALERT - E.coli 1000.0 CFU/100ml exceeds 540.0
2026-05-06 10:22:37,aquanet/water/ph,7.21,OK
2026-05-06 10:22:37,aquanet/water/nitrate,0.3,OK
2026-05-06 10:22:37,aquanet/hydraulic/pressure,5.56,ALERT - Pressure 5.56 bar exceeds 5.0
2026-05-06 10:22:37,aquanet/hydraulic/flowrate,84.9,OK
2026-05-06 10:22:37,aquanet/alerts,ALERT E.COLI: 1000.0 CFU/100ml exceeds NPS-FM limit of 540.0 - BACTERIAL CONTAMINATION DETECTED,ALERT
2026-05-06 10:22:37,aquanet/alerts,ALERT TURBIDITY: 11.0 NTU exceeds 5.0 NTU - TREATMENT REQUIRED,ALERT
2026-05-06 10:22:37,aquanet/alerts,ALERT PRESSURE HIGH: 5.56 bar exceeds 4.0 bar - PIPE BURST RISK,ALERT
2026-05-06 10:22:47,aquanet/water/turbidity,22.0,ALERT - Turbidity 22.0 NTU exceeds 5.0
2026-05-06 10:22:47,aquanet/water/ecoli,380.0,OK
2026-05-06 10:22:47,aquanet/water/ph,6.99,OK
2026-05-06 10:22:47,aquanet/water/nitrate,0.26,OK
2026-05-06 10:22:47,aquanet/hydraulic/pressure,5.06,ALERT - Pressure 5.06 bar exceeds 5.0
2026-05-06 10:22:47,aquanet/hydraulic/flowrate,93.6,OK
2026-05-06 10:22:47,aquanet/alerts,ALERT TURBIDITY: 22.0 NTU exceeds 5.0 NTU - TREATMENT REQUIRED,ALERT
2026-05-06 10:22:47,aquanet/alerts,ALERT PRESSURE HIGH: 5.06 bar exceeds 4.0 bar - PIPE BURST RISK,ALERT
2026-05-06 10:22:57,aquanet/water/turbidity,6.9,ALERT - Turbidity 6.9 NTU exceeds 5.0
2026-05-06 10:22:57,aquanet/water/ecoli,520.0,OK
2026-05-06 10:22:57,aquanet/water/ph,6.77,OK
2026-05-06 10:22:57,aquanet/water/nitrate,0.31,OK
2026-05-06 10:22:57,aquanet/hydraulic/pressure,2.88,OK
2026-05-06 10:22:57,aquanet/hydraulic/flowrate,88.1,OK
2026-05-06 10:22:57,aquanet/alerts,ALERT TURBIDITY: 6.9 NTU exceeds 5.0 NTU - TREATMENT REQUIRED,ALERT
2026-05-06 10:23:07,aquanet/water/turbidity,7.7,ALERT - Turbidity 7.7 NTU exceeds 5.0
2026-05-06 10:23:07,aquanet/water/ecoli,390.0,OK
2026-05-06 10:23:07,aquanet/water/ph,6.78,OK
2026-05-06 10:23:07,aquanet/water/nitrate,0.118,OK
2026-05-06 10:23:07,aquanet/hydraulic/pressure,3.45,OK
2026-05-06 10:23:07,aquanet/hydraulic/flowrate,84.1,OK
2026-05-06 10:23:07,aquanet/alerts,ALERT TURBIDITY: 7.7 NTU exceeds 5.0 NTU - TREATMENT REQUIRED,ALERT
2026-05-06 10:23:17,aquanet/water/turbidity,7.1,ALERT - Turbidity 7.1 NTU exceeds 5.0
2026-05-06 10:23:17,aquanet/water/ecoli,720.0,ALERT - E.coli 720.0 CFU/100ml exceeds 540.0
2026-05-06 10:23:17,aquanet/water/ph,6.99,OK
2026-05-06 10:23:17,aquanet/water/nitrate,0.137,OK
2026-05-06 10:23:17,aquanet/hydraulic/pressure,5.65,ALERT - Pressure 5.65 bar exceeds 5.0
2026-05-06 10:23:17,aquanet/hydraulic/flowrate,77.3,OK
2026-05-06 10:23:17,aquanet/alerts,ALERT E.COLI: 720.0 CFU/100ml exceeds NPS-FM limit of 540.0 - BACTERIAL CONTAMINATION DETECTED,ALERT
2026-05-06 10:23:17,aquanet/alerts,ALERT TURBIDITY: 7.1 NTU exceeds 5.0 NTU - TREATMENT REQUIRED,ALERT
2026-05-06 10:23:17,aquanet/alerts,ALERT PRESSURE HIGH: 5.65 bar exceeds 4.0 bar - PIPE BURST RISK,ALERT
2026-05-06 10:23:27,aquanet/water/turbidity,15.0,ALERT - Turbidity 15.0 NTU exceeds 5.0
2026-05-06 10:23:27,aquanet/water/ecoli,790.0,ALERT - E.coli 790.0 CFU/100ml exceeds 540.0
2026-05-06 10:23:27,aquanet/water/ph,6.78,OK
2026-05-06 10:23:27,aquanet/water/nitrate,0.108,OK
2026-05-06 10:23:27,aquanet/hydraulic/pressure,4.89,OK
2026-05-06 10:23:27,aquanet/hydraulic/flowrate,92.6,OK
2026-05-06 10:23:27,aquanet/alerts,ALERT E.COLI: 790.0 CFU/100ml exceeds NPS-FM limit of 540.0 - BACTERIAL CONTAMINATION DETECTED,ALERT
2026-05-06 10:23:27,aquanet/alerts,ALERT TURBIDITY: 15.0 NTU exceeds 5.0 NTU - TREATMENT REQUIRED,ALERT
2026-05-06 10:23:27,aquanet/alerts,ALERT PRESSURE HIGH: 4.89 bar exceeds 4.0 bar - PIPE BURST RISK,ALERT
2026-05-06 10:23:37,aquanet/water/turbidity,7.9,ALERT - Turbidity 7.9 NTU exceeds 5.0
2026-05-06 10:23:37,aquanet/water/ecoli,590.0,ALERT - E.coli 590.0 CFU/100ml exceeds 540.0
2026-05-06 10:23:37,aquanet/water/ph,6.95,OK
2026-05-06 10:23:37,aquanet/water/nitrate,0.121,OK
2026-05-06 10:23:37,aquanet/hydraulic/pressure,4.49,OK
2026-05-06 10:23:37,aquanet/hydraulic/flowrate,79.6,OK
2026-05-06 10:23:37,aquanet/alerts,ALERT E.COLI: 590.0 CFU/100ml exceeds NPS-FM limit of 540.0 - BACTERIAL CONTAMINATION DETECTED,ALERT
2026-05-06 10:23:37,aquanet/alerts,ALERT TURBIDITY: 7.9 NTU exceeds 5.0 NTU - TREATMENT REQUIRED,ALERT
2026-05-06 10:23:37,aquanet/alerts,ALERT PRESSURE HIGH: 4.49 bar exceeds 4.0 bar - PIPE BURST RISK,ALERT
2026-05-06 10:23:47,aquanet/water/turbidity,13.0,ALERT - Turbidity 13.0 NTU exceeds 5.0
2026-05-06 10:23:47,aquanet/water/ecoli,0.0,OK
2026-05-06 10:23:47,aquanet/water/ph,6.8,OK
2026-05-06 10:23:47,aquanet/water/nitrate,0.9,OK
2026-05-06 10:23:47,aquanet/hydraulic/pressure,5.46,ALERT - Pressure 5.46 bar exceeds 5.0
2026-05-06 10:23:47,aquanet/hydraulic/flowrate,76.2,OK
2026-05-06 10:23:47,aquanet/alerts,ALERT TURBIDITY: 13.0 NTU exceeds 5.0 NTU - TREATMENT REQUIRED,ALERT
2026-05-06 10:23:47,aquanet/alerts,ALERT PRESSURE HIGH: 5.46 bar exceeds 4.0 bar - PIPE BURST RISK,ALERT
2026-05-06 10:23:57,aquanet/water/turbidity,12.0,ALERT - Turbidity 12.0 NTU exceeds 5.0
2026-05-06 10:23:57,aquanet/water/ecoli,9800.0,ALERT - E.coli 9800.0 CFU/100ml exceeds 540.0
2026-05-06 10:23:57,aquanet/water/ph,7.27,OK
2026-05-06 10:23:57,aquanet/water/nitrate,1.04,OK
2026-05-06 10:23:57,aquanet/hydraulic/pressure,5.51,ALERT - Pressure 5.51 bar exceeds 5.0
2026-05-06 10:23:57,aquanet/hydraulic/flowrate,76.9,OK
2026-05-06 10:23:57,aquanet/alerts,ALERT E.COLI: 9800.0 CFU/100ml exceeds NPS-FM limit of 540.0 - BACTERIAL CONTAMINATION DETECTED,ALERT
2026-05-06 10:23:57,aquanet/alerts,ALERT TURBIDITY: 12.0 NTU exceeds 5.0 NTU - TREATMENT REQUIRED,ALERT
2026-05-06 10:23:57,aquanet/alerts,ALERT PRESSURE HIGH: 5.51 bar exceeds 4.0 bar - PIPE BURST RISK,ALERT
2026-05-06 10:24:07,aquanet/water/turbidity,11.0,ALERT - Turbidity 11.0 NTU exceeds 5.0
2026-05-06 10:24:07,aquanet/water/ecoli,2100.0,ALERT - E.coli 2100.0 CFU/100ml exceeds 540.0
2026-05-06 10:24:07,aquanet/water/ph,7.07,OK
2026-05-06 10:24:07,aquanet/water/nitrate,0.49,OK
2026-05-06 10:24:07,aquanet/hydraulic/pressure,5.07,ALERT - Pressure 5.07 bar exceeds 5.0
2026-05-06 10:24:07,aquanet/hydraulic/flowrate,93.8,OK
2026-05-06 10:24:07,aquanet/alerts,ALERT E.COLI: 2100.0 CFU/100ml exceeds NPS-FM limit of 540.0 - BACTERIAL CONTAMINATION DETECTED,ALERT
2026-05-06 10:24:07,aquanet/alerts,ALERT TURBIDITY: 11.0 NTU exceeds 5.0 NTU - TREATMENT REQUIRED,ALERT
2026-05-06 10:24:07,aquanet/alerts,ALERT PRESSURE HIGH: 5.07 bar exceeds 4.0 bar - PIPE BURST RISK,ALERT
2026-05-06 10:24:17,aquanet/water/turbidity,8.3,ALERT - Turbidity 8.3 NTU exceeds 5.0
2026-05-06 10:24:17,aquanet/water/ecoli,2200.0,ALERT - E.coli 2200.0 CFU/100ml exceeds 540.0
2026-05-06 10:24:17,aquanet/water/ph,7.45,OK
2026-05-06 10:24:17,aquanet/water/nitrate,0.28,OK
2026-05-06 10:24:17,aquanet/hydraulic/pressure,5.47,ALERT - Pressure 5.47 bar exceeds 5.0
2026-05-06 10:24:17,aquanet/hydraulic/flowrate,72.0,OK
2026-05-06 10:24:17,aquanet/alerts,ALERT E.COLI: 2200.0 CFU/100ml exceeds NPS-FM limit of 540.0 - BACTERIAL CONTAMINATION DETECTED,ALERT
2026-05-06 10:24:17,aquanet/alerts,ALERT TURBIDITY: 8.3 NTU exceeds 5.0 NTU - TREATMENT REQUIRED,ALERT
2026-05-06 10:24:17,aquanet/alerts,ALERT PRESSURE HIGH: 5.47 bar exceeds 4.0 bar - PIPE BURST RISK,ALERT
2026-05-06 10:24:27,aquanet/water/turbidity,9.7,ALERT - Turbidity 9.7 NTU exceeds 5.0
2026-05-06 10:24:27,aquanet/water/ecoli,1500.0,ALERT - E.coli 1500.0 CFU/100ml exceeds 540.0
2026-05-06 10:24:27,aquanet/water/ph,7.43,OK
2026-05-06 10:24:27,aquanet/water/nitrate,0.32,OK
2026-05-06 10:24:27,aquanet/hydraulic/pressure,3.5,OK
2026-05-06 10:24:27,aquanet/hydraulic/flowrate,79.5,OK
2026-05-06 10:24:27,aquanet/alerts,ALERT E.COLI: 1500.0 CFU/100ml exceeds NPS-FM limit of 540.0 - BACTERIAL CONTAMINATION DETECTED,ALERT
2026-05-06 10:24:27,aquanet/alerts,ALERT TURBIDITY: 9.7 NTU exceeds 5.0 NTU - TREATMENT REQUIRED,ALERT
2026-05-06 10:24:37,aquanet/water/turbidity,9.1,ALERT - Turbidity 9.1 NTU exceeds 5.0
2026-05-06 10:24:37,aquanet/water/ecoli,4000.0,ALERT - E.coli 4000.0 CFU/100ml exceeds 540.0
2026-05-06 10:24:37,aquanet/water/ph,7.07,OK
2026-05-06 10:24:37,aquanet/water/nitrate,0.53,OK
2026-05-06 10:24:37,aquanet/hydraulic/pressure,5.95,ALERT - Pressure 5.95 bar exceeds 5.0
2026-05-06 10:24:37,aquanet/hydraulic/flowrate,78.5,OK
2026-05-06 10:24:37,aquanet/alerts,ALERT E.COLI: 4000.0 CFU/100ml exceeds NPS-FM limit of 540.0 - BACTERIAL CONTAMINATION DETECTED,ALERT
2026-05-06 10:24:37,aquanet/alerts,ALERT TURBIDITY: 9.1 NTU exceeds 5.0 NTU - TREATMENT REQUIRED,ALERT
2026-05-06 10:24:37,aquanet/alerts,ALERT PRESSURE HIGH: 5.95 bar exceeds 4.0 bar - PIPE BURST RISK,ALERT
2026-05-06 10:24:47,aquanet/water/turbidity,6.9,ALERT - Turbidity 6.9 NTU exceeds 5.0
2026-05-06 10:24:47,aquanet/water/ecoli,1400.0,ALERT - E.coli 1400.0 CFU/100ml exceeds 540.0
2026-05-06 10:24:47,aquanet/water/ph,6.72,OK
2026-05-06 10:24:47,aquanet/water/nitrate,0.2,OK
2026-05-06 10:24:47,aquanet/hydraulic/pressure,5.13,ALERT - Pressure 5.13 bar exceeds 5.0
2026-05-06 10:24:47,aquanet/hydraulic/flowrate,74.1,OK
2026-05-06 10:24:47,aquanet/alerts,ALERT E.COLI: 1400.0 CFU/100ml exceeds NPS-FM limit of 540.0 - BACTERIAL CONTAMINATION DETECTED,ALERT
2026-05-06 10:24:47,aquanet/alerts,ALERT TURBIDITY: 6.9 NTU exceeds 5.0 NTU - TREATMENT REQUIRED,ALERT
2026-05-06 10:24:47,aquanet/alerts,ALERT PRESSURE HIGH: 5.13 bar exceeds 4.0 bar - PIPE BURST RISK,ALERT
2026-05-06 10:24:57,aquanet/water/turbidity,8.5,ALERT - Turbidity 8.5 NTU exceeds 5.0
2026-05-06 10:24:57,aquanet/water/ecoli,890.0,ALERT - E.coli 890.0 CFU/100ml exceeds 540.0
2026-05-06 10:24:57,aquanet/water/ph,6.74,OK
2026-05-06 10:24:57,aquanet/water/nitrate,0.21,OK
2026-05-06 10:24:57,aquanet/hydraulic/pressure,5.49,ALERT - Pressure 5.49 bar exceeds 5.0
2026-05-06 10:24:57,aquanet/hydraulic/flowrate,79.9,OK
2026-05-06 10:24:57,aquanet/alerts,ALERT E.COLI: 890.0 CFU/100ml exceeds NPS-FM limit of 540.0 - BACTERIAL CONTAMINATION DETECTED,ALERT
2026-05-06 10:24:57,aquanet/alerts,ALERT TURBIDITY: 8.5 NTU exceeds 5.0 NTU - TREATMENT REQUIRED,ALERT
2026-05-06 10:24:57,aquanet/alerts,ALERT PRESSURE HIGH: 5.49 bar exceeds 4.0 bar - PIPE BURST RISK,ALERT
2026-05-06 10:25:07,aquanet/water/turbidity,8.0,ALERT - Turbidity 8.0 NTU exceeds 5.0
2026-05-06 10:25:07,aquanet/water/ecoli,760.0,ALERT - E.coli 760.0 CFU/100ml exceeds 540.0
2026-05-06 10:25:07,aquanet/water/ph,7.51,OK
2026-05-06 10:25:07,aquanet/water/nitrate,0.179,OK
2026-05-06 10:25:07,aquanet/hydraulic/pressure,4.81,OK
2026-05-06 10:25:07,aquanet/hydraulic/flowrate,95.0,OK
2026-05-06 10:25:07,aquanet/alerts,ALERT E.COLI: 760.0 CFU/100ml exceeds NPS-FM limit of 540.0 - BACTERIAL CONTAMINATION DETECTED,ALERT
2026-05-06 10:25:07,aquanet/alerts,ALERT TURBIDITY: 8.0 NTU exceeds 5.0 NTU - TREATMENT REQUIRED,ALERT
2026-05-06 10:25:07,aquanet/alerts,ALERT PRESSURE HIGH: 4.81 bar exceeds 4.0 bar - PIPE BURST RISK,ALERT
2026-05-06 10:25:17,aquanet/water/turbidity,7.7,ALERT - Turbidity 7.7 NTU exceeds 5.0
2026-05-06 10:25:17,aquanet/water/ecoli,590.0,ALERT - E.coli 590.0 CFU/100ml exceeds 540.0
2026-05-06 10:25:17,aquanet/water/ph,7.26,OK
2026-05-06 10:25:17,aquanet/water/nitrate,0.22,OK
2026-05-06 10:25:17,aquanet/hydraulic/pressure,4.83,OK
2026-05-06 10:25:17,aquanet/hydraulic/flowrate,95.6,OK
2026-05-06 10:25:17,aquanet/alerts,ALERT E.COLI: 590.0 CFU/100ml exceeds NPS-FM limit of 540.0 - BACTERIAL CONTAMINATION DETECTED,ALERT
2026-05-06 10:25:17,aquanet/alerts,ALERT TURBIDITY: 7.7 NTU exceeds 5.0 NTU - TREATMENT REQUIRED,ALERT
2026-05-06 10:25:17,aquanet/alerts,ALERT PRESSURE HIGH: 4.83 bar exceeds 4.0 bar - PIPE BURST RISK,ALERT
2026-05-06 10:25:27,aquanet/water/turbidity,9.7,ALERT - Turbidity 9.7 NTU exceeds 5.0
2026-05-06 10:25:27,aquanet/water/ecoli,790.0,ALERT - E.coli 790.0 CFU/100ml exceeds 540.0
2026-05-06 10:25:27,aquanet/water/ph,7.45,OK
2026-05-06 10:25:27,aquanet/water/nitrate,0.094,OK
2026-05-06 10:25:28,aquanet/hydraulic/pressure,5.14,ALERT - Pressure 5.14 bar exceeds 5.0
2026-05-06 10:25:28,aquanet/hydraulic/flowrate,91.1,OK
2026-05-06 10:25:28,aquanet/alerts,ALERT E.COLI: 790.0 CFU/100ml exceeds NPS-FM limit of 540.0 - BACTERIAL CONTAMINATION DETECTED,ALERT
2026-05-06 10:25:28,aquanet/alerts,ALERT TURBIDITY: 9.7 NTU exceeds 5.0 NTU - TREATMENT REQUIRED,ALERT
2026-05-06 10:25:28,aquanet/alerts,ALERT PRESSURE HIGH: 5.14 bar exceeds 4.0 bar - PIPE BURST RISK,ALERT
2026-05-06 10:25:38,aquanet/water/turbidity,7.5,ALERT - Turbidity 7.5 NTU exceeds 5.0
2026-05-06 10:25:38,aquanet/water/ecoli,960.0,ALERT - E.coli 960.0 CFU/100ml exceeds 540.0
2026-05-06 10:25:38,aquanet/water/ph,6.97,OK
2026-05-06 10:25:38,aquanet/water/nitrate,0.48,OK
2026-05-06 10:25:38,aquanet/hydraulic/pressure,4.68,OK
2026-05-06 10:25:38,aquanet/hydraulic/flowrate,82.9,OK
2026-05-06 10:25:38,aquanet/alerts,ALERT E.COLI: 960.0 CFU/100ml exceeds NPS-FM limit of 540.0 - BACTERIAL CONTAMINATION DETECTED,ALERT
2026-05-06 10:25:38,aquanet/alerts,ALERT TURBIDITY: 7.5 NTU exceeds 5.0 NTU - TREATMENT REQUIRED,ALERT
2026-05-06 10:25:38,aquanet/alerts,ALERT PRESSURE HIGH: 4.68 bar exceeds 4.0 bar - PIPE BURST RISK,ALERT
2026-05-06 10:25:48,aquanet/water/turbidity,10.0,ALERT - Turbidity 10.0 NTU exceeds 5.0
2026-05-06 10:25:48,aquanet/water/ecoli,3400.0,ALERT - E.coli 3400.0 CFU/100ml exceeds 540.0
2026-05-06 10:25:48,aquanet/water/ph,6.03,ALERT - pH 6.03 below minimum 6.5
2026-05-06 10:25:48,aquanet/water/nitrate,0.28,OK
2026-05-06 10:25:48,aquanet/hydraulic/pressure,4.55,OK
2026-05-06 10:25:48,aquanet/hydraulic/flowrate,93.3,OK
2026-05-06 10:25:48,aquanet/alerts,ALERT E.COLI: 3400.0 CFU/100ml exceeds NPS-FM limit of 540.0 - BACTERIAL CONTAMINATION DETECTED,ALERT
2026-05-06 10:25:48,aquanet/alerts,ALERT TURBIDITY: 10.0 NTU exceeds 5.0 NTU - TREATMENT REQUIRED,ALERT
2026-05-06 10:25:48,aquanet/alerts,ALERT pH LOW: 6.03 - CORROSION RISK - below 6.5,ALERT
2026-05-06 10:25:48,aquanet/alerts,ALERT PRESSURE HIGH: 4.55 bar exceeds 4.0 bar - PIPE BURST RISK,ALERT
2026-05-06 10:25:58,aquanet/water/turbidity,12.0,ALERT - Turbidity 12.0 NTU exceeds 5.0
2026-05-06 10:25:58,aquanet/water/ecoli,6400.0,ALERT - E.coli 6400.0 CFU/100ml exceeds 540.0
2026-05-06 10:25:58,aquanet/water/ph,6.39,ALERT - pH 6.39 below minimum 6.5
2026-05-06 10:25:58,aquanet/water/nitrate,0.58,OK
2026-05-06 10:25:58,aquanet/hydraulic/pressure,4.86,OK
2026-05-06 10:25:58,aquanet/hydraulic/flowrate,99.8,OK
2026-05-06 10:25:58,aquanet/alerts,ALERT E.COLI: 6400.0 CFU/100ml exceeds NPS-FM limit of 540.0 - BACTERIAL CONTAMINATION DETECTED,ALERT
2026-05-06 10:25:58,aquanet/alerts,ALERT TURBIDITY: 12.0 NTU exceeds 5.0 NTU - TREATMENT REQUIRED,ALERT
2026-05-06 10:25:58,aquanet/alerts,ALERT pH LOW: 6.39 - CORROSION RISK - below 6.5,ALERT
2026-05-06 10:25:58,aquanet/alerts,ALERT PRESSURE HIGH: 4.86 bar exceeds 4.0 bar - PIPE BURST RISK,ALERT
2026-05-06 10:26:08,aquanet/water/turbidity,7.5,ALERT - Turbidity 7.5 NTU exceeds 5.0
2026-05-06 10:26:08,aquanet/water/ecoli,31000.0,ALERT - E.coli 31000.0 CFU/100ml exceeds 540.0
2026-05-06 10:26:08,aquanet/water/ph,6.97,OK
2026-05-06 10:26:08,aquanet/water/nitrate,0.53,OK
2026-05-06 10:26:08,aquanet/hydraulic/pressure,4.87,OK
2026-05-06 10:26:08,aquanet/hydraulic/flowrate,88.6,OK
2026-05-06 10:26:08,aquanet/alerts,ALERT E.COLI: 31000.0 CFU/100ml exceeds NPS-FM limit of 540.0 - BACTERIAL CONTAMINATION DETECTED,ALERT
2026-05-06 10:26:08,aquanet/alerts,ALERT TURBIDITY: 7.5 NTU exceeds 5.0 NTU - TREATMENT REQUIRED,ALERT
2026-05-06 10:26:08,aquanet/alerts,ALERT PRESSURE HIGH: 4.87 bar exceeds 4.0 bar - PIPE BURST RISK,ALERT
2026-05-06 10:26:18,aquanet/water/turbidity,7.8,ALERT - Turbidity 7.8 NTU exceeds 5.0
2026-05-06 10:26:18,aquanet/water/ecoli,2400.0,ALERT - E.coli 2400.0 CFU/100ml exceeds 540.0
2026-05-06 10:26:18,aquanet/water/ph,7.18,OK
2026-05-06 10:26:18,aquanet/water/nitrate,0.69,OK
2026-05-06 10:26:18,aquanet/hydraulic/pressure,5.19,ALERT - Pressure 5.19 bar exceeds 5.0
2026-05-06 10:26:18,aquanet/hydraulic/flowrate,78.6,OK
2026-05-06 10:26:18,aquanet/alerts,ALERT E.COLI: 2400.0 CFU/100ml exceeds NPS-FM limit of 540.0 - BACTERIAL CONTAMINATION DETECTED,ALERT
2026-05-06 10:26:18,aquanet/alerts,ALERT TURBIDITY: 7.8 NTU exceeds 5.0 NTU - TREATMENT REQUIRED,ALERT
2026-05-06 10:26:18,aquanet/alerts,ALERT PRESSURE HIGH: 5.19 bar exceeds 4.0 bar - PIPE BURST RISK,ALERT
2026-05-06 10:26:28,aquanet/water/turbidity,7.0,ALERT - Turbidity 7.0 NTU exceeds 5.0
2026-05-06 10:26:28,aquanet/water/ecoli,900.0,ALERT - E.coli 900.0 CFU/100ml exceeds 540.0
2026-05-06 10:26:28,aquanet/water/ph,7.06,OK
2026-05-06 10:26:28,aquanet/water/nitrate,0.53,OK
2026-05-06 10:26:28,aquanet/hydraulic/pressure,5.26,ALERT - Pressure 5.26 bar exceeds 5.0
2026-05-06 10:26:28,aquanet/hydraulic/flowrate,75.2,OK
2026-05-06 10:26:28,aquanet/alerts,ALERT E.COLI: 900.0 CFU/100ml exceeds NPS-FM limit of 540.0 - BACTERIAL CONTAMINATION DETECTED,ALERT
2026-05-06 10:26:28,aquanet/alerts,ALERT TURBIDITY: 7.0 NTU exceeds 5.0 NTU - TREATMENT REQUIRED,ALERT
2026-05-06 10:26:28,aquanet/alerts,ALERT PRESSURE HIGH: 5.26 bar exceeds 4.0 bar - PIPE BURST RISK,ALERT
2026-05-06 10:26:38,aquanet/water/turbidity,8.8,ALERT - Turbidity 8.8 NTU exceeds 5.0
2026-05-06 10:26:38,aquanet/water/ecoli,750.0,ALERT - E.coli 750.0 CFU/100ml exceeds 540.0
2026-05-06 10:26:38,aquanet/water/ph,7.13,OK
2026-05-06 10:26:38,aquanet/water/nitrate,0.57,OK
2026-05-06 10:26:38,aquanet/hydraulic/pressure,6.0,ALERT - Pressure 6.0 bar exceeds 5.0
2026-05-06 10:26:38,aquanet/hydraulic/flowrate,95.7,OK
2026-05-06 10:26:38,aquanet/alerts,ALERT E.COLI: 750.0 CFU/100ml exceeds NPS-FM limit of 540.0 - BACTERIAL CONTAMINATION DETECTED,ALERT
2026-05-06 10:26:38,aquanet/alerts,ALERT TURBIDITY: 8.8 NTU exceeds 5.0 NTU - TREATMENT REQUIRED,ALERT
2026-05-06 10:26:38,aquanet/alerts,ALERT PRESSURE HIGH: 6.0 bar exceeds 4.0 bar - PIPE BURST RISK,ALERT
2026-05-06 10:26:48,aquanet/water/turbidity,16.0,ALERT - Turbidity 16.0 NTU exceeds 5.0
2026-05-06 10:26:48,aquanet/water/ecoli,540.0,OK
2026-05-06 10:26:48,aquanet/water/ph,7.11,OK
2026-05-06 10:26:48,aquanet/water/nitrate,0.27,OK
2026-05-06 10:26:48,aquanet/hydraulic/pressure,4.79,OK
2026-05-06 10:26:48,aquanet/hydraulic/flowrate,97.5,OK
2026-05-06 10:26:48,aquanet/alerts,ALERT TURBIDITY: 16.0 NTU exceeds 5.0 NTU - TREATMENT REQUIRED,ALERT
2026-05-06 10:26:48,aquanet/alerts,ALERT PRESSURE HIGH: 4.79 bar exceeds 4.0 bar - PIPE BURST RISK,ALERT
2026-05-06 10:26:58,aquanet/water/turbidity,7.2,ALERT - Turbidity 7.2 NTU exceeds 5.0
2026-05-06 10:26:58,aquanet/water/ecoli,460.0,OK
2026-05-06 10:26:58,aquanet/water/ph,7.12,OK
2026-05-06 10:26:58,aquanet/water/nitrate,0.012,OK
2026-05-06 10:26:58,aquanet/hydraulic/pressure,3.41,OK
2026-05-06 10:26:58,aquanet/hydraulic/flowrate,90.8,OK
2026-05-06 10:26:58,aquanet/alerts,ALERT TURBIDITY: 7.2 NTU exceeds 5.0 NTU - TREATMENT REQUIRED,ALERT
2026-05-06 10:27:08,aquanet/water/turbidity,15.0,ALERT - Turbidity 15.0 NTU exceeds 5.0
2026-05-06 10:27:08,aquanet/water/ecoli,500.0,OK
2026-05-06 10:27:08,aquanet/water/ph,7.2,OK
2026-05-06 10:27:08,aquanet/water/nitrate,0.45,OK
2026-05-06 10:27:08,aquanet/hydraulic/pressure,4.86,OK
2026-05-06 10:27:08,aquanet/hydraulic/flowrate,86.2,OK
2026-05-06 10:27:08,aquanet/alerts,ALERT TURBIDITY: 15.0 NTU exceeds 5.0 NTU - TREATMENT REQUIRED,ALERT
2026-05-06 10:27:08,aquanet/alerts,ALERT PRESSURE HIGH: 4.86 bar exceeds 4.0 bar - PIPE BURST RISK,ALERT
2026-05-06 10:27:18,aquanet/water/turbidity,7.1,ALERT - Turbidity 7.1 NTU exceeds 5.0
2026-05-06 10:27:18,aquanet/water/ecoli,1100.0,ALERT - E.coli 1100.0 CFU/100ml exceeds 540.0
2026-05-06 10:27:18,aquanet/water/ph,7.12,OK
2026-05-06 10:27:18,aquanet/water/nitrate,0.3,OK
2026-05-06 10:27:18,aquanet/hydraulic/pressure,4.74,OK
2026-05-06 10:27:18,aquanet/hydraulic/flowrate,91.0,OK
2026-05-06 10:27:18,aquanet/alerts,ALERT E.COLI: 1100.0 CFU/100ml exceeds NPS-FM limit of 540.0 - BACTERIAL CONTAMINATION DETECTED,ALERT
2026-05-06 10:27:18,aquanet/alerts,ALERT TURBIDITY: 7.1 NTU exceeds 5.0 NTU - TREATMENT REQUIRED,ALERT
2026-05-06 10:27:18,aquanet/alerts,ALERT PRESSURE HIGH: 4.74 bar exceeds 4.0 bar - PIPE BURST RISK,ALERT
2026-05-06 10:27:28,aquanet/water/turbidity,6.9,ALERT - Turbidity 6.9 NTU exceeds 5.0
2026-05-06 10:27:28,aquanet/water/ecoli,500.0,OK
2026-05-06 10:27:28,aquanet/water/ph,6.96,OK
2026-05-06 10:27:28,aquanet/water/nitrate,0.3,OK
2026-05-06 10:27:28,aquanet/hydraulic/pressure,5.42,ALERT - Pressure 5.42 bar exceeds 5.0
2026-05-06 10:27:28,aquanet/hydraulic/flowrate,70.2,OK
2026-05-06 10:27:28,aquanet/alerts,ALERT TURBIDITY: 6.9 NTU exceeds 5.0 NTU - TREATMENT REQUIRED,ALERT
2026-05-06 10:27:28,aquanet/alerts,ALERT PRESSURE HIGH: 5.42 bar exceeds 4.0 bar - PIPE BURST RISK,ALERT
2026-05-06 10:27:38,aquanet/water/turbidity,12.0,ALERT - Turbidity 12.0 NTU exceeds 5.0
2026-05-06 10:27:38,aquanet/water/ecoli,1000.0,ALERT - E.coli 1000.0 CFU/100ml exceeds 540.0
2026-05-06 10:27:38,aquanet/water/ph,7.18,OK
2026-05-06 10:27:38,aquanet/water/nitrate,0.28,OK
2026-05-06 10:27:38,aquanet/hydraulic/pressure,5.09,ALERT - Pressure 5.09 bar exceeds 5.0
2026-05-06 10:27:38,aquanet/hydraulic/flowrate,76.7,OK
2026-05-06 10:27:38,aquanet/alerts,ALERT E.COLI: 1000.0 CFU/100ml exceeds NPS-FM limit of 540.0 - BACTERIAL CONTAMINATION DETECTED,ALERT
2026-05-06 10:27:38,aquanet/alerts,ALERT TURBIDITY: 12.0 NTU exceeds 5.0 NTU - TREATMENT REQUIRED,ALERT
2026-05-06 10:27:38,aquanet/alerts,ALERT PRESSURE HIGH: 5.09 bar exceeds 4.0 bar - PIPE BURST RISK,ALERT
2026-05-06 10:27:48,aquanet/water/turbidity,16.0,ALERT - Turbidity 16.0 NTU exceeds 5.0
2026-05-06 10:27:48,aquanet/water/ecoli,6000.0,ALERT - E.coli 6000.0 CFU/100ml exceeds 540.0
2026-05-06 10:27:48,aquanet/water/ph,7.15,OK
2026-05-06 10:27:48,aquanet/water/nitrate,0.72,OK
2026-05-06 10:27:48,aquanet/hydraulic/pressure,4.73,OK
2026-05-06 10:27:48,aquanet/hydraulic/flowrate,74.8,OK
2026-05-06 10:27:48,aquanet/alerts,ALERT E.COLI: 6000.0 CFU/100ml exceeds NPS-FM limit of 540.0 - BACTERIAL CONTAMINATION DETECTED,ALERT
2026-05-06 10:27:48,aquanet/alerts,ALERT TURBIDITY: 16.0 NTU exceeds 5.0 NTU - TREATMENT REQUIRED,ALERT
2026-05-06 10:27:48,aquanet/alerts,ALERT PRESSURE HIGH: 4.73 bar exceeds 4.0 bar - PIPE BURST RISK,ALERT
2026-05-06 10:27:58,aquanet/water/turbidity,25.0,ALERT - Turbidity 25.0 NTU exceeds 5.0
2026-05-06 10:27:58,aquanet/water/ecoli,2500.0,ALERT - E.coli 2500.0 CFU/100ml exceeds 540.0
2026-05-06 10:27:58,aquanet/water/ph,7.09,OK
2026-05-06 10:27:58,aquanet/water/nitrate,0.6,OK
2026-05-06 10:27:58,aquanet/hydraulic/pressure,5.1,ALERT - Pressure 5.1 bar exceeds 5.0
2026-05-06 10:27:58,aquanet/hydraulic/flowrate,81.0,OK
2026-05-06 10:27:58,aquanet/alerts,ALERT E.COLI: 2500.0 CFU/100ml exceeds NPS-FM limit of 540.0 - BACTERIAL CONTAMINATION DETECTED,ALERT
2026-05-06 10:27:58,aquanet/alerts,ALERT TURBIDITY: 25.0 NTU exceeds 5.0 NTU - TREATMENT REQUIRED,ALERT
2026-05-06 10:27:58,aquanet/alerts,ALERT PRESSURE HIGH: 5.1 bar exceeds 4.0 bar - PIPE BURST RISK,ALERT
2026-05-06 10:28:08,aquanet/water/turbidity,45.0,ALERT - Turbidity 45.0 NTU exceeds 5.0
2026-05-06 10:28:08,aquanet/water/ecoli,2900.0,ALERT - E.coli 2900.0 CFU/100ml exceeds 540.0
2026-05-06 10:28:08,aquanet/water/ph,7.33,OK
2026-05-06 10:28:08,aquanet/water/nitrate,0.48,OK
2026-05-06 10:28:08,aquanet/hydraulic/pressure,5.36,ALERT - Pressure 5.36 bar exceeds 5.0
2026-05-06 10:28:08,aquanet/hydraulic/flowrate,73.2,OK
2026-05-06 10:28:08,aquanet/alerts,ALERT E.COLI: 2900.0 CFU/100ml exceeds NPS-FM limit of 540.0 - BACTERIAL CONTAMINATION DETECTED,ALERT
2026-05-06 10:28:08,aquanet/alerts,ALERT TURBIDITY: 45.0 NTU exceeds 5.0 NTU - TREATMENT REQUIRED,ALERT
2026-05-06 10:28:08,aquanet/alerts,ALERT PRESSURE HIGH: 5.36 bar exceeds 4.0 bar - PIPE BURST RISK,ALERT
2026-05-06 10:28:18,aquanet/water/turbidity,10.0,ALERT - Turbidity 10.0 NTU exceeds 5.0
2026-05-06 10:28:18,aquanet/water/ecoli,500.0,OK
2026-05-06 10:28:18,aquanet/water/ph,7.33,OK
2026-05-06 10:28:18,aquanet/water/nitrate,0.4,OK
2026-05-06 10:28:18,aquanet/hydraulic/pressure,4.67,OK
2026-05-06 10:28:18,aquanet/hydraulic/flowrate,74.9,OK
2026-05-06 10:28:18,aquanet/alerts,ALERT TURBIDITY: 10.0 NTU exceeds 5.0 NTU - TREATMENT REQUIRED,ALERT
2026-05-06 10:28:18,aquanet/alerts,ALERT PRESSURE HIGH: 4.67 bar exceeds 4.0 bar - PIPE BURST RISK,ALERT
2026-05-06 10:28:28,aquanet/water/turbidity,6.6,ALERT - Turbidity 6.6 NTU exceeds 5.0
2026-05-06 10:28:28,aquanet/water/ecoli,1700.0,ALERT - E.coli 1700.0 CFU/100ml exceeds 540.0
2026-05-06 10:28:28,aquanet/water/ph,6.91,OK
2026-05-06 10:28:28,aquanet/water/nitrate,0.36,OK
2026-05-06 10:28:28,aquanet/hydraulic/pressure,5.2,ALERT - Pressure 5.2 bar exceeds 5.0
2026-05-06 10:28:28,aquanet/hydraulic/flowrate,82.4,OK
2026-05-06 10:28:28,aquanet/alerts,ALERT E.COLI: 1700.0 CFU/100ml exceeds NPS-FM limit of 540.0 - BACTERIAL CONTAMINATION DETECTED,ALERT
2026-05-06 10:28:28,aquanet/alerts,ALERT TURBIDITY: 6.6 NTU exceeds 5.0 NTU - TREATMENT REQUIRED,ALERT
2026-05-06 10:28:28,aquanet/alerts,ALERT PRESSURE HIGH: 5.2 bar exceeds 4.0 bar - PIPE BURST RISK,ALERT
2026-05-06 10:28:38,aquanet/water/turbidity,9.3,ALERT - Turbidity 9.3 NTU exceeds 5.0
2026-05-06 10:28:38,aquanet/water/ecoli,600.0,ALERT - E.coli 600.0 CFU/100ml exceeds 540.0
2026-05-06 10:28:38,aquanet/water/ph,6.88,OK
2026-05-06 10:28:38,aquanet/water/nitrate,0.34,OK
2026-05-06 10:28:38,aquanet/hydraulic/pressure,5.34,ALERT - Pressure 5.34 bar exceeds 5.0
2026-05-06 10:28:38,aquanet/hydraulic/flowrate,88.9,OK
2026-05-06 10:28:38,aquanet/alerts,ALERT E.COLI: 600.0 CFU/100ml exceeds NPS-FM limit of 540.0 - BACTERIAL CONTAMINATION DETECTED,ALERT
2026-05-06 10:28:38,aquanet/alerts,ALERT TURBIDITY: 9.3 NTU exceeds 5.0 NTU - TREATMENT REQUIRED,ALERT
2026-05-06 10:28:38,aquanet/alerts,ALERT PRESSURE HIGH: 5.34 bar exceeds 4.0 bar - PIPE BURST RISK,ALERT
2026-05-06 10:28:48,aquanet/water/turbidity,10.7,ALERT - Turbidity 10.7 NTU exceeds 5.0
2026-05-06 10:28:48,aquanet/water/ecoli,260.0,OK
2026-05-06 10:28:48,aquanet/water/ph,7.36,OK
2026-05-06 10:28:48,aquanet/water/nitrate,0.3,OK
2026-05-06 10:28:48,aquanet/hydraulic/pressure,5.31,ALERT - Pressure 5.31 bar exceeds 5.0
2026-05-06 10:28:48,aquanet/hydraulic/flowrate,99.6,OK
2026-05-06 10:28:48,aquanet/alerts,ALERT TURBIDITY: 10.7 NTU exceeds 5.0 NTU - TREATMENT REQUIRED,ALERT
2026-05-06 10:28:48,aquanet/alerts,ALERT PRESSURE HIGH: 5.31 bar exceeds 4.0 bar - PIPE BURST RISK,ALERT
2026-05-06 10:28:58,aquanet/water/turbidity,13.7,ALERT - Turbidity 13.7 NTU exceeds 5.0
2026-05-06 10:28:58,aquanet/water/ecoli,1100.0,ALERT - E.coli 1100.0 CFU/100ml exceeds 540.0
2026-05-06 10:28:58,aquanet/water/ph,7.57,OK
2026-05-06 10:28:58,aquanet/water/nitrate,0.31,OK
2026-05-06 10:28:58,aquanet/hydraulic/pressure,4.94,OK
2026-05-06 10:28:58,aquanet/hydraulic/flowrate,78.7,OK
2026-05-06 10:28:58,aquanet/alerts,ALERT E.COLI: 1100.0 CFU/100ml exceeds NPS-FM limit of 540.0 - BACTERIAL CONTAMINATION DETECTED,ALERT
2026-05-06 10:28:58,aquanet/alerts,ALERT TURBIDITY: 13.7 NTU exceeds 5.0 NTU - TREATMENT REQUIRED,ALERT
2026-05-06 10:28:58,aquanet/alerts,ALERT PRESSURE HIGH: 4.94 bar exceeds 4.0 bar - PIPE BURST RISK,ALERT
2026-05-06 10:29:08,aquanet/water/turbidity,10.2,ALERT - Turbidity 10.2 NTU exceeds 5.0
2026-05-06 10:29:08,aquanet/water/ecoli,400.0,OK
2026-05-06 10:29:08,aquanet/water/ph,7.58,OK
2026-05-06 10:29:08,aquanet/water/nitrate,0.31,OK
2026-05-06 10:29:08,aquanet/hydraulic/pressure,5.34,ALERT - Pressure 5.34 bar exceeds 5.0
2026-05-06 10:29:08,aquanet/hydraulic/flowrate,99.4,OK
2026-05-06 10:29:08,aquanet/alerts,ALERT TURBIDITY: 10.2 NTU exceeds 5.0 NTU - TREATMENT REQUIRED,ALERT
2026-05-06 10:29:08,aquanet/alerts,ALERT PRESSURE HIGH: 5.34 bar exceeds 4.0 bar - PIPE BURST RISK,ALERT
2026-05-06 10:29:18,aquanet/water/turbidity,10.3,ALERT - Turbidity 10.3 NTU exceeds 5.0
2026-05-06 10:29:18,aquanet/water/ecoli,1400.0,ALERT - E.coli 1400.0 CFU/100ml exceeds 540.0
2026-05-06 10:29:18,aquanet/water/ph,7.18,OK
2026-05-06 10:29:18,aquanet/water/nitrate,0.24,OK
2026-05-06 10:29:18,aquanet/hydraulic/pressure,5.82,ALERT - Pressure 5.82 bar exceeds 5.0
2026-05-06 10:29:18,aquanet/hydraulic/flowrate,77.8,OK
2026-05-06 10:29:18,aquanet/alerts,ALERT E.COLI: 1400.0 CFU/100ml exceeds NPS-FM limit of 540.0 - BACTERIAL CONTAMINATION DETECTED,ALERT
2026-05-06 10:29:18,aquanet/alerts,ALERT TURBIDITY: 10.3 NTU exceeds 5.0 NTU - TREATMENT REQUIRED,ALERT
2026-05-06 10:29:18,aquanet/alerts,ALERT PRESSURE HIGH: 5.82 bar exceeds 4.0 bar - PIPE BURST RISK,ALERT
2026-05-06 10:29:28,aquanet/water/turbidity,9.1,ALERT - Turbidity 9.1 NTU exceeds 5.0
2026-05-06 10:29:28,aquanet/water/ecoli,800.0,ALERT - E.coli 800.0 CFU/100ml exceeds 540.0
2026-05-06 10:29:28,aquanet/water/ph,7.25,OK
2026-05-06 10:29:28,aquanet/water/nitrate,0.21,OK
2026-05-06 10:29:28,aquanet/hydraulic/pressure,5.22,ALERT - Pressure 5.22 bar exceeds 5.0
2026-05-06 10:29:28,aquanet/hydraulic/flowrate,71.6,OK
2026-05-06 10:29:28,aquanet/alerts,ALERT E.COLI: 800.0 CFU/100ml exceeds NPS-FM limit of 540.0 - BACTERIAL CONTAMINATION DETECTED,ALERT
2026-05-06 10:29:28,aquanet/alerts,ALERT TURBIDITY: 9.1 NTU exceeds 5.0 NTU - TREATMENT REQUIRED,ALERT
2026-05-06 10:29:28,aquanet/alerts,ALERT PRESSURE HIGH: 5.22 bar exceeds 4.0 bar - PIPE BURST RISK,ALERT
2026-05-06 10:29:38,aquanet/water/turbidity,15.6,ALERT - Turbidity 15.6 NTU exceeds 5.0
2026-05-06 10:29:38,aquanet/water/ecoli,3600.0,ALERT - E.coli 3600.0 CFU/100ml exceeds 540.0
2026-05-06 10:29:38,aquanet/water/ph,7.59,OK
2026-05-06 10:29:38,aquanet/water/nitrate,0.29,OK
2026-05-06 10:29:38,aquanet/hydraulic/pressure,4.9,OK
2026-05-06 10:29:38,aquanet/hydraulic/flowrate,71.2,OK
2026-05-06 10:29:38,aquanet/alerts,ALERT E.COLI: 3600.0 CFU/100ml exceeds NPS-FM limit of 540.0 - BACTERIAL CONTAMINATION DETECTED,ALERT
2026-05-06 10:29:38,aquanet/alerts,ALERT TURBIDITY: 15.6 NTU exceeds 5.0 NTU - TREATMENT REQUIRED,ALERT
2026-05-06 10:29:38,aquanet/alerts,ALERT PRESSURE HIGH: 4.9 bar exceeds 4.0 bar - PIPE BURST RISK,ALERT
2026-05-06 10:29:48,aquanet/water/turbidity,22.0,ALERT - Turbidity 22.0 NTU exceeds 5.0
2026-05-06 10:29:48,aquanet/water/ecoli,2900.0,ALERT - E.coli 2900.0 CFU/100ml exceeds 540.0
2026-05-06 10:29:48,aquanet/water/ph,7.02,OK
2026-05-06 10:29:48,aquanet/water/nitrate,0.4,OK
2026-05-06 10:29:48,aquanet/hydraulic/pressure,5.13,ALERT - Pressure 5.13 bar exceeds 5.0
2026-05-06 10:29:48,aquanet/hydraulic/flowrate,89.6,OK
2026-05-06 10:29:48,aquanet/alerts,ALERT E.COLI: 2900.0 CFU/100ml exceeds NPS-FM limit of 540.0 - BACTERIAL CONTAMINATION DETECTED,ALERT
2026-05-06 10:29:48,aquanet/alerts,ALERT TURBIDITY: 22.0 NTU exceeds 5.0 NTU - TREATMENT REQUIRED,ALERT
2026-05-06 10:29:48,aquanet/alerts,ALERT PRESSURE HIGH: 5.13 bar exceeds 4.0 bar - PIPE BURST RISK,ALERT
2026-05-06 10:29:58,aquanet/water/turbidity,9.7,ALERT - Turbidity 9.7 NTU exceeds 5.0
2026-05-06 10:29:58,aquanet/water/ecoli,41000.0,ALERT - E.coli 41000.0 CFU/100ml exceeds 540.0
2026-05-06 10:29:58,aquanet/water/ph,7.18,OK
2026-05-06 10:29:58,aquanet/water/nitrate,0.38,OK
2026-05-06 10:29:58,aquanet/hydraulic/pressure,5.42,ALERT - Pressure 5.42 bar exceeds 5.0
2026-05-06 10:29:58,aquanet/hydraulic/flowrate,88.8,OK
2026-05-06 10:29:58,aquanet/alerts,ALERT E.COLI: 41000.0 CFU/100ml exceeds NPS-FM limit of 540.0 - BACTERIAL CONTAMINATION DETECTED,ALERT
2026-05-06 10:29:58,aquanet/alerts,ALERT TURBIDITY: 9.7 NTU exceeds 5.0 NTU - TREATMENT REQUIRED,ALERT
2026-05-06 10:29:58,aquanet/alerts,ALERT PRESSURE HIGH: 5.42 bar exceeds 4.0 bar - PIPE BURST RISK,ALERT
2026-05-06 10:30:08,aquanet/water/turbidity,8.0,ALERT - Turbidity 8.0 NTU exceeds 5.0
2026-05-06 10:30:08,aquanet/water/ecoli,2200.0,ALERT - E.coli 2200.0 CFU/100ml exceeds 540.0
2026-05-06 10:30:08,aquanet/water/ph,7.36,OK
2026-05-06 10:30:08,aquanet/water/nitrate,0.137,OK
2026-05-06 10:30:08,aquanet/hydraulic/pressure,2.9,OK
2026-05-06 10:30:08,aquanet/hydraulic/flowrate,92.5,OK
2026-05-06 10:30:08,aquanet/alerts,ALERT E.COLI: 2200.0 CFU/100ml exceeds NPS-FM limit of 540.0 - BACTERIAL CONTAMINATION DETECTED,ALERT
2026-05-06 10:30:08,aquanet/alerts,ALERT TURBIDITY: 8.0 NTU exceeds 5.0 NTU - TREATMENT REQUIRED,ALERT
2026-05-06 10:30:18,aquanet/water/turbidity,9.6,ALERT - Turbidity 9.6 NTU exceeds 5.0
2026-05-06 10:30:18,aquanet/water/ecoli,10.0,OK
2026-05-06 10:30:18,aquanet/water/ph,7.19,OK
2026-05-06 10:30:18,aquanet/water/nitrate,0.4,OK
2026-05-06 10:30:18,aquanet/hydraulic/pressure,5.6,ALERT - Pressure 5.6 bar exceeds 5.0
2026-05-06 10:30:18,aquanet/hydraulic/flowrate,89.7,OK
2026-05-06 10:30:18,aquanet/alerts,ALERT TURBIDITY: 9.6 NTU exceeds 5.0 NTU - TREATMENT REQUIRED,ALERT
2026-05-06 10:30:18,aquanet/alerts,ALERT PRESSURE HIGH: 5.6 bar exceeds 4.0 bar - PIPE BURST RISK,ALERT
2026-05-06 10:30:28,aquanet/water/turbidity,11.3,ALERT - Turbidity 11.3 NTU exceeds 5.0
2026-05-06 10:30:28,aquanet/water/ecoli,900.0,ALERT - E.coli 900.0 CFU/100ml exceeds 540.0
2026-05-06 10:30:28,aquanet/water/ph,7.04,OK
2026-05-06 10:30:28,aquanet/water/nitrate,0.51,OK
2026-05-06 10:30:28,aquanet/hydraulic/pressure,5.05,ALERT - Pressure 5.05 bar exceeds 5.0
2026-05-06 10:30:28,aquanet/hydraulic/flowrate,91.6,OK
2026-05-06 10:30:28,aquanet/alerts,ALERT E.COLI: 900.0 CFU/100ml exceeds NPS-FM limit of 540.0 - BACTERIAL CONTAMINATION DETECTED,ALERT
2026-05-06 10:30:28,aquanet/alerts,ALERT TURBIDITY: 11.3 NTU exceeds 5.0 NTU - TREATMENT REQUIRED,ALERT
2026-05-06 10:30:28,aquanet/alerts,ALERT PRESSURE HIGH: 5.05 bar exceeds 4.0 bar - PIPE BURST RISK,ALERT
2026-05-06 10:30:38,aquanet/water/turbidity,10.6,ALERT - Turbidity 10.6 NTU exceeds 5.0
2026-05-06 10:30:38,aquanet/water/ecoli,500.0,OK
2026-05-06 10:30:38,aquanet/water/ph,7.12,OK
2026-05-06 10:30:38,aquanet/water/nitrate,0.47,OK
2026-05-06 10:30:38,aquanet/hydraulic/pressure,3.32,OK
2026-05-06 10:30:38,aquanet/hydraulic/flowrate,98.2,OK
2026-05-06 10:30:38,aquanet/alerts,ALERT TURBIDITY: 10.6 NTU exceeds 5.0 NTU - TREATMENT REQUIRED,ALERT
2026-05-06 10:30:48,aquanet/water/turbidity,12.0,ALERT - Turbidity 12.0 NTU exceeds 5.0
2026-05-06 10:30:48,aquanet/water/ecoli,240.0,OK
2026-05-06 10:30:48,aquanet/water/ph,7.03,OK
2026-05-06 10:30:48,aquanet/water/nitrate,0.35,OK
2026-05-06 10:30:48,aquanet/hydraulic/pressure,3.29,OK
2026-05-06 10:30:48,aquanet/hydraulic/flowrate,85.9,OK
2026-05-06 10:30:48,aquanet/alerts,ALERT TURBIDITY: 12.0 NTU exceeds 5.0 NTU - TREATMENT REQUIRED,ALERT
2026-05-06 10:30:58,aquanet/water/turbidity,14.0,ALERT - Turbidity 14.0 NTU exceeds 5.0
2026-05-06 10:30:58,aquanet/water/ecoli,500.0,OK
2026-05-06 10:30:58,aquanet/water/ph,7.12,OK
2026-05-06 10:30:58,aquanet/water/nitrate,0.39,OK
2026-05-06 10:30:58,aquanet/hydraulic/pressure,4.85,OK
2026-05-06 10:30:58,aquanet/hydraulic/flowrate,81.5,OK
2026-05-06 10:30:58,aquanet/alerts,ALERT TURBIDITY: 14.0 NTU exceeds 5.0 NTU - TREATMENT REQUIRED,ALERT
2026-05-06 10:30:58,aquanet/alerts,ALERT PRESSURE HIGH: 4.85 bar exceeds 4.0 bar - PIPE BURST RISK,ALERT
2026-05-06 10:31:08,aquanet/water/turbidity,8.3,ALERT - Turbidity 8.3 NTU exceeds 5.0
2026-05-06 10:31:08,aquanet/water/ecoli,600.0,ALERT - E.coli 600.0 CFU/100ml exceeds 540.0
2026-05-06 10:31:08,aquanet/water/ph,6.96,OK
2026-05-06 10:31:08,aquanet/water/nitrate,0.34,OK
2026-05-06 10:31:08,aquanet/hydraulic/pressure,5.98,ALERT - Pressure 5.98 bar exceeds 5.0
2026-05-06 10:31:08,aquanet/hydraulic/flowrate,85.4,OK
2026-05-06 10:31:08,aquanet/alerts,ALERT E.COLI: 600.0 CFU/100ml exceeds NPS-FM limit of 540.0 - BACTERIAL CONTAMINATION DETECTED,ALERT
2026-05-06 10:31:08,aquanet/alerts,ALERT TURBIDITY: 8.3 NTU exceeds 5.0 NTU - TREATMENT REQUIRED,ALERT
2026-05-06 10:31:08,aquanet/alerts,ALERT PRESSURE HIGH: 5.98 bar exceeds 4.0 bar - PIPE BURST RISK,ALERT
