Region,Agency,Catchment,LawaSiteID,SiteID,CouncilSiteID,Latitude,Longitude,WFSLanduse,WFSAltitude,RECLandcover,Indicator,SampleDateTime,Timezone,AgencyRawValue,Symbol,Value,Units,QCNumber (Agency value),QCNEMSEquivalent
auckland,Auckland Council,Avondale,arc-00036,Avondale @ Shadbolt,8019,-36.9232796,174.69177898,Urban,Lowland,Urban,Ammoniacal nitrogen,2012-01-06 07:38:00,NZST,0.06,,0.06,mg/l,,
auckland,Auckland Council,Avondale,arc-00036,Avondale @ Shadbolt,8019,-36.9232796,174.69177898,Urban,Lowland,Urban,Ammoniacal nitrogen,2012-02-02 08:52:00,NZST,0.076,,0.076,mg/l,,
auckland,Auckland Council,Avondale,arc-00036,Avondale @ Shadbolt,8019,-36.9232796,174.69177898,Urban,Lowland,Urban,Ammoniacal nitrogen,2012-03-01 08:56:00,NZST,0.04,,0.04,mg/l,,
auckland,Auckland Council,Avondale,arc-00036,Avondale @ Shadbolt,8019,-36.9232796,174.69177898,Urban,Lowland,Urban,Ammoniacal nitrogen,2012-04-03 08:46:00,NZST,0.054,,0.054,mg/l,,
auckland,Auckland Council,Avondale,arc-00036,Avondale @ Shadbolt,8019,-36.9232796,174.69177898,Urban,Lowland,Urban,Ammoniacal nitrogen,2012-05-04 09:46:00,NZST,0.028,,0.028,mg/l,,
auckland,Auckland Council,Avondale,arc-00036,Avondale @ Shadbolt,8019,-36.9232796,174.69177898,Urban,Lowland,Urban,Ammoniacal nitrogen,2012-06-07 09:36:00,NZST,0.033,,0.033,mg/l,,
auckland,Auckland Council,Avondale,arc-00036,Avondale @ Shadbolt,8019,-36.9232796,174.69177898,Urban,Lowland,Urban,Ammoniacal nitrogen,2012-07-05 09:37:00,NZST,<0.005,<,0.005,mg/l,16393.0,610.0
auckland,Auckland Council,Avondale,arc-00036,Avondale @ Shadbolt,8019,-36.9232796,174.69177898,Urban,Lowland,Urban,Ammoniacal nitrogen,2012-08-02 09:27:00,NZST,0.029,,0.029,mg/l,,
auckland,Auckland Council,Avondale,arc-00036,Avondale @ Shadbolt,8019,-36.9232796,174.69177898,Urban,Lowland,Urban,Ammoniacal nitrogen,2012-09-04 08:41:00,NZST,0.028,,0.028,mg/l,,
auckland,Auckland Council,Avondale,arc-00036,Avondale @ Shadbolt,8019,-36.9232796,174.69177898,Urban,Lowland,Urban,Ammoniacal nitrogen,2012-10-04 08:11:00,NZST,0.047,,0.047,mg/l,,
auckland,Auckland Council,Avondale,arc-00036,Avondale @ Shadbolt,8019,-36.9232796,174.69177898,Urban,Lowland,Urban,Ammoniacal nitrogen,2012-11-02 08:13:00,NZST,0.069,,0.069,mg/l,,
auckland,Auckland Council,Avondale,arc-00036,Avondale @ Shadbolt,8019,-36.9232796,174.69177898,Urban,Lowland,Urban,Ammoniacal nitrogen,2012-12-05 08:24:00,NZST,0.058,,0.058,mg/l,,
auckland,Auckland Council,Avondale,arc-00036,Avondale @ Shadbolt,8019,-36.9232796,174.69177898,Urban,Lowland,Urban,Ammoniacal nitrogen,2013-01-09 07:42:00,NZST,0.083,,0.083,mg/l,,
auckland,Auckland Council,Avondale,arc-00036,Avondale @ Shadbolt,8019,-36.9232796,174.69177898,Urban,Lowland,Urban,Ammoniacal nitrogen,2013-02-07 08:20:00,NZST,0.06,,0.06,mg/l,,
auckland,Auckland Council,Avondale,arc-00036,Avondale @ Shadbolt,8019,-36.9232796,174.69177898,Urban,Lowland,Urban,Ammoniacal nitrogen,2013-03-08 08:33:00,NZST,0.053,,0.053,mg/l,,
auckland,Auckland Council,Avondale,arc-00036,Avondale @ Shadbolt,8019,-36.9232796,174.69177898,Urban,Lowland,Urban,Ammoniacal nitrogen,2013-04-04 08:37:00,NZST,0.014,,0.014,mg/l,,
auckland,Auckland Council,Avondale,arc-00036,Avondale @ Shadbolt,8019,-36.9232796,174.69177898,Urban,Lowland,Urban,Ammoniacal nitrogen,2013-05-02 09:52:00,NZST,0.026,,0.026,mg/l,,
auckland,Auckland Council,Avondale,arc-00036,Avondale @ Shadbolt,8019,-36.9232796,174.69177898,Urban,Lowland,Urban,Ammoniacal nitrogen,2013-06-11 10:21:00,NZST,<0.005,<,0.005,mg/l,16393.0,610.0
auckland,Auckland Council,Avondale,arc-00036,Avondale @ Shadbolt,8019,-36.9232796,174.69177898,Urban,Lowland,Urban,Ammoniacal nitrogen,2013-07-02 09:37:00,NZST,0.045,,0.045,mg/l,,
auckland,Auckland Council,Avondale,arc-00036,Avondale @ Shadbolt,8019,-36.9232796,174.69177898,Urban,Lowland,Urban,Ammoniacal nitrogen,2013-07-31 09:30:00,NZST,0.028,,0.028,mg/l,,
auckland,Auckland Council,Avondale,arc-00036,Avondale @ Shadbolt,8019,-36.9232796,174.69177898,Urban,Lowland,Urban,Ammoniacal nitrogen,2013-09-05 09:43:00,NZST,0.17,,0.17,mg/l,,
auckland,Auckland Council,Avondale,arc-00036,Avondale @ Shadbolt,8019,-36.9232796,174.69177898,Urban,Lowland,Urban,Ammoniacal nitrogen,2013-10-09 08:49:00,NZST,0.054,,0.054,mg/l,,
auckland,Auckland Council,Avondale,arc-00036,Avondale @ Shadbolt,8019,-36.9232796,174.69177898,Urban,Lowland,Urban,Ammoniacal nitrogen,2013-11-06 07:32:00,NZST,0.021,,0.021,mg/l,,
auckland,Auckland Council,Avondale,arc-00036,Avondale @ Shadbolt,8019,-36.9232796,174.69177898,Urban,Lowland,Urban,Ammoniacal nitrogen,2013-12-04 12:01:00,NZST,0.041,,0.041,mg/l,,
auckland,Auckland Council,Avondale,arc-00036,Avondale @ Shadbolt,8019,-36.9232796,174.69177898,Urban,Lowland,Urban,Ammoniacal nitrogen,2014-01-09 07:29:00,NZST,0.055,,0.055,mg/l,,
auckland,Auckland Council,Avondale,arc-00036,Avondale @ Shadbolt,8019,-36.9232796,174.69177898,Urban,Lowland,Urban,Ammoniacal nitrogen,2014-02-05 08:27:00,NZST,0.038,,0.038,mg/l,,
auckland,Auckland Council,Avondale,arc-00036,Avondale @ Shadbolt,8019,-36.9232796,174.69177898,Urban,Lowland,Urban,Ammoniacal nitrogen,2014-03-06 08:28:00,NZST,0.019,,0.019,mg/l,,
auckland,Auckland Council,Avondale,arc-00036,Avondale @ Shadbolt,8019,-36.9232796,174.69177898,Urban,Lowland,Urban,Ammoniacal nitrogen,2014-04-03 08:49:00,NZST,0.03,,0.03,mg/l,,
auckland,Auckland Council,Avondale,arc-00036,Avondale @ Shadbolt,8019,-36.9232796,174.69177898,Urban,Lowland,Urban,Ammoniacal nitrogen,2014-05-02 09:27:00,NZST,0.17,,0.17,mg/l,,
auckland,Auckland Council,Avondale,arc-00036,Avondale @ Shadbolt,8019,-36.9232796,174.69177898,Urban,Lowland,Urban,Ammoniacal nitrogen,2014-06-04 09:53:00,NZST,0.072,,0.072,mg/l,,
auckland,Auckland Council,Avondale,arc-00036,Avondale @ Shadbolt,8019,-36.9232796,174.69177898,Urban,Lowland,Urban,Ammoniacal nitrogen,2014-07-03 09:22:00,NZST,0.021,,0.021,mg/l,,
auckland,Auckland Council,Avondale,arc-00036,Avondale @ Shadbolt,8019,-36.9232796,174.69177898,Urban,Lowland,Urban,Ammoniacal nitrogen,2014-08-05 09:40:00,NZST,0.61,,0.61,mg/l,,
auckland,Auckland Council,Avondale,arc-00036,Avondale @ Shadbolt,8019,-36.9232796,174.69177898,Urban,Lowland,Urban,Ammoniacal nitrogen,2014-09-04 09:29:00,NZST,0.036,,0.036,mg/l,,
auckland,Auckland Council,Avondale,arc-00036,Avondale @ Shadbolt,8019,-36.9232796,174.69177898,Urban,Lowland,Urban,Ammoniacal nitrogen,2014-10-10 08:25:00,NZST,0.054,,0.054,mg/l,,
auckland,Auckland Council,Avondale,arc-00036,Avondale @ Shadbolt,8019,-36.9232796,174.69177898,Urban,Lowland,Urban,Ammoniacal nitrogen,2014-11-06 08:21:00,NZST,0.037,,0.037,mg/l,,
auckland,Auckland Council,Avondale,arc-00036,Avondale @ Shadbolt,8019,-36.9232796,174.69177898,Urban,Lowland,Urban,Ammoniacal nitrogen,2014-12-02 09:30:00,NZST,0.024,,0.024,mg/l,,
auckland,Auckland Council,Avondale,arc-00036,Avondale @ Shadbolt,8019,-36.9232796,174.69177898,Urban,Lowland,Urban,Ammoniacal nitrogen,2015-01-08 09:20:00,NZST,0.038,,0.038,mg/l,,
auckland,Auckland Council,Avondale,arc-00036,Avondale @ Shadbolt,8019,-36.9232796,174.69177898,Urban,Lowland,Urban,Ammoniacal nitrogen,2015-02-05 09:23:00,NZST,0.027,,0.027,mg/l,,
auckland,Auckland Council,Avondale,arc-00036,Avondale @ Shadbolt,8019,-36.9232796,174.69177898,Urban,Lowland,Urban,Ammoniacal nitrogen,2015-03-05 09:32:00,NZST,0.036,,0.036,mg/l,,
auckland,Auckland Council,Avondale,arc-00036,Avondale @ Shadbolt,8019,-36.9232796,174.69177898,Urban,Lowland,Urban,Ammoniacal nitrogen,2015-04-02 12:01:00,NZST,0.049,,0.049,mg/l,,
auckland,Auckland Council,Avondale,arc-00036,Avondale @ Shadbolt,8019,-36.9232796,174.69177898,Urban,Lowland,Urban,Ammoniacal nitrogen,2015-05-01 07:53:00,NZST,0.043,,0.043,mg/l,,
auckland,Auckland Council,Avondale,arc-00036,Avondale @ Shadbolt,8019,-36.9232796,174.69177898,Urban,Lowland,Urban,Ammoniacal nitrogen,2015-06-03 07:56:00,NZST,0.023,,0.023,mg/l,,
auckland,Auckland Council,Avondale,arc-00036,Avondale @ Shadbolt,8019,-36.9232796,174.69177898,Urban,Lowland,Urban,Ammoniacal nitrogen,2015-07-01 08:32:00,NZST,0.022,,0.022,mg/l,,
auckland,Auckland Council,Avondale,arc-00036,Avondale @ Shadbolt,8019,-36.9232796,174.69177898,Urban,Lowland,Urban,Ammoniacal nitrogen,2015-08-03 08:28:00,NZST,0.052,,0.052,mg/l,,
auckland,Auckland Council,Avondale,arc-00036,Avondale @ Shadbolt,8019,-36.9232796,174.69177898,Urban,Lowland,Urban,Ammoniacal nitrogen,2015-09-10 08:31:00,NZST,0.065,,0.065,mg/l,,
auckland,Auckland Council,Avondale,arc-00036,Avondale @ Shadbolt,8019,-36.9232796,174.69177898,Urban,Lowland,Urban,Ammoniacal nitrogen,2015-10-01 07:02:00,NZST,0.025,,0.025,mg/l,,
auckland,Auckland Council,Avondale,arc-00036,Avondale @ Shadbolt,8019,-36.9232796,174.69177898,Urban,Lowland,Urban,Ammoniacal nitrogen,2015-11-02 07:23:00,NZST,0.032,,0.032,mg/l,,
auckland,Auckland Council,Avondale,arc-00036,Avondale @ Shadbolt,8019,-36.9232796,174.69177898,Urban,Lowland,Urban,Ammoniacal nitrogen,2015-12-01 07:20:00,NZST,0.025,,0.025,mg/l,,
auckland,Auckland Council,Avondale,arc-00036,Avondale @ Shadbolt,8019,-36.9232796,174.69177898,Urban,Lowland,Urban,Ammoniacal nitrogen,2016-01-25 07:55:00,NZST,0.041,,0.041,mg/l,,
auckland,Auckland Council,Avondale,arc-00036,Avondale @ Shadbolt,8019,-36.9232796,174.69177898,Urban,Lowland,Urban,Ammoniacal nitrogen,2016-02-15 07:51:00,NZST,0.049,,0.049,mg/l,,
auckland,Auckland Council,Avondale,arc-00036,Avondale @ Shadbolt,8019,-36.9232796,174.69177898,Urban,Lowland,Urban,Ammoniacal nitrogen,2016-03-21 08:50:00,NZST,0.025,,0.025,mg/l,,
auckland,Auckland Council,Avondale,arc-00036,Avondale @ Shadbolt,8019,-36.9232796,174.69177898,Urban,Lowland,Urban,Ammoniacal nitrogen,2016-04-21 10:20:00,NZST,0.047,,0.047,mg/l,,
auckland,Auckland Council,Avondale,arc-00036,Avondale @ Shadbolt,8019,-36.9232796,174.69177898,Urban,Lowland,Urban,Ammoniacal nitrogen,2016-05-20 09:46:00,NZST,0.025,,0.025,mg/l,,
auckland,Auckland Council,Avondale,arc-00036,Avondale @ Shadbolt,8019,-36.9232796,174.69177898,Urban,Lowland,Urban,Ammoniacal nitrogen,2016-06-20 10:10:00,NZST,0.05,,0.05,mg/l,,
auckland,Auckland Council,Avondale,arc-00036,Avondale @ Shadbolt,8019,-36.9232796,174.69177898,Urban,Lowland,Urban,Ammoniacal nitrogen,2016-07-18 09:36:00,NZST,0.027,,0.027,mg/l,,
auckland,Auckland Council,Avondale,arc-00036,Avondale @ Shadbolt,8019,-36.9232796,174.69177898,Urban,Lowland,Urban,Ammoniacal nitrogen,2016-08-31 09:35:00,NZST,0.025,,0.025,mg/l,,
auckland,Auckland Council,Avondale,arc-00036,Avondale @ Shadbolt,8019,-36.9232796,174.69177898,Urban,Lowland,Urban,Ammoniacal nitrogen,2016-09-28 07:46:00,NZST,0.034,,0.034,mg/l,,
auckland,Auckland Council,Avondale,arc-00036,Avondale @ Shadbolt,8019,-36.9232796,174.69177898,Urban,Lowland,Urban,Ammoniacal nitrogen,2016-10-27 11:11:00,NZST,0.029,,0.029,mg/l,,
auckland,Auckland Council,Avondale,arc-00036,Avondale @ Shadbolt,8019,-36.9232796,174.69177898,Urban,Lowland,Urban,Ammoniacal nitrogen,2016-11-28 08:52:00,NZST,0.022,,0.022,mg/l,,
auckland,Auckland Council,Avondale,arc-00036,Avondale @ Shadbolt,8019,-36.9232796,174.69177898,Urban,Lowland,Urban,Ammoniacal nitrogen,2016-12-14 09:43:00,NZST,0.032,,0.032,mg/l,,
auckland,Auckland Council,Avondale,arc-00036,Avondale @ Shadbolt,8019,-36.9232796,174.69177898,Urban,Lowland,Urban,Ammoniacal nitrogen,2017-01-26 08:22:00,NZST,0.032,,0.032,mg/l,,
auckland,Auckland Council,Avondale,arc-00036,Avondale @ Shadbolt,8019,-36.9232796,174.69177898,Urban,Lowland,Urban,Ammoniacal nitrogen,2017-02-23 07:44:00,NZST,0.056,,0.056,mg/l,,
auckland,Auckland Council,Avondale,arc-00036,Avondale @ Shadbolt,8019,-36.9232796,174.69177898,Urban,Lowland,Urban,Ammoniacal nitrogen,2017-03-27 10:03:00,NZST,0.039,,0.039,mg/l,,
auckland,Auckland Council,Avondale,arc-00036,Avondale @ Shadbolt,8019,-36.9232796,174.69177898,Urban,Lowland,Urban,Ammoniacal nitrogen,2017-04-28 10:08:00,NZST,0.013,,0.013,mg/l,,
auckland,Auckland Council,Avondale,arc-00036,Avondale @ Shadbolt,8019,-36.9232796,174.69177898,Urban,Lowland,Urban,Ammoniacal nitrogen,2017-05-29 09:55:00,NZST,0.023,,0.023,mg/l,,
auckland,Auckland Council,Avondale,arc-00036,Avondale @ Shadbolt,8019,-36.9232796,174.69177898,Urban,Lowland,Urban,Ammoniacal nitrogen,2017-06-27 09:17:00,NZST,0.027,,0.027,mg/l,,
auckland,Auckland Council,Avondale,arc-00036,Avondale @ Shadbolt,8019,-36.9232796,174.69177898,Urban,Lowland,Urban,Ammoniacal nitrogen,2017-07-26 08:50:00,NZST,0.029,,0.029,mg/l,,
auckland,Auckland Council,Avondale,arc-00036,Avondale @ Shadbolt,8019,-36.9232796,174.69177898,Urban,Lowland,Urban,Ammoniacal nitrogen,2017-08-25 08:34:00,NZST,0.03,,0.03,mg/l,,
auckland,Auckland Council,Avondale,arc-00036,Avondale @ Shadbolt,8019,-36.9232796,174.69177898,Urban,Lowland,Urban,Ammoniacal nitrogen,2017-09-25 09:37:00,NZST,0.025,,0.025,mg/l,,
auckland,Auckland Council,Avondale,arc-00036,Avondale @ Shadbolt,8019,-36.9232796,174.69177898,Urban,Lowland,Urban,Ammoniacal nitrogen,2017-10-20 07:54:00,NZST,0.021,,0.021,mg/l,,
auckland,Auckland Council,Avondale,arc-00036,Avondale @ Shadbolt,8019,-36.9232796,174.69177898,Urban,Lowland,Urban,Ammoniacal nitrogen,2017-11-21 08:19:00,NZST,0.013,,0.013,mg/l,,
auckland,Auckland Council,Avondale,arc-00036,Avondale @ Shadbolt,8019,-36.9232796,174.69177898,Urban,Lowland,Urban,Ammoniacal nitrogen,2017-12-21 08:14:00,NZST,0.018,,0.018,mg/l,,
auckland,Auckland Council,Avondale,arc-00036,Avondale @ Shadbolt,8019,-36.9232796,174.69177898,Urban,Lowland,Urban,Ammoniacal nitrogen,2018-01-19 08:46:00,NZST,<0.005,<,0.005,mg/l,16393.0,610.0
auckland,Auckland Council,Avondale,arc-00036,Avondale @ Shadbolt,8019,-36.9232796,174.69177898,Urban,Lowland,Urban,Ammoniacal nitrogen,2018-02-19 09:36:00,NZST,0.022,,0.022,mg/l,,
auckland,Auckland Council,Avondale,arc-00036,Avondale @ Shadbolt,8019,-36.9232796,174.69177898,Urban,Lowland,Urban,Ammoniacal nitrogen,2018-03-19 09:30:00,NZST,0.019,,0.019,mg/l,,
auckland,Auckland Council,Avondale,arc-00036,Avondale @ Shadbolt,8019,-36.9232796,174.69177898,Urban,Lowland,Urban,Ammoniacal nitrogen,2018-04-17 08:40:00,NZST,0.025,,0.025,mg/l,,
auckland,Auckland Council,Avondale,arc-00036,Avondale @ Shadbolt,8019,-36.9232796,174.69177898,Urban,Lowland,Urban,Ammoniacal nitrogen,2018-05-18 08:28:00,NZST,<0.005,<,0.005,mg/l,16393.0,610.0
auckland,Auckland Council,Avondale,arc-00036,Avondale @ Shadbolt,8019,-36.9232796,174.69177898,Urban,Lowland,Urban,Ammoniacal nitrogen,2018-06-18 09:53:00,NZST,0.015,,0.015,mg/l,,
auckland,Auckland Council,Avondale,arc-00036,Avondale @ Shadbolt,8019,-36.9232796,174.69177898,Urban,Lowland,Urban,Ammoniacal nitrogen,2018-07-17 09:49:00,NZST,0.033,,0.033,mg/l,,
auckland,Auckland Council,Avondale,arc-00036,Avondale @ Shadbolt,8019,-36.9232796,174.69177898,Urban,Lowland,Urban,Ammoniacal nitrogen,2018-08-16 09:36:00,NZST,0.032,,0.032,mg/l,,
auckland,Auckland Council,Avondale,arc-00036,Avondale @ Shadbolt,8019,-36.9232796,174.69177898,Urban,Lowland,Urban,Ammoniacal nitrogen,2018-09-27 07:58:00,NZST,0.016,,0.016,mg/l,,
auckland,Auckland Council,Avondale,arc-00036,Avondale @ Shadbolt,8019,-36.9232796,174.69177898,Urban,Lowland,Urban,Ammoniacal nitrogen,2018-11-28 09:56:00,NZST,0.066,,0.066,mg/l,,
auckland,Auckland Council,Avondale,arc-00036,Avondale @ Shadbolt,8019,-36.9232796,174.69177898,Urban,Lowland,Urban,Ammoniacal nitrogen,2018-12-18 08:20:00,NZST,0.02,,0.02,mg/l,,
auckland,Auckland Council,Avondale,arc-00036,Avondale @ Shadbolt,8019,-36.9232796,174.69177898,Urban,Lowland,Urban,Ammoniacal nitrogen,2019-01-23 07:35:00,NZST,0.02,,0.02,mg/l,,
auckland,Auckland Council,Avondale,arc-00036,Avondale @ Shadbolt,8019,-36.9232796,174.69177898,Urban,Lowland,Urban,Ammoniacal nitrogen,2019-02-21 08:23:00,NZST,0.074,,0.074,mg/l,,
auckland,Auckland Council,Avondale,arc-00036,Avondale @ Shadbolt,8019,-36.9232796,174.69177898,Urban,Lowland,Urban,Ammoniacal nitrogen,2019-03-28 08:00:00,NZST,0.028,,0.028,mg/l,,
auckland,Auckland Council,Avondale,arc-00036,Avondale @ Shadbolt,8019,-36.9232796,174.69177898,Urban,Lowland,Urban,Ammoniacal nitrogen,2019-04-12 08:52:00,NZST,0.01,,0.01,mg/l,,
auckland,Auckland Council,Avondale,arc-00036,Avondale @ Shadbolt,8019,-36.9232796,174.69177898,Urban,Lowland,Urban,Ammoniacal nitrogen,2019-05-27 08:24:00,NZST,0.021,,0.021,mg/l,,
auckland,Auckland Council,Avondale,arc-00036,Avondale @ Shadbolt,8019,-36.9232796,174.69177898,Urban,Lowland,Urban,Ammoniacal nitrogen,2019-06-19 08:52:00,NZST,0.028,,0.028,mg/l,,
auckland,Auckland Council,Avondale,arc-00036,Avondale @ Shadbolt,8019,-36.9232796,174.69177898,Urban,Lowland,Urban,Ammoniacal nitrogen,2019-07-17 09:52:00,NZST,0.023,,0.023,mg/l,,
auckland,Auckland Council,Avondale,arc-00036,Avondale @ Shadbolt,8019,-36.9232796,174.69177898,Urban,Lowland,Urban,Ammoniacal nitrogen,2019-08-16 08:25:00,NZST,0.025,,0.025,mg/l,,
auckland,Auckland Council,Avondale,arc-00036,Avondale @ Shadbolt,8019,-36.9232796,174.69177898,Urban,Lowland,Urban,Ammoniacal nitrogen,2019-10-07 08:04:00,NZST,0.03,,0.03,mg/l,,
auckland,Auckland Council,Avondale,arc-00036,Avondale @ Shadbolt,8019,-36.9232796,174.69177898,Urban,Lowland,Urban,Ammoniacal nitrogen,2019-10-31 08:14:00,NZST,0.024,,0.024,mg/l,,
auckland,Auckland Council,Avondale,arc-00036,Avondale @ Shadbolt,8019,-36.9232796,174.69177898,Urban,Lowland,Urban,Ammoniacal nitrogen,2019-11-25 08:48:00,NZST,0.023,,0.023,mg/l,,
auckland,Auckland Council,Avondale,arc-00036,Avondale @ Shadbolt,8019,-36.9232796,174.69177898,Urban,Lowland,Urban,Ammoniacal nitrogen,2019-12-23 07:25:00,NZST,0.01,,0.01,mg/l,,
auckland,Auckland Council,Avondale,arc-00036,Avondale @ Shadbolt,8019,-36.9232796,174.69177898,Urban,Lowland,Urban,Ammoniacal nitrogen,2020-01-29 08:09:00,NZST,0.031,,0.031,mg/l,0.0,600.0
auckland,Auckland Council,Avondale,arc-00036,Avondale @ Shadbolt,8019,-36.9232796,174.69177898,Urban,Lowland,Urban,Ammoniacal nitrogen,2020-02-25 07:30:00,NZST,0.053,,0.053,mg/l,0.0,600.0
auckland,Auckland Council,Avondale,arc-00036,Avondale @ Shadbolt,8019,-36.9232796,174.69177898,Urban,Lowland,Urban,Ammoniacal nitrogen,2020-03-13 08:25:00,NZST,0.03,,0.03,mg/l,0.0,600.0
auckland,Auckland Council,Avondale,arc-00036,Avondale @ Shadbolt,8019,-36.9232796,174.69177898,Urban,Lowland,Urban,Ammoniacal nitrogen,2020-04-30 09:29:00,NZST,0.028,,0.028,mg/l,0.0,600.0
auckland,Auckland Council,Avondale,arc-00036,Avondale @ Shadbolt,8019,-36.9232796,174.69177898,Urban,Lowland,Urban,Ammoniacal nitrogen,2020-05-28 09:51:00,NZST,0.043,,0.043,mg/l,0.0,600.0
auckland,Auckland Council,Avondale,arc-00036,Avondale @ Shadbolt,8019,-36.9232796,174.69177898,Urban,Lowland,Urban,Ammoniacal nitrogen,2020-06-26 10:38:00,NZST,0.027,,0.027,mg/l,0.0,600.0
auckland,Auckland Council,Avondale,arc-00036,Avondale @ Shadbolt,8019,-36.9232796,174.69177898,Urban,Lowland,Urban,Ammoniacal nitrogen,2020-07-09 10:50:00,NZST,0.017,,0.017,mg/l,0.0,600.0
auckland,Auckland Council,Avondale,arc-00036,Avondale @ Shadbolt,8019,-36.9232796,174.69177898,Urban,Lowland,Urban,Ammoniacal nitrogen,2020-08-07 10:09:00,NZST,0.019,,0.019,mg/l,0.0,600.0
auckland,Auckland Council,Avondale,arc-00036,Avondale @ Shadbolt,8019,-36.9232796,174.69177898,Urban,Lowland,Urban,Ammoniacal nitrogen,2020-09-09 10:34:00,NZST,0.02,,0.02,mg/l,0.0,600.0
auckland,Auckland Council,Avondale,arc-00036,Avondale @ Shadbolt,8019,-36.9232796,174.69177898,Urban,Lowland,Urban,Ammoniacal nitrogen,2020-10-08 10:12:00,NZST,0.033,,0.033,mg/l,0.0,600.0
auckland,Auckland Council,Avondale,arc-00036,Avondale @ Shadbolt,8019,-36.9232796,174.69177898,Urban,Lowland,Urban,Ammoniacal nitrogen,2020-11-24 09:45:00,NZST,0.02,,0.02,mg/l,0.0,600.0
auckland,Auckland Council,Avondale,arc-00036,Avondale @ Shadbolt,8019,-36.9232796,174.69177898,Urban,Lowland,Urban,Ammoniacal nitrogen,2020-12-14 11:28:00,NZST,0.022,,0.022,mg/l,0.0,600.0
auckland,Auckland Council,Avondale,arc-00036,Avondale @ Shadbolt,8019,-36.9232796,174.69177898,Urban,Lowland,Urban,Ammoniacal nitrogen,2021-01-20 09:25:00,NZST,<0.005,<,0.005,mg/l,16384.0,600.0
auckland,Auckland Council,Avondale,arc-00036,Avondale @ Shadbolt,8019,-36.9232796,174.69177898,Urban,Lowland,Urban,Ammoniacal nitrogen,2021-02-11 10:34:00,NZST,0.047,,0.047,mg/l,0.0,600.0
auckland,Auckland Council,Avondale,arc-00036,Avondale @ Shadbolt,8019,-36.9232796,174.69177898,Urban,Lowland,Urban,Ammoniacal nitrogen,2021-03-25 08:57:00,NZST,0.02,,0.02,mg/l,0.0,600.0
auckland,Auckland Council,Avondale,arc-00036,Avondale @ Shadbolt,8019,-36.9232796,174.69177898,Urban,Lowland,Urban,Ammoniacal nitrogen,2021-04-28 11:24:00,NZST,0.018,,0.018,mg/l,0.0,600.0
auckland,Auckland Council,Avondale,arc-00036,Avondale @ Shadbolt,8019,-36.9232796,174.69177898,Urban,Lowland,Urban,Ammoniacal nitrogen,2021-05-13 11:43:00,NZST,0.017,,0.017,mg/l,0.0,600.0
auckland,Auckland Council,Avondale,arc-00036,Avondale @ Shadbolt,8019,-36.9232796,174.69177898,Urban,Lowland,Urban,Ammoniacal nitrogen,2021-06-08 09:16:00,NZST,0.013,,0.013,mg/l,0.0,600.0
auckland,Auckland Council,Avondale,arc-00036,Avondale @ Shadbolt,8019,-36.9232796,174.69177898,Urban,Lowland,Urban,Ammoniacal nitrogen,2021-07-14 10:32:00,NZST,0.026,,0.026,mg/l,0.0,600.0
auckland,Auckland Council,Avondale,arc-00036,Avondale @ Shadbolt,8019,-36.9232796,174.69177898,Urban,Lowland,Urban,Ammoniacal nitrogen,2021-08-10 09:29:00,NZST,0.029,,0.029,mg/l,0.0,600.0
auckland,Auckland Council,Avondale,arc-00036,Avondale @ Shadbolt,8019,-36.9232796,174.69177898,Urban,Lowland,Urban,Ammoniacal nitrogen,2021-09-29 08:48:00,NZST,1.16,,1.16,mg/l,0.0,600.0
auckland,Auckland Council,Avondale,arc-00036,Avondale @ Shadbolt,8019,-36.9232796,174.69177898,Urban,Lowland,Urban,Ammoniacal nitrogen,2021-10-14 08:29:00,NZST,0.27,,0.27,mg/l,0.0,600.0
auckland,Auckland Council,Avondale,arc-00036,Avondale @ Shadbolt,8019,-36.9232796,174.69177898,Urban,Lowland,Urban,Ammoniacal nitrogen,2021-11-11 07:57:00,NZST,1.73,,1.73,mg/l,0.0,600.0
auckland,Auckland Council,Avondale,arc-00036,Avondale @ Shadbolt,8019,-36.9232796,174.69177898,Urban,Lowland,Urban,Ammoniacal nitrogen,2021-12-09 08:56:00,NZST,3.4,,3.4,mg/l,41.0,400.0
auckland,Auckland Council,Avondale,arc-00036,Avondale @ Shadbolt,8019,-36.9232796,174.69177898,Urban,Lowland,Urban,Ammoniacal nitrogen,2022-01-17 08:06:00,NZST,0.182,,0.182,mg/l,0.0,600.0
auckland,Auckland Council,Avondale,arc-00036,Avondale @ Shadbolt,8019,-36.9232796,174.69177898,Urban,Lowland,Urban,Ammoniacal nitrogen,2022-02-18 09:48:00,NZST,0.093,,0.093,mg/l,0.0,600.0
auckland,Auckland Council,Avondale,arc-00036,Avondale @ Shadbolt,8019,-36.9232796,174.69177898,Urban,Lowland,Urban,Ammoniacal nitrogen,2022-03-18 09:01:00,NZST,0.056,,0.056,mg/l,0.0,600.0
auckland,Auckland Council,Avondale,arc-00036,Avondale @ Shadbolt,8019,-36.9232796,174.69177898,Urban,Lowland,Urban,Ammoniacal nitrogen,2022-04-14 09:43:00,NZST,0.02,,0.02,mg/l,0.0,600.0
auckland,Auckland Council,Avondale,arc-00036,Avondale @ Shadbolt,8019,-36.9232796,174.69177898,Urban,Lowland,Urban,Ammoniacal nitrogen,2022-05-09 09:39:00,NZST,0.036,,0.036,mg/l,0.0,600.0
auckland,Auckland Council,Avondale,arc-00036,Avondale @ Shadbolt,8019,-36.9232796,174.69177898,Urban,Lowland,Urban,Ammoniacal nitrogen,2022-06-17 09:54:00,NZST,0.025,,0.025,mg/l,0.0,600.0
auckland,Auckland Council,Avondale,arc-00036,Avondale @ Shadbolt,8019,-36.9232796,174.69177898,Urban,Lowland,Urban,Ammoniacal nitrogen,2022-07-21 09:35:00,NZST,0.025,,0.025,mg/l,0.0,600.0
auckland,Auckland Council,Avondale,arc-00036,Avondale @ Shadbolt,8019,-36.9232796,174.69177898,Urban,Lowland,Urban,Ammoniacal nitrogen,2022-08-23 10:33:00,NZST,0.018,,0.018,mg/l,0.0,600.0
auckland,Auckland Council,Avondale,arc-00036,Avondale @ Shadbolt,8019,-36.9232796,174.69177898,Urban,Lowland,Urban,Ammoniacal nitrogen,2022-09-29 08:50:00,NZST,0.023,,0.023,mg/l,0.0,600.0
auckland,Auckland Council,Avondale,arc-00036,Avondale @ Shadbolt,8019,-36.9232796,174.69177898,Urban,Lowland,Urban,Ammoniacal nitrogen,2022-10-27 08:36:00,NZST,0.026,,0.026,mg/l,0.0,600.0
auckland,Auckland Council,Avondale,arc-00036,Avondale @ Shadbolt,8019,-36.9232796,174.69177898,Urban,Lowland,Urban,Ammoniacal nitrogen,2022-11-23 09:32:00,NZST,0.014,,0.014,mg/l,0.0,600.0
auckland,Auckland Council,Avondale,arc-00036,Avondale @ Shadbolt,8019,-36.9232796,174.69177898,Urban,Lowland,Urban,Ammoniacal nitrogen,2022-12-21 08:18:00,NZST,0.036,,0.036,mg/l,0.0,600.0
auckland,Auckland Council,Avondale,arc-00036,Avondale @ Shadbolt,8019,-36.9232796,174.69177898,Urban,Lowland,Urban,Ammoniacal nitrogen,2023-01-24 09:24:00,NZST,0.075,,0.075,mg/l,0.0,600.0
auckland,Auckland Council,Avondale,arc-00036,Avondale @ Shadbolt,8019,-36.9232796,174.69177898,Urban,Lowland,Urban,Ammoniacal nitrogen,2023-02-27 08:43:00,NZST,0.016,,0.016,mg/l,0.0,600.0
auckland,Auckland Council,Avondale,arc-00036,Avondale @ Shadbolt,8019,-36.9232796,174.69177898,Urban,Lowland,Urban,Ammoniacal nitrogen,2023-03-30 08:43:00,NZST,0.017,,0.017,mg/l,0.0,600.0
auckland,Auckland Council,Avondale,arc-00036,Avondale @ Shadbolt,8019,-36.9232796,174.69177898,Urban,Lowland,Urban,Ammoniacal nitrogen,2023-04-27 11:19:00,NZST,0.007,,0.007,mg/l,0.0,600.0
auckland,Auckland Council,Avondale,arc-00036,Avondale @ Shadbolt,8019,-36.9232796,174.69177898,Urban,Lowland,Urban,Ammoniacal nitrogen,2023-05-25 09:09:00,NZST,0.037,,0.037,mg/l,0.0,600.0
auckland,Auckland Council,Avondale,arc-00036,Avondale @ Shadbolt,8019,-36.9232796,174.69177898,Urban,Lowland,Urban,Ammoniacal nitrogen,2023-06-26 09:15:00,NZST,0.028,,0.028,mg/l,0.0,600.0
auckland,Auckland Council,Avondale,arc-00036,Avondale @ Shadbolt,8019,-36.9232796,174.69177898,Urban,Lowland,Urban,Ammoniacal nitrogen,2023-07-26 09:21:00,NZST,0.036,,0.036,mg/l,0.0,600.0
auckland,Auckland Council,Avondale,arc-00036,Avondale @ Shadbolt,8019,-36.9232796,174.69177898,Urban,Lowland,Urban,Ammoniacal nitrogen,2023-08-23 09:53:00,NZST,0.042,,0.042,mg/l,0.0,600.0
auckland,Auckland Council,Avondale,arc-00036,Avondale @ Shadbolt,8019,-36.9232796,174.69177898,Urban,Lowland,Urban,Ammoniacal nitrogen,2023-09-26 08:42:00,NZST,0.036,,0.036,mg/l,0.0,600.0
auckland,Auckland Council,Avondale,arc-00036,Avondale @ Shadbolt,8019,-36.9232796,174.69177898,Urban,Lowland,Urban,Ammoniacal nitrogen,2023-10-25 08:21:00,NZST,0.03,,0.03,mg/l,0.0,600.0
auckland,Auckland Council,Avondale,arc-00036,Avondale @ Shadbolt,8019,-36.9232796,174.69177898,Urban,Lowland,Urban,Ammoniacal nitrogen,2023-11-21 08:54:00,NZST,0.032,,0.032,mg/l,0.0,600.0
auckland,Auckland Council,Avondale,arc-00036,Avondale @ Shadbolt,8019,-36.9232796,174.69177898,Urban,Lowland,Urban,Ammoniacal nitrogen,2023-12-13 08:20:00,NZST,0.064,,0.064,mg/l,0.0,600.0
auckland,Auckland Council,Avondale,arc-00036,Avondale @ Shadbolt,8019,-36.9232796,174.69177898,Urban,Lowland,Urban,Ammoniacal nitrogen,2024-01-30 08:08:00,NZST,0.043,,0.043,mg/l,0.0,600.0
auckland,Auckland Council,Avondale,arc-00036,Avondale @ Shadbolt,8019,-36.9232796,174.69177898,Urban,Lowland,Urban,Ammoniacal nitrogen,2024-02-29 08:59:00,NZST,0.03,,0.03,mg/l,0.0,600.0
auckland,Auckland Council,Avondale,arc-00036,Avondale @ Shadbolt,8019,-36.9232796,174.69177898,Urban,Lowland,Urban,Ammoniacal nitrogen,2024-03-25 08:04:00,NZST,0.029,,0.029,mg/l,0.0,600.0
auckland,Auckland Council,Avondale,arc-00036,Avondale @ Shadbolt,8019,-36.9232796,174.69177898,Urban,Lowland,Urban,Ammoniacal nitrogen,2024-04-22 09:10:00,NZST,0.027,,0.027,mg/l,0.0,600.0
auckland,Auckland Council,Avondale,arc-00036,Avondale @ Shadbolt,8019,-36.9232796,174.69177898,Urban,Lowland,Urban,Ammoniacal nitrogen,2024-05-28 08:20:00,NZST,0.023,,0.023,mg/l,0.0,600.0
auckland,Auckland Council,Avondale,arc-00036,Avondale @ Shadbolt,8019,-36.9232796,174.69177898,Urban,Lowland,Urban,Ammoniacal nitrogen,2024-06-26 08:39:00,NZST,0.037,,0.037,mg/l,0.0,600.0
auckland,Auckland Council,Avondale,arc-00036,Avondale @ Shadbolt,8019,-36.9232796,174.69177898,Urban,Lowland,Urban,Ammoniacal nitrogen,2024-07-25 08:52:00,NZST,0.041,,0.041,mg/l,0.0,600.0
auckland,Auckland Council,Avondale,arc-00036,Avondale @ Shadbolt,8019,-36.9232796,174.69177898,Urban,Lowland,Urban,Ammoniacal nitrogen,2024-08-29 09:04:00,NZST,0.018,,0.018,mg/l,0.0,600.0
auckland,Auckland Council,Avondale,arc-00036,Avondale @ Shadbolt,8019,-36.9232796,174.69177898,Urban,Lowland,Urban,Ammoniacal nitrogen,2024-09-26 09:09:00,NZST,0.032,,0.032,mg/l,0.0,600.0
auckland,Auckland Council,Avondale,arc-00036,Avondale @ Shadbolt,8019,-36.9232796,174.69177898,Urban,Lowland,Urban,Ammoniacal nitrogen,2024-10-23 08:06:00,NZST,0.017,,0.017,mg/l,0.0,600.0
auckland,Auckland Council,Avondale,arc-00036,Avondale @ Shadbolt,8019,-36.9232796,174.69177898,Urban,Lowland,Urban,Ammoniacal nitrogen,2024-11-21 09:59:00,NZST,0.02,,0.02,mg/l,0.0,600.0
auckland,Auckland Council,Avondale,arc-00036,Avondale @ Shadbolt,8019,-36.9232796,174.69177898,Urban,Lowland,Urban,Ammoniacal nitrogen,2024-12-09 07:51:00,NZST,0.016,,0.016,mg/l,0.0,600.0
auckland,Auckland Council,Avondale,arc-00036,Avondale @ Shadbolt,8019,-36.9232796,174.69177898,Urban,Lowland,Urban,Clarity (BDISC),2016-02-15 19:50:00,NZST,0.195588569,,0.1956,m,543.0,543.0
auckland,Auckland Council,Avondale,arc-00036,Avondale @ Shadbolt,8019,-36.9232796,174.69177898,Urban,Lowland,Urban,Clarity (BDISC),2016-03-21 20:49:00,NZST,1.249202939,,1.249,m,610.0,610.0
auckland,Auckland Council,Avondale,arc-00036,Avondale @ Shadbolt,8019,-36.9232796,174.69177898,Urban,Lowland,Urban,Clarity (BDISC),2016-04-21 22:19:00,NZST,1.060696358,,1.061,m,610.0,610.0
auckland,Auckland Council,Avondale,arc-00036,Avondale @ Shadbolt,8019,-36.9232796,174.69177898,Urban,Lowland,Urban,Clarity (BDISC),2016-05-20 21:45:00,NZST,1.083094472,,1.083,m,610.0,610.0
auckland,Auckland Council,Avondale,arc-00036,Avondale @ Shadbolt,8019,-36.9232796,174.69177898,Urban,Lowland,Urban,Clarity (BDISC),2016-07-18 21:35:00,NZST,0.511518888,,0.5115,m,610.0,610.0
auckland,Auckland Council,Avondale,arc-00036,Avondale @ Shadbolt,8019,-36.9232796,174.69177898,Urban,Lowland,Urban,Clarity (BDISC),2016-08-31 21:34:00,NZST,1.134664323,,1.135,m,610.0,610.0
auckland,Auckland Council,Avondale,arc-00036,Avondale @ Shadbolt,8019,-36.9232796,174.69177898,Urban,Lowland,Urban,Clarity (BDISC),2016-09-28 19:45:00,NZST,0.541454797,,0.5415,m,610.0,610.0
auckland,Auckland Council,Avondale,arc-00036,Avondale @ Shadbolt,8019,-36.9232796,174.69177898,Urban,Lowland,Urban,Clarity (BDISC),2016-10-27 23:10:00,NZST,3.12383227,,3.124,m,610.0,610.0
auckland,Auckland Council,Avondale,arc-00036,Avondale @ Shadbolt,8019,-36.9232796,174.69177898,Urban,Lowland,Urban,Clarity (BDISC),2016-11-28 20:51:00,NZST,0.928960752,,0.929,m,610.0,610.0
auckland,Auckland Council,Avondale,arc-00036,Avondale @ Shadbolt,8019,-36.9232796,174.69177898,Urban,Lowland,Urban,Clarity (BDISC),2017-01-26 20:21:00,NZST,1.358168699,,1.358,m,610.0,610.0
auckland,Auckland Council,Avondale,arc-00036,Avondale @ Shadbolt,8019,-36.9232796,174.69177898,Urban,Lowland,Urban,Clarity (BDISC),2017-02-23 19:43:00,NZST,0.475894703,,0.4759,m,610.0,610.0
auckland,Auckland Council,Avondale,arc-00036,Avondale @ Shadbolt,8019,-36.9232796,174.69177898,Urban,Lowland,Urban,Clarity (BDISC),2017-03-27 22:02:00,NZST,0.154333552,,0.1543,m,610.0,610.0
auckland,Auckland Council,Avondale,arc-00036,Avondale @ Shadbolt,8019,-36.9232796,174.69177898,Urban,Lowland,Urban,Clarity (BDISC),2017-04-28 22:07:00,NZST,0.745237238,,0.7452,m,610.0,610.0
auckland,Auckland Council,Avondale,arc-00036,Avondale @ Shadbolt,8019,-36.9232796,174.69177898,Urban,Lowland,Urban,Clarity (BDISC),2017-06-27 21:16:00,NZST,1.589786647,,1.59,m,610.0,610.0
auckland,Auckland Council,Avondale,arc-00036,Avondale @ Shadbolt,8019,-36.9232796,174.69177898,Urban,Lowland,Urban,Clarity (BDISC),2017-07-26 20:50:00,NZST,0.416537935,,0.4165,m,610.0,610.0
auckland,Auckland Council,Avondale,arc-00036,Avondale @ Shadbolt,8019,-36.9232796,174.69177898,Urban,Lowland,Urban,Clarity (BDISC),2017-08-25 20:34:00,NZST,1.328542856,,1.329,m,610.0,610.0
auckland,Auckland Council,Avondale,arc-00036,Avondale @ Shadbolt,8019,-36.9232796,174.69177898,Urban,Lowland,Urban,Clarity (BDISC),2017-09-25 21:37:00,NZST,0.675894908,,0.6759,m,610.0,610.0
auckland,Auckland Council,Avondale,arc-00036,Avondale @ Shadbolt,8019,-36.9232796,174.69177898,Urban,Lowland,Urban,Clarity (BDISC),2017-10-20 19:54:00,NZST,0.677976633,,0.678,m,610.0,610.0
auckland,Auckland Council,Avondale,arc-00036,Avondale @ Shadbolt,8019,-36.9232796,174.69177898,Urban,Lowland,Urban,Clarity (BDISC),2017-11-21 20:19:00,NZST,0.511518888,,0.5115,m,610.0,610.0
auckland,Auckland Council,Avondale,arc-00036,Avondale @ Shadbolt,8019,-36.9232796,174.69177898,Urban,Lowland,Urban,Clarity (BDISC),2017-12-21 20:14:00,NZST,0.035069471,,0.03507,m,543.0,543.0
auckland,Auckland Council,Avondale,arc-00036,Avondale @ Shadbolt,8019,-36.9232796,174.69177898,Urban,Lowland,Urban,Clarity (BDISC),2018-01-19 20:46:00,NZST,0.339200047,,0.3392,m,610.0,610.0
auckland,Auckland Council,Avondale,arc-00036,Avondale @ Shadbolt,8019,-36.9232796,174.69177898,Urban,Lowland,Urban,Clarity (BDISC),2018-02-19 21:36:00,NZST,0.827123217,,0.8271,m,610.0,610.0
auckland,Auckland Council,Avondale,arc-00036,Avondale @ Shadbolt,8019,-36.9232796,174.69177898,Urban,Lowland,Urban,Clarity (BDISC),2018-03-19 21:30:00,NZST,0.815927431,,0.8159,m,610.0,610.0
auckland,Auckland Council,Avondale,arc-00036,Avondale @ Shadbolt,8019,-36.9232796,174.69177898,Urban,Lowland,Urban,Clarity (BDISC),2018-04-17 20:40:00,NZST,0.838627159,,0.8386,m,610.0,610.0
auckland,Auckland Council,Avondale,arc-00036,Avondale @ Shadbolt,8019,-36.9232796,174.69177898,Urban,Lowland,Urban,Clarity (BDISC),2018-05-18 20:28:00,NZST,0.734482106,,0.7345,m,610.0,610.0
auckland,Auckland Council,Avondale,arc-00036,Avondale @ Shadbolt,8019,-36.9232796,174.69177898,Urban,Lowland,Urban,Clarity (BDISC),2018-06-18 21:53:00,NZST,0.752012064,,0.752,m,610.0,610.0
auckland,Auckland Council,Avondale,arc-00036,Avondale @ Shadbolt,8019,-36.9232796,174.69177898,Urban,Lowland,Urban,Clarity (BDISC),2018-07-17 21:49:00,NZST,0.557524554,,0.5575,m,610.0,610.0
auckland,Auckland Council,Avondale,arc-00036,Avondale @ Shadbolt,8019,-36.9232796,174.69177898,Urban,Lowland,Urban,Clarity (BDISC),2018-09-27 19:58:00,NZST,1.004713261,,1.005,m,610.0,610.0
auckland,Auckland Council,Avondale,arc-00036,Avondale @ Shadbolt,8019,-36.9232796,174.69177898,Urban,Lowland,Urban,Clarity (BDISC),2018-11-28 21:56:00,NZST,1.007754244,,1.008,m,610.0,610.0
auckland,Auckland Council,Avondale,arc-00036,Avondale @ Shadbolt,8019,-36.9232796,174.69177898,Urban,Lowland,Urban,Clarity (BDISC),2018-12-18 20:20:00,NZST,0.566162055,,0.5662,m,610.0,610.0
auckland,Auckland Council,Avondale,arc-00036,Avondale @ Shadbolt,8019,-36.9232796,174.69177898,Urban,Lowland,Urban,Clarity (BDISC),2019-01-23 19:35:00,NZST,0.413376673,,0.4134,m,610.0,610.0
auckland,Auckland Council,Avondale,arc-00036,Avondale @ Shadbolt,8019,-36.9232796,174.69177898,Urban,Lowland,Urban,Clarity (BDISC),2019-02-21 20:23:00,NZST,0.69951358,,0.6995,m,610.0,610.0
auckland,Auckland Council,Avondale,arc-00036,Avondale @ Shadbolt,8019,-36.9232796,174.69177898,Urban,Lowland,Urban,Clarity (BDISC),2019-03-28 20:00:00,NZST,0.241168999,,0.2412,m,610.0,610.0
auckland,Auckland Council,Avondale,arc-00036,Avondale @ Shadbolt,8019,-36.9232796,174.69177898,Urban,Lowland,Urban,Clarity (BDISC),2019-04-12 20:52:00,NZST,0.577085433,,0.5771,m,610.0,610.0
auckland,Auckland Council,Avondale,arc-00036,Avondale @ Shadbolt,8019,-36.9232796,174.69177898,Urban,Lowland,Urban,Clarity (BDISC),2019-05-27 20:24:00,NZST,1.312916164,,1.313,m,610.0,610.0
auckland,Auckland Council,Avondale,arc-00036,Avondale @ Shadbolt,8019,-36.9232796,174.69177898,Urban,Lowland,Urban,Clarity (BDISC),2019-06-19 20:52:00,NZST,0.895173284,,0.8952,m,610.0,610.0
auckland,Auckland Council,Avondale,arc-00036,Avondale @ Shadbolt,8019,-36.9232796,174.69177898,Urban,Lowland,Urban,Clarity (BDISC),2019-07-17 21:52:00,NZST,0.496804827,,0.4968,m,610.0,610.0
auckland,Auckland Council,Avondale,arc-00036,Avondale @ Shadbolt,8019,-36.9232796,174.69177898,Urban,Lowland,Urban,Clarity (BDISC),2019-08-16 20:25:00,NZST,0.548228188,,0.5482,m,610.0,610.0
auckland,Auckland Council,Avondale,arc-00036,Avondale @ Shadbolt,8019,-36.9232796,174.69177898,Urban,Lowland,Urban,Clarity (BDISC),2019-10-07 20:04:00,NZST,0.913637676,,0.9136,m,610.0,610.0
auckland,Auckland Council,Avondale,arc-00036,Avondale @ Shadbolt,8019,-36.9232796,174.69177898,Urban,Lowland,Urban,Clarity (BDISC),2019-10-31 20:14:00,NZST,0.719304401,,0.7193,m,610.0,610.0
auckland,Auckland Council,Avondale,arc-00036,Avondale @ Shadbolt,8019,-36.9232796,174.69177898,Urban,Lowland,Urban,Clarity (BDISC),2019-11-25 20:48:00,NZST,0.621754009,,0.6218,m,610.0,610.0
auckland,Auckland Council,Avondale,arc-00036,Avondale @ Shadbolt,8019,-36.9232796,174.69177898,Urban,Lowland,Urban,Clarity (BDISC),2019-12-23 19:25:00,NZST,0.848277639,,0.8483,m,610.0,610.0
auckland,Auckland Council,Avondale,arc-00036,Avondale @ Shadbolt,8019,-36.9232796,174.69177898,Urban,Lowland,Urban,Clarity (BDISC),2020-01-29 20:09:00,NZST,0.624699945,,0.6247,m,460.0,460.0
auckland,Auckland Council,Avondale,arc-00036,Avondale @ Shadbolt,8019,-36.9232796,174.69177898,Urban,Lowland,Urban,Clarity (BDISC),2020-02-25 19:30:00,NZST,0.687146013,,0.6871,m,460.0,460.0
auckland,Auckland Council,Avondale,arc-00036,Avondale @ Shadbolt,8019,-36.9232796,174.69177898,Urban,Lowland,Urban,Clarity (BDISC),2020-03-13 20:25:00,NZST,0.349769345,,0.3498,m,460.0,460.0
auckland,Auckland Council,Avondale,arc-00036,Avondale @ Shadbolt,8019,-36.9232796,174.69177898,Urban,Lowland,Urban,Clarity (BDISC),2020-04-30 21:29:00,NZST,0.799202871,,0.7992,m,460.0,460.0
auckland,Auckland Council,Avondale,arc-00036,Avondale @ Shadbolt,8019,-36.9232796,174.69177898,Urban,Lowland,Urban,Clarity (BDISC),2020-05-28 21:51:00,NZST,0.468411956,,0.4684,m,460.0,460.0
auckland,Auckland Council,Avondale,arc-00036,Avondale @ Shadbolt,8019,-36.9232796,174.69177898,Urban,Lowland,Urban,Clarity (BDISC),2020-06-26 22:38:00,NZST,0.569100365,,0.5691,m,460.0,460.0
auckland,Auckland Council,Avondale,arc-00036,Avondale @ Shadbolt,8019,-36.9232796,174.69177898,Urban,Lowland,Urban,Clarity (BDISC),2020-07-09 22:50:00,NZST,0.494557796,,0.4946,m,460.0,460.0
auckland,Auckland Council,Avondale,arc-00036,Avondale @ Shadbolt,8019,-36.9232796,174.69177898,Urban,Lowland,Urban,Clarity (BDISC),2020-08-07 22:09:00,NZST,0.540564171,,0.5406,m,460.0,460.0
auckland,Auckland Council,Avondale,arc-00036,Avondale @ Shadbolt,8019,-36.9232796,174.69177898,Urban,Lowland,Urban,Clarity (BDISC),2020-09-09 22:34:00,NZST,1.111979879,,1.112,m,460.0,460.0
auckland,Auckland Council,Avondale,arc-00036,Avondale @ Shadbolt,8019,-36.9232796,174.69177898,Urban,Lowland,Urban,Clarity (BDISC),2020-10-08 22:12:00,NZST,1.10828612,,1.108,m,460.0,460.0
auckland,Auckland Council,Avondale,arc-00036,Avondale @ Shadbolt,8019,-36.9232796,174.69177898,Urban,Lowland,Urban,Clarity (BDISC),2020-11-24 21:45:00,NZST,0.903697226,,0.9037,m,460.0,460.0
auckland,Auckland Council,Avondale,arc-00036,Avondale @ Shadbolt,8019,-36.9232796,174.69177898,Urban,Lowland,Urban,Clarity (BDISC),2020-12-14 23:28:00,NZST,1.020102523,,1.02,m,460.0,460.0
auckland,Auckland Council,Avondale,arc-00036,Avondale @ Shadbolt,8019,-36.9232796,174.69177898,Urban,Lowland,Urban,Clarity (BDISC),2021-01-20 21:25:00,NZST,0.39133471,,0.3913,m,460.0,460.0
auckland,Auckland Council,Avondale,arc-00036,Avondale @ Shadbolt,8019,-36.9232796,174.69177898,Urban,Lowland,Urban,Clarity (BDISC),2021-02-11 22:34:00,NZST,0.49642892,,0.4964,m,460.0,460.0
auckland,Auckland Council,Avondale,arc-00036,Avondale @ Shadbolt,8019,-36.9232796,174.69177898,Urban,Lowland,Urban,Clarity (BDISC),2021-03-25 20:57:00,NZST,0.455704068,,0.4557,m,460.0,460.0
auckland,Auckland Council,Avondale,arc-00036,Avondale @ Shadbolt,8019,-36.9232796,174.69177898,Urban,Lowland,Urban,Clarity (BDISC),2021-04-28 23:24:00,NZST,0.594812105,,0.5948,m,460.0,460.0
auckland,Auckland Council,Avondale,arc-00036,Avondale @ Shadbolt,8019,-36.9232796,174.69177898,Urban,Lowland,Urban,Clarity (BDISC),2021-05-13 23:43:00,NZST,0.80698792,,0.807,m,460.0,460.0
auckland,Auckland Council,Avondale,arc-00036,Avondale @ Shadbolt,8019,-36.9232796,174.69177898,Urban,Lowland,Urban,Clarity (BDISC),2021-06-08 21:16:00,NZST,0.595888461,,0.5959,m,460.0,460.0
auckland,Auckland Council,Avondale,arc-00036,Avondale @ Shadbolt,8019,-36.9232796,174.69177898,Urban,Lowland,Urban,Clarity (BDISC),2021-07-14 22:32:00,NZST,0.567627448,,0.5676,m,460.0,460.0
auckland,Auckland Council,Avondale,arc-00036,Avondale @ Shadbolt,8019,-36.9232796,174.69177898,Urban,Lowland,Urban,Clarity (BDISC),2021-08-10 21:29:00,NZST,0.796321662,,0.7963,m,460.0,460.0
auckland,Auckland Council,Avondale,arc-00036,Avondale @ Shadbolt,8019,-36.9232796,174.69177898,Urban,Lowland,Urban,Clarity (BDISC),2021-09-29 20:48:00,NZST,0.908640551,,0.9086,m,460.0,460.0
auckland,Auckland Council,Avondale,arc-00036,Avondale @ Shadbolt,8019,-36.9232796,174.69177898,Urban,Lowland,Urban,Clarity (BDISC),2021-10-14 20:29:00,NZST,0.811930239,,0.8119,m,460.0,460.0
auckland,Auckland Council,Avondale,arc-00036,Avondale @ Shadbolt,8019,-36.9232796,174.69177898,Urban,Lowland,Urban,Clarity (BDISC),2021-11-11 19:57:00,NZST,0.66634512,,0.6663,m,460.0,460.0
auckland,Auckland Council,Avondale,arc-00036,Avondale @ Shadbolt,8019,-36.9232796,174.69177898,Urban,Lowland,Urban,Clarity (BDISC),2021-12-09 20:56:00,NZST,0.424654409,,0.4247,m,460.0,460.0
auckland,Auckland Council,Avondale,arc-00036,Avondale @ Shadbolt,8019,-36.9232796,174.69177898,Urban,Lowland,Urban,Clarity (BDISC),2022-01-17 20:06:00,NZST,0.306137313,,0.3061,m,460.0,460.0
auckland,Auckland Council,Avondale,arc-00036,Avondale @ Shadbolt,8019,-36.9232796,174.69177898,Urban,Lowland,Urban,Clarity (BDISC),2022-02-18 21:48:00,NZST,0.592670894,,0.5927,m,460.0,460.0
auckland,Auckland Council,Avondale,arc-00036,Avondale @ Shadbolt,8019,-36.9232796,174.69177898,Urban,Lowland,Urban,Clarity (BDISC),2022-03-18 21:01:00,NZST,0.595349801,,0.5953,m,460.0,460.0
auckland,Auckland Council,Avondale,arc-00036,Avondale @ Shadbolt,8019,-36.9232796,174.69177898,Urban,Lowland,Urban,Clarity (BDISC),2022-04-14 21:43:00,NZST,0.309492379,,0.3095,m,460.0,460.0
auckland,Auckland Council,Avondale,arc-00036,Avondale @ Shadbolt,8019,-36.9232796,174.69177898,Urban,Lowland,Urban,Clarity (BDISC),2022-05-09 21:39:00,NZST,0.553302877,,0.5533,m,460.0,460.0
auckland,Auckland Council,Avondale,arc-00036,Avondale @ Shadbolt,8019,-36.9232796,174.69177898,Urban,Lowland,Urban,Clarity (BDISC),2022-06-17 21:54:00,NZST,0.795365822,,0.7954,m,460.0,460.0
auckland,Auckland Council,Avondale,arc-00036,Avondale @ Shadbolt,8019,-36.9232796,174.69177898,Urban,Lowland,Urban,Clarity (BDISC),2022-07-21 21:35:00,NZST,0.276281005,,0.2763,m,460.0,460.0
auckland,Auckland Council,Avondale,arc-00036,Avondale @ Shadbolt,8019,-36.9232796,174.69177898,Urban,Lowland,Urban,Clarity (BDISC),2022-08-23 22:33:00,NZST,0.333634945,,0.3336,m,460.0,460.0
auckland,Auckland Council,Avondale,arc-00036,Avondale @ Shadbolt,8019,-36.9232796,174.69177898,Urban,Lowland,Urban,Clarity (BDISC),2022-09-29 20:50:00,NZST,0.796321662,,0.7963,m,460.0,460.0
auckland,Auckland Council,Avondale,arc-00036,Avondale @ Shadbolt,8019,-36.9232796,174.69177898,Urban,Lowland,Urban,Clarity (BDISC),2022-10-27 20:36:00,NZST,0.747763595,,0.7478,m,460.0,460.0
auckland,Auckland Council,Avondale,arc-00036,Avondale @ Shadbolt,8019,-36.9232796,174.69177898,Urban,Lowland,Urban,Clarity (BDISC),2022-11-23 21:32:00,NZST,0.240630148,,0.2406,m,460.0,460.0
auckland,Auckland Council,Avondale,arc-00036,Avondale @ Shadbolt,8019,-36.9232796,174.69177898,Urban,Lowland,Urban,Clarity (BDISC),2022-12-21 20:18:00,NZST,0.779457072,,0.7795,m,460.0,460.0
auckland,Auckland Council,Avondale,arc-00036,Avondale @ Shadbolt,8019,-36.9232796,174.69177898,Urban,Lowland,Urban,Clarity (BDISC),2023-01-24 21:24:00,NZST,0.538350241,,0.5384,m,460.0,460.0
auckland,Auckland Council,Avondale,arc-00036,Avondale @ Shadbolt,8019,-36.9232796,174.69177898,Urban,Lowland,Urban,Clarity (BDISC),2023-02-27 20:43:00,NZST,0.481133661,,0.4811,m,460.0,460.0
auckland,Auckland Council,Avondale,arc-00036,Avondale @ Shadbolt,8019,-36.9232796,174.69177898,Urban,Lowland,Urban,Clarity (BDISC),2023-03-30 20:43:00,NZST,0.134097291,,0.1341,m,460.0,460.0
auckland,Auckland Council,Avondale,arc-00036,Avondale @ Shadbolt,8019,-36.9232796,174.69177898,Urban,Lowland,Urban,Clarity (BDISC),2023-04-27 23:19:00,NZST,0.600780149,,0.6008,m,460.0,460.0
auckland,Auckland Council,Avondale,arc-00036,Avondale @ Shadbolt,8019,-36.9232796,174.69177898,Urban,Lowland,Urban,Clarity (BDISC),2023-05-25 21:09:00,NZST,0.557052334,,0.5571,m,460.0,460.0
auckland,Auckland Council,Avondale,arc-00036,Avondale @ Shadbolt,8019,-36.9232796,174.69177898,Urban,Lowland,Urban,Clarity (BDISC),2023-06-26 21:15:00,NZST,0.544594984,,0.5446,m,460.0,460.0
auckland,Auckland Council,Avondale,arc-00036,Avondale @ Shadbolt,8019,-36.9232796,174.69177898,Urban,Lowland,Urban,Clarity (BDISC),2023-07-26 21:21:00,NZST,0.073252374,,0.07325,m,460.0,460.0
auckland,Auckland Council,Avondale,arc-00036,Avondale @ Shadbolt,8019,-36.9232796,174.69177898,Urban,Lowland,Urban,Clarity (BDISC),2023-08-23 21:53:00,NZST,0.593739589,,0.5937,m,460.0,460.0
auckland,Auckland Council,Avondale,arc-00036,Avondale @ Shadbolt,8019,-36.9232796,174.69177898,Urban,Lowland,Urban,Clarity (BDISC),2023-09-26 20:42:00,NZST,0.168586539,,0.1686,m,460.0,460.0
auckland,Auckland Council,Avondale,arc-00036,Avondale @ Shadbolt,8019,-36.9232796,174.69177898,Urban,Lowland,Urban,Clarity (BDISC),2023-10-25 20:21:00,NZST,0.348086774,,0.3481,m,460.0,460.0
auckland,Auckland Council,Avondale,arc-00036,Avondale @ Shadbolt,8019,-36.9232796,174.69177898,Urban,Lowland,Urban,Clarity (BDISC),2023-11-21 20:54:00,NZST,0.693639136,,0.6936,m,460.0,460.0
auckland,Auckland Council,Avondale,arc-00036,Avondale @ Shadbolt,8019,-36.9232796,174.69177898,Urban,Lowland,Urban,Clarity (BDISC),2023-12-13 20:20:00,NZST,0.479725478,,0.4797,m,460.0,460.0
auckland,Auckland Council,Avondale,arc-00036,Avondale @ Shadbolt,8019,-36.9232796,174.69177898,Urban,Lowland,Urban,Clarity (BDISC),2024-01-30 20:08:00,NZST,0.465748368,,0.4657,m,460.0,460.0
auckland,Auckland Council,Avondale,arc-00036,Avondale @ Shadbolt,8019,-36.9232796,174.69177898,Urban,Lowland,Urban,Clarity (BDISC),2024-02-29 20:59:00,NZST,0.875120109,,0.8751,m,460.0,460.0
auckland,Auckland Council,Avondale,arc-00036,Avondale @ Shadbolt,8019,-36.9232796,174.69177898,Urban,Lowland,Urban,Clarity (BDISC),2024-03-25 20:04:00,NZST,0.706996539,,0.707,m,460.0,460.0
auckland,Auckland Council,Avondale,arc-00036,Avondale @ Shadbolt,8019,-36.9232796,174.69177898,Urban,Lowland,Urban,Clarity (BDISC),2024-04-22 21:10:00,NZST,0.594812105,,0.5948,m,460.0,460.0
auckland,Auckland Council,Avondale,arc-00036,Avondale @ Shadbolt,8019,-36.9232796,174.69177898,Urban,Lowland,Urban,Clarity (BDISC),2024-05-28 20:20:00,NZST,0.49642892,,0.4964,m,460.0,460.0
auckland,Auckland Council,Avondale,arc-00036,Avondale @ Shadbolt,8019,-36.9232796,174.69177898,Urban,Lowland,Urban,Clarity (BDISC),2024-06-26 20:39:00,NZST,0.826092872,,0.8261,m,460.0,460.0
auckland,Auckland Council,Avondale,arc-00036,Avondale @ Shadbolt,8019,-36.9232796,174.69177898,Urban,Lowland,Urban,Clarity (BDISC),2024-07-25 20:52:00,NZST,0.509533754,,0.5095,m,460.0,460.0
auckland,Auckland Council,Avondale,arc-00036,Avondale @ Shadbolt,8019,-36.9232796,174.69177898,Urban,Lowland,Urban,Clarity (BDISC),2024-08-29 21:04:00,NZST,0.873968163,,0.874,m,460.0,460.0
auckland,Auckland Council,Avondale,arc-00036,Avondale @ Shadbolt,8019,-36.9232796,174.69177898,Urban,Lowland,Urban,Clarity (BDISC),2024-09-26 21:09:00,NZST,0.969589121,,0.9696,m,460.0,460.0
auckland,Auckland Council,Avondale,arc-00036,Avondale @ Shadbolt,8019,-36.9232796,174.69177898,Urban,Lowland,Urban,Clarity (BDISC),2024-10-23 20:06:00,NZST,0.747763595,,0.7478,m,460.0,460.0
auckland,Auckland Council,Avondale,arc-00036,Avondale @ Shadbolt,8019,-36.9232796,174.69177898,Urban,Lowland,Urban,Clarity (BDISC),2024-11-20 21:59:00,NZST,0.685008289,,0.685,m,460.0,460.0
auckland,Auckland Council,Avondale,arc-00036,Avondale @ Shadbolt,8019,-36.9232796,174.69177898,Urban,Lowland,Urban,Clarity (BDISC),2024-12-09 19:51:00,NZST,0.765934012,,0.7659,m,460.0,460.0
auckland,Auckland Council,Avondale,arc-00036,Avondale @ Shadbolt,8019,-36.9232796,174.69177898,Urban,Lowland,Urban,Dissolved inorganic nitrogen,2012-01-06 07:38:00,NZST,0.4,,0.4,mg/l,,
auckland,Auckland Council,Avondale,arc-00036,Avondale @ Shadbolt,8019,-36.9232796,174.69177898,Urban,Lowland,Urban,Dissolved inorganic nitrogen,2012-02-02 08:52:00,NZST,0.396,,0.396,mg/l,,
auckland,Auckland Council,Avondale,arc-00036,Avondale @ Shadbolt,8019,-36.9232796,174.69177898,Urban,Lowland,Urban,Dissolved inorganic nitrogen,2012-03-01 08:56:00,NZST,0.29,,0.29,mg/l,,
auckland,Auckland Council,Avondale,arc-00036,Avondale @ Shadbolt,8019,-36.9232796,174.69177898,Urban,Lowland,Urban,Dissolved inorganic nitrogen,2012-04-03 08:46:00,NZST,0.504,,0.504,mg/l,,
auckland,Auckland Council,Avondale,arc-00036,Avondale @ Shadbolt,8019,-36.9232796,174.69177898,Urban,Lowland,Urban,Dissolved inorganic nitrogen,2012-05-04 09:46:00,NZST,0.408,,0.408,mg/l,,
auckland,Auckland Council,Avondale,arc-00036,Avondale @ Shadbolt,8019,-36.9232796,174.69177898,Urban,Lowland,Urban,Dissolved inorganic nitrogen,2012-06-07 09:36:00,NZST,0.823,,0.823,mg/l,,
auckland,Auckland Council,Avondale,arc-00036,Avondale @ Shadbolt,8019,-36.9232796,174.69177898,Urban,Lowland,Urban,Dissolved inorganic nitrogen,2012-07-05 09:37:00,NZST,0.5525,,0.5525,mg/l,,
auckland,Auckland Council,Avondale,arc-00036,Avondale @ Shadbolt,8019,-36.9232796,174.69177898,Urban,Lowland,Urban,Dissolved inorganic nitrogen,2012-08-02 09:27:00,NZST,0.479,,0.479,mg/l,,
auckland,Auckland Council,Avondale,arc-00036,Avondale @ Shadbolt,8019,-36.9232796,174.69177898,Urban,Lowland,Urban,Dissolved inorganic nitrogen,2012-09-04 08:41:00,NZST,0.308,,0.308,mg/l,,
auckland,Auckland Council,Avondale,arc-00036,Avondale @ Shadbolt,8019,-36.9232796,174.69177898,Urban,Lowland,Urban,Dissolved inorganic nitrogen,2012-10-04 08:11:00,NZST,0.507,,0.507,mg/l,,
auckland,Auckland Council,Avondale,arc-00036,Avondale @ Shadbolt,8019,-36.9232796,174.69177898,Urban,Lowland,Urban,Dissolved inorganic nitrogen,2012-11-02 08:13:00,NZST,0.469,,0.469,mg/l,,
auckland,Auckland Council,Avondale,arc-00036,Avondale @ Shadbolt,8019,-36.9232796,174.69177898,Urban,Lowland,Urban,Dissolved inorganic nitrogen,2012-12-05 08:24:00,NZST,0.448,,0.448,mg/l,,
auckland,Auckland Council,Avondale,arc-00036,Avondale @ Shadbolt,8019,-36.9232796,174.69177898,Urban,Lowland,Urban,Dissolved inorganic nitrogen,2013-03-08 08:33:00,NZST,0.253,,0.253,mg/l,,
auckland,Auckland Council,Avondale,arc-00036,Avondale @ Shadbolt,8019,-36.9232796,174.69177898,Urban,Lowland,Urban,Dissolved inorganic nitrogen,2013-04-04 08:37:00,NZST,0.344,,0.344,mg/l,,
auckland,Auckland Council,Avondale,arc-00036,Avondale @ Shadbolt,8019,-36.9232796,174.69177898,Urban,Lowland,Urban,Dissolved inorganic nitrogen,2013-05-02 09:52:00,NZST,0.396,,0.396,mg/l,,
auckland,Auckland Council,Avondale,arc-00036,Avondale @ Shadbolt,8019,-36.9232796,174.69177898,Urban,Lowland,Urban,Dissolved inorganic nitrogen,2013-06-11 10:21:00,NZST,0.4225,,0.4225,mg/l,,
auckland,Auckland Council,Avondale,arc-00036,Avondale @ Shadbolt,8019,-36.9232796,174.69177898,Urban,Lowland,Urban,Dissolved inorganic nitrogen,2013-07-02 09:37:00,NZST,0.465,,0.465,mg/l,,
auckland,Auckland Council,Avondale,arc-00036,Avondale @ Shadbolt,8019,-36.9232796,174.69177898,Urban,Lowland,Urban,Dissolved inorganic nitrogen,2013-07-31 09:30:00,NZST,0.368,,0.368,mg/l,,
auckland,Auckland Council,Avondale,arc-00036,Avondale @ Shadbolt,8019,-36.9232796,174.69177898,Urban,Lowland,Urban,Dissolved inorganic nitrogen,2013-09-05 09:43:00,NZST,0.38,,0.38,mg/l,,
auckland,Auckland Council,Avondale,arc-00036,Avondale @ Shadbolt,8019,-36.9232796,174.69177898,Urban,Lowland,Urban,Dissolved inorganic nitrogen,2013-10-09 08:49:00,NZST,0.414,,0.414,mg/l,,
auckland,Auckland Council,Avondale,arc-00036,Avondale @ Shadbolt,8019,-36.9232796,174.69177898,Urban,Lowland,Urban,Dissolved inorganic nitrogen,2013-11-06 07:32:00,NZST,0.571,,0.571,mg/l,,
auckland,Auckland Council,Avondale,arc-00036,Avondale @ Shadbolt,8019,-36.9232796,174.69177898,Urban,Lowland,Urban,Dissolved inorganic nitrogen,2013-12-04 12:01:00,NZST,0.381,,0.381,mg/l,,
auckland,Auckland Council,Avondale,arc-00036,Avondale @ Shadbolt,8019,-36.9232796,174.69177898,Urban,Lowland,Urban,Dissolved inorganic nitrogen,2014-01-09 07:29:00,NZST,0.285,,0.285,mg/l,,
auckland,Auckland Council,Avondale,arc-00036,Avondale @ Shadbolt,8019,-36.9232796,174.69177898,Urban,Lowland,Urban,Dissolved inorganic nitrogen,2014-02-05 08:27:00,NZST,0.218,,0.218,mg/l,,
auckland,Auckland Council,Avondale,arc-00036,Avondale @ Shadbolt,8019,-36.9232796,174.69177898,Urban,Lowland,Urban,Dissolved inorganic nitrogen,2014-03-06 08:28:00,NZST,0.239,,0.239,mg/l,,
auckland,Auckland Council,Avondale,arc-00036,Avondale @ Shadbolt,8019,-36.9232796,174.69177898,Urban,Lowland,Urban,Dissolved inorganic nitrogen,2014-04-03 08:49:00,NZST,0.35,,0.35,mg/l,,
auckland,Auckland Council,Avondale,arc-00036,Avondale @ Shadbolt,8019,-36.9232796,174.69177898,Urban,Lowland,Urban,Dissolved inorganic nitrogen,2014-05-02 09:27:00,NZST,0.67,,0.67,mg/l,,
auckland,Auckland Council,Avondale,arc-00036,Avondale @ Shadbolt,8019,-36.9232796,174.69177898,Urban,Lowland,Urban,Dissolved inorganic nitrogen,2014-06-04 09:53:00,NZST,0.412,,0.412,mg/l,,
auckland,Auckland Council,Avondale,arc-00036,Avondale @ Shadbolt,8019,-36.9232796,174.69177898,Urban,Lowland,Urban,Dissolved inorganic nitrogen,2014-07-03 09:22:00,NZST,0.811,,0.811,mg/l,,
auckland,Auckland Council,Avondale,arc-00036,Avondale @ Shadbolt,8019,-36.9232796,174.69177898,Urban,Lowland,Urban,Dissolved inorganic nitrogen,2014-08-05 09:40:00,NZST,1.24,,1.24,mg/l,,
auckland,Auckland Council,Avondale,arc-00036,Avondale @ Shadbolt,8019,-36.9232796,174.69177898,Urban,Lowland,Urban,Dissolved inorganic nitrogen,2014-09-04 09:29:00,NZST,0.696,,0.696,mg/l,,
auckland,Auckland Council,Avondale,arc-00036,Avondale @ Shadbolt,8019,-36.9232796,174.69177898,Urban,Lowland,Urban,Dissolved inorganic nitrogen,2014-10-10 08:25:00,NZST,0.454,,0.454,mg/l,,
auckland,Auckland Council,Avondale,arc-00036,Avondale @ Shadbolt,8019,-36.9232796,174.69177898,Urban,Lowland,Urban,Dissolved inorganic nitrogen,2014-11-06 08:21:00,NZST,0.367,,0.367,mg/l,,
auckland,Auckland Council,Avondale,arc-00036,Avondale @ Shadbolt,8019,-36.9232796,174.69177898,Urban,Lowland,Urban,Dissolved inorganic nitrogen,2014-12-02 09:30:00,NZST,0.264,,0.264,mg/l,,
auckland,Auckland Council,Avondale,arc-00036,Avondale @ Shadbolt,8019,-36.9232796,174.69177898,Urban,Lowland,Urban,Dissolved inorganic nitrogen,2015-01-08 09:20:00,NZST,0.288,,0.288,mg/l,,
auckland,Auckland Council,Avondale,arc-00036,Avondale @ Shadbolt,8019,-36.9232796,174.69177898,Urban,Lowland,Urban,Dissolved inorganic nitrogen,2015-02-05 09:23:00,NZST,0.487,,0.487,mg/l,,
auckland,Auckland Council,Avondale,arc-00036,Avondale @ Shadbolt,8019,-36.9232796,174.69177898,Urban,Lowland,Urban,Dissolved inorganic nitrogen,2015-03-05 09:32:00,NZST,0.156,,0.156,mg/l,,
auckland,Auckland Council,Avondale,arc-00036,Avondale @ Shadbolt,8019,-36.9232796,174.69177898,Urban,Lowland,Urban,Dissolved inorganic nitrogen,2015-04-02 12:01:00,NZST,0.519,,0.519,mg/l,,
auckland,Auckland Council,Avondale,arc-00036,Avondale @ Shadbolt,8019,-36.9232796,174.69177898,Urban,Lowland,Urban,Dissolved inorganic nitrogen,2015-05-01 07:53:00,NZST,0.643,,0.643,mg/l,,
auckland,Auckland Council,Avondale,arc-00036,Avondale @ Shadbolt,8019,-36.9232796,174.69177898,Urban,Lowland,Urban,Dissolved inorganic nitrogen,2015-06-03 07:56:00,NZST,0.353,,0.353,mg/l,,
auckland,Auckland Council,Avondale,arc-00036,Avondale @ Shadbolt,8019,-36.9232796,174.69177898,Urban,Lowland,Urban,Dissolved inorganic nitrogen,2015-07-01 08:32:00,NZST,0.452,,0.452,mg/l,,
auckland,Auckland Council,Avondale,arc-00036,Avondale @ Shadbolt,8019,-36.9232796,174.69177898,Urban,Lowland,Urban,Dissolved inorganic nitrogen,2015-08-03 08:28:00,NZST,0.472,,0.472,mg/l,,
auckland,Auckland Council,Avondale,arc-00036,Avondale @ Shadbolt,8019,-36.9232796,174.69177898,Urban,Lowland,Urban,Dissolved inorganic nitrogen,2015-09-10 08:31:00,NZST,0.625,,0.625,mg/l,,
auckland,Auckland Council,Avondale,arc-00036,Avondale @ Shadbolt,8019,-36.9232796,174.69177898,Urban,Lowland,Urban,Dissolved inorganic nitrogen,2015-10-01 07:02:00,NZST,0.445,,0.445,mg/l,,
auckland,Auckland Council,Avondale,arc-00036,Avondale @ Shadbolt,8019,-36.9232796,174.69177898,Urban,Lowland,Urban,Dissolved inorganic nitrogen,2015-11-02 07:23:00,NZST,0.402,,0.402,mg/l,,
auckland,Auckland Council,Avondale,arc-00036,Avondale @ Shadbolt,8019,-36.9232796,174.69177898,Urban,Lowland,Urban,Dissolved inorganic nitrogen,2015-12-01 07:20:00,NZST,0.395,,0.395,mg/l,,
auckland,Auckland Council,Avondale,arc-00036,Avondale @ Shadbolt,8019,-36.9232796,174.69177898,Urban,Lowland,Urban,Dissolved inorganic nitrogen,2016-01-25 07:55:00,NZST,0.241,,0.241,mg/l,,
auckland,Auckland Council,Avondale,arc-00036,Avondale @ Shadbolt,8019,-36.9232796,174.69177898,Urban,Lowland,Urban,Dissolved inorganic nitrogen,2016-02-15 07:51:00,NZST,0.499,,0.499,mg/l,,
auckland,Auckland Council,Avondale,arc-00036,Avondale @ Shadbolt,8019,-36.9232796,174.69177898,Urban,Lowland,Urban,Dissolved inorganic nitrogen,2016-03-21 08:50:00,NZST,0.285,,0.285,mg/l,,
auckland,Auckland Council,Avondale,arc-00036,Avondale @ Shadbolt,8019,-36.9232796,174.69177898,Urban,Lowland,Urban,Dissolved inorganic nitrogen,2016-04-21 10:20:00,NZST,0.477,,0.477,mg/l,,
auckland,Auckland Council,Avondale,arc-00036,Avondale @ Shadbolt,8019,-36.9232796,174.69177898,Urban,Lowland,Urban,Dissolved inorganic nitrogen,2016-05-20 09:46:00,NZST,0.515,,0.515,mg/l,,
auckland,Auckland Council,Avondale,arc-00036,Avondale @ Shadbolt,8019,-36.9232796,174.69177898,Urban,Lowland,Urban,Dissolved inorganic nitrogen,2016-06-20 10:10:00,NZST,0.59,,0.59,mg/l,,
auckland,Auckland Council,Avondale,arc-00036,Avondale @ Shadbolt,8019,-36.9232796,174.69177898,Urban,Lowland,Urban,Dissolved inorganic nitrogen,2016-07-18 09:36:00,NZST,0.517,,0.517,mg/l,,
auckland,Auckland Council,Avondale,arc-00036,Avondale @ Shadbolt,8019,-36.9232796,174.69177898,Urban,Lowland,Urban,Dissolved inorganic nitrogen,2016-08-31 09:35:00,NZST,0.555,,0.555,mg/l,,
auckland,Auckland Council,Avondale,arc-00036,Avondale @ Shadbolt,8019,-36.9232796,174.69177898,Urban,Lowland,Urban,Dissolved inorganic nitrogen,2016-09-28 07:46:00,NZST,0.594,,0.594,mg/l,,
auckland,Auckland Council,Avondale,arc-00036,Avondale @ Shadbolt,8019,-36.9232796,174.69177898,Urban,Lowland,Urban,Dissolved inorganic nitrogen,2016-10-27 11:11:00,NZST,0.389,,0.389,mg/l,,
auckland,Auckland Council,Avondale,arc-00036,Avondale @ Shadbolt,8019,-36.9232796,174.69177898,Urban,Lowland,Urban,Dissolved inorganic nitrogen,2016-11-28 08:52:00,NZST,0.252,,0.252,mg/l,,
auckland,Auckland Council,Avondale,arc-00036,Avondale @ Shadbolt,8019,-36.9232796,174.69177898,Urban,Lowland,Urban,Dissolved inorganic nitrogen,2016-12-14 09:43:00,NZST,0.392,,0.392,mg/l,,
auckland,Auckland Council,Avondale,arc-00036,Avondale @ Shadbolt,8019,-36.9232796,174.69177898,Urban,Lowland,Urban,Dissolved inorganic nitrogen,2017-01-26 08:22:00,NZST,0.242,,0.242,mg/l,,
auckland,Auckland Council,Avondale,arc-00036,Avondale @ Shadbolt,8019,-36.9232796,174.69177898,Urban,Lowland,Urban,Dissolved inorganic nitrogen,2017-02-23 07:44:00,NZST,0.366,,0.366,mg/l,,
auckland,Auckland Council,Avondale,arc-00036,Avondale @ Shadbolt,8019,-36.9232796,174.69177898,Urban,Lowland,Urban,Dissolved inorganic nitrogen,2017-03-27 10:03:00,NZST,0.659,,0.659,mg/l,,
auckland,Auckland Council,Avondale,arc-00036,Avondale @ Shadbolt,8019,-36.9232796,174.69177898,Urban,Lowland,Urban,Dissolved inorganic nitrogen,2017-04-28 10:08:00,NZST,0.323,,0.323,mg/l,,
auckland,Auckland Council,Avondale,arc-00036,Avondale @ Shadbolt,8019,-36.9232796,174.69177898,Urban,Lowland,Urban,Dissolved inorganic nitrogen,2017-05-29 09:55:00,NZST,0.343,,0.343,mg/l,,
auckland,Auckland Council,Avondale,arc-00036,Avondale @ Shadbolt,8019,-36.9232796,174.69177898,Urban,Lowland,Urban,Dissolved inorganic nitrogen,2017-06-27 09:17:00,NZST,0.427,,0.427,mg/l,,
auckland,Auckland Council,Avondale,arc-00036,Avondale @ Shadbolt,8019,-36.9232796,174.69177898,Urban,Lowland,Urban,Dissolved inorganic nitrogen,2017-07-26 08:50:00,NZST,0.4634,,0.4634,mg/l,,
auckland,Auckland Council,Avondale,arc-00036,Avondale @ Shadbolt,8019,-36.9232796,174.69177898,Urban,Lowland,Urban,Dissolved inorganic nitrogen,2017-08-25 08:34:00,NZST,0.3657,,0.3657,mg/l,,
auckland,Auckland Council,Avondale,arc-00036,Avondale @ Shadbolt,8019,-36.9232796,174.69177898,Urban,Lowland,Urban,Dissolved inorganic nitrogen,2017-09-25 09:37:00,NZST,0.3822,,0.3822,mg/l,,
auckland,Auckland Council,Avondale,arc-00036,Avondale @ Shadbolt,8019,-36.9232796,174.69177898,Urban,Lowland,Urban,Dissolved inorganic nitrogen,2017-10-20 07:54:00,NZST,0.371,,0.371,mg/l,,
auckland,Auckland Council,Avondale,arc-00036,Avondale @ Shadbolt,8019,-36.9232796,174.69177898,Urban,Lowland,Urban,Dissolved inorganic nitrogen,2017-11-21 08:19:00,NZST,0.303,,0.303,mg/l,,
auckland,Auckland Council,Avondale,arc-00036,Avondale @ Shadbolt,8019,-36.9232796,174.69177898,Urban,Lowland,Urban,Dissolved inorganic nitrogen,2017-12-21 08:14:00,NZST,0.248,,0.248,mg/l,,
auckland,Auckland Council,Avondale,arc-00036,Avondale @ Shadbolt,8019,-36.9232796,174.69177898,Urban,Lowland,Urban,Dissolved inorganic nitrogen,2018-01-19 08:46:00,NZST,0.4225,,0.4225,mg/l,,
auckland,Auckland Council,Avondale,arc-00036,Avondale @ Shadbolt,8019,-36.9232796,174.69177898,Urban,Lowland,Urban,Dissolved inorganic nitrogen,2018-02-19 09:36:00,NZST,0.302,,0.302,mg/l,,
auckland,Auckland Council,Avondale,arc-00036,Avondale @ Shadbolt,8019,-36.9232796,174.69177898,Urban,Lowland,Urban,Dissolved inorganic nitrogen,2018-03-19 09:30:00,NZST,0.389,,0.389,mg/l,,
auckland,Auckland Council,Avondale,arc-00036,Avondale @ Shadbolt,8019,-36.9232796,174.69177898,Urban,Lowland,Urban,Dissolved inorganic nitrogen,2018-04-17 08:40:00,NZST,0.475,,0.475,mg/l,,
auckland,Auckland Council,Avondale,arc-00036,Avondale @ Shadbolt,8019,-36.9232796,174.69177898,Urban,Lowland,Urban,Dissolved inorganic nitrogen,2018-05-18 08:28:00,NZST,0.3925,,0.3925,mg/l,,
auckland,Auckland Council,Avondale,arc-00036,Avondale @ Shadbolt,8019,-36.9232796,174.69177898,Urban,Lowland,Urban,Dissolved inorganic nitrogen,2018-06-18 09:53:00,NZST,0.435,,0.435,mg/l,,
auckland,Auckland Council,Avondale,arc-00036,Avondale @ Shadbolt,8019,-36.9232796,174.69177898,Urban,Lowland,Urban,Dissolved inorganic nitrogen,2018-07-17 09:49:00,NZST,0.573,,0.573,mg/l,,
auckland,Auckland Council,Avondale,arc-00036,Avondale @ Shadbolt,8019,-36.9232796,174.69177898,Urban,Lowland,Urban,Dissolved inorganic nitrogen,2018-08-16 09:36:00,NZST,0.492,,0.492,mg/l,,
auckland,Auckland Council,Avondale,arc-00036,Avondale @ Shadbolt,8019,-36.9232796,174.69177898,Urban,Lowland,Urban,Dissolved inorganic nitrogen,2018-09-27 07:58:00,NZST,0.506,,0.506,mg/l,,
auckland,Auckland Council,Avondale,arc-00036,Avondale @ Shadbolt,8019,-36.9232796,174.69177898,Urban,Lowland,Urban,Dissolved inorganic nitrogen,2018-11-28 09:56:00,NZST,0.556,,0.556,mg/l,,
auckland,Auckland Council,Avondale,arc-00036,Avondale @ Shadbolt,8019,-36.9232796,174.69177898,Urban,Lowland,Urban,Dissolved inorganic nitrogen,2018-12-18 08:20:00,NZST,0.36,,0.36,mg/l,,
auckland,Auckland Council,Avondale,arc-00036,Avondale @ Shadbolt,8019,-36.9232796,174.69177898,Urban,Lowland,Urban,Dissolved inorganic nitrogen,2019-01-23 07:35:00,NZST,0.29,,0.29,mg/l,,
auckland,Auckland Council,Avondale,arc-00036,Avondale @ Shadbolt,8019,-36.9232796,174.69177898,Urban,Lowland,Urban,Dissolved inorganic nitrogen,2019-02-21 08:23:00,NZST,0.384,,0.384,mg/l,,
auckland,Auckland Council,Avondale,arc-00036,Avondale @ Shadbolt,8019,-36.9232796,174.69177898,Urban,Lowland,Urban,Dissolved inorganic nitrogen,2019-03-28 08:00:00,NZST,0.438,,0.438,mg/l,,
auckland,Auckland Council,Avondale,arc-00036,Avondale @ Shadbolt,8019,-36.9232796,174.69177898,Urban,Lowland,Urban,Dissolved inorganic nitrogen,2019-04-12 08:52:00,NZST,0.35,,0.35,mg/l,,
auckland,Auckland Council,Avondale,arc-00036,Avondale @ Shadbolt,8019,-36.9232796,174.69177898,Urban,Lowland,Urban,Dissolved inorganic nitrogen,2019-05-27 08:24:00,NZST,0.481,,0.481,mg/l,,
auckland,Auckland Council,Avondale,arc-00036,Avondale @ Shadbolt,8019,-36.9232796,174.69177898,Urban,Lowland,Urban,Dissolved inorganic nitrogen,2019-06-19 08:52:00,NZST,0.458,,0.458,mg/l,,
auckland,Auckland Council,Avondale,arc-00036,Avondale @ Shadbolt,8019,-36.9232796,174.69177898,Urban,Lowland,Urban,Dissolved inorganic nitrogen,2019-07-17 09:52:00,NZST,0.563,,0.563,mg/l,,
auckland,Auckland Council,Avondale,arc-00036,Avondale @ Shadbolt,8019,-36.9232796,174.69177898,Urban,Lowland,Urban,Dissolved inorganic nitrogen,2019-08-16 08:25:00,NZST,0.445,,0.445,mg/l,,
auckland,Auckland Council,Avondale,arc-00036,Avondale @ Shadbolt,8019,-36.9232796,174.69177898,Urban,Lowland,Urban,Dissolved inorganic nitrogen,2019-10-07 08:04:00,NZST,0.36,,0.36,mg/l,,
auckland,Auckland Council,Avondale,arc-00036,Avondale @ Shadbolt,8019,-36.9232796,174.69177898,Urban,Lowland,Urban,Dissolved inorganic nitrogen,2019-10-31 08:14:00,NZST,0.324,,0.324,mg/l,,
auckland,Auckland Council,Avondale,arc-00036,Avondale @ Shadbolt,8019,-36.9232796,174.69177898,Urban,Lowland,Urban,Dissolved inorganic nitrogen,2019-11-25 08:48:00,NZST,0.283,,0.283,mg/l,,
auckland,Auckland Council,Avondale,arc-00036,Avondale @ Shadbolt,8019,-36.9232796,174.69177898,Urban,Lowland,Urban,Dissolved inorganic nitrogen,2019-12-23 07:25:00,NZST,0.33,,0.33,mg/l,,
auckland,Auckland Council,Avondale,arc-00036,Avondale @ Shadbolt,8019,-36.9232796,174.69177898,Urban,Lowland,Urban,Dissolved inorganic nitrogen,2020-01-29 08:09:00,NZST,0.155,,0.155,mg/l,0.0,600.0
auckland,Auckland Council,Avondale,arc-00036,Avondale @ Shadbolt,8019,-36.9232796,174.69177898,Urban,Lowland,Urban,Dissolved inorganic nitrogen,2020-02-25 07:30:00,NZST,0.195,,0.195,mg/l,0.0,600.0
auckland,Auckland Council,Avondale,arc-00036,Avondale @ Shadbolt,8019,-36.9232796,174.69177898,Urban,Lowland,Urban,Dissolved inorganic nitrogen,2020-03-13 08:25:00,NZST,0.142,,0.142,mg/l,0.0,600.0
auckland,Auckland Council,Avondale,arc-00036,Avondale @ Shadbolt,8019,-36.9232796,174.69177898,Urban,Lowland,Urban,Dissolved inorganic nitrogen,2020-04-30 09:29:00,NZST,0.153,,0.153,mg/l,0.0,600.0
auckland,Auckland Council,Avondale,arc-00036,Avondale @ Shadbolt,8019,-36.9232796,174.69177898,Urban,Lowland,Urban,Dissolved inorganic nitrogen,2020-05-28 09:51:00,NZST,0.943,,0.943,mg/l,0.0,600.0
auckland,Auckland Council,Avondale,arc-00036,Avondale @ Shadbolt,8019,-36.9232796,174.69177898,Urban,Lowland,Urban,Dissolved inorganic nitrogen,2020-06-26 10:38:00,NZST,1.067,,1.067,mg/l,0.0,600.0
auckland,Auckland Council,Avondale,arc-00036,Avondale @ Shadbolt,8019,-36.9232796,174.69177898,Urban,Lowland,Urban,Dissolved inorganic nitrogen,2020-07-09 10:50:00,NZST,0.517,,0.517,mg/l,0.0,600.0
auckland,Auckland Council,Avondale,arc-00036,Avondale @ Shadbolt,8019,-36.9232796,174.69177898,Urban,Lowland,Urban,Dissolved inorganic nitrogen,2020-08-07 10:09:00,NZST,0.299,,0.299,mg/l,0.0,600.0
auckland,Auckland Council,Avondale,arc-00036,Avondale @ Shadbolt,8019,-36.9232796,174.69177898,Urban,Lowland,Urban,Dissolved inorganic nitrogen,2020-09-09 10:34:00,NZST,0.34,,0.34,mg/l,0.0,600.0
auckland,Auckland Council,Avondale,arc-00036,Avondale @ Shadbolt,8019,-36.9232796,174.69177898,Urban,Lowland,Urban,Dissolved inorganic nitrogen,2020-10-08 10:12:00,NZST,0.573,,0.573,mg/l,0.0,600.0
auckland,Auckland Council,Avondale,arc-00036,Avondale @ Shadbolt,8019,-36.9232796,174.69177898,Urban,Lowland,Urban,Dissolved inorganic nitrogen,2020-11-24 09:45:00,NZST,0.23,,0.23,mg/l,0.0,600.0
auckland,Auckland Council,Avondale,arc-00036,Avondale @ Shadbolt,8019,-36.9232796,174.69177898,Urban,Lowland,Urban,Dissolved inorganic nitrogen,2020-12-14 11:28:00,NZST,0.242,,0.242,mg/l,0.0,600.0
auckland,Auckland Council,Avondale,arc-00036,Avondale @ Shadbolt,8019,-36.9232796,174.69177898,Urban,Lowland,Urban,Dissolved inorganic nitrogen,2021-01-20 09:25:00,NZST,0.1865,,0.1865,mg/l,0.0,600.0
auckland,Auckland Council,Avondale,arc-00036,Avondale @ Shadbolt,8019,-36.9232796,174.69177898,Urban,Lowland,Urban,Dissolved inorganic nitrogen,2021-02-11 10:34:00,NZST,0.277,,0.277,mg/l,0.0,600.0
auckland,Auckland Council,Avondale,arc-00036,Avondale @ Shadbolt,8019,-36.9232796,174.69177898,Urban,Lowland,Urban,Dissolved inorganic nitrogen,2021-03-25 08:57:00,NZST,0.118,,0.118,mg/l,0.0,600.0
auckland,Auckland Council,Avondale,arc-00036,Avondale @ Shadbolt,8019,-36.9232796,174.69177898,Urban,Lowland,Urban,Dissolved inorganic nitrogen,2021-04-28 11:24:00,NZST,0.498,,0.498,mg/l,0.0,600.0
auckland,Auckland Council,Avondale,arc-00036,Avondale @ Shadbolt,8019,-36.9232796,174.69177898,Urban,Lowland,Urban,Dissolved inorganic nitrogen,2021-05-13 11:43:00,NZST,0.307,,0.307,mg/l,0.0,600.0
auckland,Auckland Council,Avondale,arc-00036,Avondale @ Shadbolt,8019,-36.9232796,174.69177898,Urban,Lowland,Urban,Dissolved inorganic nitrogen,2021-06-08 09:16:00,NZST,0.593,,0.593,mg/l,0.0,600.0
auckland,Auckland Council,Avondale,arc-00036,Avondale @ Shadbolt,8019,-36.9232796,174.69177898,Urban,Lowland,Urban,Dissolved inorganic nitrogen,2021-07-14 10:32:00,NZST,0.556,,0.556,mg/l,0.0,600.0
auckland,Auckland Council,Avondale,arc-00036,Avondale @ Shadbolt,8019,-36.9232796,174.69177898,Urban,Lowland,Urban,Dissolved inorganic nitrogen,2021-08-10 09:29:00,NZST,0.729,,0.729,mg/l,0.0,600.0
auckland,Auckland Council,Avondale,arc-00036,Avondale @ Shadbolt,8019,-36.9232796,174.69177898,Urban,Lowland,Urban,Dissolved inorganic nitrogen,2021-09-29 08:48:00,NZST,1.74,,1.74,mg/l,0.0,600.0
auckland,Auckland Council,Avondale,arc-00036,Avondale @ Shadbolt,8019,-36.9232796,174.69177898,Urban,Lowland,Urban,Dissolved inorganic nitrogen,2021-10-14 08:29:00,NZST,0.87,,0.87,mg/l,0.0,600.0
auckland,Auckland Council,Avondale,arc-00036,Avondale @ Shadbolt,8019,-36.9232796,174.69177898,Urban,Lowland,Urban,Dissolved inorganic nitrogen,2021-11-11 07:57:00,NZST,2.09,,2.09,mg/l,0.0,600.0
auckland,Auckland Council,Avondale,arc-00036,Avondale @ Shadbolt,8019,-36.9232796,174.69177898,Urban,Lowland,Urban,Dissolved inorganic nitrogen,2021-12-09 08:56:00,NZST,3.3988,,3.399,mg/l,41.0,400.0
auckland,Auckland Council,Avondale,arc-00036,Avondale @ Shadbolt,8019,-36.9232796,174.69177898,Urban,Lowland,Urban,Dissolved inorganic nitrogen,2022-01-17 08:06:00,NZST,0.6865,,0.6865,mg/l,0.0,600.0
auckland,Auckland Council,Avondale,arc-00036,Avondale @ Shadbolt,8019,-36.9232796,174.69177898,Urban,Lowland,Urban,Dissolved inorganic nitrogen,2022-02-18 09:48:00,NZST,0.4058,,0.4058,mg/l,0.0,600.0
auckland,Auckland Council,Avondale,arc-00036,Avondale @ Shadbolt,8019,-36.9232796,174.69177898,Urban,Lowland,Urban,Dissolved inorganic nitrogen,2022-03-18 09:01:00,NZST,0.3707,,0.3707,mg/l,0.0,600.0
auckland,Auckland Council,Avondale,arc-00036,Avondale @ Shadbolt,8019,-36.9232796,174.69177898,Urban,Lowland,Urban,Dissolved inorganic nitrogen,2022-04-14 09:43:00,NZST,0.3042,,0.3042,mg/l,41.0,400.0
auckland,Auckland Council,Avondale,arc-00036,Avondale @ Shadbolt,8019,-36.9232796,174.69177898,Urban,Lowland,Urban,Dissolved inorganic nitrogen,2022-05-09 09:39:00,NZST,0.7702,,0.7702,mg/l,0.0,600.0
auckland,Auckland Council,Avondale,arc-00036,Avondale @ Shadbolt,8019,-36.9232796,174.69177898,Urban,Lowland,Urban,Dissolved inorganic nitrogen,2022-06-17 09:54:00,NZST,0.6287,,0.6287,mg/l,0.0,600.0
auckland,Auckland Council,Avondale,arc-00036,Avondale @ Shadbolt,8019,-36.9232796,174.69177898,Urban,Lowland,Urban,Dissolved inorganic nitrogen,2022-07-21 09:35:00,NZST,0.5082,,0.5082,mg/l,0.0,600.0
auckland,Auckland Council,Avondale,arc-00036,Avondale @ Shadbolt,8019,-36.9232796,174.69177898,Urban,Lowland,Urban,Dissolved inorganic nitrogen,2022-08-23 10:33:00,NZST,0.425,,0.425,mg/l,0.0,600.0
auckland,Auckland Council,Avondale,arc-00036,Avondale @ Shadbolt,8019,-36.9232796,174.69177898,Urban,Lowland,Urban,Dissolved inorganic nitrogen,2022-09-29 08:50:00,NZST,0.39,,0.39,mg/l,0.0,600.0
auckland,Auckland Council,Avondale,arc-00036,Avondale @ Shadbolt,8019,-36.9232796,174.69177898,Urban,Lowland,Urban,Dissolved inorganic nitrogen,2022-10-27 08:36:00,NZST,0.369,,0.369,mg/l,0.0,600.0
auckland,Auckland Council,Avondale,arc-00036,Avondale @ Shadbolt,8019,-36.9232796,174.69177898,Urban,Lowland,Urban,Dissolved inorganic nitrogen,2022-11-23 09:32:00,NZST,0.32,,0.32,mg/l,0.0,600.0
auckland,Auckland Council,Avondale,arc-00036,Avondale @ Shadbolt,8019,-36.9232796,174.69177898,Urban,Lowland,Urban,Dissolved inorganic nitrogen,2022-12-21 08:18:00,NZST,0.35,,0.35,mg/l,0.0,600.0
auckland,Auckland Council,Avondale,arc-00036,Avondale @ Shadbolt,8019,-36.9232796,174.69177898,Urban,Lowland,Urban,Dissolved inorganic nitrogen,2023-01-24 09:24:00,NZST,0.39,,0.39,mg/l,0.0,600.0
auckland,Auckland Council,Avondale,arc-00036,Avondale @ Shadbolt,8019,-36.9232796,174.69177898,Urban,Lowland,Urban,Dissolved inorganic nitrogen,2023-02-27 08:43:00,NZST,0.26,,0.26,mg/l,0.0,600.0
auckland,Auckland Council,Avondale,arc-00036,Avondale @ Shadbolt,8019,-36.9232796,174.69177898,Urban,Lowland,Urban,Dissolved inorganic nitrogen,2023-03-30 08:43:00,NZST,0.23,,0.23,mg/l,0.0,600.0
auckland,Auckland Council,Avondale,arc-00036,Avondale @ Shadbolt,8019,-36.9232796,174.69177898,Urban,Lowland,Urban,Dissolved inorganic nitrogen,2023-04-27 11:19:00,NZST,0.3,,0.3,mg/l,0.0,600.0
auckland,Auckland Council,Avondale,arc-00036,Avondale @ Shadbolt,8019,-36.9232796,174.69177898,Urban,Lowland,Urban,Dissolved inorganic nitrogen,2023-05-25 09:09:00,NZST,0.44,,0.44,mg/l,0.0,600.0
auckland,Auckland Council,Avondale,arc-00036,Avondale @ Shadbolt,8019,-36.9232796,174.69177898,Urban,Lowland,Urban,Dissolved inorganic nitrogen,2023-06-26 09:15:00,NZST,0.41,,0.41,mg/l,0.0,600.0
auckland,Auckland Council,Avondale,arc-00036,Avondale @ Shadbolt,8019,-36.9232796,174.69177898,Urban,Lowland,Urban,Dissolved inorganic nitrogen,2023-07-26 09:21:00,NZST,0.176,,0.176,mg/l,0.0,600.0
auckland,Auckland Council,Avondale,arc-00036,Avondale @ Shadbolt,8019,-36.9232796,174.69177898,Urban,Lowland,Urban,Dissolved inorganic nitrogen,2023-08-23 09:53:00,NZST,0.44,,0.44,mg/l,0.0,600.0
auckland,Auckland Council,Avondale,arc-00036,Avondale @ Shadbolt,8019,-36.9232796,174.69177898,Urban,Lowland,Urban,Dissolved inorganic nitrogen,2023-09-26 08:42:00,NZST,0.56,,0.56,mg/l,0.0,600.0
auckland,Auckland Council,Avondale,arc-00036,Avondale @ Shadbolt,8019,-36.9232796,174.69177898,Urban,Lowland,Urban,Dissolved inorganic nitrogen,2023-10-25 08:21:00,NZST,0.51,,0.51,mg/l,0.0,600.0
auckland,Auckland Council,Avondale,arc-00036,Avondale @ Shadbolt,8019,-36.9232796,174.69177898,Urban,Lowland,Urban,Dissolved inorganic nitrogen,2023-11-21 08:54:00,NZST,0.39,,0.39,mg/l,0.0,600.0
auckland,Auckland Council,Avondale,arc-00036,Avondale @ Shadbolt,8019,-36.9232796,174.69177898,Urban,Lowland,Urban,Dissolved inorganic nitrogen,2023-12-13 08:20:00,NZST,0.46,,0.46,mg/l,0.0,600.0
auckland,Auckland Council,Avondale,arc-00036,Avondale @ Shadbolt,8019,-36.9232796,174.69177898,Urban,Lowland,Urban,Dissolved inorganic nitrogen,2024-01-30 08:08:00,NZST,0.39,,0.39,mg/l,0.0,600.0
auckland,Auckland Council,Avondale,arc-00036,Avondale @ Shadbolt,8019,-36.9232796,174.69177898,Urban,Lowland,Urban,Dissolved inorganic nitrogen,2024-02-29 08:59:00,NZST,0.41,,0.41,mg/l,0.0,600.0
auckland,Auckland Council,Avondale,arc-00036,Avondale @ Shadbolt,8019,-36.9232796,174.69177898,Urban,Lowland,Urban,Dissolved inorganic nitrogen,2024-03-25 08:04:00,NZST,0.54,,0.54,mg/l,0.0,600.0
auckland,Auckland Council,Avondale,arc-00036,Avondale @ Shadbolt,8019,-36.9232796,174.69177898,Urban,Lowland,Urban,Dissolved inorganic nitrogen,2024-04-22 09:10:00,NZST,0.6,,0.6,mg/l,0.0,600.0
auckland,Auckland Council,Avondale,arc-00036,Avondale @ Shadbolt,8019,-36.9232796,174.69177898,Urban,Lowland,Urban,Dissolved inorganic nitrogen,2024-05-28 08:20:00,NZST,0.43,,0.43,mg/l,0.0,600.0
auckland,Auckland Council,Avondale,arc-00036,Avondale @ Shadbolt,8019,-36.9232796,174.69177898,Urban,Lowland,Urban,Dissolved inorganic nitrogen,2024-06-26 08:39:00,NZST,0.39,,0.39,mg/l,0.0,600.0
auckland,Auckland Council,Avondale,arc-00036,Avondale @ Shadbolt,8019,-36.9232796,174.69177898,Urban,Lowland,Urban,Dissolved inorganic nitrogen,2024-07-25 08:52:00,NZST,0.49,,0.49,mg/l,0.0,600.0
auckland,Auckland Council,Avondale,arc-00036,Avondale @ Shadbolt,8019,-36.9232796,174.69177898,Urban,Lowland,Urban,Dissolved inorganic nitrogen,2024-08-29 09:04:00,NZST,0.43,,0.43,mg/l,0.0,600.0
auckland,Auckland Council,Avondale,arc-00036,Avondale @ Shadbolt,8019,-36.9232796,174.69177898,Urban,Lowland,Urban,Dissolved inorganic nitrogen,2024-09-26 09:09:00,NZST,0.37,,0.37,mg/l,0.0,600.0
auckland,Auckland Council,Avondale,arc-00036,Avondale @ Shadbolt,8019,-36.9232796,174.69177898,Urban,Lowland,Urban,Dissolved inorganic nitrogen,2024-10-23 08:06:00,NZST,0.4,,0.4,mg/l,0.0,600.0
auckland,Auckland Council,Avondale,arc-00036,Avondale @ Shadbolt,8019,-36.9232796,174.69177898,Urban,Lowland,Urban,Dissolved inorganic nitrogen,2024-11-21 09:59:00,NZST,0.36,,0.36,mg/l,0.0,600.0
auckland,Auckland Council,Avondale,arc-00036,Avondale @ Shadbolt,8019,-36.9232796,174.69177898,Urban,Lowland,Urban,Dissolved inorganic nitrogen,2024-12-09 07:51:00,NZST,0.3,,0.3,mg/l,0.0,600.0
auckland,Auckland Council,Avondale,arc-00036,Avondale @ Shadbolt,8019,-36.9232796,174.69177898,Urban,Lowland,Urban,Dissolved reactive phosphorus,2012-01-06 07:38:00,NZST,0.009,,0.009,mg/l,,
auckland,Auckland Council,Avondale,arc-00036,Avondale @ Shadbolt,8019,-36.9232796,174.69177898,Urban,Lowland,Urban,Dissolved reactive phosphorus,2012-02-02 08:52:00,NZST,<0.005,<,0.005,mg/l,16393.0,610.0
auckland,Auckland Council,Avondale,arc-00036,Avondale @ Shadbolt,8019,-36.9232796,174.69177898,Urban,Lowland,Urban,Dissolved reactive phosphorus,2012-03-01 08:56:00,NZST,0.01,,0.01,mg/l,,
auckland,Auckland Council,Avondale,arc-00036,Avondale @ Shadbolt,8019,-36.9232796,174.69177898,Urban,Lowland,Urban,Dissolved reactive phosphorus,2012-04-03 08:46:00,NZST,0.012,,0.012,mg/l,,
auckland,Auckland Council,Avondale,arc-00036,Avondale @ Shadbolt,8019,-36.9232796,174.69177898,Urban,Lowland,Urban,Dissolved reactive phosphorus,2012-05-04 09:46:00,NZST,0.015,,0.015,mg/l,,
auckland,Auckland Council,Avondale,arc-00036,Avondale @ Shadbolt,8019,-36.9232796,174.69177898,Urban,Lowland,Urban,Dissolved reactive phosphorus,2012-06-07 09:36:00,NZST,0.014,,0.014,mg/l,,
auckland,Auckland Council,Avondale,arc-00036,Avondale @ Shadbolt,8019,-36.9232796,174.69177898,Urban,Lowland,Urban,Dissolved reactive phosphorus,2012-07-05 09:37:00,NZST,0.008,,0.008,mg/l,,
auckland,Auckland Council,Avondale,arc-00036,Avondale @ Shadbolt,8019,-36.9232796,174.69177898,Urban,Lowland,Urban,Dissolved reactive phosphorus,2012-08-02 09:27:00,NZST,0.011,,0.011,mg/l,,
auckland,Auckland Council,Avondale,arc-00036,Avondale @ Shadbolt,8019,-36.9232796,174.69177898,Urban,Lowland,Urban,Dissolved reactive phosphorus,2012-09-04 08:41:00,NZST,0.007,,0.007,mg/l,,
auckland,Auckland Council,Avondale,arc-00036,Avondale @ Shadbolt,8019,-36.9232796,174.69177898,Urban,Lowland,Urban,Dissolved reactive phosphorus,2012-10-04 08:11:00,NZST,0.013,,0.013,mg/l,,
auckland,Auckland Council,Avondale,arc-00036,Avondale @ Shadbolt,8019,-36.9232796,174.69177898,Urban,Lowland,Urban,Dissolved reactive phosphorus,2012-11-02 08:13:00,NZST,0.017,,0.017,mg/l,,
auckland,Auckland Council,Avondale,arc-00036,Avondale @ Shadbolt,8019,-36.9232796,174.69177898,Urban,Lowland,Urban,Dissolved reactive phosphorus,2012-12-05 08:24:00,NZST,0.02,,0.02,mg/l,,
auckland,Auckland Council,Avondale,arc-00036,Avondale @ Shadbolt,8019,-36.9232796,174.69177898,Urban,Lowland,Urban,Dissolved reactive phosphorus,2013-01-09 07:42:00,NZST,0.052,,0.052,mg/l,39.0,543.0
auckland,Auckland Council,Avondale,arc-00036,Avondale @ Shadbolt,8019,-36.9232796,174.69177898,Urban,Lowland,Urban,Dissolved reactive phosphorus,2013-02-07 08:20:00,NZST,0.009,,0.009,mg/l,,
auckland,Auckland Council,Avondale,arc-00036,Avondale @ Shadbolt,8019,-36.9232796,174.69177898,Urban,Lowland,Urban,Dissolved reactive phosphorus,2013-03-08 08:33:00,NZST,0.016,,0.016,mg/l,,
auckland,Auckland Council,Avondale,arc-00036,Avondale @ Shadbolt,8019,-36.9232796,174.69177898,Urban,Lowland,Urban,Dissolved reactive phosphorus,2013-04-04 08:37:00,NZST,0.023,,0.023,mg/l,,
auckland,Auckland Council,Avondale,arc-00036,Avondale @ Shadbolt,8019,-36.9232796,174.69177898,Urban,Lowland,Urban,Dissolved reactive phosphorus,2013-05-02 09:52:00,NZST,0.01,,0.01,mg/l,,
auckland,Auckland Council,Avondale,arc-00036,Avondale @ Shadbolt,8019,-36.9232796,174.69177898,Urban,Lowland,Urban,Dissolved reactive phosphorus,2013-06-11 10:21:00,NZST,0.01,,0.01,mg/l,,
auckland,Auckland Council,Avondale,arc-00036,Avondale @ Shadbolt,8019,-36.9232796,174.69177898,Urban,Lowland,Urban,Dissolved reactive phosphorus,2013-07-02 09:37:00,NZST,0.013,,0.013,mg/l,,
auckland,Auckland Council,Avondale,arc-00036,Avondale @ Shadbolt,8019,-36.9232796,174.69177898,Urban,Lowland,Urban,Dissolved reactive phosphorus,2013-07-31 09:30:00,NZST,0.011,,0.011,mg/l,,
auckland,Auckland Council,Avondale,arc-00036,Avondale @ Shadbolt,8019,-36.9232796,174.69177898,Urban,Lowland,Urban,Dissolved reactive phosphorus,2013-09-05 09:43:00,NZST,0.018,,0.018,mg/l,,
auckland,Auckland Council,Avondale,arc-00036,Avondale @ Shadbolt,8019,-36.9232796,174.69177898,Urban,Lowland,Urban,Dissolved reactive phosphorus,2013-10-09 08:49:00,NZST,0.007,,0.007,mg/l,,
auckland,Auckland Council,Avondale,arc-00036,Avondale @ Shadbolt,8019,-36.9232796,174.69177898,Urban,Lowland,Urban,Dissolved reactive phosphorus,2013-11-06 07:32:00,NZST,0.011,,0.011,mg/l,,
auckland,Auckland Council,Avondale,arc-00036,Avondale @ Shadbolt,8019,-36.9232796,174.69177898,Urban,Lowland,Urban,Dissolved reactive phosphorus,2013-12-04 12:01:00,NZST,0.021,,0.021,mg/l,,
auckland,Auckland Council,Avondale,arc-00036,Avondale @ Shadbolt,8019,-36.9232796,174.69177898,Urban,Lowland,Urban,Dissolved reactive phosphorus,2014-01-09 07:29:00,NZST,0.016,,0.016,mg/l,,
auckland,Auckland Council,Avondale,arc-00036,Avondale @ Shadbolt,8019,-36.9232796,174.69177898,Urban,Lowland,Urban,Dissolved reactive phosphorus,2014-02-05 08:27:00,NZST,0.016,,0.016,mg/l,,
auckland,Auckland Council,Avondale,arc-00036,Avondale @ Shadbolt,8019,-36.9232796,174.69177898,Urban,Lowland,Urban,Dissolved reactive phosphorus,2014-03-06 08:28:00,NZST,0.006,,0.006,mg/l,,
auckland,Auckland Council,Avondale,arc-00036,Avondale @ Shadbolt,8019,-36.9232796,174.69177898,Urban,Lowland,Urban,Dissolved reactive phosphorus,2014-04-03 08:49:00,NZST,0.015,,0.015,mg/l,,
auckland,Auckland Council,Avondale,arc-00036,Avondale @ Shadbolt,8019,-36.9232796,174.69177898,Urban,Lowland,Urban,Dissolved reactive phosphorus,2014-05-02 09:27:00,NZST,0.02,,0.02,mg/l,,
auckland,Auckland Council,Avondale,arc-00036,Avondale @ Shadbolt,8019,-36.9232796,174.69177898,Urban,Lowland,Urban,Dissolved reactive phosphorus,2014-06-04 09:53:00,NZST,0.015,,0.015,mg/l,,
auckland,Auckland Council,Avondale,arc-00036,Avondale @ Shadbolt,8019,-36.9232796,174.69177898,Urban,Lowland,Urban,Dissolved reactive phosphorus,2014-07-03 09:22:00,NZST,0.014,,0.014,mg/l,,
auckland,Auckland Council,Avondale,arc-00036,Avondale @ Shadbolt,8019,-36.9232796,174.69177898,Urban,Lowland,Urban,Dissolved reactive phosphorus,2014-08-05 09:40:00,NZST,0.031,,0.031,mg/l,,
auckland,Auckland Council,Avondale,arc-00036,Avondale @ Shadbolt,8019,-36.9232796,174.69177898,Urban,Lowland,Urban,Dissolved reactive phosphorus,2014-09-04 09:29:00,NZST,0.005,,0.005,mg/l,,
auckland,Auckland Council,Avondale,arc-00036,Avondale @ Shadbolt,8019,-36.9232796,174.69177898,Urban,Lowland,Urban,Dissolved reactive phosphorus,2014-10-10 08:25:00,NZST,0.013,,0.013,mg/l,,
auckland,Auckland Council,Avondale,arc-00036,Avondale @ Shadbolt,8019,-36.9232796,174.69177898,Urban,Lowland,Urban,Dissolved reactive phosphorus,2014-11-06 08:21:00,NZST,0.012,,0.012,mg/l,,
auckland,Auckland Council,Avondale,arc-00036,Avondale @ Shadbolt,8019,-36.9232796,174.69177898,Urban,Lowland,Urban,Dissolved reactive phosphorus,2014-12-02 09:30:00,NZST,0.013,,0.013,mg/l,,
auckland,Auckland Council,Avondale,arc-00036,Avondale @ Shadbolt,8019,-36.9232796,174.69177898,Urban,Lowland,Urban,Dissolved reactive phosphorus,2015-01-08 09:20:00,NZST,0.025,,0.025,mg/l,,
auckland,Auckland Council,Avondale,arc-00036,Avondale @ Shadbolt,8019,-36.9232796,174.69177898,Urban,Lowland,Urban,Dissolved reactive phosphorus,2015-02-05 09:23:00,NZST,0.018,,0.018,mg/l,,
auckland,Auckland Council,Avondale,arc-00036,Avondale @ Shadbolt,8019,-36.9232796,174.69177898,Urban,Lowland,Urban,Dissolved reactive phosphorus,2015-03-05 09:32:00,NZST,0.018,,0.018,mg/l,,
auckland,Auckland Council,Avondale,arc-00036,Avondale @ Shadbolt,8019,-36.9232796,174.69177898,Urban,Lowland,Urban,Dissolved reactive phosphorus,2015-04-02 12:01:00,NZST,0.016,,0.016,mg/l,,
auckland,Auckland Council,Avondale,arc-00036,Avondale @ Shadbolt,8019,-36.9232796,174.69177898,Urban,Lowland,Urban,Dissolved reactive phosphorus,2015-05-01 07:53:00,NZST,0.015,,0.015,mg/l,,
auckland,Auckland Council,Avondale,arc-00036,Avondale @ Shadbolt,8019,-36.9232796,174.69177898,Urban,Lowland,Urban,Dissolved reactive phosphorus,2015-06-03 07:56:00,NZST,0.012,,0.012,mg/l,,
auckland,Auckland Council,Avondale,arc-00036,Avondale @ Shadbolt,8019,-36.9232796,174.69177898,Urban,Lowland,Urban,Dissolved reactive phosphorus,2015-07-01 08:32:00,NZST,0.011,,0.011,mg/l,,
auckland,Auckland Council,Avondale,arc-00036,Avondale @ Shadbolt,8019,-36.9232796,174.69177898,Urban,Lowland,Urban,Dissolved reactive phosphorus,2015-08-03 08:28:00,NZST,0.012,,0.012,mg/l,,
auckland,Auckland Council,Avondale,arc-00036,Avondale @ Shadbolt,8019,-36.9232796,174.69177898,Urban,Lowland,Urban,Dissolved reactive phosphorus,2015-09-10 08:31:00,NZST,0.016,,0.016,mg/l,,
auckland,Auckland Council,Avondale,arc-00036,Avondale @ Shadbolt,8019,-36.9232796,174.69177898,Urban,Lowland,Urban,Dissolved reactive phosphorus,2015-10-01 07:02:00,NZST,0.012,,0.012,mg/l,,
auckland,Auckland Council,Avondale,arc-00036,Avondale @ Shadbolt,8019,-36.9232796,174.69177898,Urban,Lowland,Urban,Dissolved reactive phosphorus,2015-11-02 07:23:00,NZST,0.014,,0.014,mg/l,,
auckland,Auckland Council,Avondale,arc-00036,Avondale @ Shadbolt,8019,-36.9232796,174.69177898,Urban,Lowland,Urban,Dissolved reactive phosphorus,2015-12-01 07:20:00,NZST,0.018,,0.018,mg/l,,
auckland,Auckland Council,Avondale,arc-00036,Avondale @ Shadbolt,8019,-36.9232796,174.69177898,Urban,Lowland,Urban,Dissolved reactive phosphorus,2016-01-25 07:55:00,NZST,0.018,,0.018,mg/l,,
auckland,Auckland Council,Avondale,arc-00036,Avondale @ Shadbolt,8019,-36.9232796,174.69177898,Urban,Lowland,Urban,Dissolved reactive phosphorus,2016-02-15 07:51:00,NZST,0.02,,0.02,mg/l,,
auckland,Auckland Council,Avondale,arc-00036,Avondale @ Shadbolt,8019,-36.9232796,174.69177898,Urban,Lowland,Urban,Dissolved reactive phosphorus,2016-03-21 08:50:00,NZST,0.023,,0.023,mg/l,,
auckland,Auckland Council,Avondale,arc-00036,Avondale @ Shadbolt,8019,-36.9232796,174.69177898,Urban,Lowland,Urban,Dissolved reactive phosphorus,2016-04-21 10:20:00,NZST,0.023,,0.023,mg/l,,
auckland,Auckland Council,Avondale,arc-00036,Avondale @ Shadbolt,8019,-36.9232796,174.69177898,Urban,Lowland,Urban,Dissolved reactive phosphorus,2016-05-20 09:46:00,NZST,0.016,,0.016,mg/l,,
auckland,Auckland Council,Avondale,arc-00036,Avondale @ Shadbolt,8019,-36.9232796,174.69177898,Urban,Lowland,Urban,Dissolved reactive phosphorus,2016-06-20 10:10:00,NZST,0.018,,0.018,mg/l,,
auckland,Auckland Council,Avondale,arc-00036,Avondale @ Shadbolt,8019,-36.9232796,174.69177898,Urban,Lowland,Urban,Dissolved reactive phosphorus,2016-07-18 09:36:00,NZST,0.011,,0.011,mg/l,,
auckland,Auckland Council,Avondale,arc-00036,Avondale @ Shadbolt,8019,-36.9232796,174.69177898,Urban,Lowland,Urban,Dissolved reactive phosphorus,2016-08-31 09:35:00,NZST,0.011,,0.011,mg/l,,
auckland,Auckland Council,Avondale,arc-00036,Avondale @ Shadbolt,8019,-36.9232796,174.69177898,Urban,Lowland,Urban,Dissolved reactive phosphorus,2016-09-28 07:46:00,NZST,0.01,,0.01,mg/l,,
auckland,Auckland Council,Avondale,arc-00036,Avondale @ Shadbolt,8019,-36.9232796,174.69177898,Urban,Lowland,Urban,Dissolved reactive phosphorus,2016-10-27 11:11:00,NZST,0.016,,0.016,mg/l,,
auckland,Auckland Council,Avondale,arc-00036,Avondale @ Shadbolt,8019,-36.9232796,174.69177898,Urban,Lowland,Urban,Dissolved reactive phosphorus,2016-11-28 08:52:00,NZST,0.011,,0.011,mg/l,,
auckland,Auckland Council,Avondale,arc-00036,Avondale @ Shadbolt,8019,-36.9232796,174.69177898,Urban,Lowland,Urban,Dissolved reactive phosphorus,2016-12-14 09:43:00,NZST,0.022,,0.022,mg/l,,
auckland,Auckland Council,Avondale,arc-00036,Avondale @ Shadbolt,8019,-36.9232796,174.69177898,Urban,Lowland,Urban,Dissolved reactive phosphorus,2017-01-26 08:22:00,NZST,0.012,,0.012,mg/l,,
auckland,Auckland Council,Avondale,arc-00036,Avondale @ Shadbolt,8019,-36.9232796,174.69177898,Urban,Lowland,Urban,Dissolved reactive phosphorus,2017-02-23 07:44:00,NZST,0.026,,0.026,mg/l,,
auckland,Auckland Council,Avondale,arc-00036,Avondale @ Shadbolt,8019,-36.9232796,174.69177898,Urban,Lowland,Urban,Dissolved reactive phosphorus,2017-03-27 10:03:00,NZST,0.021,,0.021,mg/l,,
auckland,Auckland Council,Avondale,arc-00036,Avondale @ Shadbolt,8019,-36.9232796,174.69177898,Urban,Lowland,Urban,Dissolved reactive phosphorus,2017-04-28 10:08:00,NZST,0.014,,0.014,mg/l,,
auckland,Auckland Council,Avondale,arc-00036,Avondale @ Shadbolt,8019,-36.9232796,174.69177898,Urban,Lowland,Urban,Dissolved reactive phosphorus,2017-05-29 09:55:00,NZST,0.011,,0.011,mg/l,,
auckland,Auckland Council,Avondale,arc-00036,Avondale @ Shadbolt,8019,-36.9232796,174.69177898,Urban,Lowland,Urban,Dissolved reactive phosphorus,2017-06-27 09:17:00,NZST,0.011,,0.011,mg/l,,
auckland,Auckland Council,Avondale,arc-00036,Avondale @ Shadbolt,8019,-36.9232796,174.69177898,Urban,Lowland,Urban,Dissolved reactive phosphorus,2017-07-26 08:50:00,NZST,0.005,,0.005,mg/l,,
auckland,Auckland Council,Avondale,arc-00036,Avondale @ Shadbolt,8019,-36.9232796,174.69177898,Urban,Lowland,Urban,Dissolved reactive phosphorus,2017-08-25 08:34:00,NZST,0.005,,0.005,mg/l,,
auckland,Auckland Council,Avondale,arc-00036,Avondale @ Shadbolt,8019,-36.9232796,174.69177898,Urban,Lowland,Urban,Dissolved reactive phosphorus,2017-09-25 09:37:00,NZST,0.005,,0.005,mg/l,,
auckland,Auckland Council,Avondale,arc-00036,Avondale @ Shadbolt,8019,-36.9232796,174.69177898,Urban,Lowland,Urban,Dissolved reactive phosphorus,2017-10-20 07:54:00,NZST,0.005,,0.005,mg/l,,
auckland,Auckland Council,Avondale,arc-00036,Avondale @ Shadbolt,8019,-36.9232796,174.69177898,Urban,Lowland,Urban,Dissolved reactive phosphorus,2017-11-21 08:19:00,NZST,0.006,,0.006,mg/l,,
auckland,Auckland Council,Avondale,arc-00036,Avondale @ Shadbolt,8019,-36.9232796,174.69177898,Urban,Lowland,Urban,Dissolved reactive phosphorus,2017-12-21 08:14:00,NZST,0.008,,0.008,mg/l,,
auckland,Auckland Council,Avondale,arc-00036,Avondale @ Shadbolt,8019,-36.9232796,174.69177898,Urban,Lowland,Urban,Dissolved reactive phosphorus,2018-01-19 08:46:00,NZST,0.011,,0.011,mg/l,,
auckland,Auckland Council,Avondale,arc-00036,Avondale @ Shadbolt,8019,-36.9232796,174.69177898,Urban,Lowland,Urban,Dissolved reactive phosphorus,2018-02-19 09:36:00,NZST,0.009,,0.009,mg/l,,
auckland,Auckland Council,Avondale,arc-00036,Avondale @ Shadbolt,8019,-36.9232796,174.69177898,Urban,Lowland,Urban,Dissolved reactive phosphorus,2018-03-19 09:30:00,NZST,<0.004,<,0.004,mg/l,16393.0,610.0
auckland,Auckland Council,Avondale,arc-00036,Avondale @ Shadbolt,8019,-36.9232796,174.69177898,Urban,Lowland,Urban,Dissolved reactive phosphorus,2018-04-17 08:40:00,NZST,0.005,,0.005,mg/l,,
auckland,Auckland Council,Avondale,arc-00036,Avondale @ Shadbolt,8019,-36.9232796,174.69177898,Urban,Lowland,Urban,Dissolved reactive phosphorus,2018-05-18 08:28:00,NZST,<0.004,<,0.004,mg/l,16393.0,610.0
auckland,Auckland Council,Avondale,arc-00036,Avondale @ Shadbolt,8019,-36.9232796,174.69177898,Urban,Lowland,Urban,Dissolved reactive phosphorus,2018-06-18 09:53:00,NZST,<0.004,<,0.004,mg/l,16393.0,610.0
auckland,Auckland Council,Avondale,arc-00036,Avondale @ Shadbolt,8019,-36.9232796,174.69177898,Urban,Lowland,Urban,Dissolved reactive phosphorus,2018-07-17 09:49:00,NZST,0.005,,0.005,mg/l,,
auckland,Auckland Council,Avondale,arc-00036,Avondale @ Shadbolt,8019,-36.9232796,174.69177898,Urban,Lowland,Urban,Dissolved reactive phosphorus,2018-08-16 09:36:00,NZST,0.005,,0.005,mg/l,,
auckland,Auckland Council,Avondale,arc-00036,Avondale @ Shadbolt,8019,-36.9232796,174.69177898,Urban,Lowland,Urban,Dissolved reactive phosphorus,2018-09-27 07:58:00,NZST,<0.004,<,0.004,mg/l,16393.0,610.0
auckland,Auckland Council,Avondale,arc-00036,Avondale @ Shadbolt,8019,-36.9232796,174.69177898,Urban,Lowland,Urban,Dissolved reactive phosphorus,2018-11-28 09:56:00,NZST,0.006,,0.006,mg/l,,
auckland,Auckland Council,Avondale,arc-00036,Avondale @ Shadbolt,8019,-36.9232796,174.69177898,Urban,Lowland,Urban,Dissolved reactive phosphorus,2018-12-18 08:20:00,NZST,0.004,,0.004,mg/l,,
auckland,Auckland Council,Avondale,arc-00036,Avondale @ Shadbolt,8019,-36.9232796,174.69177898,Urban,Lowland,Urban,Dissolved reactive phosphorus,2019-01-23 07:35:00,NZST,0.005,,0.005,mg/l,,
auckland,Auckland Council,Avondale,arc-00036,Avondale @ Shadbolt,8019,-36.9232796,174.69177898,Urban,Lowland,Urban,Dissolved reactive phosphorus,2019-02-21 08:23:00,NZST,0.007,,0.007,mg/l,,
auckland,Auckland Council,Avondale,arc-00036,Avondale @ Shadbolt,8019,-36.9232796,174.69177898,Urban,Lowland,Urban,Dissolved reactive phosphorus,2019-03-28 08:00:00,NZST,0.005,,0.005,mg/l,,
auckland,Auckland Council,Avondale,arc-00036,Avondale @ Shadbolt,8019,-36.9232796,174.69177898,Urban,Lowland,Urban,Dissolved reactive phosphorus,2019-04-12 08:52:00,NZST,0.005,,0.005,mg/l,,
auckland,Auckland Council,Avondale,arc-00036,Avondale @ Shadbolt,8019,-36.9232796,174.69177898,Urban,Lowland,Urban,Dissolved reactive phosphorus,2019-05-27 08:24:00,NZST,0.011,,0.011,mg/l,,
auckland,Auckland Council,Avondale,arc-00036,Avondale @ Shadbolt,8019,-36.9232796,174.69177898,Urban,Lowland,Urban,Dissolved reactive phosphorus,2019-06-19 08:52:00,NZST,0.006,,0.006,mg/l,,
auckland,Auckland Council,Avondale,arc-00036,Avondale @ Shadbolt,8019,-36.9232796,174.69177898,Urban,Lowland,Urban,Dissolved reactive phosphorus,2019-07-17 09:52:00,NZST,0.005,,0.005,mg/l,,
auckland,Auckland Council,Avondale,arc-00036,Avondale @ Shadbolt,8019,-36.9232796,174.69177898,Urban,Lowland,Urban,Dissolved reactive phosphorus,2019-08-16 08:25:00,NZST,0.004,,0.004,mg/l,,
auckland,Auckland Council,Avondale,arc-00036,Avondale @ Shadbolt,8019,-36.9232796,174.69177898,Urban,Lowland,Urban,Dissolved reactive phosphorus,2019-10-07 08:04:00,NZST,0.003,,0.003,mg/l,,
auckland,Auckland Council,Avondale,arc-00036,Avondale @ Shadbolt,8019,-36.9232796,174.69177898,Urban,Lowland,Urban,Dissolved reactive phosphorus,2019-10-31 08:14:00,NZST,0.004,,0.004,mg/l,,
auckland,Auckland Council,Avondale,arc-00036,Avondale @ Shadbolt,8019,-36.9232796,174.69177898,Urban,Lowland,Urban,Dissolved reactive phosphorus,2019-11-25 08:48:00,NZST,0.005,,0.005,mg/l,,
auckland,Auckland Council,Avondale,arc-00036,Avondale @ Shadbolt,8019,-36.9232796,174.69177898,Urban,Lowland,Urban,Dissolved reactive phosphorus,2019-12-23 07:25:00,NZST,0.004,,0.004,mg/l,,
auckland,Auckland Council,Avondale,arc-00036,Avondale @ Shadbolt,8019,-36.9232796,174.69177898,Urban,Lowland,Urban,Dissolved reactive phosphorus,2020-01-29 08:09:00,NZST,0.009,,0.009,mg/l,0.0,600.0
auckland,Auckland Council,Avondale,arc-00036,Avondale @ Shadbolt,8019,-36.9232796,174.69177898,Urban,Lowland,Urban,Dissolved reactive phosphorus,2020-02-25 07:30:00,NZST,0.015,,0.015,mg/l,0.0,600.0
auckland,Auckland Council,Avondale,arc-00036,Avondale @ Shadbolt,8019,-36.9232796,174.69177898,Urban,Lowland,Urban,Dissolved reactive phosphorus,2020-03-13 08:25:00,NZST,0.011,,0.011,mg/l,0.0,600.0
auckland,Auckland Council,Avondale,arc-00036,Avondale @ Shadbolt,8019,-36.9232796,174.69177898,Urban,Lowland,Urban,Dissolved reactive phosphorus,2020-04-30 09:29:00,NZST,0.008,,0.008,mg/l,0.0,600.0
auckland,Auckland Council,Avondale,arc-00036,Avondale @ Shadbolt,8019,-36.9232796,174.69177898,Urban,Lowland,Urban,Dissolved reactive phosphorus,2020-05-28 09:51:00,NZST,0.007,,0.007,mg/l,0.0,600.0
auckland,Auckland Council,Avondale,arc-00036,Avondale @ Shadbolt,8019,-36.9232796,174.69177898,Urban,Lowland,Urban,Dissolved reactive phosphorus,2020-06-26 10:38:00,NZST,0.009,,0.009,mg/l,0.0,600.0
auckland,Auckland Council,Avondale,arc-00036,Avondale @ Shadbolt,8019,-36.9232796,174.69177898,Urban,Lowland,Urban,Dissolved reactive phosphorus,2020-07-09 10:50:00,NZST,0.005,,0.005,mg/l,0.0,600.0
auckland,Auckland Council,Avondale,arc-00036,Avondale @ Shadbolt,8019,-36.9232796,174.69177898,Urban,Lowland,Urban,Dissolved reactive phosphorus,2020-08-07 10:09:00,NZST,0.002,,0.002,mg/l,0.0,600.0
auckland,Auckland Council,Avondale,arc-00036,Avondale @ Shadbolt,8019,-36.9232796,174.69177898,Urban,Lowland,Urban,Dissolved reactive phosphorus,2020-09-09 10:34:00,NZST,0.005,,0.005,mg/l,0.0,600.0
auckland,Auckland Council,Avondale,arc-00036,Avondale @ Shadbolt,8019,-36.9232796,174.69177898,Urban,Lowland,Urban,Dissolved reactive phosphorus,2020-10-08 10:12:00,NZST,0.004,,0.004,mg/l,0.0,600.0
auckland,Auckland Council,Avondale,arc-00036,Avondale @ Shadbolt,8019,-36.9232796,174.69177898,Urban,Lowland,Urban,Dissolved reactive phosphorus,2020-11-24 09:45:00,NZST,0.005,,0.005,mg/l,0.0,600.0
auckland,Auckland Council,Avondale,arc-00036,Avondale @ Shadbolt,8019,-36.9232796,174.69177898,Urban,Lowland,Urban,Dissolved reactive phosphorus,2020-12-14 11:28:00,NZST,0.009,,0.009,mg/l,0.0,600.0
auckland,Auckland Council,Avondale,arc-00036,Avondale @ Shadbolt,8019,-36.9232796,174.69177898,Urban,Lowland,Urban,Dissolved reactive phosphorus,2021-01-20 09:25:00,NZST,0.004,,0.004,mg/l,0.0,600.0
auckland,Auckland Council,Avondale,arc-00036,Avondale @ Shadbolt,8019,-36.9232796,174.69177898,Urban,Lowland,Urban,Dissolved reactive phosphorus,2021-02-11 10:34:00,NZST,0.012,,0.012,mg/l,0.0,600.0
auckland,Auckland Council,Avondale,arc-00036,Avondale @ Shadbolt,8019,-36.9232796,174.69177898,Urban,Lowland,Urban,Dissolved reactive phosphorus,2021-03-25 08:57:00,NZST,0.006,,0.006,mg/l,0.0,600.0
auckland,Auckland Council,Avondale,arc-00036,Avondale @ Shadbolt,8019,-36.9232796,174.69177898,Urban,Lowland,Urban,Dissolved reactive phosphorus,2021-04-28 11:24:00,NZST,0.009,,0.009,mg/l,0.0,600.0
auckland,Auckland Council,Avondale,arc-00036,Avondale @ Shadbolt,8019,-36.9232796,174.69177898,Urban,Lowland,Urban,Dissolved reactive phosphorus,2021-05-13 11:43:00,NZST,0.009,,0.009,mg/l,0.0,600.0
auckland,Auckland Council,Avondale,arc-00036,Avondale @ Shadbolt,8019,-36.9232796,174.69177898,Urban,Lowland,Urban,Dissolved reactive phosphorus,2021-06-08 09:16:00,NZST,0.009,,0.009,mg/l,0.0,600.0
auckland,Auckland Council,Avondale,arc-00036,Avondale @ Shadbolt,8019,-36.9232796,174.69177898,Urban,Lowland,Urban,Dissolved reactive phosphorus,2021-07-14 10:32:00,NZST,0.005,,0.005,mg/l,0.0,600.0
auckland,Auckland Council,Avondale,arc-00036,Avondale @ Shadbolt,8019,-36.9232796,174.69177898,Urban,Lowland,Urban,Dissolved reactive phosphorus,2021-08-10 09:29:00,NZST,0.007,,0.007,mg/l,0.0,600.0
auckland,Auckland Council,Avondale,arc-00036,Avondale @ Shadbolt,8019,-36.9232796,174.69177898,Urban,Lowland,Urban,Dissolved reactive phosphorus,2021-09-29 08:48:00,NZST,0.064,,0.064,mg/l,0.0,600.0
auckland,Auckland Council,Avondale,arc-00036,Avondale @ Shadbolt,8019,-36.9232796,174.69177898,Urban,Lowland,Urban,Dissolved reactive phosphorus,2021-10-14 08:29:00,NZST,0.033,,0.033,mg/l,0.0,600.0
auckland,Auckland Council,Avondale,arc-00036,Avondale @ Shadbolt,8019,-36.9232796,174.69177898,Urban,Lowland,Urban,Dissolved reactive phosphorus,2021-11-11 07:57:00,NZST,0.069,,0.069,mg/l,0.0,600.0
auckland,Auckland Council,Avondale,arc-00036,Avondale @ Shadbolt,8019,-36.9232796,174.69177898,Urban,Lowland,Urban,Dissolved reactive phosphorus,2021-12-09 08:56:00,NZST,0.18,,0.18,mg/l,41.0,400.0
auckland,Auckland Council,Avondale,arc-00036,Avondale @ Shadbolt,8019,-36.9232796,174.69177898,Urban,Lowland,Urban,Dissolved reactive phosphorus,2022-01-17 08:06:00,NZST,0.031,,0.031,mg/l,0.0,600.0
auckland,Auckland Council,Avondale,arc-00036,Avondale @ Shadbolt,8019,-36.9232796,174.69177898,Urban,Lowland,Urban,Dissolved reactive phosphorus,2022-02-18 09:48:00,NZST,0.023,,0.023,mg/l,0.0,600.0
auckland,Auckland Council,Avondale,arc-00036,Avondale @ Shadbolt,8019,-36.9232796,174.69177898,Urban,Lowland,Urban,Dissolved reactive phosphorus,2022-03-18 09:01:00,NZST,0.013,,0.013,mg/l,0.0,600.0
auckland,Auckland Council,Avondale,arc-00036,Avondale @ Shadbolt,8019,-36.9232796,174.69177898,Urban,Lowland,Urban,Dissolved reactive phosphorus,2022-04-14 09:43:00,NZST,0.009,,0.009,mg/l,0.0,600.0
auckland,Auckland Council,Avondale,arc-00036,Avondale @ Shadbolt,8019,-36.9232796,174.69177898,Urban,Lowland,Urban,Dissolved reactive phosphorus,2022-05-09 09:39:00,NZST,0.009,,0.009,mg/l,0.0,600.0
auckland,Auckland Council,Avondale,arc-00036,Avondale @ Shadbolt,8019,-36.9232796,174.69177898,Urban,Lowland,Urban,Dissolved reactive phosphorus,2022-06-17 09:54:00,NZST,0.007,,0.007,mg/l,0.0,600.0
auckland,Auckland Council,Avondale,arc-00036,Avondale @ Shadbolt,8019,-36.9232796,174.69177898,Urban,Lowland,Urban,Dissolved reactive phosphorus,2022-07-21 09:35:00,NZST,0.008,,0.008,mg/l,0.0,600.0
auckland,Auckland Council,Avondale,arc-00036,Avondale @ Shadbolt,8019,-36.9232796,174.69177898,Urban,Lowland,Urban,Dissolved reactive phosphorus,2022-08-23 10:33:00,NZST,0.007,,0.007,mg/l,0.0,600.0
auckland,Auckland Council,Avondale,arc-00036,Avondale @ Shadbolt,8019,-36.9232796,174.69177898,Urban,Lowland,Urban,Dissolved reactive phosphorus,2022-09-29 08:50:00,NZST,0.003,,0.003,mg/l,0.0,600.0
auckland,Auckland Council,Avondale,arc-00036,Avondale @ Shadbolt,8019,-36.9232796,174.69177898,Urban,Lowland,Urban,Dissolved reactive phosphorus,2022-10-27 08:36:00,NZST,0.005,,0.005,mg/l,0.0,600.0
auckland,Auckland Council,Avondale,arc-00036,Avondale @ Shadbolt,8019,-36.9232796,174.69177898,Urban,Lowland,Urban,Dissolved reactive phosphorus,2022-11-23 09:32:00,NZST,0.016,,0.016,mg/l,0.0,600.0
auckland,Auckland Council,Avondale,arc-00036,Avondale @ Shadbolt,8019,-36.9232796,174.69177898,Urban,Lowland,Urban,Dissolved reactive phosphorus,2022-12-21 08:18:00,NZST,0.007,,0.007,mg/l,0.0,600.0
auckland,Auckland Council,Avondale,arc-00036,Avondale @ Shadbolt,8019,-36.9232796,174.69177898,Urban,Lowland,Urban,Dissolved reactive phosphorus,2023-01-24 09:24:00,NZST,0.005,,0.005,mg/l,0.0,600.0
auckland,Auckland Council,Avondale,arc-00036,Avondale @ Shadbolt,8019,-36.9232796,174.69177898,Urban,Lowland,Urban,Dissolved reactive phosphorus,2023-02-27 08:43:00,NZST,0.009,,0.009,mg/l,0.0,600.0
auckland,Auckland Council,Avondale,arc-00036,Avondale @ Shadbolt,8019,-36.9232796,174.69177898,Urban,Lowland,Urban,Dissolved reactive phosphorus,2023-03-30 08:43:00,NZST,0.005,,0.005,mg/l,0.0,600.0
auckland,Auckland Council,Avondale,arc-00036,Avondale @ Shadbolt,8019,-36.9232796,174.69177898,Urban,Lowland,Urban,Dissolved reactive phosphorus,2023-04-27 11:19:00,NZST,0.003,,0.003,mg/l,0.0,600.0
auckland,Auckland Council,Avondale,arc-00036,Avondale @ Shadbolt,8019,-36.9232796,174.69177898,Urban,Lowland,Urban,Dissolved reactive phosphorus,2023-05-25 09:09:00,NZST,0.006,,0.006,mg/l,0.0,600.0
auckland,Auckland Council,Avondale,arc-00036,Avondale @ Shadbolt,8019,-36.9232796,174.69177898,Urban,Lowland,Urban,Dissolved reactive phosphorus,2023-06-26 09:15:00,NZST,0.004,,0.004,mg/l,0.0,600.0
auckland,Auckland Council,Avondale,arc-00036,Avondale @ Shadbolt,8019,-36.9232796,174.69177898,Urban,Lowland,Urban,Dissolved reactive phosphorus,2023-07-26 09:21:00,NZST,0.005,,0.005,mg/l,0.0,600.0
auckland,Auckland Council,Avondale,arc-00036,Avondale @ Shadbolt,8019,-36.9232796,174.69177898,Urban,Lowland,Urban,Dissolved reactive phosphorus,2023-08-23 09:53:00,NZST,0.005,,0.005,mg/l,0.0,600.0
auckland,Auckland Council,Avondale,arc-00036,Avondale @ Shadbolt,8019,-36.9232796,174.69177898,Urban,Lowland,Urban,Dissolved reactive phosphorus,2023-09-26 08:42:00,NZST,0.016,,0.016,mg/l,0.0,600.0
auckland,Auckland Council,Avondale,arc-00036,Avondale @ Shadbolt,8019,-36.9232796,174.69177898,Urban,Lowland,Urban,Dissolved reactive phosphorus,2023-10-25 08:21:00,NZST,0.002,,0.002,mg/l,0.0,600.0
auckland,Auckland Council,Avondale,arc-00036,Avondale @ Shadbolt,8019,-36.9232796,174.69177898,Urban,Lowland,Urban,Dissolved reactive phosphorus,2023-11-21 08:54:00,NZST,0.005,,0.005,mg/l,0.0,600.0
auckland,Auckland Council,Avondale,arc-00036,Avondale @ Shadbolt,8019,-36.9232796,174.69177898,Urban,Lowland,Urban,Dissolved reactive phosphorus,2023-12-13 08:20:00,NZST,0.006,,0.006,mg/l,0.0,600.0
auckland,Auckland Council,Avondale,arc-00036,Avondale @ Shadbolt,8019,-36.9232796,174.69177898,Urban,Lowland,Urban,Dissolved reactive phosphorus,2024-01-30 08:08:00,NZST,0.011,,0.011,mg/l,0.0,600.0
auckland,Auckland Council,Avondale,arc-00036,Avondale @ Shadbolt,8019,-36.9232796,174.69177898,Urban,Lowland,Urban,Dissolved reactive phosphorus,2024-02-29 08:59:00,NZST,0.011,,0.011,mg/l,0.0,600.0
auckland,Auckland Council,Avondale,arc-00036,Avondale @ Shadbolt,8019,-36.9232796,174.69177898,Urban,Lowland,Urban,Dissolved reactive phosphorus,2024-03-25 08:04:00,NZST,0.007,,0.007,mg/l,0.0,600.0
auckland,Auckland Council,Avondale,arc-00036,Avondale @ Shadbolt,8019,-36.9232796,174.69177898,Urban,Lowland,Urban,Dissolved reactive phosphorus,2024-04-22 09:10:00,NZST,0.008,,0.008,mg/l,0.0,600.0
auckland,Auckland Council,Avondale,arc-00036,Avondale @ Shadbolt,8019,-36.9232796,174.69177898,Urban,Lowland,Urban,Dissolved reactive phosphorus,2024-05-28 08:20:00,NZST,0.006,,0.006,mg/l,0.0,600.0
auckland,Auckland Council,Avondale,arc-00036,Avondale @ Shadbolt,8019,-36.9232796,174.69177898,Urban,Lowland,Urban,Dissolved reactive phosphorus,2024-06-26 08:39:00,NZST,0.005,,0.005,mg/l,0.0,600.0
auckland,Auckland Council,Avondale,arc-00036,Avondale @ Shadbolt,8019,-36.9232796,174.69177898,Urban,Lowland,Urban,Dissolved reactive phosphorus,2024-07-25 08:52:00,NZST,0.005,,0.005,mg/l,0.0,600.0
auckland,Auckland Council,Avondale,arc-00036,Avondale @ Shadbolt,8019,-36.9232796,174.69177898,Urban,Lowland,Urban,Dissolved reactive phosphorus,2024-08-29 09:04:00,NZST,0.004,,0.004,mg/l,0.0,600.0
auckland,Auckland Council,Avondale,arc-00036,Avondale @ Shadbolt,8019,-36.9232796,174.69177898,Urban,Lowland,Urban,Dissolved reactive phosphorus,2024-09-26 09:09:00,NZST,0.005,,0.005,mg/l,0.0,600.0
auckland,Auckland Council,Avondale,arc-00036,Avondale @ Shadbolt,8019,-36.9232796,174.69177898,Urban,Lowland,Urban,Dissolved reactive phosphorus,2024-10-23 08:06:00,NZST,0.005,,0.005,mg/l,0.0,600.0
auckland,Auckland Council,Avondale,arc-00036,Avondale @ Shadbolt,8019,-36.9232796,174.69177898,Urban,Lowland,Urban,Dissolved reactive phosphorus,2024-11-21 09:59:00,NZST,0.006,,0.006,mg/l,0.0,600.0
auckland,Auckland Council,Avondale,arc-00036,Avondale @ Shadbolt,8019,-36.9232796,174.69177898,Urban,Lowland,Urban,Dissolved reactive phosphorus,2024-12-09 07:51:00,NZST,0.008,,0.008,mg/l,0.0,600.0
auckland,Auckland Council,Avondale,arc-00036,Avondale @ Shadbolt,8019,-36.9232796,174.69177898,Urban,Lowland,Urban,E.coli,2012-01-06 07:37:00,NZST,1500,,1500.0,/100ml,,
auckland,Auckland Council,Avondale,arc-00036,Avondale @ Shadbolt,8019,-36.9232796,174.69177898,Urban,Lowland,Urban,E.coli,2012-02-02 08:51:00,NZST,26000,,26000.0,/100ml,,
auckland,Auckland Council,Avondale,arc-00036,Avondale @ Shadbolt,8019,-36.9232796,174.69177898,Urban,Lowland,Urban,E.coli,2012-03-01 08:55:00,NZST,11000,,11000.0,/100ml,,
auckland,Auckland Council,Avondale,arc-00036,Avondale @ Shadbolt,8019,-36.9232796,174.69177898,Urban,Lowland,Urban,E.coli,2012-04-03 08:45:00,NZST,2600,,2600.0,/100ml,,
auckland,Auckland Council,Avondale,arc-00036,Avondale @ Shadbolt,8019,-36.9232796,174.69177898,Urban,Lowland,Urban,E.coli,2012-05-04 09:45:00,NZST,2200,,2200.0,/100ml,,
auckland,Auckland Council,Avondale,arc-00036,Avondale @ Shadbolt,8019,-36.9232796,174.69177898,Urban,Lowland,Urban,E.coli,2012-06-07 09:35:00,NZST,7600,,7600.0,/100ml,,
auckland,Auckland Council,Avondale,arc-00036,Avondale @ Shadbolt,8019,-36.9232796,174.69177898,Urban,Lowland,Urban,E.coli,2012-07-05 09:36:00,NZST,1100,,1100.0,/100ml,,
auckland,Auckland Council,Avondale,arc-00036,Avondale @ Shadbolt,8019,-36.9232796,174.69177898,Urban,Lowland,Urban,E.coli,2012-08-02 09:26:00,NZST,1200,,1200.0,/100ml,,
auckland,Auckland Council,Avondale,arc-00036,Avondale @ Shadbolt,8019,-36.9232796,174.69177898,Urban,Lowland,Urban,E.coli,2012-09-04 08:40:00,NZST,510,,510.0,/100ml,,
auckland,Auckland Council,Avondale,arc-00036,Avondale @ Shadbolt,8019,-36.9232796,174.69177898,Urban,Lowland,Urban,E.coli,2012-10-04 08:10:00,NZST,870,,870.0,/100ml,,
auckland,Auckland Council,Avondale,arc-00036,Avondale @ Shadbolt,8019,-36.9232796,174.69177898,Urban,Lowland,Urban,E.coli,2012-11-02 08:12:00,NZST,1200,,1200.0,/100ml,,
auckland,Auckland Council,Avondale,arc-00036,Avondale @ Shadbolt,8019,-36.9232796,174.69177898,Urban,Lowland,Urban,E.coli,2012-12-05 08:23:00,NZST,610,,610.0,/100ml,,
auckland,Auckland Council,Avondale,arc-00036,Avondale @ Shadbolt,8019,-36.9232796,174.69177898,Urban,Lowland,Urban,E.coli,2013-01-09 07:41:00,NZST,7300,,7300.0,/100ml,,
auckland,Auckland Council,Avondale,arc-00036,Avondale @ Shadbolt,8019,-36.9232796,174.69177898,Urban,Lowland,Urban,E.coli,2013-02-07 08:19:00,NZST,2000,,2000.0,/100ml,,
auckland,Auckland Council,Avondale,arc-00036,Avondale @ Shadbolt,8019,-36.9232796,174.69177898,Urban,Lowland,Urban,E.coli,2013-03-08 08:32:00,NZST,2700,,2700.0,/100ml,,
auckland,Auckland Council,Avondale,arc-00036,Avondale @ Shadbolt,8019,-36.9232796,174.69177898,Urban,Lowland,Urban,E.coli,2013-04-04 08:36:00,NZST,3500,,3500.0,/100ml,,
auckland,Auckland Council,Avondale,arc-00036,Avondale @ Shadbolt,8019,-36.9232796,174.69177898,Urban,Lowland,Urban,E.coli,2013-05-02 09:51:00,NZST,9700,,9700.0,/100ml,,
auckland,Auckland Council,Avondale,arc-00036,Avondale @ Shadbolt,8019,-36.9232796,174.69177898,Urban,Lowland,Urban,E.coli,2013-06-11 10:20:00,NZST,680,,680.0,/100ml,,
auckland,Auckland Council,Avondale,arc-00036,Avondale @ Shadbolt,8019,-36.9232796,174.69177898,Urban,Lowland,Urban,E.coli,2013-07-02 09:36:00,NZST,840,,840.0,/100ml,,
auckland,Auckland Council,Avondale,arc-00036,Avondale @ Shadbolt,8019,-36.9232796,174.69177898,Urban,Lowland,Urban,E.coli,2013-07-31 09:29:00,NZST,800,,800.0,/100ml,,
auckland,Auckland Council,Avondale,arc-00036,Avondale @ Shadbolt,8019,-36.9232796,174.69177898,Urban,Lowland,Urban,E.coli,2013-09-05 09:42:00,NZST,7400,,7400.0,/100ml,,
auckland,Auckland Council,Avondale,arc-00036,Avondale @ Shadbolt,8019,-36.9232796,174.69177898,Urban,Lowland,Urban,E.coli,2013-10-09 08:48:00,NZST,3500,,3500.0,/100ml,,
auckland,Auckland Council,Avondale,arc-00036,Avondale @ Shadbolt,8019,-36.9232796,174.69177898,Urban,Lowland,Urban,E.coli,2013-11-06 07:31:00,NZST,12000,,12000.0,/100ml,,
auckland,Auckland Council,Avondale,arc-00036,Avondale @ Shadbolt,8019,-36.9232796,174.69177898,Urban,Lowland,Urban,E.coli,2013-12-04 12:00:01,NZST,11000,,11000.0,/100ml,,
auckland,Auckland Council,Avondale,arc-00036,Avondale @ Shadbolt,8019,-36.9232796,174.69177898,Urban,Lowland,Urban,E.coli,2014-01-09 07:28:00,NZST,2900,,2900.0,/100ml,,
auckland,Auckland Council,Avondale,arc-00036,Avondale @ Shadbolt,8019,-36.9232796,174.69177898,Urban,Lowland,Urban,E.coli,2014-02-05 08:26:00,NZST,1200,,1200.0,/100ml,,
auckland,Auckland Council,Avondale,arc-00036,Avondale @ Shadbolt,8019,-36.9232796,174.69177898,Urban,Lowland,Urban,E.coli,2014-03-06 08:27:00,NZST,2500,,2500.0,/100ml,,
auckland,Auckland Council,Avondale,arc-00036,Avondale @ Shadbolt,8019,-36.9232796,174.69177898,Urban,Lowland,Urban,E.coli,2014-04-03 08:48:00,NZST,1300,,1300.0,/100ml,,
auckland,Auckland Council,Avondale,arc-00036,Avondale @ Shadbolt,8019,-36.9232796,174.69177898,Urban,Lowland,Urban,E.coli,2014-05-02 09:26:00,NZST,27000,,27000.0,/100ml,,
auckland,Auckland Council,Avondale,arc-00036,Avondale @ Shadbolt,8019,-36.9232796,174.69177898,Urban,Lowland,Urban,E.coli,2014-06-04 09:52:00,NZST,810,,810.0,/100ml,,
auckland,Auckland Council,Avondale,arc-00036,Avondale @ Shadbolt,8019,-36.9232796,174.69177898,Urban,Lowland,Urban,E.coli,2014-07-03 09:21:00,NZST,3100,,3100.0,/100ml,,
auckland,Auckland Council,Avondale,arc-00036,Avondale @ Shadbolt,8019,-36.9232796,174.69177898,Urban,Lowland,Urban,E.coli,2014-08-05 09:39:00,NZST,31000,,31000.0,/100ml,,
auckland,Auckland Council,Avondale,arc-00036,Avondale @ Shadbolt,8019,-36.9232796,174.69177898,Urban,Lowland,Urban,E.coli,2014-09-04 09:28:00,NZST,1100,,1100.0,/100ml,,
auckland,Auckland Council,Avondale,arc-00036,Avondale @ Shadbolt,8019,-36.9232796,174.69177898,Urban,Lowland,Urban,E.coli,2014-10-10 08:24:00,NZST,850,,850.0,/100ml,,
auckland,Auckland Council,Avondale,arc-00036,Avondale @ Shadbolt,8019,-36.9232796,174.69177898,Urban,Lowland,Urban,E.coli,2014-11-06 08:20:00,NZST,4400,,4400.0,/100ml,,
auckland,Auckland Council,Avondale,arc-00036,Avondale @ Shadbolt,8019,-36.9232796,174.69177898,Urban,Lowland,Urban,E.coli,2014-12-02 09:29:00,NZST,4200,,4200.0,/100ml,,
auckland,Auckland Council,Avondale,arc-00036,Avondale @ Shadbolt,8019,-36.9232796,174.69177898,Urban,Lowland,Urban,E.coli,2015-01-08 09:19:00,NZST,1100,,1100.0,/100ml,,
auckland,Auckland Council,Avondale,arc-00036,Avondale @ Shadbolt,8019,-36.9232796,174.69177898,Urban,Lowland,Urban,E.coli,2015-02-05 09:22:00,NZST,3000,,3000.0,/100ml,,
auckland,Auckland Council,Avondale,arc-00036,Avondale @ Shadbolt,8019,-36.9232796,174.69177898,Urban,Lowland,Urban,E.coli,2015-03-05 09:31:00,NZST,4400,,4400.0,/100ml,,
auckland,Auckland Council,Avondale,arc-00036,Avondale @ Shadbolt,8019,-36.9232796,174.69177898,Urban,Lowland,Urban,E.coli,2015-04-02 12:00:01,NZST,1600,,1600.0,/100ml,,
auckland,Auckland Council,Avondale,arc-00036,Avondale @ Shadbolt,8019,-36.9232796,174.69177898,Urban,Lowland,Urban,E.coli,2015-05-01 07:52:00,NZST,1100,,1100.0,/100ml,,
auckland,Auckland Council,Avondale,arc-00036,Avondale @ Shadbolt,8019,-36.9232796,174.69177898,Urban,Lowland,Urban,E.coli,2015-06-03 07:55:00,NZST,1000,,1000.0,/100ml,,
auckland,Auckland Council,Avondale,arc-00036,Avondale @ Shadbolt,8019,-36.9232796,174.69177898,Urban,Lowland,Urban,E.coli,2015-07-01 08:31:00,NZST,380,,380.0,/100ml,,
auckland,Auckland Council,Avondale,arc-00036,Avondale @ Shadbolt,8019,-36.9232796,174.69177898,Urban,Lowland,Urban,E.coli,2015-08-03 08:27:00,NZST,520,,520.0,/100ml,,
auckland,Auckland Council,Avondale,arc-00036,Avondale @ Shadbolt,8019,-36.9232796,174.69177898,Urban,Lowland,Urban,E.coli,2015-09-10 08:30:00,NZST,390,,390.0,/100ml,,
auckland,Auckland Council,Avondale,arc-00036,Avondale @ Shadbolt,8019,-36.9232796,174.69177898,Urban,Lowland,Urban,E.coli,2015-10-01 07:01:00,NZST,720,,720.0,/100ml,,
auckland,Auckland Council,Avondale,arc-00036,Avondale @ Shadbolt,8019,-36.9232796,174.69177898,Urban,Lowland,Urban,E.coli,2015-11-02 07:22:00,NZST,790,,790.0,/100ml,,
auckland,Auckland Council,Avondale,arc-00036,Avondale @ Shadbolt,8019,-36.9232796,174.69177898,Urban,Lowland,Urban,E.coli,2015-12-01 07:19:00,NZST,590,,590.0,/100ml,,
auckland,Auckland Council,Avondale,arc-00036,Avondale @ Shadbolt,8019,-36.9232796,174.69177898,Urban,Lowland,Urban,E.coli,2016-01-25 07:54:00,NZST,0,,0.0,/100ml,61.0,
auckland,Auckland Council,Avondale,arc-00036,Avondale @ Shadbolt,8019,-36.9232796,174.69177898,Urban,Lowland,Urban,E.coli,2016-02-15 07:50:00,NZST,9800,,9800.0,/100ml,,
auckland,Auckland Council,Avondale,arc-00036,Avondale @ Shadbolt,8019,-36.9232796,174.69177898,Urban,Lowland,Urban,E.coli,2016-03-21 08:49:00,NZST,2100,,2100.0,/100ml,,
auckland,Auckland Council,Avondale,arc-00036,Avondale @ Shadbolt,8019,-36.9232796,174.69177898,Urban,Lowland,Urban,E.coli,2016-04-21 10:19:00,NZST,2200,,2200.0,/100ml,,
auckland,Auckland Council,Avondale,arc-00036,Avondale @ Shadbolt,8019,-36.9232796,174.69177898,Urban,Lowland,Urban,E.coli,2016-05-20 09:45:00,NZST,1500,,1500.0,/100ml,,
auckland,Auckland Council,Avondale,arc-00036,Avondale @ Shadbolt,8019,-36.9232796,174.69177898,Urban,Lowland,Urban,E.coli,2016-06-20 10:09:00,NZST,4000,,4000.0,/100ml,,
auckland,Auckland Council,Avondale,arc-00036,Avondale @ Shadbolt,8019,-36.9232796,174.69177898,Urban,Lowland,Urban,E.coli,2016-07-18 09:35:00,NZST,1400,,1400.0,/100ml,,
auckland,Auckland Council,Avondale,arc-00036,Avondale @ Shadbolt,8019,-36.9232796,174.69177898,Urban,Lowland,Urban,E.coli,2016-08-31 09:34:00,NZST,890,,890.0,/100ml,,
auckland,Auckland Council,Avondale,arc-00036,Avondale @ Shadbolt,8019,-36.9232796,174.69177898,Urban,Lowland,Urban,E.coli,2016-09-28 07:45:00,NZST,760,,760.0,/100ml,,
auckland,Auckland Council,Avondale,arc-00036,Avondale @ Shadbolt,8019,-36.9232796,174.69177898,Urban,Lowland,Urban,E.coli,2016-10-27 11:10:00,NZST,590,,590.0,/100ml,,
auckland,Auckland Council,Avondale,arc-00036,Avondale @ Shadbolt,8019,-36.9232796,174.69177898,Urban,Lowland,Urban,E.coli,2016-11-28 08:51:00,NZST,790,,790.0,/100ml,,
auckland,Auckland Council,Avondale,arc-00036,Avondale @ Shadbolt,8019,-36.9232796,174.69177898,Urban,Lowland,Urban,E.coli,2016-12-14 09:42:00,NZST,960,,960.0,/100ml,,
auckland,Auckland Council,Avondale,arc-00036,Avondale @ Shadbolt,8019,-36.9232796,174.69177898,Urban,Lowland,Urban,E.coli,2017-01-26 08:21:00,NZST,3400,,3400.0,/100ml,,
auckland,Auckland Council,Avondale,arc-00036,Avondale @ Shadbolt,8019,-36.9232796,174.69177898,Urban,Lowland,Urban,E.coli,2017-02-23 07:43:00,NZST,6400,,6400.0,/100ml,,
auckland,Auckland Council,Avondale,arc-00036,Avondale @ Shadbolt,8019,-36.9232796,174.69177898,Urban,Lowland,Urban,E.coli,2017-03-27 10:02:00,NZST,31000,,31000.0,/100ml,,
auckland,Auckland Council,Avondale,arc-00036,Avondale @ Shadbolt,8019,-36.9232796,174.69177898,Urban,Lowland,Urban,E.coli,2017-04-28 10:07:00,NZST,2400,,2400.0,/100ml,,
auckland,Auckland Council,Avondale,arc-00036,Avondale @ Shadbolt,8019,-36.9232796,174.69177898,Urban,Lowland,Urban,E.coli,2017-05-29 09:54:00,NZST,900,,900.0,/100ml,,
auckland,Auckland Council,Avondale,arc-00036,Avondale @ Shadbolt,8019,-36.9232796,174.69177898,Urban,Lowland,Urban,E.coli,2017-06-27 09:16:00,NZST,750,,750.0,/100ml,,
auckland,Auckland Council,Avondale,arc-00036,Avondale @ Shadbolt,8019,-36.9232796,174.69177898,Urban,Lowland,Urban,E.coli,2017-07-26 08:50:00,NZST,540,,540.0,/100ml,,
auckland,Auckland Council,Avondale,arc-00036,Avondale @ Shadbolt,8019,-36.9232796,174.69177898,Urban,Lowland,Urban,E.coli,2017-08-25 08:34:00,NZST,460,,460.0,/100ml,,
auckland,Auckland Council,Avondale,arc-00036,Avondale @ Shadbolt,8019,-36.9232796,174.69177898,Urban,Lowland,Urban,E.coli,2017-09-25 09:37:00,NZST,500,,500.0,/100ml,,
auckland,Auckland Council,Avondale,arc-00036,Avondale @ Shadbolt,8019,-36.9232796,174.69177898,Urban,Lowland,Urban,E.coli,2017-10-20 07:54:00,NZST,1100,,1100.0,/100ml,,
auckland,Auckland Council,Avondale,arc-00036,Avondale @ Shadbolt,8019,-36.9232796,174.69177898,Urban,Lowland,Urban,E.coli,2017-11-21 08:19:00,NZST,500,,500.0,/100ml,,
auckland,Auckland Council,Avondale,arc-00036,Avondale @ Shadbolt,8019,-36.9232796,174.69177898,Urban,Lowland,Urban,E.coli,2017-12-21 08:14:00,NZST,1000,,1000.0,/100ml,,
auckland,Auckland Council,Avondale,arc-00036,Avondale @ Shadbolt,8019,-36.9232796,174.69177898,Urban,Lowland,Urban,E.coli,2018-01-19 08:46:00,NZST,6000,,6000.0,/100ml,,
auckland,Auckland Council,Avondale,arc-00036,Avondale @ Shadbolt,8019,-36.9232796,174.69177898,Urban,Lowland,Urban,E.coli,2018-02-19 09:36:00,NZST,2500,,2500.0,/100ml,,
auckland,Auckland Council,Avondale,arc-00036,Avondale @ Shadbolt,8019,-36.9232796,174.69177898,Urban,Lowland,Urban,E.coli,2018-03-19 09:30:00,NZST,2900,,2900.0,/100ml,,
auckland,Auckland Council,Avondale,arc-00036,Avondale @ Shadbolt,8019,-36.9232796,174.69177898,Urban,Lowland,Urban,E.coli,2018-04-17 08:40:00,NZST,500,,500.0,/100ml,,
auckland,Auckland Council,Avondale,arc-00036,Avondale @ Shadbolt,8019,-36.9232796,174.69177898,Urban,Lowland,Urban,E.coli,2018-05-18 08:28:00,NZST,1700,,1700.0,/100ml,,
auckland,Auckland Council,Avondale,arc-00036,Avondale @ Shadbolt,8019,-36.9232796,174.69177898,Urban,Lowland,Urban,E.coli,2018-06-18 09:53:00,NZST,600,,600.0,/100ml,,
auckland,Auckland Council,Avondale,arc-00036,Avondale @ Shadbolt,8019,-36.9232796,174.69177898,Urban,Lowland,Urban,E.coli,2018-07-17 09:49:00,NZST,260,,260.0,/100ml,,
auckland,Auckland Council,Avondale,arc-00036,Avondale @ Shadbolt,8019,-36.9232796,174.69177898,Urban,Lowland,Urban,E.coli,2018-08-16 09:36:00,NZST,1100,,1100.0,/100ml,,
auckland,Auckland Council,Avondale,arc-00036,Avondale @ Shadbolt,8019,-36.9232796,174.69177898,Urban,Lowland,Urban,E.coli,2018-09-27 07:58:00,NZST,400,,400.0,/100ml,,
auckland,Auckland Council,Avondale,arc-00036,Avondale @ Shadbolt,8019,-36.9232796,174.69177898,Urban,Lowland,Urban,E.coli,2018-11-28 09:56:00,NZST,1400,,1400.0,/100ml,,
auckland,Auckland Council,Avondale,arc-00036,Avondale @ Shadbolt,8019,-36.9232796,174.69177898,Urban,Lowland,Urban,E.coli,2018-12-18 08:20:00,NZST,800,,800.0,/100ml,,
auckland,Auckland Council,Avondale,arc-00036,Avondale @ Shadbolt,8019,-36.9232796,174.69177898,Urban,Lowland,Urban,E.coli,2019-01-23 07:35:00,NZST,3600,,3600.0,/100ml,,
auckland,Auckland Council,Avondale,arc-00036,Avondale @ Shadbolt,8019,-36.9232796,174.69177898,Urban,Lowland,Urban,E.coli,2019-02-21 08:23:00,NZST,2900,,2900.0,/100ml,,
auckland,Auckland Council,Avondale,arc-00036,Avondale @ Shadbolt,8019,-36.9232796,174.69177898,Urban,Lowland,Urban,E.coli,2019-03-28 08:00:00,NZST,41000,,41000.0,/100ml,,
auckland,Auckland Council,Avondale,arc-00036,Avondale @ Shadbolt,8019,-36.9232796,174.69177898,Urban,Lowland,Urban,E.coli,2019-04-12 08:52:00,NZST,2200,,2200.0,/100ml,,
auckland,Auckland Council,Avondale,arc-00036,Avondale @ Shadbolt,8019,-36.9232796,174.69177898,Urban,Lowland,Urban,E.coli,2019-05-27 08:24:00,NZST,10,,10.0,/100ml,,
auckland,Auckland Council,Avondale,arc-00036,Avondale @ Shadbolt,8019,-36.9232796,174.69177898,Urban,Lowland,Urban,E.coli,2019-06-19 08:52:00,NZST,900,,900.0,/100ml,,
auckland,Auckland Council,Avondale,arc-00036,Avondale @ Shadbolt,8019,-36.9232796,174.69177898,Urban,Lowland,Urban,E.coli,2019-07-17 09:52:00,NZST,500,,500.0,/100ml,,
auckland,Auckland Council,Avondale,arc-00036,Avondale @ Shadbolt,8019,-36.9232796,174.69177898,Urban,Lowland,Urban,E.coli,2019-08-16 08:25:00,NZST,240,,240.0,/100ml,,
auckland,Auckland Council,Avondale,arc-00036,Avondale @ Shadbolt,8019,-36.9232796,174.69177898,Urban,Lowland,Urban,E.coli,2019-10-07 08:04:00,NZST,500,,500.0,/100ml,,
auckland,Auckland Council,Avondale,arc-00036,Avondale @ Shadbolt,8019,-36.9232796,174.69177898,Urban,Lowland,Urban,E.coli,2019-10-31 08:14:00,NZST,600,,600.0,/100ml,,
auckland,Auckland Council,Avondale,arc-00036,Avondale @ Shadbolt,8019,-36.9232796,174.69177898,Urban,Lowland,Urban,E.coli,2019-11-25 08:48:00,NZST,1900,,1900.0,/100ml,,
auckland,Auckland Council,Avondale,arc-00036,Avondale @ Shadbolt,8019,-36.9232796,174.69177898,Urban,Lowland,Urban,E.coli,2019-12-23 07:25:00,NZST,400,,400.0,/100ml,,
auckland,Auckland Council,Avondale,arc-00036,Avondale @ Shadbolt,8019,-36.9232796,174.69177898,Urban,Lowland,Urban,E.coli,2020-01-29 08:09:00,NZST,5000,,5000.0,/100ml,25.0,560.0
auckland,Auckland Council,Avondale,arc-00036,Avondale @ Shadbolt,8019,-36.9232796,174.69177898,Urban,Lowland,Urban,E.coli,2020-02-25 07:30:00,NZST,2300,,2300.0,/100ml,25.0,560.0
auckland,Auckland Council,Avondale,arc-00036,Avondale @ Shadbolt,8019,-36.9232796,174.69177898,Urban,Lowland,Urban,E.coli,2020-03-13 08:25:00,NZST,2900,,2900.0,/100ml,25.0,560.0
auckland,Auckland Council,Avondale,arc-00036,Avondale @ Shadbolt,8019,-36.9232796,174.69177898,Urban,Lowland,Urban,E.coli,2020-04-30 09:29:00,NZST,1500,,1500.0,/100ml,25.0,560.0
auckland,Auckland Council,Avondale,arc-00036,Avondale @ Shadbolt,8019,-36.9232796,174.69177898,Urban,Lowland,Urban,E.coli,2020-05-28 09:51:00,NZST,2200,,2200.0,/100ml,25.0,560.0
auckland,Auckland Council,Avondale,arc-00036,Avondale @ Shadbolt,8019,-36.9232796,174.69177898,Urban,Lowland,Urban,E.coli,2020-06-26 10:38:00,NZST,1000,,1000.0,/100ml,25.0,560.0
auckland,Auckland Council,Avondale,arc-00036,Avondale @ Shadbolt,8019,-36.9232796,174.69177898,Urban,Lowland,Urban,E.coli,2020-07-09 10:50:00,NZST,5000,,5000.0,/100ml,25.0,560.0
auckland,Auckland Council,Avondale,arc-00036,Avondale @ Shadbolt,8019,-36.9232796,174.69177898,Urban,Lowland,Urban,E.coli,2020-08-07 10:09:00,NZST,13000,,13000.0,/100ml,25.0,560.0
auckland,Auckland Council,Avondale,arc-00036,Avondale @ Shadbolt,8019,-36.9232796,174.69177898,Urban,Lowland,Urban,E.coli,2020-09-09 10:34:00,NZST,300,,300.0,/100ml,25.0,560.0
auckland,Auckland Council,Avondale,arc-00036,Avondale @ Shadbolt,8019,-36.9232796,174.69177898,Urban,Lowland,Urban,E.coli,2020-10-08 10:12:00,NZST,700,,700.0,/100ml,25.0,560.0
auckland,Auckland Council,Avondale,arc-00036,Avondale @ Shadbolt,8019,-36.9232796,174.69177898,Urban,Lowland,Urban,E.coli,2020-11-24 09:45:00,NZST,1600,,1600.0,/100ml,25.0,560.0
auckland,Auckland Council,Avondale,arc-00036,Avondale @ Shadbolt,8019,-36.9232796,174.69177898,Urban,Lowland,Urban,E.coli,2020-12-14 11:28:00,NZST,400,,400.0,/100ml,25.0,560.0
auckland,Auckland Council,Avondale,arc-00036,Avondale @ Shadbolt,8019,-36.9232796,174.69177898,Urban,Lowland,Urban,E.coli,2021-01-20 09:25:00,NZST,13000,,13000.0,/100ml,25.0,560.0
auckland,Auckland Council,Avondale,arc-00036,Avondale @ Shadbolt,8019,-36.9232796,174.69177898,Urban,Lowland,Urban,E.coli,2021-02-11 10:34:00,NZST,2000,,2000.0,/100ml,25.0,560.0
auckland,Auckland Council,Avondale,arc-00036,Avondale @ Shadbolt,8019,-36.9232796,174.69177898,Urban,Lowland,Urban,E.coli,2021-03-25 08:57:00,NZST,1500,,1500.0,/100ml,25.0,560.0
auckland,Auckland Council,Avondale,arc-00036,Avondale @ Shadbolt,8019,-36.9232796,174.69177898,Urban,Lowland,Urban,E.coli,2021-04-28 11:24:00,NZST,1900,,1900.0,/100ml,25.0,560.0
auckland,Auckland Council,Avondale,arc-00036,Avondale @ Shadbolt,8019,-36.9232796,174.69177898,Urban,Lowland,Urban,E.coli,2021-05-13 11:43:00,NZST,1100,,1100.0,/100ml,25.0,560.0
auckland,Auckland Council,Avondale,arc-00036,Avondale @ Shadbolt,8019,-36.9232796,174.69177898,Urban,Lowland,Urban,E.coli,2021-06-08 09:16:00,NZST,1800,,1800.0,/100ml,25.0,560.0
auckland,Auckland Council,Avondale,arc-00036,Avondale @ Shadbolt,8019,-36.9232796,174.69177898,Urban,Lowland,Urban,E.coli,2021-07-14 10:32:00,NZST,1600,,1600.0,/100ml,25.0,560.0
auckland,Auckland Council,Avondale,arc-00036,Avondale @ Shadbolt,8019,-36.9232796,174.69177898,Urban,Lowland,Urban,E.coli,2021-08-10 09:29:00,NZST,4500,,4500.0,/100ml,25.0,560.0
auckland,Auckland Council,Avondale,arc-00036,Avondale @ Shadbolt,8019,-36.9232796,174.69177898,Urban,Lowland,Urban,E.coli,2021-09-29 08:48:00,NZST,12000,,12000.0,/100ml,25.0,560.0
auckland,Auckland Council,Avondale,arc-00036,Avondale @ Shadbolt,8019,-36.9232796,174.69177898,Urban,Lowland,Urban,E.coli,2021-10-14 08:29:00,NZST,3500,,3500.0,/100ml,25.0,560.0
auckland,Auckland Council,Avondale,arc-00036,Avondale @ Shadbolt,8019,-36.9232796,174.69177898,Urban,Lowland,Urban,E.coli,2021-11-11 07:57:00,NZST,3400,,3400.0,/100ml,25.0,560.0
auckland,Auckland Council,Avondale,arc-00036,Avondale @ Shadbolt,8019,-36.9232796,174.69177898,Urban,Lowland,Urban,E.coli,2022-01-17 08:06:00,NZST,2300,,2300.0,/100ml,25.0,560.0
auckland,Auckland Council,Avondale,arc-00036,Avondale @ Shadbolt,8019,-36.9232796,174.69177898,Urban,Lowland,Urban,E.coli,2022-02-18 09:48:00,NZST,1800,,1800.0,/100ml,25.0,560.0
auckland,Auckland Council,Avondale,arc-00036,Avondale @ Shadbolt,8019,-36.9232796,174.69177898,Urban,Lowland,Urban,E.coli,2022-03-18 09:01:00,NZST,1300,,1300.0,/100ml,25.0,560.0
auckland,Auckland Council,Avondale,arc-00036,Avondale @ Shadbolt,8019,-36.9232796,174.69177898,Urban,Lowland,Urban,E.coli,2022-04-14 09:43:00,NZST,3500,,3500.0,/100ml,25.0,560.0
auckland,Auckland Council,Avondale,arc-00036,Avondale @ Shadbolt,8019,-36.9232796,174.69177898,Urban,Lowland,Urban,E.coli,2022-05-09 09:39:00,NZST,1800,,1800.0,/100ml,25.0,560.0
auckland,Auckland Council,Avondale,arc-00036,Avondale @ Shadbolt,8019,-36.9232796,174.69177898,Urban,Lowland,Urban,E.coli,2022-06-17 09:54:00,NZST,500,,500.0,/100ml,25.0,560.0
auckland,Auckland Council,Avondale,arc-00036,Avondale @ Shadbolt,8019,-36.9232796,174.69177898,Urban,Lowland,Urban,E.coli,2022-07-21 09:35:00,NZST,2000,,2000.0,/100ml,25.0,560.0
auckland,Auckland Council,Avondale,arc-00036,Avondale @ Shadbolt,8019,-36.9232796,174.69177898,Urban,Lowland,Urban,E.coli,2022-08-23 10:33:00,NZST,3100,,3100.0,/100ml,25.0,560.0
auckland,Auckland Council,Avondale,arc-00036,Avondale @ Shadbolt,8019,-36.9232796,174.69177898,Urban,Lowland,Urban,E.coli,2022-09-29 08:50:00,NZST,840,,840.0,/100ml,25.0,560.0
auckland,Auckland Council,Avondale,arc-00036,Avondale @ Shadbolt,8019,-36.9232796,174.69177898,Urban,Lowland,Urban,E.coli,2022-10-27 08:36:00,NZST,530,,530.0,/100ml,25.0,560.0
auckland,Auckland Council,Avondale,arc-00036,Avondale @ Shadbolt,8019,-36.9232796,174.69177898,Urban,Lowland,Urban,E.coli,2022-11-23 09:32:00,NZST,14000,,14000.0,/100ml,0.0,600.0
auckland,Auckland Council,Avondale,arc-00036,Avondale @ Shadbolt,8019,-36.9232796,174.69177898,Urban,Lowland,Urban,E.coli,2023-01-24 09:24:00,NZST,2100,,2100.0,/100ml,25.0,560.0
auckland,Auckland Council,Avondale,arc-00036,Avondale @ Shadbolt,8019,-36.9232796,174.69177898,Urban,Lowland,Urban,E.coli,2023-02-27 08:43:00,NZST,1200,,1200.0,/100ml,25.0,560.0
auckland,Auckland Council,Avondale,arc-00036,Avondale @ Shadbolt,8019,-36.9232796,174.69177898,Urban,Lowland,Urban,E.coli,2023-03-30 08:43:00,NZST,1700,,1700.0,/100ml,25.0,560.0
auckland,Auckland Council,Avondale,arc-00036,Avondale @ Shadbolt,8019,-36.9232796,174.69177898,Urban,Lowland,Urban,E.coli,2023-04-27 11:19:00,NZST,1500,,1500.0,/100ml,25.0,560.0
auckland,Auckland Council,Avondale,arc-00036,Avondale @ Shadbolt,8019,-36.9232796,174.69177898,Urban,Lowland,Urban,E.coli,2023-05-25 09:09:00,NZST,1100,,1100.0,/100ml,25.0,560.0
auckland,Auckland Council,Avondale,arc-00036,Avondale @ Shadbolt,8019,-36.9232796,174.69177898,Urban,Lowland,Urban,E.coli,2023-06-26 09:15:00,NZST,240,,240.0,/100ml,25.0,560.0
auckland,Auckland Council,Avondale,arc-00036,Avondale @ Shadbolt,8019,-36.9232796,174.69177898,Urban,Lowland,Urban,E.coli,2023-07-26 09:21:00,NZST,20000,,20000.0,/100ml,25.0,560.0
auckland,Auckland Council,Avondale,arc-00036,Avondale @ Shadbolt,8019,-36.9232796,174.69177898,Urban,Lowland,Urban,E.coli,2023-08-23 09:53:00,NZST,200,,200.0,/100ml,0.0,600.0
auckland,Auckland Council,Avondale,arc-00036,Avondale @ Shadbolt,8019,-36.9232796,174.69177898,Urban,Lowland,Urban,E.coli,2023-09-26 08:42:00,NZST,11000,,11000.0,/100ml,25.0,560.0
auckland,Auckland Council,Avondale,arc-00036,Avondale @ Shadbolt,8019,-36.9232796,174.69177898,Urban,Lowland,Urban,E.coli,2023-10-25 08:21:00,NZST,2700,,2700.0,/100ml,25.0,560.0
auckland,Auckland Council,Avondale,arc-00036,Avondale @ Shadbolt,8019,-36.9232796,174.69177898,Urban,Lowland,Urban,E.coli,2023-11-21 08:54:00,NZST,400,,400.0,/100ml,25.0,560.0
auckland,Auckland Council,Avondale,arc-00036,Avondale @ Shadbolt,8019,-36.9232796,174.69177898,Urban,Lowland,Urban,E.coli,2023-12-13 08:20:00,NZST,900,,900.0,/100ml,25.0,560.0
auckland,Auckland Council,Avondale,arc-00036,Avondale @ Shadbolt,8019,-36.9232796,174.69177898,Urban,Lowland,Urban,E.coli,2024-01-30 08:08:00,NZST,2100,,2100.0,/100ml,25.0,560.0
auckland,Auckland Council,Avondale,arc-00036,Avondale @ Shadbolt,8019,-36.9232796,174.69177898,Urban,Lowland,Urban,E.coli,2024-02-29 08:59:00,NZST,2100,,2100.0,/100ml,25.0,560.0
auckland,Auckland Council,Avondale,arc-00036,Avondale @ Shadbolt,8019,-36.9232796,174.69177898,Urban,Lowland,Urban,E.coli,2024-03-25 08:04:00,NZST,2100,,2100.0,/100ml,25.0,560.0
auckland,Auckland Council,Avondale,arc-00036,Avondale @ Shadbolt,8019,-36.9232796,174.69177898,Urban,Lowland,Urban,E.coli,2024-04-22 09:10:00,NZST,700,,700.0,/100ml,25.0,560.0
auckland,Auckland Council,Avondale,arc-00036,Avondale @ Shadbolt,8019,-36.9232796,174.69177898,Urban,Lowland,Urban,E.coli,2024-05-28 08:20:00,NZST,1200,,1200.0,/100ml,25.0,560.0
auckland,Auckland Council,Avondale,arc-00036,Avondale @ Shadbolt,8019,-36.9232796,174.69177898,Urban,Lowland,Urban,E.coli,2024-06-26 08:39:00,NZST,1100,,1100.0,/100ml,25.0,560.0
auckland,Auckland Council,Avondale,arc-00036,Avondale @ Shadbolt,8019,-36.9232796,174.69177898,Urban,Lowland,Urban,E.coli,2024-07-25 08:52:00,NZST,1100,,1100.0,/100ml,25.0,560.0
auckland,Auckland Council,Avondale,arc-00036,Avondale @ Shadbolt,8019,-36.9232796,174.69177898,Urban,Lowland,Urban,E.coli,2024-08-29 09:04:00,NZST,2200,,2200.0,/100ml,25.0,560.0
auckland,Auckland Council,Avondale,arc-00036,Avondale @ Shadbolt,8019,-36.9232796,174.69177898,Urban,Lowland,Urban,E.coli,2024-09-26 09:09:00,NZST,1800,,1800.0,/100ml,25.0,560.0
auckland,Auckland Council,Avondale,arc-00036,Avondale @ Shadbolt,8019,-36.9232796,174.69177898,Urban,Lowland,Urban,E.coli,2024-10-23 08:06:00,NZST,600,,600.0,/100ml,25.0,560.0
auckland,Auckland Council,Avondale,arc-00036,Avondale @ Shadbolt,8019,-36.9232796,174.69177898,Urban,Lowland,Urban,E.coli,2024-11-21 09:59:00,NZST,3000,,3000.0,/100ml,25.0,560.0
auckland,Auckland Council,Avondale,arc-00036,Avondale @ Shadbolt,8019,-36.9232796,174.69177898,Urban,Lowland,Urban,E.coli,2024-12-09 07:51:00,NZST,730,,730.0,/100ml,25.0,560.0
auckland,Auckland Council,Avondale,arc-00036,Avondale @ Shadbolt,8019,-36.9232796,174.69177898,Urban,Lowland,Urban,Nitrate nitrogen,2018-12-18 08:20:00,NZST,0.33,,0.33,mg/l,9.0,610.0
auckland,Auckland Council,Avondale,arc-00036,Avondale @ Shadbolt,8019,-36.9232796,174.69177898,Urban,Lowland,Urban,Nitrate nitrogen,2019-01-23 07:35:00,NZST,0.27,,0.27,mg/l,9.0,610.0
auckland,Auckland Council,Avondale,arc-00036,Avondale @ Shadbolt,8019,-36.9232796,174.69177898,Urban,Lowland,Urban,Nitrate nitrogen,2019-02-21 08:23:00,NZST,0.3,,0.3,mg/l,9.0,610.0
auckland,Auckland Council,Avondale,arc-00036,Avondale @ Shadbolt,8019,-36.9232796,174.69177898,Urban,Lowland,Urban,Nitrate nitrogen,2019-03-28 08:00:00,NZST,0.4,,0.4,mg/l,9.0,610.0
auckland,Auckland Council,Avondale,arc-00036,Avondale @ Shadbolt,8019,-36.9232796,174.69177898,Urban,Lowland,Urban,Nitrate nitrogen,2019-04-12 08:52:00,NZST,0.34,,0.34,mg/l,9.0,610.0
auckland,Auckland Council,Avondale,arc-00036,Avondale @ Shadbolt,8019,-36.9232796,174.69177898,Urban,Lowland,Urban,Nitrate nitrogen,2019-05-27 08:24:00,NZST,0.45,,0.45,mg/l,9.0,610.0
auckland,Auckland Council,Avondale,arc-00036,Avondale @ Shadbolt,8019,-36.9232796,174.69177898,Urban,Lowland,Urban,Nitrate nitrogen,2019-06-19 08:52:00,NZST,0.43,,0.43,mg/l,9.0,610.0
auckland,Auckland Council,Avondale,arc-00036,Avondale @ Shadbolt,8019,-36.9232796,174.69177898,Urban,Lowland,Urban,Nitrate nitrogen,2019-07-17 09:52:00,NZST,0.54,,0.54,mg/l,9.0,610.0
auckland,Auckland Council,Avondale,arc-00036,Avondale @ Shadbolt,8019,-36.9232796,174.69177898,Urban,Lowland,Urban,Nitrate nitrogen,2019-08-16 08:25:00,NZST,0.42,,0.42,mg/l,9.0,610.0
auckland,Auckland Council,Avondale,arc-00036,Avondale @ Shadbolt,8019,-36.9232796,174.69177898,Urban,Lowland,Urban,Nitrate nitrogen,2019-10-07 08:04:00,NZST,0.33,,0.33,mg/l,9.0,610.0
auckland,Auckland Council,Avondale,arc-00036,Avondale @ Shadbolt,8019,-36.9232796,174.69177898,Urban,Lowland,Urban,Nitrate nitrogen,2019-10-31 08:14:00,NZST,0.3,,0.3,mg/l,9.0,610.0
auckland,Auckland Council,Avondale,arc-00036,Avondale @ Shadbolt,8019,-36.9232796,174.69177898,Urban,Lowland,Urban,Nitrate nitrogen,2019-11-25 08:48:00,NZST,0.26,,0.26,mg/l,9.0,610.0
auckland,Auckland Council,Avondale,arc-00036,Avondale @ Shadbolt,8019,-36.9232796,174.69177898,Urban,Lowland,Urban,Nitrate nitrogen,2019-12-23 07:25:00,NZST,0.31,,0.31,mg/l,9.0,610.0
auckland,Auckland Council,Avondale,arc-00036,Avondale @ Shadbolt,8019,-36.9232796,174.69177898,Urban,Lowland,Urban,Nitrate nitrogen,2020-01-29 08:09:00,NZST,0.118,,0.118,mg/l,,
auckland,Auckland Council,Avondale,arc-00036,Avondale @ Shadbolt,8019,-36.9232796,174.69177898,Urban,Lowland,Urban,Nitrate nitrogen,2020-02-25 07:30:00,NZST,0.137,,0.137,mg/l,,
auckland,Auckland Council,Avondale,arc-00036,Avondale @ Shadbolt,8019,-36.9232796,174.69177898,Urban,Lowland,Urban,Nitrate nitrogen,2020-03-13 08:25:00,NZST,0.108,,0.108,mg/l,,
auckland,Auckland Council,Avondale,arc-00036,Avondale @ Shadbolt,8019,-36.9232796,174.69177898,Urban,Lowland,Urban,Nitrate nitrogen,2020-04-30 09:29:00,NZST,0.121,,0.121,mg/l,,
auckland,Auckland Council,Avondale,arc-00036,Avondale @ Shadbolt,8019,-36.9232796,174.69177898,Urban,Lowland,Urban,Nitrate nitrogen,2020-05-28 09:51:00,NZST,0.9,,0.9,mg/l,,
auckland,Auckland Council,Avondale,arc-00036,Avondale @ Shadbolt,8019,-36.9232796,174.69177898,Urban,Lowland,Urban,Nitrate nitrogen,2020-06-26 10:38:00,NZST,1.04,,1.04,mg/l,,
auckland,Auckland Council,Avondale,arc-00036,Avondale @ Shadbolt,8019,-36.9232796,174.69177898,Urban,Lowland,Urban,Nitrate nitrogen,2020-07-09 10:50:00,NZST,0.49,,0.49,mg/l,,
auckland,Auckland Council,Avondale,arc-00036,Avondale @ Shadbolt,8019,-36.9232796,174.69177898,Urban,Lowland,Urban,Nitrate nitrogen,2020-08-07 10:09:00,NZST,0.28,,0.28,mg/l,,
auckland,Auckland Council,Avondale,arc-00036,Avondale @ Shadbolt,8019,-36.9232796,174.69177898,Urban,Lowland,Urban,Nitrate nitrogen,2020-09-09 10:34:00,NZST,0.32,,0.32,mg/l,,
auckland,Auckland Council,Avondale,arc-00036,Avondale @ Shadbolt,8019,-36.9232796,174.69177898,Urban,Lowland,Urban,Nitrate nitrogen,2020-10-08 10:12:00,NZST,0.53,,0.53,mg/l,,
auckland,Auckland Council,Avondale,arc-00036,Avondale @ Shadbolt,8019,-36.9232796,174.69177898,Urban,Lowland,Urban,Nitrate nitrogen,2020-11-24 09:45:00,NZST,0.2,,0.2,mg/l,,
auckland,Auckland Council,Avondale,arc-00036,Avondale @ Shadbolt,8019,-36.9232796,174.69177898,Urban,Lowland,Urban,Nitrate nitrogen,2020-12-14 11:28:00,NZST,0.21,,0.21,mg/l,,
auckland,Auckland Council,Avondale,arc-00036,Avondale @ Shadbolt,8019,-36.9232796,174.69177898,Urban,Lowland,Urban,Nitrate nitrogen,2021-01-20 09:25:00,NZST,0.179,,0.179,mg/l,,
auckland,Auckland Council,Avondale,arc-00036,Avondale @ Shadbolt,8019,-36.9232796,174.69177898,Urban,Lowland,Urban,Nitrate nitrogen,2021-02-11 10:34:00,NZST,0.22,,0.22,mg/l,,
auckland,Auckland Council,Avondale,arc-00036,Avondale @ Shadbolt,8019,-36.9232796,174.69177898,Urban,Lowland,Urban,Nitrate nitrogen,2021-03-25 08:57:00,NZST,0.094,,0.094,mg/l,,
auckland,Auckland Council,Avondale,arc-00036,Avondale @ Shadbolt,8019,-36.9232796,174.69177898,Urban,Lowland,Urban,Nitrate nitrogen,2021-04-28 11:24:00,NZST,0.48,,0.48,mg/l,,
auckland,Auckland Council,Avondale,arc-00036,Avondale @ Shadbolt,8019,-36.9232796,174.69177898,Urban,Lowland,Urban,Nitrate nitrogen,2021-05-13 11:43:00,NZST,0.28,,0.28,mg/l,,
auckland,Auckland Council,Avondale,arc-00036,Avondale @ Shadbolt,8019,-36.9232796,174.69177898,Urban,Lowland,Urban,Nitrate nitrogen,2021-06-08 09:16:00,NZST,0.58,,0.58,mg/l,,
auckland,Auckland Council,Avondale,arc-00036,Avondale @ Shadbolt,8019,-36.9232796,174.69177898,Urban,Lowland,Urban,Nitrate nitrogen,2021-07-14 10:32:00,NZST,0.53,,0.53,mg/l,,
auckland,Auckland Council,Avondale,arc-00036,Avondale @ Shadbolt,8019,-36.9232796,174.69177898,Urban,Lowland,Urban,Nitrate nitrogen,2021-08-10 09:29:00,NZST,0.69,,0.69,mg/l,,
auckland,Auckland Council,Avondale,arc-00036,Avondale @ Shadbolt,8019,-36.9232796,174.69177898,Urban,Lowland,Urban,Nitrate nitrogen,2021-09-29 08:48:00,NZST,0.53,,0.53,mg/l,,
auckland,Auckland Council,Avondale,arc-00036,Avondale @ Shadbolt,8019,-36.9232796,174.69177898,Urban,Lowland,Urban,Nitrate nitrogen,2021-10-14 08:29:00,NZST,0.57,,0.57,mg/l,,
auckland,Auckland Council,Avondale,arc-00036,Avondale @ Shadbolt,8019,-36.9232796,174.69177898,Urban,Lowland,Urban,Nitrate nitrogen,2021-11-11 07:57:00,NZST,0.27,,0.27,mg/l,,
auckland,Auckland Council,Avondale,arc-00036,Avondale @ Shadbolt,8019,-36.9232796,174.69177898,Urban,Lowland,Urban,Nitrate nitrogen,2021-12-09 08:56:00,NZST,0.0121,,0.0121,mg/l,41.0,400.0
auckland,Auckland Council,Avondale,arc-00036,Avondale @ Shadbolt,8019,-36.9232796,174.69177898,Urban,Lowland,Urban,Nitrate nitrogen,2022-01-17 08:06:00,NZST,0.45,,0.45,mg/l,,
auckland,Auckland Council,Avondale,arc-00036,Avondale @ Shadbolt,8019,-36.9232796,174.69177898,Urban,Lowland,Urban,Nitrate nitrogen,2022-02-18 09:48:00,NZST,0.3,,0.3,mg/l,,
auckland,Auckland Council,Avondale,arc-00036,Avondale @ Shadbolt,8019,-36.9232796,174.69177898,Urban,Lowland,Urban,Nitrate nitrogen,2022-03-18 09:01:00,NZST,0.3,,0.3,mg/l,,
auckland,Auckland Council,Avondale,arc-00036,Avondale @ Shadbolt,8019,-36.9232796,174.69177898,Urban,Lowland,Urban,Nitrate nitrogen,2022-04-14 09:43:00,NZST,0.28,,0.28,mg/l,,
auckland,Auckland Council,Avondale,arc-00036,Avondale @ Shadbolt,8019,-36.9232796,174.69177898,Urban,Lowland,Urban,Nitrate nitrogen,2022-05-09 09:39:00,NZST,0.72,,0.72,mg/l,,
auckland,Auckland Council,Avondale,arc-00036,Avondale @ Shadbolt,8019,-36.9232796,174.69177898,Urban,Lowland,Urban,Nitrate nitrogen,2022-06-17 09:54:00,NZST,0.6,,0.6,mg/l,,
auckland,Auckland Council,Avondale,arc-00036,Avondale @ Shadbolt,8019,-36.9232796,174.69177898,Urban,Lowland,Urban,Nitrate nitrogen,2022-07-21 09:35:00,NZST,0.48,,0.48,mg/l,,
auckland,Auckland Council,Avondale,arc-00036,Avondale @ Shadbolt,8019,-36.9232796,174.69177898,Urban,Lowland,Urban,Nitrate nitrogen,2022-08-23 10:33:00,NZST,0.4,,0.4,mg/l,,
auckland,Auckland Council,Avondale,arc-00036,Avondale @ Shadbolt,8019,-36.9232796,174.69177898,Urban,Lowland,Urban,Nitrate nitrogen,2022-09-29 08:50:00,NZST,0.36,,0.36,mg/l,,
auckland,Auckland Council,Avondale,arc-00036,Avondale @ Shadbolt,8019,-36.9232796,174.69177898,Urban,Lowland,Urban,Nitrate nitrogen,2022-10-27 08:36:00,NZST,0.34,,0.34,mg/l,,
auckland,Auckland Council,Avondale,arc-00036,Avondale @ Shadbolt,8019,-36.9232796,174.69177898,Urban,Lowland,Urban,Nitrate nitrogen,2022-11-23 09:32:00,NZST,0.3,,0.3,mg/l,,
auckland,Auckland Council,Avondale,arc-00036,Avondale @ Shadbolt,8019,-36.9232796,174.69177898,Urban,Lowland,Urban,Nitrate nitrogen,2022-12-21 08:18:00,NZST,0.31,,0.31,mg/l,,
auckland,Auckland Council,Avondale,arc-00036,Avondale @ Shadbolt,8019,-36.9232796,174.69177898,Urban,Lowland,Urban,Nitrate nitrogen,2023-01-24 09:24:00,NZST,0.31,,0.31,mg/l,,
auckland,Auckland Council,Avondale,arc-00036,Avondale @ Shadbolt,8019,-36.9232796,174.69177898,Urban,Lowland,Urban,Nitrate nitrogen,2023-02-27 08:43:00,NZST,0.24,,0.24,mg/l,,
auckland,Auckland Council,Avondale,arc-00036,Avondale @ Shadbolt,8019,-36.9232796,174.69177898,Urban,Lowland,Urban,Nitrate nitrogen,2023-03-30 08:43:00,NZST,0.21,,0.21,mg/l,,
auckland,Auckland Council,Avondale,arc-00036,Avondale @ Shadbolt,8019,-36.9232796,174.69177898,Urban,Lowland,Urban,Nitrate nitrogen,2023-04-27 11:19:00,NZST,0.29,,0.29,mg/l,,
auckland,Auckland Council,Avondale,arc-00036,Avondale @ Shadbolt,8019,-36.9232796,174.69177898,Urban,Lowland,Urban,Nitrate nitrogen,2023-05-25 09:09:00,NZST,0.4,,0.4,mg/l,,
auckland,Auckland Council,Avondale,arc-00036,Avondale @ Shadbolt,8019,-36.9232796,174.69177898,Urban,Lowland,Urban,Nitrate nitrogen,2023-06-26 09:15:00,NZST,0.38,,0.38,mg/l,,
auckland,Auckland Council,Avondale,arc-00036,Avondale @ Shadbolt,8019,-36.9232796,174.69177898,Urban,Lowland,Urban,Nitrate nitrogen,2023-07-26 09:21:00,NZST,0.137,,0.137,mg/l,,
auckland,Auckland Council,Avondale,arc-00036,Avondale @ Shadbolt,8019,-36.9232796,174.69177898,Urban,Lowland,Urban,Nitrate nitrogen,2023-08-23 09:53:00,NZST,0.4,,0.4,mg/l,,
auckland,Auckland Council,Avondale,arc-00036,Avondale @ Shadbolt,8019,-36.9232796,174.69177898,Urban,Lowland,Urban,Nitrate nitrogen,2023-09-26 08:42:00,NZST,0.51,,0.51,mg/l,,
auckland,Auckland Council,Avondale,arc-00036,Avondale @ Shadbolt,8019,-36.9232796,174.69177898,Urban,Lowland,Urban,Nitrate nitrogen,2023-10-25 08:21:00,NZST,0.47,,0.47,mg/l,,
auckland,Auckland Council,Avondale,arc-00036,Avondale @ Shadbolt,8019,-36.9232796,174.69177898,Urban,Lowland,Urban,Nitrate nitrogen,2023-11-21 08:54:00,NZST,0.35,,0.35,mg/l,,
auckland,Auckland Council,Avondale,arc-00036,Avondale @ Shadbolt,8019,-36.9232796,174.69177898,Urban,Lowland,Urban,Nitrate nitrogen,2023-12-13 08:20:00,NZST,0.39,,0.39,mg/l,,
auckland,Auckland Council,Avondale,arc-00036,Avondale @ Shadbolt,8019,-36.9232796,174.69177898,Urban,Lowland,Urban,Nitrate nitrogen,2024-01-30 08:08:00,NZST,0.34,,0.34,mg/l,,
auckland,Auckland Council,Avondale,arc-00036,Avondale @ Shadbolt,8019,-36.9232796,174.69177898,Urban,Lowland,Urban,Nitrate nitrogen,2024-02-29 08:59:00,NZST,0.37,,0.37,mg/l,,
auckland,Auckland Council,Avondale,arc-00036,Avondale @ Shadbolt,8019,-36.9232796,174.69177898,Urban,Lowland,Urban,Nitrate nitrogen,2024-03-25 08:04:00,NZST,0.5,,0.5,mg/l,,
auckland,Auckland Council,Avondale,arc-00036,Avondale @ Shadbolt,8019,-36.9232796,174.69177898,Urban,Lowland,Urban,Nitrate nitrogen,2024-04-22 09:10:00,NZST,0.57,,0.57,mg/l,,
auckland,Auckland Council,Avondale,arc-00036,Avondale @ Shadbolt,8019,-36.9232796,174.69177898,Urban,Lowland,Urban,Nitrate nitrogen,2024-05-28 08:20:00,NZST,0.41,,0.41,mg/l,,
auckland,Auckland Council,Avondale,arc-00036,Avondale @ Shadbolt,8019,-36.9232796,174.69177898,Urban,Lowland,Urban,Nitrate nitrogen,2024-06-26 08:39:00,NZST,0.35,,0.35,mg/l,,
auckland,Auckland Council,Avondale,arc-00036,Avondale @ Shadbolt,8019,-36.9232796,174.69177898,Urban,Lowland,Urban,Nitrate nitrogen,2024-07-25 08:52:00,NZST,0.44,,0.44,mg/l,,
auckland,Auckland Council,Avondale,arc-00036,Avondale @ Shadbolt,8019,-36.9232796,174.69177898,Urban,Lowland,Urban,Nitrate nitrogen,2024-08-29 09:04:00,NZST,0.41,,0.41,mg/l,,
auckland,Auckland Council,Avondale,arc-00036,Avondale @ Shadbolt,8019,-36.9232796,174.69177898,Urban,Lowland,Urban,Nitrate nitrogen,2024-09-26 09:09:00,NZST,0.33,,0.33,mg/l,,
auckland,Auckland Council,Avondale,arc-00036,Avondale @ Shadbolt,8019,-36.9232796,174.69177898,Urban,Lowland,Urban,Nitrate nitrogen,2024-10-23 08:06:00,NZST,0.38,,0.38,mg/l,,
auckland,Auckland Council,Avondale,arc-00036,Avondale @ Shadbolt,8019,-36.9232796,174.69177898,Urban,Lowland,Urban,Nitrate nitrogen,2024-11-21 09:59:00,NZST,0.33,,0.33,mg/l,,
auckland,Auckland Council,Avondale,arc-00036,Avondale @ Shadbolt,8019,-36.9232796,174.69177898,Urban,Lowland,Urban,Nitrate nitrogen,2024-12-09 07:51:00,NZST,0.28,,0.28,mg/l,,
auckland,Auckland Council,Avondale,arc-00036,Avondale @ Shadbolt,8019,-36.9232796,174.69177898,Urban,Lowland,Urban,pH,2012-01-06 07:38:00,NZST,7.02,,7.02,ph,,
auckland,Auckland Council,Avondale,arc-00036,Avondale @ Shadbolt,8019,-36.9232796,174.69177898,Urban,Lowland,Urban,pH,2012-02-02 08:52:00,NZST,7.01,,7.01,ph,,
auckland,Auckland Council,Avondale,arc-00036,Avondale @ Shadbolt,8019,-36.9232796,174.69177898,Urban,Lowland,Urban,pH,2012-03-01 08:56:00,NZST,6.64,,6.64,ph,,
auckland,Auckland Council,Avondale,arc-00036,Avondale @ Shadbolt,8019,-36.9232796,174.69177898,Urban,Lowland,Urban,pH,2012-04-03 08:46:00,NZST,6.8,,6.8,ph,,
auckland,Auckland Council,Avondale,arc-00036,Avondale @ Shadbolt,8019,-36.9232796,174.69177898,Urban,Lowland,Urban,pH,2012-05-04 09:46:00,NZST,6.7,,6.7,ph,,
auckland,Auckland Council,Avondale,arc-00036,Avondale @ Shadbolt,8019,-36.9232796,174.69177898,Urban,Lowland,Urban,pH,2012-06-07 09:36:00,NZST,7,,7.0,ph,,
auckland,Auckland Council,Avondale,arc-00036,Avondale @ Shadbolt,8019,-36.9232796,174.69177898,Urban,Lowland,Urban,pH,2012-07-05 09:37:00,NZST,6.86,,6.86,ph,,
auckland,Auckland Council,Avondale,arc-00036,Avondale @ Shadbolt,8019,-36.9232796,174.69177898,Urban,Lowland,Urban,pH,2012-08-02 09:27:00,NZST,6.62,,6.62,ph,,
auckland,Auckland Council,Avondale,arc-00036,Avondale @ Shadbolt,8019,-36.9232796,174.69177898,Urban,Lowland,Urban,pH,2012-09-04 08:41:00,NZST,6.91,,6.91,ph,,
auckland,Auckland Council,Avondale,arc-00036,Avondale @ Shadbolt,8019,-36.9232796,174.69177898,Urban,Lowland,Urban,pH,2012-10-04 08:11:00,NZST,6.86,,6.86,ph,,
auckland,Auckland Council,Avondale,arc-00036,Avondale @ Shadbolt,8019,-36.9232796,174.69177898,Urban,Lowland,Urban,pH,2012-11-02 08:13:00,NZST,6.7,,6.7,ph,,
auckland,Auckland Council,Avondale,arc-00036,Avondale @ Shadbolt,8019,-36.9232796,174.69177898,Urban,Lowland,Urban,pH,2012-12-05 08:24:00,NZST,6.8,,6.8,ph,,
auckland,Auckland Council,Avondale,arc-00036,Avondale @ Shadbolt,8019,-36.9232796,174.69177898,Urban,Lowland,Urban,pH,2013-01-09 07:42:00,NZST,6.8,,6.8,ph,,
auckland,Auckland Council,Avondale,arc-00036,Avondale @ Shadbolt,8019,-36.9232796,174.69177898,Urban,Lowland,Urban,pH,2013-02-07 08:20:00,NZST,6.73,,6.73,ph,,
auckland,Auckland Council,Avondale,arc-00036,Avondale @ Shadbolt,8019,-36.9232796,174.69177898,Urban,Lowland,Urban,pH,2013-03-08 08:33:00,NZST,6.53,,6.53,ph,,
auckland,Auckland Council,Avondale,arc-00036,Avondale @ Shadbolt,8019,-36.9232796,174.69177898,Urban,Lowland,Urban,pH,2013-04-04 08:37:00,NZST,7.01,,7.01,ph,,
auckland,Auckland Council,Avondale,arc-00036,Avondale @ Shadbolt,8019,-36.9232796,174.69177898,Urban,Lowland,Urban,pH,2013-05-02 09:52:00,NZST,6.93,,6.93,ph,,
auckland,Auckland Council,Avondale,arc-00036,Avondale @ Shadbolt,8019,-36.9232796,174.69177898,Urban,Lowland,Urban,pH,2013-06-11 10:21:00,NZST,6.74,,6.74,ph,,
auckland,Auckland Council,Avondale,arc-00036,Avondale @ Shadbolt,8019,-36.9232796,174.69177898,Urban,Lowland,Urban,pH,2013-07-31 09:30:00,NZST,7.09,,7.09,ph,,
auckland,Auckland Council,Avondale,arc-00036,Avondale @ Shadbolt,8019,-36.9232796,174.69177898,Urban,Lowland,Urban,pH,2013-09-05 09:43:00,NZST,7.08,,7.08,ph,,
auckland,Auckland Council,Avondale,arc-00036,Avondale @ Shadbolt,8019,-36.9232796,174.69177898,Urban,Lowland,Urban,pH,2013-10-09 08:49:00,NZST,6.61,,6.61,ph,,
auckland,Auckland Council,Avondale,arc-00036,Avondale @ Shadbolt,8019,-36.9232796,174.69177898,Urban,Lowland,Urban,pH,2013-11-06 07:32:00,NZST,6.47,,6.47,ph,,
auckland,Auckland Council,Avondale,arc-00036,Avondale @ Shadbolt,8019,-36.9232796,174.69177898,Urban,Lowland,Urban,pH,2013-12-04 12:01:00,NZST,6.42,,6.42,ph,,
auckland,Auckland Council,Avondale,arc-00036,Avondale @ Shadbolt,8019,-36.9232796,174.69177898,Urban,Lowland,Urban,pH,2014-01-09 07:29:00,NZST,6.63,,6.63,ph,,
auckland,Auckland Council,Avondale,arc-00036,Avondale @ Shadbolt,8019,-36.9232796,174.69177898,Urban,Lowland,Urban,pH,2014-02-05 08:27:00,NZST,7.06,,7.06,ph,,
auckland,Auckland Council,Avondale,arc-00036,Avondale @ Shadbolt,8019,-36.9232796,174.69177898,Urban,Lowland,Urban,pH,2014-03-06 08:28:00,NZST,6.91,,6.91,ph,,
auckland,Auckland Council,Avondale,arc-00036,Avondale @ Shadbolt,8019,-36.9232796,174.69177898,Urban,Lowland,Urban,pH,2014-04-03 08:49:00,NZST,6.93,,6.93,ph,,
auckland,Auckland Council,Avondale,arc-00036,Avondale @ Shadbolt,8019,-36.9232796,174.69177898,Urban,Lowland,Urban,pH,2014-05-02 09:27:00,NZST,6.85,,6.85,ph,,
auckland,Auckland Council,Avondale,arc-00036,Avondale @ Shadbolt,8019,-36.9232796,174.69177898,Urban,Lowland,Urban,pH,2014-06-04 09:53:00,NZST,6.95,,6.95,ph,,
auckland,Auckland Council,Avondale,arc-00036,Avondale @ Shadbolt,8019,-36.9232796,174.69177898,Urban,Lowland,Urban,pH,2014-07-03 09:22:00,NZST,6.24,,6.24,ph,,
auckland,Auckland Council,Avondale,arc-00036,Avondale @ Shadbolt,8019,-36.9232796,174.69177898,Urban,Lowland,Urban,pH,2014-08-05 09:40:00,NZST,6.86,,6.86,ph,,
auckland,Auckland Council,Avondale,arc-00036,Avondale @ Shadbolt,8019,-36.9232796,174.69177898,Urban,Lowland,Urban,pH,2014-09-04 09:29:00,NZST,6.67,,6.67,ph,,
auckland,Auckland Council,Avondale,arc-00036,Avondale @ Shadbolt,8019,-36.9232796,174.69177898,Urban,Lowland,Urban,pH,2014-10-10 08:25:00,NZST,6.08,,6.08,ph,,
auckland,Auckland Council,Avondale,arc-00036,Avondale @ Shadbolt,8019,-36.9232796,174.69177898,Urban,Lowland,Urban,pH,2014-11-06 08:21:00,NZST,6.95,,6.95,ph,,
auckland,Auckland Council,Avondale,arc-00036,Avondale @ Shadbolt,8019,-36.9232796,174.69177898,Urban,Lowland,Urban,pH,2014-12-02 09:30:00,NZST,6.79,,6.79,ph,,
auckland,Auckland Council,Avondale,arc-00036,Avondale @ Shadbolt,8019,-36.9232796,174.69177898,Urban,Lowland,Urban,pH,2015-01-08 09:20:00,NZST,6.87,,6.87,ph,,
auckland,Auckland Council,Avondale,arc-00036,Avondale @ Shadbolt,8019,-36.9232796,174.69177898,Urban,Lowland,Urban,pH,2015-02-05 09:23:00,NZST,6.77,,6.77,ph,,
auckland,Auckland Council,Avondale,arc-00036,Avondale @ Shadbolt,8019,-36.9232796,174.69177898,Urban,Lowland,Urban,pH,2015-03-05 09:32:00,NZST,6.76,,6.76,ph,,
auckland,Auckland Council,Avondale,arc-00036,Avondale @ Shadbolt,8019,-36.9232796,174.69177898,Urban,Lowland,Urban,pH,2015-04-02 12:01:00,NZST,7.24,,7.24,ph,,
auckland,Auckland Council,Avondale,arc-00036,Avondale @ Shadbolt,8019,-36.9232796,174.69177898,Urban,Lowland,Urban,pH,2015-05-01 07:53:00,NZST,6.89,,6.89,ph,,
auckland,Auckland Council,Avondale,arc-00036,Avondale @ Shadbolt,8019,-36.9232796,174.69177898,Urban,Lowland,Urban,pH,2015-06-03 07:56:00,NZST,6.68,,6.68,ph,,
auckland,Auckland Council,Avondale,arc-00036,Avondale @ Shadbolt,8019,-36.9232796,174.69177898,Urban,Lowland,Urban,pH,2015-07-01 08:32:00,NZST,7.21,,7.21,ph,,
auckland,Auckland Council,Avondale,arc-00036,Avondale @ Shadbolt,8019,-36.9232796,174.69177898,Urban,Lowland,Urban,pH,2015-08-03 08:28:00,NZST,6.99,,6.99,ph,,
auckland,Auckland Council,Avondale,arc-00036,Avondale @ Shadbolt,8019,-36.9232796,174.69177898,Urban,Lowland,Urban,pH,2015-09-10 08:31:00,NZST,6.77,,6.77,ph,,
auckland,Auckland Council,Avondale,arc-00036,Avondale @ Shadbolt,8019,-36.9232796,174.69177898,Urban,Lowland,Urban,pH,2015-10-01 07:02:00,NZST,6.78,,6.78,ph,,
auckland,Auckland Council,Avondale,arc-00036,Avondale @ Shadbolt,8019,-36.9232796,174.69177898,Urban,Lowland,Urban,pH,2015-11-02 07:23:00,NZST,6.99,,6.99,ph,,
auckland,Auckland Council,Avondale,arc-00036,Avondale @ Shadbolt,8019,-36.9232796,174.69177898,Urban,Lowland,Urban,pH,2015-12-01 07:20:00,NZST,6.78,,6.78,ph,,
auckland,Auckland Council,Avondale,arc-00036,Avondale @ Shadbolt,8019,-36.9232796,174.69177898,Urban,Lowland,Urban,pH,2016-01-25 07:55:00,NZST,6.95,,6.95,ph,,
auckland,Auckland Council,Avondale,arc-00036,Avondale @ Shadbolt,8019,-36.9232796,174.69177898,Urban,Lowland,Urban,pH,2016-02-15 07:51:00,NZST,6.8,,6.8,ph,,
auckland,Auckland Council,Avondale,arc-00036,Avondale @ Shadbolt,8019,-36.9232796,174.69177898,Urban,Lowland,Urban,pH,2016-03-21 08:50:00,NZST,7.27,,7.27,ph,,
auckland,Auckland Council,Avondale,arc-00036,Avondale @ Shadbolt,8019,-36.9232796,174.69177898,Urban,Lowland,Urban,pH,2016-04-21 10:20:00,NZST,7.07,,7.07,ph,,
auckland,Auckland Council,Avondale,arc-00036,Avondale @ Shadbolt,8019,-36.9232796,174.69177898,Urban,Lowland,Urban,pH,2016-05-20 09:46:00,NZST,7.45,,7.45,ph,,
auckland,Auckland Council,Avondale,arc-00036,Avondale @ Shadbolt,8019,-36.9232796,174.69177898,Urban,Lowland,Urban,pH,2016-06-20 10:10:00,NZST,7.43,,7.43,ph,,
auckland,Auckland Council,Avondale,arc-00036,Avondale @ Shadbolt,8019,-36.9232796,174.69177898,Urban,Lowland,Urban,pH,2016-07-18 09:36:00,NZST,7.07,,7.07,ph,,
auckland,Auckland Council,Avondale,arc-00036,Avondale @ Shadbolt,8019,-36.9232796,174.69177898,Urban,Lowland,Urban,pH,2016-08-31 09:35:00,NZST,6.72,,6.72,ph,,
auckland,Auckland Council,Avondale,arc-00036,Avondale @ Shadbolt,8019,-36.9232796,174.69177898,Urban,Lowland,Urban,pH,2016-09-28 07:46:00,NZST,6.74,,6.74,ph,,
auckland,Auckland Council,Avondale,arc-00036,Avondale @ Shadbolt,8019,-36.9232796,174.69177898,Urban,Lowland,Urban,pH,2016-10-27 11:11:00,NZST,7.51,,7.51,ph,,
auckland,Auckland Council,Avondale,arc-00036,Avondale @ Shadbolt,8019,-36.9232796,174.69177898,Urban,Lowland,Urban,pH,2016-11-28 08:52:00,NZST,7.26,,7.26,ph,,
auckland,Auckland Council,Avondale,arc-00036,Avondale @ Shadbolt,8019,-36.9232796,174.69177898,Urban,Lowland,Urban,pH,2016-12-14 09:43:00,NZST,7.45,,7.45,ph,,
auckland,Auckland Council,Avondale,arc-00036,Avondale @ Shadbolt,8019,-36.9232796,174.69177898,Urban,Lowland,Urban,pH,2017-01-26 08:22:00,NZST,6.97,,6.97,ph,,
auckland,Auckland Council,Avondale,arc-00036,Avondale @ Shadbolt,8019,-36.9232796,174.69177898,Urban,Lowland,Urban,pH,2017-03-27 10:03:00,NZST,6.03,,6.03,ph,,
auckland,Auckland Council,Avondale,arc-00036,Avondale @ Shadbolt,8019,-36.9232796,174.69177898,Urban,Lowland,Urban,pH,2017-04-28 10:08:00,NZST,6.39,,6.39,ph,,
auckland,Auckland Council,Avondale,arc-00036,Avondale @ Shadbolt,8019,-36.9232796,174.69177898,Urban,Lowland,Urban,pH,2017-05-29 09:55:00,NZST,6.97,,6.97,ph,,
auckland,Auckland Council,Avondale,arc-00036,Avondale @ Shadbolt,8019,-36.9232796,174.69177898,Urban,Lowland,Urban,pH,2017-06-27 09:17:00,NZST,7.18,,7.18,ph,,
auckland,Auckland Council,Avondale,arc-00036,Avondale @ Shadbolt,8019,-36.9232796,174.69177898,Urban,Lowland,Urban,pH,2017-07-26 08:50:00,NZST,7.06,,7.06,ph,,
auckland,Auckland Council,Avondale,arc-00036,Avondale @ Shadbolt,8019,-36.9232796,174.69177898,Urban,Lowland,Urban,pH,2017-08-25 08:34:00,NZST,7.13,,7.13,ph,,
auckland,Auckland Council,Avondale,arc-00036,Avondale @ Shadbolt,8019,-36.9232796,174.69177898,Urban,Lowland,Urban,pH,2017-09-25 09:37:00,NZST,7.11,,7.11,ph,,
auckland,Auckland Council,Avondale,arc-00036,Avondale @ Shadbolt,8019,-36.9232796,174.69177898,Urban,Lowland,Urban,pH,2017-10-20 07:54:00,NZST,7.12,,7.12,ph,,
auckland,Auckland Council,Avondale,arc-00036,Avondale @ Shadbolt,8019,-36.9232796,174.69177898,Urban,Lowland,Urban,pH,2017-11-21 08:19:00,NZST,7.2,,7.2,ph,,
auckland,Auckland Council,Avondale,arc-00036,Avondale @ Shadbolt,8019,-36.9232796,174.69177898,Urban,Lowland,Urban,pH,2017-12-21 08:14:00,NZST,7.12,,7.12,ph,,
auckland,Auckland Council,Avondale,arc-00036,Avondale @ Shadbolt,8019,-36.9232796,174.69177898,Urban,Lowland,Urban,pH,2018-01-19 08:46:00,NZST,6.96,,6.96,ph,,
auckland,Auckland Council,Avondale,arc-00036,Avondale @ Shadbolt,8019,-36.9232796,174.69177898,Urban,Lowland,Urban,pH,2018-02-19 09:36:00,NZST,7.18,,7.18,ph,,
auckland,Auckland Council,Avondale,arc-00036,Avondale @ Shadbolt,8019,-36.9232796,174.69177898,Urban,Lowland,Urban,pH,2018-03-19 09:30:00,NZST,7.15,,7.15,ph,,
auckland,Auckland Council,Avondale,arc-00036,Avondale @ Shadbolt,8019,-36.9232796,174.69177898,Urban,Lowland,Urban,pH,2018-04-17 08:40:00,NZST,7.09,,7.09,ph,,
auckland,Auckland Council,Avondale,arc-00036,Avondale @ Shadbolt,8019,-36.9232796,174.69177898,Urban,Lowland,Urban,pH,2018-05-18 08:28:00,NZST,7.33,,7.33,ph,,
auckland,Auckland Council,Avondale,arc-00036,Avondale @ Shadbolt,8019,-36.9232796,174.69177898,Urban,Lowland,Urban,pH,2018-06-18 09:53:00,NZST,7.33,,7.33,ph,,
auckland,Auckland Council,Avondale,arc-00036,Avondale @ Shadbolt,8019,-36.9232796,174.69177898,Urban,Lowland,Urban,pH,2018-07-17 09:49:00,NZST,6.91,,6.91,ph,,
auckland,Auckland Council,Avondale,arc-00036,Avondale @ Shadbolt,8019,-36.9232796,174.69177898,Urban,Lowland,Urban,pH,2018-08-16 09:36:00,NZST,6.88,,6.88,ph,,
auckland,Auckland Council,Avondale,arc-00036,Avondale @ Shadbolt,8019,-36.9232796,174.69177898,Urban,Lowland,Urban,pH,2018-09-27 07:58:00,NZST,7.36,,7.36,ph,,
auckland,Auckland Council,Avondale,arc-00036,Avondale @ Shadbolt,8019,-36.9232796,174.69177898,Urban,Lowland,Urban,pH,2018-11-28 09:56:00,NZST,7.57,,7.57,ph,,
auckland,Auckland Council,Avondale,arc-00036,Avondale @ Shadbolt,8019,-36.9232796,174.69177898,Urban,Lowland,Urban,pH,2018-12-18 08:20:00,NZST,7.58,,7.58,ph,,
auckland,Auckland Council,Avondale,arc-00036,Avondale @ Shadbolt,8019,-36.9232796,174.69177898,Urban,Lowland,Urban,pH,2019-01-23 07:35:00,NZST,7.18,,7.18,ph,,
auckland,Auckland Council,Avondale,arc-00036,Avondale @ Shadbolt,8019,-36.9232796,174.69177898,Urban,Lowland,Urban,pH,2019-02-21 08:23:00,NZST,7.25,,7.25,ph,,
auckland,Auckland Council,Avondale,arc-00036,Avondale @ Shadbolt,8019,-36.9232796,174.69177898,Urban,Lowland,Urban,pH,2019-03-28 08:00:00,NZST,7.59,,7.59,ph,,
auckland,Auckland Council,Avondale,arc-00036,Avondale @ Shadbolt,8019,-36.9232796,174.69177898,Urban,Lowland,Urban,pH,2019-04-12 08:52:00,NZST,7.02,,7.02,ph,,
auckland,Auckland Council,Avondale,arc-00036,Avondale @ Shadbolt,8019,-36.9232796,174.69177898,Urban,Lowland,Urban,pH,2019-05-27 08:24:00,NZST,7.18,,7.18,ph,,
auckland,Auckland Council,Avondale,arc-00036,Avondale @ Shadbolt,8019,-36.9232796,174.69177898,Urban,Lowland,Urban,pH,2019-06-19 08:52:00,NZST,7.36,,7.36,ph,,
auckland,Auckland Council,Avondale,arc-00036,Avondale @ Shadbolt,8019,-36.9232796,174.69177898,Urban,Lowland,Urban,pH,2019-07-17 09:52:00,NZST,7.19,,7.19,ph,,
auckland,Auckland Council,Avondale,arc-00036,Avondale @ Shadbolt,8019,-36.9232796,174.69177898,Urban,Lowland,Urban,pH,2019-08-16 08:25:00,NZST,7.04,,7.04,ph,,
auckland,Auckland Council,Avondale,arc-00036,Avondale @ Shadbolt,8019,-36.9232796,174.69177898,Urban,Lowland,Urban,pH,2019-10-07 08:04:00,NZST,7.12,,7.12,ph,,
auckland,Auckland Council,Avondale,arc-00036,Avondale @ Shadbolt,8019,-36.9232796,174.69177898,Urban,Lowland,Urban,pH,2019-10-31 08:14:00,NZST,7.03,,7.03,ph,,
auckland,Auckland Council,Avondale,arc-00036,Avondale @ Shadbolt,8019,-36.9232796,174.69177898,Urban,Lowland,Urban,pH,2019-11-25 08:48:00,NZST,7.12,,7.12,ph,,
auckland,Auckland Council,Avondale,arc-00036,Avondale @ Shadbolt,8019,-36.9232796,174.69177898,Urban,Lowland,Urban,pH,2019-12-23 07:25:00,NZST,6.96,,6.96,ph,,
auckland,Auckland Council,Avondale,arc-00036,Avondale @ Shadbolt,8019,-36.9232796,174.69177898,Urban,Lowland,Urban,pH,2020-01-29 08:09:00,NZST,7.03,,7.03,ph,0.0,600.0
auckland,Auckland Council,Avondale,arc-00036,Avondale @ Shadbolt,8019,-36.9232796,174.69177898,Urban,Lowland,Urban,pH,2020-02-25 07:30:00,NZST,6.91,,6.91,ph,0.0,600.0
auckland,Auckland Council,Avondale,arc-00036,Avondale @ Shadbolt,8019,-36.9232796,174.69177898,Urban,Lowland,Urban,pH,2020-03-13 08:25:00,NZST,6.61,,6.61,ph,0.0,600.0
auckland,Auckland Council,Avondale,arc-00036,Avondale @ Shadbolt,8019,-36.9232796,174.69177898,Urban,Lowland,Urban,pH,2020-04-30 09:29:00,NZST,6.89,,6.89,ph,0.0,600.0
auckland,Auckland Council,Avondale,arc-00036,Avondale @ Shadbolt,8019,-36.9232796,174.69177898,Urban,Lowland,Urban,pH,2020-05-28 09:51:00,NZST,7.31,,7.31,ph,0.0,600.0
auckland,Auckland Council,Avondale,arc-00036,Avondale @ Shadbolt,8019,-36.9232796,174.69177898,Urban,Lowland,Urban,pH,2020-06-26 10:38:00,NZST,6.97,,6.97,ph,0.0,600.0
auckland,Auckland Council,Avondale,arc-00036,Avondale @ Shadbolt,8019,-36.9232796,174.69177898,Urban,Lowland,Urban,pH,2020-07-09 10:50:00,NZST,6.85,,6.85,ph,0.0,600.0
auckland,Auckland Council,Avondale,arc-00036,Avondale @ Shadbolt,8019,-36.9232796,174.69177898,Urban,Lowland,Urban,pH,2020-08-07 10:09:00,NZST,7.17,,7.17,ph,0.0,600.0
auckland,Auckland Council,Avondale,arc-00036,Avondale @ Shadbolt,8019,-36.9232796,174.69177898,Urban,Lowland,Urban,pH,2020-09-09 10:34:00,NZST,7.18,,7.18,ph,0.0,600.0
auckland,Auckland Council,Avondale,arc-00036,Avondale @ Shadbolt,8019,-36.9232796,174.69177898,Urban,Lowland,Urban,pH,2020-10-08 10:12:00,NZST,7.13,,7.13,ph,0.0,600.0
auckland,Auckland Council,Avondale,arc-00036,Avondale @ Shadbolt,8019,-36.9232796,174.69177898,Urban,Lowland,Urban,pH,2020-11-24 09:45:00,NZST,7.05,,7.05,ph,0.0,600.0
auckland,Auckland Council,Avondale,arc-00036,Avondale @ Shadbolt,8019,-36.9232796,174.69177898,Urban,Lowland,Urban,pH,2020-12-14 11:28:00,NZST,7.1,,7.1,ph,0.0,600.0
auckland,Auckland Council,Avondale,arc-00036,Avondale @ Shadbolt,8019,-36.9232796,174.69177898,Urban,Lowland,Urban,pH,2021-01-20 09:25:00,NZST,6.96,,6.96,ph,0.0,600.0
auckland,Auckland Council,Avondale,arc-00036,Avondale @ Shadbolt,8019,-36.9232796,174.69177898,Urban,Lowland,Urban,pH,2021-02-11 10:34:00,NZST,7.01,,7.01,ph,0.0,600.0
auckland,Auckland Council,Avondale,arc-00036,Avondale @ Shadbolt,8019,-36.9232796,174.69177898,Urban,Lowland,Urban,pH,2021-03-25 08:57:00,NZST,7.17,,7.17,ph,0.0,600.0
auckland,Auckland Council,Avondale,arc-00036,Avondale @ Shadbolt,8019,-36.9232796,174.69177898,Urban,Lowland,Urban,pH,2021-04-28 11:24:00,NZST,7.05,,7.05,ph,0.0,600.0
auckland,Auckland Council,Avondale,arc-00036,Avondale @ Shadbolt,8019,-36.9232796,174.69177898,Urban,Lowland,Urban,pH,2021-05-13 11:43:00,NZST,7.11,,7.11,ph,0.0,600.0
auckland,Auckland Council,Avondale,arc-00036,Avondale @ Shadbolt,8019,-36.9232796,174.69177898,Urban,Lowland,Urban,pH,2021-06-08 09:16:00,NZST,7.3,,7.3,ph,0.0,600.0
auckland,Auckland Council,Avondale,arc-00036,Avondale @ Shadbolt,8019,-36.9232796,174.69177898,Urban,Lowland,Urban,pH,2021-07-14 10:32:00,NZST,7.13,,7.13,ph,0.0,600.0
auckland,Auckland Council,Avondale,arc-00036,Avondale @ Shadbolt,8019,-36.9232796,174.69177898,Urban,Lowland,Urban,pH,2021-08-10 09:29:00,NZST,7.13,,7.13,ph,0.0,600.0
auckland,Auckland Council,Avondale,arc-00036,Avondale @ Shadbolt,8019,-36.9232796,174.69177898,Urban,Lowland,Urban,pH,2021-09-29 08:48:00,NZST,6.97,,6.97,ph,0.0,600.0
auckland,Auckland Council,Avondale,arc-00036,Avondale @ Shadbolt,8019,-36.9232796,174.69177898,Urban,Lowland,Urban,pH,2021-10-14 08:29:00,NZST,7.08,,7.08,ph,0.0,600.0
auckland,Auckland Council,Avondale,arc-00036,Avondale @ Shadbolt,8019,-36.9232796,174.69177898,Urban,Lowland,Urban,pH,2021-11-11 07:57:00,NZST,6.92,,6.92,ph,0.0,600.0
auckland,Auckland Council,Avondale,arc-00036,Avondale @ Shadbolt,8019,-36.9232796,174.69177898,Urban,Lowland,Urban,pH,2021-12-09 08:56:00,NZST,6.93,,6.93,ph,0.0,600.0
auckland,Auckland Council,Avondale,arc-00036,Avondale @ Shadbolt,8019,-36.9232796,174.69177898,Urban,Lowland,Urban,pH,2022-01-17 08:06:00,NZST,6.87,,6.87,ph,0.0,600.0
auckland,Auckland Council,Avondale,arc-00036,Avondale @ Shadbolt,8019,-36.9232796,174.69177898,Urban,Lowland,Urban,pH,2022-02-18 09:48:00,NZST,6.9,,6.9,ph,0.0,600.0
auckland,Auckland Council,Avondale,arc-00036,Avondale @ Shadbolt,8019,-36.9232796,174.69177898,Urban,Lowland,Urban,pH,2022-03-18 09:01:00,NZST,7.29,,7.29,ph,0.0,600.0
auckland,Auckland Council,Avondale,arc-00036,Avondale @ Shadbolt,8019,-36.9232796,174.69177898,Urban,Lowland,Urban,pH,2022-04-14 09:43:00,NZST,7.04,,7.04,ph,0.0,600.0
auckland,Auckland Council,Avondale,arc-00036,Avondale @ Shadbolt,8019,-36.9232796,174.69177898,Urban,Lowland,Urban,pH,2022-05-09 09:39:00,NZST,6.84,,6.84,ph,0.0,600.0
auckland,Auckland Council,Avondale,arc-00036,Avondale @ Shadbolt,8019,-36.9232796,174.69177898,Urban,Lowland,Urban,pH,2022-06-17 09:54:00,NZST,7.09,,7.09,ph,0.0,600.0
auckland,Auckland Council,Avondale,arc-00036,Avondale @ Shadbolt,8019,-36.9232796,174.69177898,Urban,Lowland,Urban,pH,2022-07-21 09:35:00,NZST,7.06,,7.06,ph,0.0,600.0
auckland,Auckland Council,Avondale,arc-00036,Avondale @ Shadbolt,8019,-36.9232796,174.69177898,Urban,Lowland,Urban,pH,2022-08-23 10:33:00,NZST,7,,7.0,ph,0.0,600.0
auckland,Auckland Council,Avondale,arc-00036,Avondale @ Shadbolt,8019,-36.9232796,174.69177898,Urban,Lowland,Urban,pH,2022-09-29 08:50:00,NZST,7.03,,7.03,ph,0.0,600.0
auckland,Auckland Council,Avondale,arc-00036,Avondale @ Shadbolt,8019,-36.9232796,174.69177898,Urban,Lowland,Urban,pH,2022-10-27 08:36:00,NZST,7.04,,7.04,ph,0.0,600.0
auckland,Auckland Council,Avondale,arc-00036,Avondale @ Shadbolt,8019,-36.9232796,174.69177898,Urban,Lowland,Urban,pH,2022-11-23 09:32:00,NZST,6.96,,6.96,ph,0.0,600.0
auckland,Auckland Council,Avondale,arc-00036,Avondale @ Shadbolt,8019,-36.9232796,174.69177898,Urban,Lowland,Urban,pH,2022-12-21 08:18:00,NZST,6.99,,6.99,ph,0.0,600.0
auckland,Auckland Council,Avondale,arc-00036,Avondale @ Shadbolt,8019,-36.9232796,174.69177898,Urban,Lowland,Urban,pH,2023-01-24 09:24:00,NZST,6.93,,6.93,ph,0.0,600.0
auckland,Auckland Council,Avondale,arc-00036,Avondale @ Shadbolt,8019,-36.9232796,174.69177898,Urban,Lowland,Urban,pH,2023-02-27 08:43:00,NZST,6.72,,6.72,ph,0.0,600.0
auckland,Auckland Council,Avondale,arc-00036,Avondale @ Shadbolt,8019,-36.9232796,174.69177898,Urban,Lowland,Urban,pH,2023-03-30 08:43:00,NZST,6.84,,6.84,ph,0.0,600.0
auckland,Auckland Council,Avondale,arc-00036,Avondale @ Shadbolt,8019,-36.9232796,174.69177898,Urban,Lowland,Urban,pH,2023-04-27 11:19:00,NZST,6.99,,6.99,ph,0.0,600.0
auckland,Auckland Council,Avondale,arc-00036,Avondale @ Shadbolt,8019,-36.9232796,174.69177898,Urban,Lowland,Urban,pH,2023-05-25 09:09:00,NZST,6.95,,6.95,ph,0.0,600.0
auckland,Auckland Council,Avondale,arc-00036,Avondale @ Shadbolt,8019,-36.9232796,174.69177898,Urban,Lowland,Urban,pH,2023-06-26 09:15:00,NZST,6.9,,6.9,ph,0.0,600.0
auckland,Auckland Council,Avondale,arc-00036,Avondale @ Shadbolt,8019,-36.9232796,174.69177898,Urban,Lowland,Urban,pH,2023-07-26 09:21:00,NZST,7.02,,7.02,ph,0.0,600.0
auckland,Auckland Council,Avondale,arc-00036,Avondale @ Shadbolt,8019,-36.9232796,174.69177898,Urban,Lowland,Urban,pH,2023-08-23 09:53:00,NZST,7.1,,7.1,ph,0.0,600.0
auckland,Auckland Council,Avondale,arc-00036,Avondale @ Shadbolt,8019,-36.9232796,174.69177898,Urban,Lowland,Urban,pH,2023-09-26 08:42:00,NZST,7.04,,7.04,ph,0.0,600.0
auckland,Auckland Council,Avondale,arc-00036,Avondale @ Shadbolt,8019,-36.9232796,174.69177898,Urban,Lowland,Urban,pH,2023-10-25 08:21:00,NZST,6.73,,6.73,ph,0.0,600.0
auckland,Auckland Council,Avondale,arc-00036,Avondale @ Shadbolt,8019,-36.9232796,174.69177898,Urban,Lowland,Urban,pH,2023-11-21 08:54:00,NZST,6.99,,6.99,ph,0.0,600.0
auckland,Auckland Council,Avondale,arc-00036,Avondale @ Shadbolt,8019,-36.9232796,174.69177898,Urban,Lowland,Urban,pH,2023-12-13 08:20:00,NZST,7.31,,7.31,ph,0.0,600.0
auckland,Auckland Council,Avondale,arc-00036,Avondale @ Shadbolt,8019,-36.9232796,174.69177898,Urban,Lowland,Urban,pH,2024-01-30 08:08:00,NZST,6.99,,6.99,ph,0.0,600.0
auckland,Auckland Council,Avondale,arc-00036,Avondale @ Shadbolt,8019,-36.9232796,174.69177898,Urban,Lowland,Urban,pH,2024-02-29 08:59:00,NZST,7.09,,7.09,ph,0.0,600.0
auckland,Auckland Council,Avondale,arc-00036,Avondale @ Shadbolt,8019,-36.9232796,174.69177898,Urban,Lowland,Urban,pH,2024-03-25 08:04:00,NZST,6.94,,6.94,ph,0.0,600.0
auckland,Auckland Council,Avondale,arc-00036,Avondale @ Shadbolt,8019,-36.9232796,174.69177898,Urban,Lowland,Urban,pH,2024-04-22 09:10:00,NZST,6.69,,6.69,ph,0.0,600.0
auckland,Auckland Council,Avondale,arc-00036,Avondale @ Shadbolt,8019,-36.9232796,174.69177898,Urban,Lowland,Urban,pH,2024-05-28 08:20:00,NZST,7.23,,7.23,ph,0.0,600.0
auckland,Auckland Council,Avondale,arc-00036,Avondale @ Shadbolt,8019,-36.9232796,174.69177898,Urban,Lowland,Urban,pH,2024-06-26 08:39:00,NZST,7.06,,7.06,ph,0.0,600.0
auckland,Auckland Council,Avondale,arc-00036,Avondale @ Shadbolt,8019,-36.9232796,174.69177898,Urban,Lowland,Urban,pH,2024-07-25 08:52:00,NZST,7.16,,7.16,ph,0.0,600.0
auckland,Auckland Council,Avondale,arc-00036,Avondale @ Shadbolt,8019,-36.9232796,174.69177898,Urban,Lowland,Urban,pH,2024-08-29 09:04:00,NZST,7.27,,7.27,ph,0.0,600.0
auckland,Auckland Council,Avondale,arc-00036,Avondale @ Shadbolt,8019,-36.9232796,174.69177898,Urban,Lowland,Urban,pH,2024-09-26 09:09:00,NZST,6.91,,6.91,ph,0.0,600.0
auckland,Auckland Council,Avondale,arc-00036,Avondale @ Shadbolt,8019,-36.9232796,174.69177898,Urban,Lowland,Urban,pH,2024-10-23 08:06:00,NZST,7.01,,7.01,ph,0.0,600.0
auckland,Auckland Council,Avondale,arc-00036,Avondale @ Shadbolt,8019,-36.9232796,174.69177898,Urban,Lowland,Urban,pH,2024-11-21 09:59:00,NZST,7.1,,7.1,ph,0.0,600.0
auckland,Auckland Council,Avondale,arc-00036,Avondale @ Shadbolt,8019,-36.9232796,174.69177898,Urban,Lowland,Urban,pH,2024-12-09 07:51:00,NZST,7.13,,7.13,ph,0.0,600.0
auckland,Auckland Council,Avondale,arc-00036,Avondale @ Shadbolt,8019,-36.9232796,174.69177898,Urban,Lowland,Urban,Total nitrogen,2012-01-06 07:38:00,NZST,0.69,,0.69,mg/l,,
auckland,Auckland Council,Avondale,arc-00036,Avondale @ Shadbolt,8019,-36.9232796,174.69177898,Urban,Lowland,Urban,Total nitrogen,2012-02-02 08:52:00,NZST,0.85,,0.85,mg/l,,
auckland,Auckland Council,Avondale,arc-00036,Avondale @ Shadbolt,8019,-36.9232796,174.69177898,Urban,Lowland,Urban,Total nitrogen,2012-03-01 08:56:00,NZST,0.52,,0.52,mg/l,,
auckland,Auckland Council,Avondale,arc-00036,Avondale @ Shadbolt,8019,-36.9232796,174.69177898,Urban,Lowland,Urban,Total nitrogen,2012-04-03 08:46:00,NZST,1.1,,1.1,mg/l,,
auckland,Auckland Council,Avondale,arc-00036,Avondale @ Shadbolt,8019,-36.9232796,174.69177898,Urban,Lowland,Urban,Total nitrogen,2012-05-04 09:46:00,NZST,0.57,,0.57,mg/l,,
auckland,Auckland Council,Avondale,arc-00036,Avondale @ Shadbolt,8019,-36.9232796,174.69177898,Urban,Lowland,Urban,Total nitrogen,2012-06-07 09:36:00,NZST,1.2,,1.2,mg/l,,
auckland,Auckland Council,Avondale,arc-00036,Avondale @ Shadbolt,8019,-36.9232796,174.69177898,Urban,Lowland,Urban,Total nitrogen,2012-07-05 09:37:00,NZST,0.63,,0.63,mg/l,,
auckland,Auckland Council,Avondale,arc-00036,Avondale @ Shadbolt,8019,-36.9232796,174.69177898,Urban,Lowland,Urban,Total nitrogen,2012-08-02 09:27:00,NZST,0.99,,0.99,mg/l,,
auckland,Auckland Council,Avondale,arc-00036,Avondale @ Shadbolt,8019,-36.9232796,174.69177898,Urban,Lowland,Urban,Total nitrogen,2012-09-04 08:41:00,NZST,0.67,,0.67,mg/l,,
auckland,Auckland Council,Avondale,arc-00036,Avondale @ Shadbolt,8019,-36.9232796,174.69177898,Urban,Lowland,Urban,Total nitrogen,2012-10-04 08:11:00,NZST,0.67,,0.67,mg/l,,
auckland,Auckland Council,Avondale,arc-00036,Avondale @ Shadbolt,8019,-36.9232796,174.69177898,Urban,Lowland,Urban,Total nitrogen,2012-11-02 08:13:00,NZST,0.68,,0.68,mg/l,,
auckland,Auckland Council,Avondale,arc-00036,Avondale @ Shadbolt,8019,-36.9232796,174.69177898,Urban,Lowland,Urban,Total nitrogen,2012-12-05 08:24:00,NZST,0.67,,0.67,mg/l,,
auckland,Auckland Council,Avondale,arc-00036,Avondale @ Shadbolt,8019,-36.9232796,174.69177898,Urban,Lowland,Urban,Total nitrogen,2013-01-09 07:42:00,NZST,0.45,,0.45,mg/l,,
auckland,Auckland Council,Avondale,arc-00036,Avondale @ Shadbolt,8019,-36.9232796,174.69177898,Urban,Lowland,Urban,Total nitrogen,2013-02-07 08:20:00,NZST,0.7,,0.7,mg/l,,
auckland,Auckland Council,Avondale,arc-00036,Avondale @ Shadbolt,8019,-36.9232796,174.69177898,Urban,Lowland,Urban,Total nitrogen,2013-03-08 08:33:00,NZST,0.66,,0.66,mg/l,,
auckland,Auckland Council,Avondale,arc-00036,Avondale @ Shadbolt,8019,-36.9232796,174.69177898,Urban,Lowland,Urban,Total nitrogen,2013-04-04 08:37:00,NZST,0.59,,0.59,mg/l,,
auckland,Auckland Council,Avondale,arc-00036,Avondale @ Shadbolt,8019,-36.9232796,174.69177898,Urban,Lowland,Urban,Total nitrogen,2013-05-02 09:52:00,NZST,0.78,,0.78,mg/l,,
auckland,Auckland Council,Avondale,arc-00036,Avondale @ Shadbolt,8019,-36.9232796,174.69177898,Urban,Lowland,Urban,Total nitrogen,2013-06-11 10:21:00,NZST,0.67,,0.67,mg/l,,
auckland,Auckland Council,Avondale,arc-00036,Avondale @ Shadbolt,8019,-36.9232796,174.69177898,Urban,Lowland,Urban,Total nitrogen,2013-07-02 09:37:00,NZST,0.58,,0.58,mg/l,,
auckland,Auckland Council,Avondale,arc-00036,Avondale @ Shadbolt,8019,-36.9232796,174.69177898,Urban,Lowland,Urban,Total nitrogen,2013-07-31 09:30:00,NZST,0.41,,0.41,mg/l,,
auckland,Auckland Council,Avondale,arc-00036,Avondale @ Shadbolt,8019,-36.9232796,174.69177898,Urban,Lowland,Urban,Total nitrogen,2013-09-05 09:43:00,NZST,0.8,,0.8,mg/l,,
auckland,Auckland Council,Avondale,arc-00036,Avondale @ Shadbolt,8019,-36.9232796,174.69177898,Urban,Lowland,Urban,Total nitrogen,2013-10-09 08:49:00,NZST,0.68,,0.68,mg/l,,
auckland,Auckland Council,Avondale,arc-00036,Avondale @ Shadbolt,8019,-36.9232796,174.69177898,Urban,Lowland,Urban,Total nitrogen,2013-11-06 07:32:00,NZST,1,,1.0,mg/l,,
auckland,Auckland Council,Avondale,arc-00036,Avondale @ Shadbolt,8019,-36.9232796,174.69177898,Urban,Lowland,Urban,Total nitrogen,2013-12-04 12:01:00,NZST,0.67,,0.67,mg/l,,
auckland,Auckland Council,Avondale,arc-00036,Avondale @ Shadbolt,8019,-36.9232796,174.69177898,Urban,Lowland,Urban,Total nitrogen,2014-01-09 07:29:00,NZST,0.52,,0.52,mg/l,,
auckland,Auckland Council,Avondale,arc-00036,Avondale @ Shadbolt,8019,-36.9232796,174.69177898,Urban,Lowland,Urban,Total nitrogen,2014-02-05 08:27:00,NZST,0.36,,0.36,mg/l,,
auckland,Auckland Council,Avondale,arc-00036,Avondale @ Shadbolt,8019,-36.9232796,174.69177898,Urban,Lowland,Urban,Total nitrogen,2014-03-06 08:28:00,NZST,0.5,,0.5,mg/l,,
auckland,Auckland Council,Avondale,arc-00036,Avondale @ Shadbolt,8019,-36.9232796,174.69177898,Urban,Lowland,Urban,Total nitrogen,2014-04-03 08:49:00,NZST,0.48,,0.48,mg/l,,
auckland,Auckland Council,Avondale,arc-00036,Avondale @ Shadbolt,8019,-36.9232796,174.69177898,Urban,Lowland,Urban,Total nitrogen,2014-05-02 09:27:00,NZST,1,,1.0,mg/l,,
auckland,Auckland Council,Avondale,arc-00036,Avondale @ Shadbolt,8019,-36.9232796,174.69177898,Urban,Lowland,Urban,Total nitrogen,2014-06-04 09:53:00,NZST,0.65,,0.65,mg/l,,
auckland,Auckland Council,Avondale,arc-00036,Avondale @ Shadbolt,8019,-36.9232796,174.69177898,Urban,Lowland,Urban,Total nitrogen,2014-07-03 09:22:00,NZST,1.5,,1.5,mg/l,,
auckland,Auckland Council,Avondale,arc-00036,Avondale @ Shadbolt,8019,-36.9232796,174.69177898,Urban,Lowland,Urban,Total nitrogen,2014-08-05 09:40:00,NZST,1.4,,1.4,mg/l,,
auckland,Auckland Council,Avondale,arc-00036,Avondale @ Shadbolt,8019,-36.9232796,174.69177898,Urban,Lowland,Urban,Total nitrogen,2014-09-04 09:29:00,NZST,0.96,,0.96,mg/l,,
auckland,Auckland Council,Avondale,arc-00036,Avondale @ Shadbolt,8019,-36.9232796,174.69177898,Urban,Lowland,Urban,Total nitrogen,2014-10-10 08:25:00,NZST,0.61,,0.61,mg/l,,
auckland,Auckland Council,Avondale,arc-00036,Avondale @ Shadbolt,8019,-36.9232796,174.69177898,Urban,Lowland,Urban,Total nitrogen,2014-11-06 08:21:00,NZST,0.56,,0.56,mg/l,,
auckland,Auckland Council,Avondale,arc-00036,Avondale @ Shadbolt,8019,-36.9232796,174.69177898,Urban,Lowland,Urban,Total nitrogen,2014-12-02 09:30:00,NZST,0.51,,0.51,mg/l,,
auckland,Auckland Council,Avondale,arc-00036,Avondale @ Shadbolt,8019,-36.9232796,174.69177898,Urban,Lowland,Urban,Total nitrogen,2015-01-08 09:20:00,NZST,0.44,,0.44,mg/l,,
auckland,Auckland Council,Avondale,arc-00036,Avondale @ Shadbolt,8019,-36.9232796,174.69177898,Urban,Lowland,Urban,Total nitrogen,2015-02-05 09:23:00,NZST,0.77,,0.77,mg/l,,
auckland,Auckland Council,Avondale,arc-00036,Avondale @ Shadbolt,8019,-36.9232796,174.69177898,Urban,Lowland,Urban,Total nitrogen,2015-03-05 09:32:00,NZST,0.41,,0.41,mg/l,,
auckland,Auckland Council,Avondale,arc-00036,Avondale @ Shadbolt,8019,-36.9232796,174.69177898,Urban,Lowland,Urban,Total nitrogen,2015-04-02 12:01:00,NZST,0.66,,0.66,mg/l,,
auckland,Auckland Council,Avondale,arc-00036,Avondale @ Shadbolt,8019,-36.9232796,174.69177898,Urban,Lowland,Urban,Total nitrogen,2015-05-01 07:53:00,NZST,0.83,,0.83,mg/l,,
auckland,Auckland Council,Avondale,arc-00036,Avondale @ Shadbolt,8019,-36.9232796,174.69177898,Urban,Lowland,Urban,Total nitrogen,2015-06-03 07:56:00,NZST,0.65,,0.65,mg/l,,
auckland,Auckland Council,Avondale,arc-00036,Avondale @ Shadbolt,8019,-36.9232796,174.69177898,Urban,Lowland,Urban,Total nitrogen,2015-07-01 08:32:00,NZST,0.74,,0.74,mg/l,,
auckland,Auckland Council,Avondale,arc-00036,Avondale @ Shadbolt,8019,-36.9232796,174.69177898,Urban,Lowland,Urban,Total nitrogen,2015-08-03 08:28:00,NZST,0.67,,0.67,mg/l,,
auckland,Auckland Council,Avondale,arc-00036,Avondale @ Shadbolt,8019,-36.9232796,174.69177898,Urban,Lowland,Urban,Total nitrogen,2015-09-10 08:31:00,NZST,0.6,,0.6,mg/l,,
auckland,Auckland Council,Avondale,arc-00036,Avondale @ Shadbolt,8019,-36.9232796,174.69177898,Urban,Lowland,Urban,Total nitrogen,2015-10-01 07:02:00,NZST,0.53,,0.53,mg/l,,
auckland,Auckland Council,Avondale,arc-00036,Avondale @ Shadbolt,8019,-36.9232796,174.69177898,Urban,Lowland,Urban,Total nitrogen,2015-11-02 07:23:00,NZST,0.48,,0.48,mg/l,,
auckland,Auckland Council,Avondale,arc-00036,Avondale @ Shadbolt,8019,-36.9232796,174.69177898,Urban,Lowland,Urban,Total nitrogen,2015-12-01 07:20:00,NZST,0.52,,0.52,mg/l,,
auckland,Auckland Council,Avondale,arc-00036,Avondale @ Shadbolt,8019,-36.9232796,174.69177898,Urban,Lowland,Urban,Total nitrogen,2016-01-25 07:55:00,NZST,0.48,,0.48,mg/l,,
auckland,Auckland Council,Avondale,arc-00036,Avondale @ Shadbolt,8019,-36.9232796,174.69177898,Urban,Lowland,Urban,Total nitrogen,2016-02-15 07:51:00,NZST,0.76,,0.76,mg/l,,
auckland,Auckland Council,Avondale,arc-00036,Avondale @ Shadbolt,8019,-36.9232796,174.69177898,Urban,Lowland,Urban,Total nitrogen,2016-03-21 08:50:00,NZST,0.33,,0.33,mg/l,,
auckland,Auckland Council,Avondale,arc-00036,Avondale @ Shadbolt,8019,-36.9232796,174.69177898,Urban,Lowland,Urban,Total nitrogen,2016-04-21 10:20:00,NZST,0.64,,0.64,mg/l,,
auckland,Auckland Council,Avondale,arc-00036,Avondale @ Shadbolt,8019,-36.9232796,174.69177898,Urban,Lowland,Urban,Total nitrogen,2016-05-20 09:46:00,NZST,0.65,,0.65,mg/l,,
auckland,Auckland Council,Avondale,arc-00036,Avondale @ Shadbolt,8019,-36.9232796,174.69177898,Urban,Lowland,Urban,Total nitrogen,2016-06-20 10:10:00,NZST,0.71,,0.71,mg/l,,
auckland,Auckland Council,Avondale,arc-00036,Avondale @ Shadbolt,8019,-36.9232796,174.69177898,Urban,Lowland,Urban,Total nitrogen,2016-07-18 09:36:00,NZST,0.65,,0.65,mg/l,,
auckland,Auckland Council,Avondale,arc-00036,Avondale @ Shadbolt,8019,-36.9232796,174.69177898,Urban,Lowland,Urban,Total nitrogen,2016-08-31 09:35:00,NZST,0.76,,0.76,mg/l,,
auckland,Auckland Council,Avondale,arc-00036,Avondale @ Shadbolt,8019,-36.9232796,174.69177898,Urban,Lowland,Urban,Total nitrogen,2016-09-28 07:46:00,NZST,0.84,,0.84,mg/l,,
auckland,Auckland Council,Avondale,arc-00036,Avondale @ Shadbolt,8019,-36.9232796,174.69177898,Urban,Lowland,Urban,Total nitrogen,2016-10-27 11:11:00,NZST,0.53,,0.53,mg/l,,
auckland,Auckland Council,Avondale,arc-00036,Avondale @ Shadbolt,8019,-36.9232796,174.69177898,Urban,Lowland,Urban,Total nitrogen,2016-11-28 08:52:00,NZST,0.36,,0.36,mg/l,,
auckland,Auckland Council,Avondale,arc-00036,Avondale @ Shadbolt,8019,-36.9232796,174.69177898,Urban,Lowland,Urban,Total nitrogen,2016-12-14 09:43:00,NZST,0.56,,0.56,mg/l,,
auckland,Auckland Council,Avondale,arc-00036,Avondale @ Shadbolt,8019,-36.9232796,174.69177898,Urban,Lowland,Urban,Total nitrogen,2017-01-26 08:22:00,NZST,0.53,,0.53,mg/l,,
auckland,Auckland Council,Avondale,arc-00036,Avondale @ Shadbolt,8019,-36.9232796,174.69177898,Urban,Lowland,Urban,Total nitrogen,2017-02-23 07:44:00,NZST,0.75,,0.75,mg/l,,
auckland,Auckland Council,Avondale,arc-00036,Avondale @ Shadbolt,8019,-36.9232796,174.69177898,Urban,Lowland,Urban,Total nitrogen,2017-03-27 10:03:00,NZST,1.1,,1.1,mg/l,,
auckland,Auckland Council,Avondale,arc-00036,Avondale @ Shadbolt,8019,-36.9232796,174.69177898,Urban,Lowland,Urban,Total nitrogen,2017-04-28 10:08:00,NZST,0.48,,0.48,mg/l,,
auckland,Auckland Council,Avondale,arc-00036,Avondale @ Shadbolt,8019,-36.9232796,174.69177898,Urban,Lowland,Urban,Total nitrogen,2017-05-29 09:55:00,NZST,0.62,,0.62,mg/l,,
auckland,Auckland Council,Avondale,arc-00036,Avondale @ Shadbolt,8019,-36.9232796,174.69177898,Urban,Lowland,Urban,Total nitrogen,2017-06-27 09:17:00,NZST,0.65,,0.65,mg/l,,
auckland,Auckland Council,Avondale,arc-00036,Avondale @ Shadbolt,8019,-36.9232796,174.69177898,Urban,Lowland,Urban,Total nitrogen,2017-07-26 08:50:00,NZST,0.68,,0.68,mg/l,,
auckland,Auckland Council,Avondale,arc-00036,Avondale @ Shadbolt,8019,-36.9232796,174.69177898,Urban,Lowland,Urban,Total nitrogen,2017-08-25 08:34:00,NZST,0.55,,0.55,mg/l,,
auckland,Auckland Council,Avondale,arc-00036,Avondale @ Shadbolt,8019,-36.9232796,174.69177898,Urban,Lowland,Urban,Total nitrogen,2017-09-25 09:37:00,NZST,0.6,,0.6,mg/l,,
auckland,Auckland Council,Avondale,arc-00036,Avondale @ Shadbolt,8019,-36.9232796,174.69177898,Urban,Lowland,Urban,Total nitrogen,2017-10-20 07:54:00,NZST,0.6,,0.6,mg/l,,
auckland,Auckland Council,Avondale,arc-00036,Avondale @ Shadbolt,8019,-36.9232796,174.69177898,Urban,Lowland,Urban,Total nitrogen,2017-11-21 08:19:00,NZST,0.51,,0.51,mg/l,,
auckland,Auckland Council,Avondale,arc-00036,Avondale @ Shadbolt,8019,-36.9232796,174.69177898,Urban,Lowland,Urban,Total nitrogen,2017-12-21 08:14:00,NZST,0.7,,0.7,mg/l,,
auckland,Auckland Council,Avondale,arc-00036,Avondale @ Shadbolt,8019,-36.9232796,174.69177898,Urban,Lowland,Urban,Total nitrogen,2018-01-19 08:46:00,NZST,0.9,,0.9,mg/l,,
auckland,Auckland Council,Avondale,arc-00036,Avondale @ Shadbolt,8019,-36.9232796,174.69177898,Urban,Lowland,Urban,Total nitrogen,2018-02-19 09:36:00,NZST,0.52,,0.52,mg/l,,
auckland,Auckland Council,Avondale,arc-00036,Avondale @ Shadbolt,8019,-36.9232796,174.69177898,Urban,Lowland,Urban,Total nitrogen,2018-03-19 09:30:00,NZST,0.54,,0.54,mg/l,,
auckland,Auckland Council,Avondale,arc-00036,Avondale @ Shadbolt,8019,-36.9232796,174.69177898,Urban,Lowland,Urban,Total nitrogen,2018-04-17 08:40:00,NZST,0.77,,0.77,mg/l,,
auckland,Auckland Council,Avondale,arc-00036,Avondale @ Shadbolt,8019,-36.9232796,174.69177898,Urban,Lowland,Urban,Total nitrogen,2018-05-18 08:28:00,NZST,0.68,,0.68,mg/l,,
auckland,Auckland Council,Avondale,arc-00036,Avondale @ Shadbolt,8019,-36.9232796,174.69177898,Urban,Lowland,Urban,Total nitrogen,2018-06-18 09:53:00,NZST,0.7,,0.7,mg/l,,
auckland,Auckland Council,Avondale,arc-00036,Avondale @ Shadbolt,8019,-36.9232796,174.69177898,Urban,Lowland,Urban,Total nitrogen,2018-07-17 09:49:00,NZST,0.87,,0.87,mg/l,,
auckland,Auckland Council,Avondale,arc-00036,Avondale @ Shadbolt,8019,-36.9232796,174.69177898,Urban,Lowland,Urban,Total nitrogen,2018-08-16 09:36:00,NZST,0.75,,0.75,mg/l,,
auckland,Auckland Council,Avondale,arc-00036,Avondale @ Shadbolt,8019,-36.9232796,174.69177898,Urban,Lowland,Urban,Total nitrogen,2018-09-27 07:58:00,NZST,0.76,,0.76,mg/l,,
auckland,Auckland Council,Avondale,arc-00036,Avondale @ Shadbolt,8019,-36.9232796,174.69177898,Urban,Lowland,Urban,Total nitrogen,2018-11-28 09:56:00,NZST,0.86,,0.86,mg/l,,
auckland,Auckland Council,Avondale,arc-00036,Avondale @ Shadbolt,8019,-36.9232796,174.69177898,Urban,Lowland,Urban,Total nitrogen,2018-12-18 08:20:00,NZST,0.56,,0.56,mg/l,,
auckland,Auckland Council,Avondale,arc-00036,Avondale @ Shadbolt,8019,-36.9232796,174.69177898,Urban,Lowland,Urban,Total nitrogen,2019-01-23 07:35:00,NZST,0.6,,0.6,mg/l,,
auckland,Auckland Council,Avondale,arc-00036,Avondale @ Shadbolt,8019,-36.9232796,174.69177898,Urban,Lowland,Urban,Total nitrogen,2019-02-21 08:23:00,NZST,0.72,,0.72,mg/l,,
auckland,Auckland Council,Avondale,arc-00036,Avondale @ Shadbolt,8019,-36.9232796,174.69177898,Urban,Lowland,Urban,Total nitrogen,2019-03-28 08:00:00,NZST,0.95,,0.95,mg/l,,
auckland,Auckland Council,Avondale,arc-00036,Avondale @ Shadbolt,8019,-36.9232796,174.69177898,Urban,Lowland,Urban,Total nitrogen,2019-04-12 08:52:00,NZST,0.56,,0.56,mg/l,,
auckland,Auckland Council,Avondale,arc-00036,Avondale @ Shadbolt,8019,-36.9232796,174.69177898,Urban,Lowland,Urban,Total nitrogen,2019-05-27 08:24:00,NZST,0.71,,0.71,mg/l,,
auckland,Auckland Council,Avondale,arc-00036,Avondale @ Shadbolt,8019,-36.9232796,174.69177898,Urban,Lowland,Urban,Total nitrogen,2019-06-19 08:52:00,NZST,0.67,,0.67,mg/l,,
auckland,Auckland Council,Avondale,arc-00036,Avondale @ Shadbolt,8019,-36.9232796,174.69177898,Urban,Lowland,Urban,Total nitrogen,2019-07-17 09:52:00,NZST,0.84,,0.84,mg/l,,
auckland,Auckland Council,Avondale,arc-00036,Avondale @ Shadbolt,8019,-36.9232796,174.69177898,Urban,Lowland,Urban,Total nitrogen,2019-08-16 08:25:00,NZST,0.66,,0.66,mg/l,,
auckland,Auckland Council,Avondale,arc-00036,Avondale @ Shadbolt,8019,-36.9232796,174.69177898,Urban,Lowland,Urban,Total nitrogen,2019-10-07 08:04:00,NZST,0.55,,0.55,mg/l,,
auckland,Auckland Council,Avondale,arc-00036,Avondale @ Shadbolt,8019,-36.9232796,174.69177898,Urban,Lowland,Urban,Total nitrogen,2019-10-31 08:14:00,NZST,0.49,,0.49,mg/l,,
auckland,Auckland Council,Avondale,arc-00036,Avondale @ Shadbolt,8019,-36.9232796,174.69177898,Urban,Lowland,Urban,Total nitrogen,2019-11-25 08:48:00,NZST,0.53,,0.53,mg/l,,
auckland,Auckland Council,Avondale,arc-00036,Avondale @ Shadbolt,8019,-36.9232796,174.69177898,Urban,Lowland,Urban,Total nitrogen,2019-12-23 07:25:00,NZST,0.57,,0.57,mg/l,,
auckland,Auckland Council,Avondale,arc-00036,Avondale @ Shadbolt,8019,-36.9232796,174.69177898,Urban,Lowland,Urban,Total nitrogen,2020-01-29 08:09:00,NZST,0.44,,0.44,mg/l,0.0,600.0
auckland,Auckland Council,Avondale,arc-00036,Avondale @ Shadbolt,8019,-36.9232796,174.69177898,Urban,Lowland,Urban,Total nitrogen,2020-02-25 07:30:00,NZST,0.54,,0.54,mg/l,0.0,600.0
auckland,Auckland Council,Avondale,arc-00036,Avondale @ Shadbolt,8019,-36.9232796,174.69177898,Urban,Lowland,Urban,Total nitrogen,2020-03-13 08:25:00,NZST,0.41,,0.41,mg/l,0.0,600.0
auckland,Auckland Council,Avondale,arc-00036,Avondale @ Shadbolt,8019,-36.9232796,174.69177898,Urban,Lowland,Urban,Total nitrogen,2020-04-30 09:29:00,NZST,0.39,,0.39,mg/l,0.0,600.0
auckland,Auckland Council,Avondale,arc-00036,Avondale @ Shadbolt,8019,-36.9232796,174.69177898,Urban,Lowland,Urban,Total nitrogen,2020-05-28 09:51:00,NZST,1.49,,1.49,mg/l,0.0,600.0
auckland,Auckland Council,Avondale,arc-00036,Avondale @ Shadbolt,8019,-36.9232796,174.69177898,Urban,Lowland,Urban,Total nitrogen,2020-06-26 10:38:00,NZST,1.43,,1.43,mg/l,0.0,600.0
auckland,Auckland Council,Avondale,arc-00036,Avondale @ Shadbolt,8019,-36.9232796,174.69177898,Urban,Lowland,Urban,Total nitrogen,2020-07-09 10:50:00,NZST,0.83,,0.83,mg/l,0.0,600.0
auckland,Auckland Council,Avondale,arc-00036,Avondale @ Shadbolt,8019,-36.9232796,174.69177898,Urban,Lowland,Urban,Total nitrogen,2020-08-07 10:09:00,NZST,0.56,,0.56,mg/l,0.0,600.0
auckland,Auckland Council,Avondale,arc-00036,Avondale @ Shadbolt,8019,-36.9232796,174.69177898,Urban,Lowland,Urban,Total nitrogen,2020-09-09 10:34:00,NZST,0.5,,0.5,mg/l,0.0,600.0
auckland,Auckland Council,Avondale,arc-00036,Avondale @ Shadbolt,8019,-36.9232796,174.69177898,Urban,Lowland,Urban,Total nitrogen,2020-10-08 10:12:00,NZST,0.78,,0.78,mg/l,0.0,600.0
auckland,Auckland Council,Avondale,arc-00036,Avondale @ Shadbolt,8019,-36.9232796,174.69177898,Urban,Lowland,Urban,Total nitrogen,2020-11-24 09:45:00,NZST,0.48,,0.48,mg/l,0.0,600.0
auckland,Auckland Council,Avondale,arc-00036,Avondale @ Shadbolt,8019,-36.9232796,174.69177898,Urban,Lowland,Urban,Total nitrogen,2020-12-14 11:28:00,NZST,0.49,,0.49,mg/l,0.0,600.0
auckland,Auckland Council,Avondale,arc-00036,Avondale @ Shadbolt,8019,-36.9232796,174.69177898,Urban,Lowland,Urban,Total nitrogen,2021-01-20 09:25:00,NZST,0.46,,0.46,mg/l,0.0,600.0
auckland,Auckland Council,Avondale,arc-00036,Avondale @ Shadbolt,8019,-36.9232796,174.69177898,Urban,Lowland,Urban,Total nitrogen,2021-02-11 10:34:00,NZST,0.58,,0.58,mg/l,0.0,600.0
auckland,Auckland Council,Avondale,arc-00036,Avondale @ Shadbolt,8019,-36.9232796,174.69177898,Urban,Lowland,Urban,Total nitrogen,2021-03-25 08:57:00,NZST,0.41,,0.41,mg/l,0.0,600.0
auckland,Auckland Council,Avondale,arc-00036,Avondale @ Shadbolt,8019,-36.9232796,174.69177898,Urban,Lowland,Urban,Total nitrogen,2021-04-28 11:24:00,NZST,0.93,,0.93,mg/l,0.0,600.0
auckland,Auckland Council,Avondale,arc-00036,Avondale @ Shadbolt,8019,-36.9232796,174.69177898,Urban,Lowland,Urban,Total nitrogen,2021-05-13 11:43:00,NZST,0.58,,0.58,mg/l,0.0,600.0
auckland,Auckland Council,Avondale,arc-00036,Avondale @ Shadbolt,8019,-36.9232796,174.69177898,Urban,Lowland,Urban,Total nitrogen,2021-06-08 09:16:00,NZST,0.97,,0.97,mg/l,0.0,600.0
auckland,Auckland Council,Avondale,arc-00036,Avondale @ Shadbolt,8019,-36.9232796,174.69177898,Urban,Lowland,Urban,Total nitrogen,2021-07-14 10:32:00,NZST,0.75,,0.75,mg/l,0.0,600.0
auckland,Auckland Council,Avondale,arc-00036,Avondale @ Shadbolt,8019,-36.9232796,174.69177898,Urban,Lowland,Urban,Total nitrogen,2021-08-10 09:29:00,NZST,0.98,,0.98,mg/l,0.0,600.0
auckland,Auckland Council,Avondale,arc-00036,Avondale @ Shadbolt,8019,-36.9232796,174.69177898,Urban,Lowland,Urban,Total nitrogen,2021-09-29 08:48:00,NZST,2.1,,2.1,mg/l,0.0,600.0
auckland,Auckland Council,Avondale,arc-00036,Avondale @ Shadbolt,8019,-36.9232796,174.69177898,Urban,Lowland,Urban,Total nitrogen,2021-10-14 08:29:00,NZST,1.32,,1.32,mg/l,0.0,600.0
auckland,Auckland Council,Avondale,arc-00036,Avondale @ Shadbolt,8019,-36.9232796,174.69177898,Urban,Lowland,Urban,Total nitrogen,2021-11-11 07:57:00,NZST,2.4,,2.4,mg/l,0.0,600.0
auckland,Auckland Council,Avondale,arc-00036,Avondale @ Shadbolt,8019,-36.9232796,174.69177898,Urban,Lowland,Urban,Total nitrogen,2021-12-09 08:56:00,NZST,3.8,,3.8,mg/l,41.0,400.0
auckland,Auckland Council,Avondale,arc-00036,Avondale @ Shadbolt,8019,-36.9232796,174.69177898,Urban,Lowland,Urban,Total nitrogen,2022-01-17 08:06:00,NZST,1.01,,1.01,mg/l,0.0,600.0
auckland,Auckland Council,Avondale,arc-00036,Avondale @ Shadbolt,8019,-36.9232796,174.69177898,Urban,Lowland,Urban,Total nitrogen,2022-02-18 09:48:00,NZST,0.7,,0.7,mg/l,0.0,600.0
auckland,Auckland Council,Avondale,arc-00036,Avondale @ Shadbolt,8019,-36.9232796,174.69177898,Urban,Lowland,Urban,Total nitrogen,2022-03-18 09:01:00,NZST,0.88,,0.88,mg/l,0.0,600.0
auckland,Auckland Council,Avondale,arc-00036,Avondale @ Shadbolt,8019,-36.9232796,174.69177898,Urban,Lowland,Urban,Total nitrogen,2022-04-14 09:43:00,NZST,0.55,,0.55,mg/l,0.0,600.0
auckland,Auckland Council,Avondale,arc-00036,Avondale @ Shadbolt,8019,-36.9232796,174.69177898,Urban,Lowland,Urban,Total nitrogen,2022-05-09 09:39:00,NZST,0.97,,0.97,mg/l,0.0,600.0
auckland,Auckland Council,Avondale,arc-00036,Avondale @ Shadbolt,8019,-36.9232796,174.69177898,Urban,Lowland,Urban,Total nitrogen,2022-06-17 09:54:00,NZST,0.91,,0.91,mg/l,0.0,600.0
auckland,Auckland Council,Avondale,arc-00036,Avondale @ Shadbolt,8019,-36.9232796,174.69177898,Urban,Lowland,Urban,Total nitrogen,2022-07-21 09:35:00,NZST,0.94,,0.94,mg/l,0.0,600.0
auckland,Auckland Council,Avondale,arc-00036,Avondale @ Shadbolt,8019,-36.9232796,174.69177898,Urban,Lowland,Urban,Total nitrogen,2022-08-23 10:33:00,NZST,0.81,,0.81,mg/l,0.0,600.0
auckland,Auckland Council,Avondale,arc-00036,Avondale @ Shadbolt,8019,-36.9232796,174.69177898,Urban,Lowland,Urban,Total nitrogen,2022-09-29 08:50:00,NZST,0.54,,0.54,mg/l,0.0,600.0
auckland,Auckland Council,Avondale,arc-00036,Avondale @ Shadbolt,8019,-36.9232796,174.69177898,Urban,Lowland,Urban,Total nitrogen,2022-10-27 08:36:00,NZST,0.6,,0.6,mg/l,0.0,600.0
auckland,Auckland Council,Avondale,arc-00036,Avondale @ Shadbolt,8019,-36.9232796,174.69177898,Urban,Lowland,Urban,Total nitrogen,2022-11-23 09:32:00,NZST,0.83,,0.83,mg/l,0.0,600.0
auckland,Auckland Council,Avondale,arc-00036,Avondale @ Shadbolt,8019,-36.9232796,174.69177898,Urban,Lowland,Urban,Total nitrogen,2022-12-21 08:18:00,NZST,0.67,,0.67,mg/l,0.0,600.0
auckland,Auckland Council,Avondale,arc-00036,Avondale @ Shadbolt,8019,-36.9232796,174.69177898,Urban,Lowland,Urban,Total nitrogen,2023-01-24 09:24:00,NZST,0.7,,0.7,mg/l,0.0,600.0
auckland,Auckland Council,Avondale,arc-00036,Avondale @ Shadbolt,8019,-36.9232796,174.69177898,Urban,Lowland,Urban,Total nitrogen,2023-02-27 08:43:00,NZST,0.67,,0.67,mg/l,0.0,600.0
auckland,Auckland Council,Avondale,arc-00036,Avondale @ Shadbolt,8019,-36.9232796,174.69177898,Urban,Lowland,Urban,Total nitrogen,2023-03-30 08:43:00,NZST,0.41,,0.41,mg/l,0.0,600.0
auckland,Auckland Council,Avondale,arc-00036,Avondale @ Shadbolt,8019,-36.9232796,174.69177898,Urban,Lowland,Urban,Total nitrogen,2023-04-27 11:19:00,NZST,0.58,,0.58,mg/l,0.0,600.0
auckland,Auckland Council,Avondale,arc-00036,Avondale @ Shadbolt,8019,-36.9232796,174.69177898,Urban,Lowland,Urban,Total nitrogen,2023-05-25 09:09:00,NZST,0.8,,0.8,mg/l,0.0,600.0
auckland,Auckland Council,Avondale,arc-00036,Avondale @ Shadbolt,8019,-36.9232796,174.69177898,Urban,Lowland,Urban,Total nitrogen,2023-06-26 09:15:00,NZST,0.72,,0.72,mg/l,0.0,600.0
auckland,Auckland Council,Avondale,arc-00036,Avondale @ Shadbolt,8019,-36.9232796,174.69177898,Urban,Lowland,Urban,Total nitrogen,2023-07-26 09:21:00,NZST,1.04,,1.04,mg/l,0.0,600.0
auckland,Auckland Council,Avondale,arc-00036,Avondale @ Shadbolt,8019,-36.9232796,174.69177898,Urban,Lowland,Urban,Total nitrogen,2023-08-23 09:53:00,NZST,0.61,,0.61,mg/l,0.0,600.0
auckland,Auckland Council,Avondale,arc-00036,Avondale @ Shadbolt,8019,-36.9232796,174.69177898,Urban,Lowland,Urban,Total nitrogen,2023-09-26 08:42:00,NZST,1.18,,1.18,mg/l,0.0,600.0
auckland,Auckland Council,Avondale,arc-00036,Avondale @ Shadbolt,8019,-36.9232796,174.69177898,Urban,Lowland,Urban,Total nitrogen,2023-10-25 08:21:00,NZST,0.77,,0.77,mg/l,0.0,600.0
auckland,Auckland Council,Avondale,arc-00036,Avondale @ Shadbolt,8019,-36.9232796,174.69177898,Urban,Lowland,Urban,Total nitrogen,2023-11-21 08:54:00,NZST,0.72,,0.72,mg/l,0.0,600.0
auckland,Auckland Council,Avondale,arc-00036,Avondale @ Shadbolt,8019,-36.9232796,174.69177898,Urban,Lowland,Urban,Total nitrogen,2023-12-13 08:20:00,NZST,0.96,,0.96,mg/l,0.0,600.0
auckland,Auckland Council,Avondale,arc-00036,Avondale @ Shadbolt,8019,-36.9232796,174.69177898,Urban,Lowland,Urban,Total nitrogen,2024-01-30 08:08:00,NZST,0.65,,0.65,mg/l,0.0,600.0
auckland,Auckland Council,Avondale,arc-00036,Avondale @ Shadbolt,8019,-36.9232796,174.69177898,Urban,Lowland,Urban,Total nitrogen,2024-02-29 08:59:00,NZST,0.68,,0.68,mg/l,0.0,600.0
auckland,Auckland Council,Avondale,arc-00036,Avondale @ Shadbolt,8019,-36.9232796,174.69177898,Urban,Lowland,Urban,Total nitrogen,2024-03-25 08:04:00,NZST,0.83,,0.83,mg/l,0.0,600.0
auckland,Auckland Council,Avondale,arc-00036,Avondale @ Shadbolt,8019,-36.9232796,174.69177898,Urban,Lowland,Urban,Total nitrogen,2024-04-22 09:10:00,NZST,0.94,,0.94,mg/l,0.0,600.0
auckland,Auckland Council,Avondale,arc-00036,Avondale @ Shadbolt,8019,-36.9232796,174.69177898,Urban,Lowland,Urban,Total nitrogen,2024-05-28 08:20:00,NZST,0.72,,0.72,mg/l,0.0,600.0
auckland,Auckland Council,Avondale,arc-00036,Avondale @ Shadbolt,8019,-36.9232796,174.69177898,Urban,Lowland,Urban,Total nitrogen,2024-06-26 08:39:00,NZST,0.61,,0.61,mg/l,0.0,600.0
auckland,Auckland Council,Avondale,arc-00036,Avondale @ Shadbolt,8019,-36.9232796,174.69177898,Urban,Lowland,Urban,Total nitrogen,2024-07-25 08:52:00,NZST,0.68,,0.68,mg/l,0.0,600.0
auckland,Auckland Council,Avondale,arc-00036,Avondale @ Shadbolt,8019,-36.9232796,174.69177898,Urban,Lowland,Urban,Total nitrogen,2024-08-29 09:04:00,NZST,0.57,,0.57,mg/l,0.0,600.0
auckland,Auckland Council,Avondale,arc-00036,Avondale @ Shadbolt,8019,-36.9232796,174.69177898,Urban,Lowland,Urban,Total nitrogen,2024-09-26 09:09:00,NZST,0.52,,0.52,mg/l,0.0,600.0
auckland,Auckland Council,Avondale,arc-00036,Avondale @ Shadbolt,8019,-36.9232796,174.69177898,Urban,Lowland,Urban,Total nitrogen,2024-10-23 08:06:00,NZST,0.57,,0.57,mg/l,0.0,600.0
auckland,Auckland Council,Avondale,arc-00036,Avondale @ Shadbolt,8019,-36.9232796,174.69177898,Urban,Lowland,Urban,Total nitrogen,2024-11-21 09:59:00,NZST,0.55,,0.55,mg/l,0.0,600.0
auckland,Auckland Council,Avondale,arc-00036,Avondale @ Shadbolt,8019,-36.9232796,174.69177898,Urban,Lowland,Urban,Total nitrogen,2024-12-09 07:51:00,NZST,0.51,,0.51,mg/l,0.0,600.0
auckland,Auckland Council,Avondale,arc-00036,Avondale @ Shadbolt,8019,-36.9232796,174.69177898,Urban,Lowland,Urban,Total oxidised nitrogen,2012-01-06 07:38:00,NZST,0.34,,0.34,mg/l,,
auckland,Auckland Council,Avondale,arc-00036,Avondale @ Shadbolt,8019,-36.9232796,174.69177898,Urban,Lowland,Urban,Total oxidised nitrogen,2012-02-02 08:52:00,NZST,0.32,,0.32,mg/l,,
auckland,Auckland Council,Avondale,arc-00036,Avondale @ Shadbolt,8019,-36.9232796,174.69177898,Urban,Lowland,Urban,Total oxidised nitrogen,2012-03-01 08:56:00,NZST,0.25,,0.25,mg/l,,
auckland,Auckland Council,Avondale,arc-00036,Avondale @ Shadbolt,8019,-36.9232796,174.69177898,Urban,Lowland,Urban,Total oxidised nitrogen,2012-04-03 08:46:00,NZST,0.45,,0.45,mg/l,,
auckland,Auckland Council,Avondale,arc-00036,Avondale @ Shadbolt,8019,-36.9232796,174.69177898,Urban,Lowland,Urban,Total oxidised nitrogen,2012-05-04 09:46:00,NZST,0.38,,0.38,mg/l,,
auckland,Auckland Council,Avondale,arc-00036,Avondale @ Shadbolt,8019,-36.9232796,174.69177898,Urban,Lowland,Urban,Total oxidised nitrogen,2012-06-07 09:36:00,NZST,0.79,,0.79,mg/l,,
auckland,Auckland Council,Avondale,arc-00036,Avondale @ Shadbolt,8019,-36.9232796,174.69177898,Urban,Lowland,Urban,Total oxidised nitrogen,2012-07-05 09:37:00,NZST,0.55,,0.55,mg/l,,
auckland,Auckland Council,Avondale,arc-00036,Avondale @ Shadbolt,8019,-36.9232796,174.69177898,Urban,Lowland,Urban,Total oxidised nitrogen,2012-08-02 09:27:00,NZST,0.45,,0.45,mg/l,,
auckland,Auckland Council,Avondale,arc-00036,Avondale @ Shadbolt,8019,-36.9232796,174.69177898,Urban,Lowland,Urban,Total oxidised nitrogen,2012-09-04 08:41:00,NZST,0.28,,0.28,mg/l,,
auckland,Auckland Council,Avondale,arc-00036,Avondale @ Shadbolt,8019,-36.9232796,174.69177898,Urban,Lowland,Urban,Total oxidised nitrogen,2012-10-04 08:11:00,NZST,0.46,,0.46,mg/l,,
auckland,Auckland Council,Avondale,arc-00036,Avondale @ Shadbolt,8019,-36.9232796,174.69177898,Urban,Lowland,Urban,Total oxidised nitrogen,2012-11-02 08:13:00,NZST,0.4,,0.4,mg/l,,
auckland,Auckland Council,Avondale,arc-00036,Avondale @ Shadbolt,8019,-36.9232796,174.69177898,Urban,Lowland,Urban,Total oxidised nitrogen,2012-12-05 08:24:00,NZST,0.39,,0.39,mg/l,,
auckland,Auckland Council,Avondale,arc-00036,Avondale @ Shadbolt,8019,-36.9232796,174.69177898,Urban,Lowland,Urban,Total oxidised nitrogen,2013-03-08 08:33:00,NZST,0.2,,0.2,mg/l,,
auckland,Auckland Council,Avondale,arc-00036,Avondale @ Shadbolt,8019,-36.9232796,174.69177898,Urban,Lowland,Urban,Total oxidised nitrogen,2013-04-04 08:37:00,NZST,0.33,,0.33,mg/l,,
auckland,Auckland Council,Avondale,arc-00036,Avondale @ Shadbolt,8019,-36.9232796,174.69177898,Urban,Lowland,Urban,Total oxidised nitrogen,2013-05-02 09:52:00,NZST,0.37,,0.37,mg/l,,
auckland,Auckland Council,Avondale,arc-00036,Avondale @ Shadbolt,8019,-36.9232796,174.69177898,Urban,Lowland,Urban,Total oxidised nitrogen,2013-06-11 10:21:00,NZST,0.42,,0.42,mg/l,,
auckland,Auckland Council,Avondale,arc-00036,Avondale @ Shadbolt,8019,-36.9232796,174.69177898,Urban,Lowland,Urban,Total oxidised nitrogen,2013-07-02 09:37:00,NZST,0.42,,0.42,mg/l,,
auckland,Auckland Council,Avondale,arc-00036,Avondale @ Shadbolt,8019,-36.9232796,174.69177898,Urban,Lowland,Urban,Total oxidised nitrogen,2013-07-31 09:30:00,NZST,0.34,,0.34,mg/l,,
auckland,Auckland Council,Avondale,arc-00036,Avondale @ Shadbolt,8019,-36.9232796,174.69177898,Urban,Lowland,Urban,Total oxidised nitrogen,2013-09-05 09:43:00,NZST,0.21,,0.21,mg/l,,
auckland,Auckland Council,Avondale,arc-00036,Avondale @ Shadbolt,8019,-36.9232796,174.69177898,Urban,Lowland,Urban,Total oxidised nitrogen,2013-10-09 08:49:00,NZST,0.36,,0.36,mg/l,,
auckland,Auckland Council,Avondale,arc-00036,Avondale @ Shadbolt,8019,-36.9232796,174.69177898,Urban,Lowland,Urban,Total oxidised nitrogen,2013-11-06 07:32:00,NZST,0.55,,0.55,mg/l,,
auckland,Auckland Council,Avondale,arc-00036,Avondale @ Shadbolt,8019,-36.9232796,174.69177898,Urban,Lowland,Urban,Total oxidised nitrogen,2013-12-04 12:01:00,NZST,0.34,,0.34,mg/l,,
auckland,Auckland Council,Avondale,arc-00036,Avondale @ Shadbolt,8019,-36.9232796,174.69177898,Urban,Lowland,Urban,Total oxidised nitrogen,2014-01-09 07:29:00,NZST,0.23,,0.23,mg/l,,
auckland,Auckland Council,Avondale,arc-00036,Avondale @ Shadbolt,8019,-36.9232796,174.69177898,Urban,Lowland,Urban,Total oxidised nitrogen,2014-02-05 08:27:00,NZST,0.18,,0.18,mg/l,,
auckland,Auckland Council,Avondale,arc-00036,Avondale @ Shadbolt,8019,-36.9232796,174.69177898,Urban,Lowland,Urban,Total oxidised nitrogen,2014-03-06 08:28:00,NZST,0.22,,0.22,mg/l,,
auckland,Auckland Council,Avondale,arc-00036,Avondale @ Shadbolt,8019,-36.9232796,174.69177898,Urban,Lowland,Urban,Total oxidised nitrogen,2014-04-03 08:49:00,NZST,0.32,,0.32,mg/l,,
auckland,Auckland Council,Avondale,arc-00036,Avondale @ Shadbolt,8019,-36.9232796,174.69177898,Urban,Lowland,Urban,Total oxidised nitrogen,2014-05-02 09:27:00,NZST,0.5,,0.5,mg/l,,
auckland,Auckland Council,Avondale,arc-00036,Avondale @ Shadbolt,8019,-36.9232796,174.69177898,Urban,Lowland,Urban,Total oxidised nitrogen,2014-06-04 09:53:00,NZST,0.34,,0.34,mg/l,,
auckland,Auckland Council,Avondale,arc-00036,Avondale @ Shadbolt,8019,-36.9232796,174.69177898,Urban,Lowland,Urban,Total oxidised nitrogen,2014-07-03 09:22:00,NZST,0.79,,0.79,mg/l,,
auckland,Auckland Council,Avondale,arc-00036,Avondale @ Shadbolt,8019,-36.9232796,174.69177898,Urban,Lowland,Urban,Total oxidised nitrogen,2014-08-05 09:40:00,NZST,0.63,,0.63,mg/l,,
auckland,Auckland Council,Avondale,arc-00036,Avondale @ Shadbolt,8019,-36.9232796,174.69177898,Urban,Lowland,Urban,Total oxidised nitrogen,2014-09-04 09:29:00,NZST,0.66,,0.66,mg/l,,
auckland,Auckland Council,Avondale,arc-00036,Avondale @ Shadbolt,8019,-36.9232796,174.69177898,Urban,Lowland,Urban,Total oxidised nitrogen,2014-10-10 08:25:00,NZST,0.4,,0.4,mg/l,,
auckland,Auckland Council,Avondale,arc-00036,Avondale @ Shadbolt,8019,-36.9232796,174.69177898,Urban,Lowland,Urban,Total oxidised nitrogen,2014-11-06 08:21:00,NZST,0.33,,0.33,mg/l,,
auckland,Auckland Council,Avondale,arc-00036,Avondale @ Shadbolt,8019,-36.9232796,174.69177898,Urban,Lowland,Urban,Total oxidised nitrogen,2014-12-02 09:30:00,NZST,0.24,,0.24,mg/l,,
auckland,Auckland Council,Avondale,arc-00036,Avondale @ Shadbolt,8019,-36.9232796,174.69177898,Urban,Lowland,Urban,Total oxidised nitrogen,2015-01-08 09:20:00,NZST,0.25,,0.25,mg/l,,
auckland,Auckland Council,Avondale,arc-00036,Avondale @ Shadbolt,8019,-36.9232796,174.69177898,Urban,Lowland,Urban,Total oxidised nitrogen,2015-02-05 09:23:00,NZST,0.46,,0.46,mg/l,,
auckland,Auckland Council,Avondale,arc-00036,Avondale @ Shadbolt,8019,-36.9232796,174.69177898,Urban,Lowland,Urban,Total oxidised nitrogen,2015-03-05 09:32:00,NZST,0.12,,0.12,mg/l,,
auckland,Auckland Council,Avondale,arc-00036,Avondale @ Shadbolt,8019,-36.9232796,174.69177898,Urban,Lowland,Urban,Total oxidised nitrogen,2015-04-02 12:01:00,NZST,0.47,,0.47,mg/l,,
auckland,Auckland Council,Avondale,arc-00036,Avondale @ Shadbolt,8019,-36.9232796,174.69177898,Urban,Lowland,Urban,Total oxidised nitrogen,2015-05-01 07:53:00,NZST,0.6,,0.6,mg/l,,
auckland,Auckland Council,Avondale,arc-00036,Avondale @ Shadbolt,8019,-36.9232796,174.69177898,Urban,Lowland,Urban,Total oxidised nitrogen,2015-06-03 07:56:00,NZST,0.33,,0.33,mg/l,,
auckland,Auckland Council,Avondale,arc-00036,Avondale @ Shadbolt,8019,-36.9232796,174.69177898,Urban,Lowland,Urban,Total oxidised nitrogen,2015-07-01 08:32:00,NZST,0.43,,0.43,mg/l,,
auckland,Auckland Council,Avondale,arc-00036,Avondale @ Shadbolt,8019,-36.9232796,174.69177898,Urban,Lowland,Urban,Total oxidised nitrogen,2015-08-03 08:28:00,NZST,0.42,,0.42,mg/l,,
auckland,Auckland Council,Avondale,arc-00036,Avondale @ Shadbolt,8019,-36.9232796,174.69177898,Urban,Lowland,Urban,Total oxidised nitrogen,2015-09-10 08:31:00,NZST,0.56,,0.56,mg/l,,
auckland,Auckland Council,Avondale,arc-00036,Avondale @ Shadbolt,8019,-36.9232796,174.69177898,Urban,Lowland,Urban,Total oxidised nitrogen,2015-10-01 07:02:00,NZST,0.42,,0.42,mg/l,,
auckland,Auckland Council,Avondale,arc-00036,Avondale @ Shadbolt,8019,-36.9232796,174.69177898,Urban,Lowland,Urban,Total oxidised nitrogen,2015-11-02 07:23:00,NZST,0.37,,0.37,mg/l,,
auckland,Auckland Council,Avondale,arc-00036,Avondale @ Shadbolt,8019,-36.9232796,174.69177898,Urban,Lowland,Urban,Total oxidised nitrogen,2015-12-01 07:20:00,NZST,0.37,,0.37,mg/l,,
auckland,Auckland Council,Avondale,arc-00036,Avondale @ Shadbolt,8019,-36.9232796,174.69177898,Urban,Lowland,Urban,Total oxidised nitrogen,2016-01-25 07:55:00,NZST,0.2,,0.2,mg/l,,
auckland,Auckland Council,Avondale,arc-00036,Avondale @ Shadbolt,8019,-36.9232796,174.69177898,Urban,Lowland,Urban,Total oxidised nitrogen,2016-02-15 07:51:00,NZST,0.45,,0.45,mg/l,,
auckland,Auckland Council,Avondale,arc-00036,Avondale @ Shadbolt,8019,-36.9232796,174.69177898,Urban,Lowland,Urban,Total oxidised nitrogen,2016-03-21 08:50:00,NZST,0.26,,0.26,mg/l,,
auckland,Auckland Council,Avondale,arc-00036,Avondale @ Shadbolt,8019,-36.9232796,174.69177898,Urban,Lowland,Urban,Total oxidised nitrogen,2016-04-21 10:20:00,NZST,0.43,,0.43,mg/l,,
auckland,Auckland Council,Avondale,arc-00036,Avondale @ Shadbolt,8019,-36.9232796,174.69177898,Urban,Lowland,Urban,Total oxidised nitrogen,2016-05-20 09:46:00,NZST,0.49,,0.49,mg/l,,
auckland,Auckland Council,Avondale,arc-00036,Avondale @ Shadbolt,8019,-36.9232796,174.69177898,Urban,Lowland,Urban,Total oxidised nitrogen,2016-06-20 10:10:00,NZST,0.54,,0.54,mg/l,,
auckland,Auckland Council,Avondale,arc-00036,Avondale @ Shadbolt,8019,-36.9232796,174.69177898,Urban,Lowland,Urban,Total oxidised nitrogen,2016-07-18 09:36:00,NZST,0.49,,0.49,mg/l,,
auckland,Auckland Council,Avondale,arc-00036,Avondale @ Shadbolt,8019,-36.9232796,174.69177898,Urban,Lowland,Urban,Total oxidised nitrogen,2016-08-31 09:35:00,NZST,0.53,,0.53,mg/l,,
auckland,Auckland Council,Avondale,arc-00036,Avondale @ Shadbolt,8019,-36.9232796,174.69177898,Urban,Lowland,Urban,Total oxidised nitrogen,2016-09-28 07:46:00,NZST,0.56,,0.56,mg/l,,
auckland,Auckland Council,Avondale,arc-00036,Avondale @ Shadbolt,8019,-36.9232796,174.69177898,Urban,Lowland,Urban,Total oxidised nitrogen,2016-10-27 11:11:00,NZST,0.36,,0.36,mg/l,,
auckland,Auckland Council,Avondale,arc-00036,Avondale @ Shadbolt,8019,-36.9232796,174.69177898,Urban,Lowland,Urban,Total oxidised nitrogen,2016-11-28 08:52:00,NZST,0.23,,0.23,mg/l,,
auckland,Auckland Council,Avondale,arc-00036,Avondale @ Shadbolt,8019,-36.9232796,174.69177898,Urban,Lowland,Urban,Total oxidised nitrogen,2016-12-14 09:43:00,NZST,0.36,,0.36,mg/l,,
auckland,Auckland Council,Avondale,arc-00036,Avondale @ Shadbolt,8019,-36.9232796,174.69177898,Urban,Lowland,Urban,Total oxidised nitrogen,2017-01-26 08:22:00,NZST,0.21,,0.21,mg/l,,
auckland,Auckland Council,Avondale,arc-00036,Avondale @ Shadbolt,8019,-36.9232796,174.69177898,Urban,Lowland,Urban,Total oxidised nitrogen,2017-02-23 07:44:00,NZST,0.31,,0.31,mg/l,,
auckland,Auckland Council,Avondale,arc-00036,Avondale @ Shadbolt,8019,-36.9232796,174.69177898,Urban,Lowland,Urban,Total oxidised nitrogen,2017-03-27 10:03:00,NZST,0.62,,0.62,mg/l,,
auckland,Auckland Council,Avondale,arc-00036,Avondale @ Shadbolt,8019,-36.9232796,174.69177898,Urban,Lowland,Urban,Total oxidised nitrogen,2017-04-28 10:08:00,NZST,0.31,,0.31,mg/l,,
auckland,Auckland Council,Avondale,arc-00036,Avondale @ Shadbolt,8019,-36.9232796,174.69177898,Urban,Lowland,Urban,Total oxidised nitrogen,2017-05-29 09:55:00,NZST,0.32,,0.32,mg/l,,
auckland,Auckland Council,Avondale,arc-00036,Avondale @ Shadbolt,8019,-36.9232796,174.69177898,Urban,Lowland,Urban,Total oxidised nitrogen,2017-06-27 09:17:00,NZST,0.4,,0.4,mg/l,,
auckland,Auckland Council,Avondale,arc-00036,Avondale @ Shadbolt,8019,-36.9232796,174.69177898,Urban,Lowland,Urban,Total oxidised nitrogen,2017-07-26 08:50:00,NZST,0.43,,0.43,mg/l,,
auckland,Auckland Council,Avondale,arc-00036,Avondale @ Shadbolt,8019,-36.9232796,174.69177898,Urban,Lowland,Urban,Total oxidised nitrogen,2017-08-25 08:34:00,NZST,0.34,,0.34,mg/l,,
auckland,Auckland Council,Avondale,arc-00036,Avondale @ Shadbolt,8019,-36.9232796,174.69177898,Urban,Lowland,Urban,Total oxidised nitrogen,2017-09-25 09:37:00,NZST,0.36,,0.36,mg/l,,
auckland,Auckland Council,Avondale,arc-00036,Avondale @ Shadbolt,8019,-36.9232796,174.69177898,Urban,Lowland,Urban,Total oxidised nitrogen,2017-10-20 07:54:00,NZST,0.35,,0.35,mg/l,,
auckland,Auckland Council,Avondale,arc-00036,Avondale @ Shadbolt,8019,-36.9232796,174.69177898,Urban,Lowland,Urban,Total oxidised nitrogen,2017-11-21 08:19:00,NZST,0.29,,0.29,mg/l,,
auckland,Auckland Council,Avondale,arc-00036,Avondale @ Shadbolt,8019,-36.9232796,174.69177898,Urban,Lowland,Urban,Total oxidised nitrogen,2017-12-21 08:14:00,NZST,0.23,,0.23,mg/l,,
auckland,Auckland Council,Avondale,arc-00036,Avondale @ Shadbolt,8019,-36.9232796,174.69177898,Urban,Lowland,Urban,Total oxidised nitrogen,2018-01-19 08:46:00,NZST,0.42,,0.42,mg/l,,
auckland,Auckland Council,Avondale,arc-00036,Avondale @ Shadbolt,8019,-36.9232796,174.69177898,Urban,Lowland,Urban,Total oxidised nitrogen,2018-02-19 09:36:00,NZST,0.28,,0.28,mg/l,,
auckland,Auckland Council,Avondale,arc-00036,Avondale @ Shadbolt,8019,-36.9232796,174.69177898,Urban,Lowland,Urban,Total oxidised nitrogen,2018-03-19 09:30:00,NZST,0.37,,0.37,mg/l,,
auckland,Auckland Council,Avondale,arc-00036,Avondale @ Shadbolt,8019,-36.9232796,174.69177898,Urban,Lowland,Urban,Total oxidised nitrogen,2018-04-17 08:40:00,NZST,0.45,,0.45,mg/l,,
auckland,Auckland Council,Avondale,arc-00036,Avondale @ Shadbolt,8019,-36.9232796,174.69177898,Urban,Lowland,Urban,Total oxidised nitrogen,2018-05-18 08:28:00,NZST,0.39,,0.39,mg/l,,
auckland,Auckland Council,Avondale,arc-00036,Avondale @ Shadbolt,8019,-36.9232796,174.69177898,Urban,Lowland,Urban,Total oxidised nitrogen,2018-06-18 09:53:00,NZST,0.42,,0.42,mg/l,,
auckland,Auckland Council,Avondale,arc-00036,Avondale @ Shadbolt,8019,-36.9232796,174.69177898,Urban,Lowland,Urban,Total oxidised nitrogen,2018-07-17 09:49:00,NZST,0.54,,0.54,mg/l,,
auckland,Auckland Council,Avondale,arc-00036,Avondale @ Shadbolt,8019,-36.9232796,174.69177898,Urban,Lowland,Urban,Total oxidised nitrogen,2018-08-16 09:36:00,NZST,0.46,,0.46,mg/l,,
auckland,Auckland Council,Avondale,arc-00036,Avondale @ Shadbolt,8019,-36.9232796,174.69177898,Urban,Lowland,Urban,Total oxidised nitrogen,2018-09-27 07:58:00,NZST,0.49,,0.49,mg/l,,
auckland,Auckland Council,Avondale,arc-00036,Avondale @ Shadbolt,8019,-36.9232796,174.69177898,Urban,Lowland,Urban,Total oxidised nitrogen,2018-11-28 09:56:00,NZST,0.49,,0.49,mg/l,,
auckland,Auckland Council,Avondale,arc-00036,Avondale @ Shadbolt,8019,-36.9232796,174.69177898,Urban,Lowland,Urban,Total oxidised nitrogen,2018-12-18 08:20:00,NZST,0.34,,0.34,mg/l,,
auckland,Auckland Council,Avondale,arc-00036,Avondale @ Shadbolt,8019,-36.9232796,174.69177898,Urban,Lowland,Urban,Total oxidised nitrogen,2019-01-23 07:35:00,NZST,0.27,,0.27,mg/l,,
auckland,Auckland Council,Avondale,arc-00036,Avondale @ Shadbolt,8019,-36.9232796,174.69177898,Urban,Lowland,Urban,Total oxidised nitrogen,2019-02-21 08:23:00,NZST,0.31,,0.31,mg/l,,
auckland,Auckland Council,Avondale,arc-00036,Avondale @ Shadbolt,8019,-36.9232796,174.69177898,Urban,Lowland,Urban,Total oxidised nitrogen,2019-03-28 08:00:00,NZST,0.41,,0.41,mg/l,,
auckland,Auckland Council,Avondale,arc-00036,Avondale @ Shadbolt,8019,-36.9232796,174.69177898,Urban,Lowland,Urban,Total oxidised nitrogen,2019-04-12 08:52:00,NZST,0.34,,0.34,mg/l,,
auckland,Auckland Council,Avondale,arc-00036,Avondale @ Shadbolt,8019,-36.9232796,174.69177898,Urban,Lowland,Urban,Total oxidised nitrogen,2019-05-27 08:24:00,NZST,0.46,,0.46,mg/l,,
auckland,Auckland Council,Avondale,arc-00036,Avondale @ Shadbolt,8019,-36.9232796,174.69177898,Urban,Lowland,Urban,Total oxidised nitrogen,2019-06-19 08:52:00,NZST,0.43,,0.43,mg/l,,
auckland,Auckland Council,Avondale,arc-00036,Avondale @ Shadbolt,8019,-36.9232796,174.69177898,Urban,Lowland,Urban,Total oxidised nitrogen,2019-07-17 09:52:00,NZST,0.54,,0.54,mg/l,,
auckland,Auckland Council,Avondale,arc-00036,Avondale @ Shadbolt,8019,-36.9232796,174.69177898,Urban,Lowland,Urban,Total oxidised nitrogen,2019-08-16 08:25:00,NZST,0.42,,0.42,mg/l,,
auckland,Auckland Council,Avondale,arc-00036,Avondale @ Shadbolt,8019,-36.9232796,174.69177898,Urban,Lowland,Urban,Total oxidised nitrogen,2019-10-07 08:04:00,NZST,0.33,,0.33,mg/l,,
auckland,Auckland Council,Avondale,arc-00036,Avondale @ Shadbolt,8019,-36.9232796,174.69177898,Urban,Lowland,Urban,Total oxidised nitrogen,2019-10-31 08:14:00,NZST,0.3,,0.3,mg/l,,
auckland,Auckland Council,Avondale,arc-00036,Avondale @ Shadbolt,8019,-36.9232796,174.69177898,Urban,Lowland,Urban,Total oxidised nitrogen,2019-11-25 08:48:00,NZST,0.26,,0.26,mg/l,,
auckland,Auckland Council,Avondale,arc-00036,Avondale @ Shadbolt,8019,-36.9232796,174.69177898,Urban,Lowland,Urban,Total oxidised nitrogen,2019-12-23 07:25:00,NZST,0.32,,0.32,mg/l,,
auckland,Auckland Council,Avondale,arc-00036,Avondale @ Shadbolt,8019,-36.9232796,174.69177898,Urban,Lowland,Urban,Total oxidised nitrogen,2020-01-29 08:09:00,NZST,0.124,,0.124,mg/l,0.0,600.0
auckland,Auckland Council,Avondale,arc-00036,Avondale @ Shadbolt,8019,-36.9232796,174.69177898,Urban,Lowland,Urban,Total oxidised nitrogen,2020-02-25 07:30:00,NZST,0.142,,0.142,mg/l,0.0,600.0
auckland,Auckland Council,Avondale,arc-00036,Avondale @ Shadbolt,8019,-36.9232796,174.69177898,Urban,Lowland,Urban,Total oxidised nitrogen,2020-03-13 08:25:00,NZST,0.112,,0.112,mg/l,0.0,600.0
auckland,Auckland Council,Avondale,arc-00036,Avondale @ Shadbolt,8019,-36.9232796,174.69177898,Urban,Lowland,Urban,Total oxidised nitrogen,2020-04-30 09:29:00,NZST,0.125,,0.125,mg/l,0.0,600.0
auckland,Auckland Council,Avondale,arc-00036,Avondale @ Shadbolt,8019,-36.9232796,174.69177898,Urban,Lowland,Urban,Total oxidised nitrogen,2020-05-28 09:51:00,NZST,0.9,,0.9,mg/l,0.0,600.0
auckland,Auckland Council,Avondale,arc-00036,Avondale @ Shadbolt,8019,-36.9232796,174.69177898,Urban,Lowland,Urban,Total oxidised nitrogen,2020-06-26 10:38:00,NZST,1.04,,1.04,mg/l,0.0,600.0
auckland,Auckland Council,Avondale,arc-00036,Avondale @ Shadbolt,8019,-36.9232796,174.69177898,Urban,Lowland,Urban,Total oxidised nitrogen,2020-07-09 10:50:00,NZST,0.5,,0.5,mg/l,0.0,600.0
auckland,Auckland Council,Avondale,arc-00036,Avondale @ Shadbolt,8019,-36.9232796,174.69177898,Urban,Lowland,Urban,Total oxidised nitrogen,2020-08-07 10:09:00,NZST,0.28,,0.28,mg/l,0.0,600.0
auckland,Auckland Council,Avondale,arc-00036,Avondale @ Shadbolt,8019,-36.9232796,174.69177898,Urban,Lowland,Urban,Total oxidised nitrogen,2020-09-09 10:34:00,NZST,0.32,,0.32,mg/l,0.0,600.0
auckland,Auckland Council,Avondale,arc-00036,Avondale @ Shadbolt,8019,-36.9232796,174.69177898,Urban,Lowland,Urban,Total oxidised nitrogen,2020-10-08 10:12:00,NZST,0.54,,0.54,mg/l,0.0,600.0
auckland,Auckland Council,Avondale,arc-00036,Avondale @ Shadbolt,8019,-36.9232796,174.69177898,Urban,Lowland,Urban,Total oxidised nitrogen,2020-11-24 09:45:00,NZST,0.21,,0.21,mg/l,0.0,600.0
auckland,Auckland Council,Avondale,arc-00036,Avondale @ Shadbolt,8019,-36.9232796,174.69177898,Urban,Lowland,Urban,Total oxidised nitrogen,2020-12-14 11:28:00,NZST,0.22,,0.22,mg/l,0.0,600.0
auckland,Auckland Council,Avondale,arc-00036,Avondale @ Shadbolt,8019,-36.9232796,174.69177898,Urban,Lowland,Urban,Total oxidised nitrogen,2021-01-20 09:25:00,NZST,0.184,,0.184,mg/l,0.0,600.0
auckland,Auckland Council,Avondale,arc-00036,Avondale @ Shadbolt,8019,-36.9232796,174.69177898,Urban,Lowland,Urban,Total oxidised nitrogen,2021-02-11 10:34:00,NZST,0.23,,0.23,mg/l,0.0,600.0
auckland,Auckland Council,Avondale,arc-00036,Avondale @ Shadbolt,8019,-36.9232796,174.69177898,Urban,Lowland,Urban,Total oxidised nitrogen,2021-03-25 08:57:00,NZST,0.098,,0.098,mg/l,0.0,600.0
auckland,Auckland Council,Avondale,arc-00036,Avondale @ Shadbolt,8019,-36.9232796,174.69177898,Urban,Lowland,Urban,Total oxidised nitrogen,2021-04-28 11:24:00,NZST,0.48,,0.48,mg/l,0.0,600.0
auckland,Auckland Council,Avondale,arc-00036,Avondale @ Shadbolt,8019,-36.9232796,174.69177898,Urban,Lowland,Urban,Total oxidised nitrogen,2021-05-13 11:43:00,NZST,0.29,,0.29,mg/l,0.0,600.0
auckland,Auckland Council,Avondale,arc-00036,Avondale @ Shadbolt,8019,-36.9232796,174.69177898,Urban,Lowland,Urban,Total oxidised nitrogen,2021-06-08 09:16:00,NZST,0.58,,0.58,mg/l,0.0,600.0
auckland,Auckland Council,Avondale,arc-00036,Avondale @ Shadbolt,8019,-36.9232796,174.69177898,Urban,Lowland,Urban,Total oxidised nitrogen,2021-07-14 10:32:00,NZST,0.53,,0.53,mg/l,0.0,600.0
auckland,Auckland Council,Avondale,arc-00036,Avondale @ Shadbolt,8019,-36.9232796,174.69177898,Urban,Lowland,Urban,Total oxidised nitrogen,2021-08-10 09:29:00,NZST,0.7,,0.7,mg/l,0.0,600.0
auckland,Auckland Council,Avondale,arc-00036,Avondale @ Shadbolt,8019,-36.9232796,174.69177898,Urban,Lowland,Urban,Total oxidised nitrogen,2021-09-29 08:48:00,NZST,0.58,,0.58,mg/l,0.0,600.0
auckland,Auckland Council,Avondale,arc-00036,Avondale @ Shadbolt,8019,-36.9232796,174.69177898,Urban,Lowland,Urban,Total oxidised nitrogen,2021-10-14 08:29:00,NZST,0.6,,0.6,mg/l,0.0,600.0
auckland,Auckland Council,Avondale,arc-00036,Avondale @ Shadbolt,8019,-36.9232796,174.69177898,Urban,Lowland,Urban,Total oxidised nitrogen,2021-11-11 07:57:00,NZST,0.36,,0.36,mg/l,0.0,600.0
auckland,Auckland Council,Avondale,arc-00036,Avondale @ Shadbolt,8019,-36.9232796,174.69177898,Urban,Lowland,Urban,Total oxidised nitrogen,2021-12-09 08:56:00,NZST,0.025,,0.025,mg/l,41.0,400.0
auckland,Auckland Council,Avondale,arc-00036,Avondale @ Shadbolt,8019,-36.9232796,174.69177898,Urban,Lowland,Urban,Total oxidised nitrogen,2022-01-17 08:06:00,NZST,0.5,,0.5,mg/l,0.0,600.0
auckland,Auckland Council,Avondale,arc-00036,Avondale @ Shadbolt,8019,-36.9232796,174.69177898,Urban,Lowland,Urban,Total oxidised nitrogen,2022-02-18 09:48:00,NZST,0.31,,0.31,mg/l,0.0,600.0
auckland,Auckland Council,Avondale,arc-00036,Avondale @ Shadbolt,8019,-36.9232796,174.69177898,Urban,Lowland,Urban,Total oxidised nitrogen,2022-03-18 09:01:00,NZST,0.31,,0.31,mg/l,0.0,600.0
auckland,Auckland Council,Avondale,arc-00036,Avondale @ Shadbolt,8019,-36.9232796,174.69177898,Urban,Lowland,Urban,Total oxidised nitrogen,2022-04-14 09:43:00,NZST,0.28,,0.28,mg/l,0.0,600.0
auckland,Auckland Council,Avondale,arc-00036,Avondale @ Shadbolt,8019,-36.9232796,174.69177898,Urban,Lowland,Urban,Total oxidised nitrogen,2022-05-09 09:39:00,NZST,0.73,,0.73,mg/l,0.0,600.0
auckland,Auckland Council,Avondale,arc-00036,Avondale @ Shadbolt,8019,-36.9232796,174.69177898,Urban,Lowland,Urban,Total oxidised nitrogen,2022-06-17 09:54:00,NZST,0.6,,0.6,mg/l,0.0,600.0
auckland,Auckland Council,Avondale,arc-00036,Avondale @ Shadbolt,8019,-36.9232796,174.69177898,Urban,Lowland,Urban,Total oxidised nitrogen,2022-07-21 09:35:00,NZST,0.48,,0.48,mg/l,0.0,600.0
auckland,Auckland Council,Avondale,arc-00036,Avondale @ Shadbolt,8019,-36.9232796,174.69177898,Urban,Lowland,Urban,Total oxidised nitrogen,2022-08-23 10:33:00,NZST,0.41,,0.41,mg/l,0.0,600.0
auckland,Auckland Council,Avondale,arc-00036,Avondale @ Shadbolt,8019,-36.9232796,174.69177898,Urban,Lowland,Urban,Total oxidised nitrogen,2022-09-29 08:50:00,NZST,0.37,,0.37,mg/l,0.0,600.0
auckland,Auckland Council,Avondale,arc-00036,Avondale @ Shadbolt,8019,-36.9232796,174.69177898,Urban,Lowland,Urban,Total oxidised nitrogen,2022-10-27 08:36:00,NZST,0.34,,0.34,mg/l,0.0,600.0
auckland,Auckland Council,Avondale,arc-00036,Avondale @ Shadbolt,8019,-36.9232796,174.69177898,Urban,Lowland,Urban,Total oxidised nitrogen,2022-11-23 09:32:00,NZST,0.3,,0.3,mg/l,0.0,600.0
auckland,Auckland Council,Avondale,arc-00036,Avondale @ Shadbolt,8019,-36.9232796,174.69177898,Urban,Lowland,Urban,Total oxidised nitrogen,2022-12-21 08:18:00,NZST,0.32,,0.32,mg/l,0.0,600.0
auckland,Auckland Council,Avondale,arc-00036,Avondale @ Shadbolt,8019,-36.9232796,174.69177898,Urban,Lowland,Urban,Total oxidised nitrogen,2023-01-24 09:24:00,NZST,0.31,,0.31,mg/l,0.0,600.0
auckland,Auckland Council,Avondale,arc-00036,Avondale @ Shadbolt,8019,-36.9232796,174.69177898,Urban,Lowland,Urban,Total oxidised nitrogen,2023-02-27 08:43:00,NZST,0.25,,0.25,mg/l,0.0,600.0
auckland,Auckland Council,Avondale,arc-00036,Avondale @ Shadbolt,8019,-36.9232796,174.69177898,Urban,Lowland,Urban,Total oxidised nitrogen,2023-03-30 08:43:00,NZST,0.22,,0.22,mg/l,0.0,600.0
auckland,Auckland Council,Avondale,arc-00036,Avondale @ Shadbolt,8019,-36.9232796,174.69177898,Urban,Lowland,Urban,Total oxidised nitrogen,2023-04-27 11:19:00,NZST,0.29,,0.29,mg/l,0.0,600.0
auckland,Auckland Council,Avondale,arc-00036,Avondale @ Shadbolt,8019,-36.9232796,174.69177898,Urban,Lowland,Urban,Total oxidised nitrogen,2023-05-25 09:09:00,NZST,0.41,,0.41,mg/l,0.0,600.0
auckland,Auckland Council,Avondale,arc-00036,Avondale @ Shadbolt,8019,-36.9232796,174.69177898,Urban,Lowland,Urban,Total oxidised nitrogen,2023-06-26 09:15:00,NZST,0.38,,0.38,mg/l,0.0,600.0
auckland,Auckland Council,Avondale,arc-00036,Avondale @ Shadbolt,8019,-36.9232796,174.69177898,Urban,Lowland,Urban,Total oxidised nitrogen,2023-07-26 09:21:00,NZST,0.14,,0.14,mg/l,0.0,600.0
auckland,Auckland Council,Avondale,arc-00036,Avondale @ Shadbolt,8019,-36.9232796,174.69177898,Urban,Lowland,Urban,Total oxidised nitrogen,2023-08-23 09:53:00,NZST,0.4,,0.4,mg/l,0.0,600.0
auckland,Auckland Council,Avondale,arc-00036,Avondale @ Shadbolt,8019,-36.9232796,174.69177898,Urban,Lowland,Urban,Total oxidised nitrogen,2023-09-26 08:42:00,NZST,0.52,,0.52,mg/l,0.0,600.0
auckland,Auckland Council,Avondale,arc-00036,Avondale @ Shadbolt,8019,-36.9232796,174.69177898,Urban,Lowland,Urban,Total oxidised nitrogen,2023-10-25 08:21:00,NZST,0.48,,0.48,mg/l,0.0,600.0
auckland,Auckland Council,Avondale,arc-00036,Avondale @ Shadbolt,8019,-36.9232796,174.69177898,Urban,Lowland,Urban,Total oxidised nitrogen,2023-11-21 08:54:00,NZST,0.35,,0.35,mg/l,0.0,600.0
auckland,Auckland Council,Avondale,arc-00036,Avondale @ Shadbolt,8019,-36.9232796,174.69177898,Urban,Lowland,Urban,Total oxidised nitrogen,2023-12-13 08:20:00,NZST,0.4,,0.4,mg/l,0.0,600.0
auckland,Auckland Council,Avondale,arc-00036,Avondale @ Shadbolt,8019,-36.9232796,174.69177898,Urban,Lowland,Urban,Total oxidised nitrogen,2024-01-30 08:08:00,NZST,0.35,,0.35,mg/l,0.0,600.0
auckland,Auckland Council,Avondale,arc-00036,Avondale @ Shadbolt,8019,-36.9232796,174.69177898,Urban,Lowland,Urban,Total oxidised nitrogen,2024-02-29 08:59:00,NZST,0.38,,0.38,mg/l,0.0,600.0
auckland,Auckland Council,Avondale,arc-00036,Avondale @ Shadbolt,8019,-36.9232796,174.69177898,Urban,Lowland,Urban,Total oxidised nitrogen,2024-03-25 08:04:00,NZST,0.51,,0.51,mg/l,0.0,600.0
auckland,Auckland Council,Avondale,arc-00036,Avondale @ Shadbolt,8019,-36.9232796,174.69177898,Urban,Lowland,Urban,Total oxidised nitrogen,2024-04-22 09:10:00,NZST,0.57,,0.57,mg/l,0.0,600.0
auckland,Auckland Council,Avondale,arc-00036,Avondale @ Shadbolt,8019,-36.9232796,174.69177898,Urban,Lowland,Urban,Total oxidised nitrogen,2024-05-28 08:20:00,NZST,0.41,,0.41,mg/l,0.0,600.0
auckland,Auckland Council,Avondale,arc-00036,Avondale @ Shadbolt,8019,-36.9232796,174.69177898,Urban,Lowland,Urban,Total oxidised nitrogen,2024-06-26 08:39:00,NZST,0.35,,0.35,mg/l,0.0,600.0
auckland,Auckland Council,Avondale,arc-00036,Avondale @ Shadbolt,8019,-36.9232796,174.69177898,Urban,Lowland,Urban,Total oxidised nitrogen,2024-07-25 08:52:00,NZST,0.45,,0.45,mg/l,0.0,600.0
auckland,Auckland Council,Avondale,arc-00036,Avondale @ Shadbolt,8019,-36.9232796,174.69177898,Urban,Lowland,Urban,Total oxidised nitrogen,2024-08-29 09:04:00,NZST,0.41,,0.41,mg/l,0.0,600.0
auckland,Auckland Council,Avondale,arc-00036,Avondale @ Shadbolt,8019,-36.9232796,174.69177898,Urban,Lowland,Urban,Total oxidised nitrogen,2024-09-26 09:09:00,NZST,0.34,,0.34,mg/l,0.0,600.0
auckland,Auckland Council,Avondale,arc-00036,Avondale @ Shadbolt,8019,-36.9232796,174.69177898,Urban,Lowland,Urban,Total oxidised nitrogen,2024-10-23 08:06:00,NZST,0.39,,0.39,mg/l,0.0,600.0
auckland,Auckland Council,Avondale,arc-00036,Avondale @ Shadbolt,8019,-36.9232796,174.69177898,Urban,Lowland,Urban,Total oxidised nitrogen,2024-11-21 09:59:00,NZST,0.34,,0.34,mg/l,0.0,600.0
auckland,Auckland Council,Avondale,arc-00036,Avondale @ Shadbolt,8019,-36.9232796,174.69177898,Urban,Lowland,Urban,Total oxidised nitrogen,2024-12-09 07:51:00,NZST,0.29,,0.29,mg/l,0.0,600.0
auckland,Auckland Council,Avondale,arc-00036,Avondale @ Shadbolt,8019,-36.9232796,174.69177898,Urban,Lowland,Urban,Total phosphorus,2012-01-06 07:38:00,NZST,0.042,,0.042,mg/l,,
auckland,Auckland Council,Avondale,arc-00036,Avondale @ Shadbolt,8019,-36.9232796,174.69177898,Urban,Lowland,Urban,Total phosphorus,2012-02-02 08:52:00,NZST,0.088,,0.088,mg/l,,
auckland,Auckland Council,Avondale,arc-00036,Avondale @ Shadbolt,8019,-36.9232796,174.69177898,Urban,Lowland,Urban,Total phosphorus,2012-03-01 08:56:00,NZST,0.042,,0.042,mg/l,,
auckland,Auckland Council,Avondale,arc-00036,Avondale @ Shadbolt,8019,-36.9232796,174.69177898,Urban,Lowland,Urban,Total phosphorus,2012-04-03 08:46:00,NZST,0.042,,0.042,mg/l,,
auckland,Auckland Council,Avondale,arc-00036,Avondale @ Shadbolt,8019,-36.9232796,174.69177898,Urban,Lowland,Urban,Total phosphorus,2012-05-04 09:46:00,NZST,0.044,,0.044,mg/l,,
auckland,Auckland Council,Avondale,arc-00036,Avondale @ Shadbolt,8019,-36.9232796,174.69177898,Urban,Lowland,Urban,Total phosphorus,2012-06-07 09:36:00,NZST,0.09,,0.09,mg/l,,
auckland,Auckland Council,Avondale,arc-00036,Avondale @ Shadbolt,8019,-36.9232796,174.69177898,Urban,Lowland,Urban,Total phosphorus,2012-07-05 09:37:00,NZST,0.021,,0.021,mg/l,,
auckland,Auckland Council,Avondale,arc-00036,Avondale @ Shadbolt,8019,-36.9232796,174.69177898,Urban,Lowland,Urban,Total phosphorus,2012-08-02 09:27:00,NZST,0.067,,0.067,mg/l,,
auckland,Auckland Council,Avondale,arc-00036,Avondale @ Shadbolt,8019,-36.9232796,174.69177898,Urban,Lowland,Urban,Total phosphorus,2012-09-04 08:41:00,NZST,0.05,,0.05,mg/l,,
auckland,Auckland Council,Avondale,arc-00036,Avondale @ Shadbolt,8019,-36.9232796,174.69177898,Urban,Lowland,Urban,Total phosphorus,2012-10-04 08:11:00,NZST,0.018,,0.018,mg/l,,
auckland,Auckland Council,Avondale,arc-00036,Avondale @ Shadbolt,8019,-36.9232796,174.69177898,Urban,Lowland,Urban,Total phosphorus,2012-11-02 08:13:00,NZST,0.033,,0.033,mg/l,,
auckland,Auckland Council,Avondale,arc-00036,Avondale @ Shadbolt,8019,-36.9232796,174.69177898,Urban,Lowland,Urban,Total phosphorus,2012-12-05 08:24:00,NZST,0.056,,0.056,mg/l,,
auckland,Auckland Council,Avondale,arc-00036,Avondale @ Shadbolt,8019,-36.9232796,174.69177898,Urban,Lowland,Urban,Total phosphorus,2013-01-09 07:42:00,NZST,0.063,,0.063,mg/l,,
auckland,Auckland Council,Avondale,arc-00036,Avondale @ Shadbolt,8019,-36.9232796,174.69177898,Urban,Lowland,Urban,Total phosphorus,2013-02-07 08:20:00,NZST,0.048,,0.048,mg/l,,
auckland,Auckland Council,Avondale,arc-00036,Avondale @ Shadbolt,8019,-36.9232796,174.69177898,Urban,Lowland,Urban,Total phosphorus,2013-03-08 08:33:00,NZST,0.1,,0.1,mg/l,,
auckland,Auckland Council,Avondale,arc-00036,Avondale @ Shadbolt,8019,-36.9232796,174.69177898,Urban,Lowland,Urban,Total phosphorus,2013-04-04 08:37:00,NZST,0.042,,0.042,mg/l,,
auckland,Auckland Council,Avondale,arc-00036,Avondale @ Shadbolt,8019,-36.9232796,174.69177898,Urban,Lowland,Urban,Total phosphorus,2013-05-02 09:52:00,NZST,0.079,,0.079,mg/l,,
auckland,Auckland Council,Avondale,arc-00036,Avondale @ Shadbolt,8019,-36.9232796,174.69177898,Urban,Lowland,Urban,Total phosphorus,2013-06-11 10:21:00,NZST,0.34,,0.34,mg/l,,
auckland,Auckland Council,Avondale,arc-00036,Avondale @ Shadbolt,8019,-36.9232796,174.69177898,Urban,Lowland,Urban,Total phosphorus,2013-07-02 09:37:00,NZST,0.019,,0.019,mg/l,,
auckland,Auckland Council,Avondale,arc-00036,Avondale @ Shadbolt,8019,-36.9232796,174.69177898,Urban,Lowland,Urban,Total phosphorus,2013-07-31 09:30:00,NZST,0.018,,0.018,mg/l,,
auckland,Auckland Council,Avondale,arc-00036,Avondale @ Shadbolt,8019,-36.9232796,174.69177898,Urban,Lowland,Urban,Total phosphorus,2013-09-05 09:43:00,NZST,0.14,,0.14,mg/l,,
auckland,Auckland Council,Avondale,arc-00036,Avondale @ Shadbolt,8019,-36.9232796,174.69177898,Urban,Lowland,Urban,Total phosphorus,2013-10-09 08:49:00,NZST,0.029,,0.029,mg/l,,
auckland,Auckland Council,Avondale,arc-00036,Avondale @ Shadbolt,8019,-36.9232796,174.69177898,Urban,Lowland,Urban,Total phosphorus,2013-11-06 07:32:00,NZST,0.05,,0.05,mg/l,,
auckland,Auckland Council,Avondale,arc-00036,Avondale @ Shadbolt,8019,-36.9232796,174.69177898,Urban,Lowland,Urban,Total phosphorus,2013-12-04 12:01:00,NZST,0.094,,0.094,mg/l,,
auckland,Auckland Council,Avondale,arc-00036,Avondale @ Shadbolt,8019,-36.9232796,174.69177898,Urban,Lowland,Urban,Total phosphorus,2014-01-09 07:29:00,NZST,0.051,,0.051,mg/l,,
auckland,Auckland Council,Avondale,arc-00036,Avondale @ Shadbolt,8019,-36.9232796,174.69177898,Urban,Lowland,Urban,Total phosphorus,2014-02-05 08:27:00,NZST,0.049,,0.049,mg/l,,
auckland,Auckland Council,Avondale,arc-00036,Avondale @ Shadbolt,8019,-36.9232796,174.69177898,Urban,Lowland,Urban,Total phosphorus,2014-03-06 08:28:00,NZST,0.043,,0.043,mg/l,,
auckland,Auckland Council,Avondale,arc-00036,Avondale @ Shadbolt,8019,-36.9232796,174.69177898,Urban,Lowland,Urban,Total phosphorus,2014-04-03 08:49:00,NZST,0.048,,0.048,mg/l,,
auckland,Auckland Council,Avondale,arc-00036,Avondale @ Shadbolt,8019,-36.9232796,174.69177898,Urban,Lowland,Urban,Total phosphorus,2014-05-02 09:27:00,NZST,0.045,,0.045,mg/l,,
auckland,Auckland Council,Avondale,arc-00036,Avondale @ Shadbolt,8019,-36.9232796,174.69177898,Urban,Lowland,Urban,Total phosphorus,2014-06-04 09:53:00,NZST,0.04,,0.04,mg/l,,
auckland,Auckland Council,Avondale,arc-00036,Avondale @ Shadbolt,8019,-36.9232796,174.69177898,Urban,Lowland,Urban,Total phosphorus,2014-07-03 09:22:00,NZST,0.052,,0.052,mg/l,,
auckland,Auckland Council,Avondale,arc-00036,Avondale @ Shadbolt,8019,-36.9232796,174.69177898,Urban,Lowland,Urban,Total phosphorus,2014-08-05 09:40:00,NZST,0.072,,0.072,mg/l,,
auckland,Auckland Council,Avondale,arc-00036,Avondale @ Shadbolt,8019,-36.9232796,174.69177898,Urban,Lowland,Urban,Total phosphorus,2014-09-04 09:29:00,NZST,0.016,,0.016,mg/l,,
auckland,Auckland Council,Avondale,arc-00036,Avondale @ Shadbolt,8019,-36.9232796,174.69177898,Urban,Lowland,Urban,Total phosphorus,2014-10-10 08:25:00,NZST,0.034,,0.034,mg/l,,
auckland,Auckland Council,Avondale,arc-00036,Avondale @ Shadbolt,8019,-36.9232796,174.69177898,Urban,Lowland,Urban,Total phosphorus,2014-11-06 08:21:00,NZST,0.055,,0.055,mg/l,,
auckland,Auckland Council,Avondale,arc-00036,Avondale @ Shadbolt,8019,-36.9232796,174.69177898,Urban,Lowland,Urban,Total phosphorus,2014-12-02 09:30:00,NZST,0.045,,0.045,mg/l,,
auckland,Auckland Council,Avondale,arc-00036,Avondale @ Shadbolt,8019,-36.9232796,174.69177898,Urban,Lowland,Urban,Total phosphorus,2015-01-08 09:20:00,NZST,0.053,,0.053,mg/l,,
auckland,Auckland Council,Avondale,arc-00036,Avondale @ Shadbolt,8019,-36.9232796,174.69177898,Urban,Lowland,Urban,Total phosphorus,2015-02-05 09:23:00,NZST,0.046,,0.046,mg/l,,
auckland,Auckland Council,Avondale,arc-00036,Avondale @ Shadbolt,8019,-36.9232796,174.69177898,Urban,Lowland,Urban,Total phosphorus,2015-03-05 09:32:00,NZST,0.05,,0.05,mg/l,,
auckland,Auckland Council,Avondale,arc-00036,Avondale @ Shadbolt,8019,-36.9232796,174.69177898,Urban,Lowland,Urban,Total phosphorus,2015-04-02 12:01:00,NZST,0.029,,0.029,mg/l,,
auckland,Auckland Council,Avondale,arc-00036,Avondale @ Shadbolt,8019,-36.9232796,174.69177898,Urban,Lowland,Urban,Total phosphorus,2015-05-01 07:53:00,NZST,0.025,,0.025,mg/l,,
auckland,Auckland Council,Avondale,arc-00036,Avondale @ Shadbolt,8019,-36.9232796,174.69177898,Urban,Lowland,Urban,Total phosphorus,2015-06-03 07:56:00,NZST,0.024,,0.024,mg/l,,
auckland,Auckland Council,Avondale,arc-00036,Avondale @ Shadbolt,8019,-36.9232796,174.69177898,Urban,Lowland,Urban,Total phosphorus,2015-07-01 08:32:00,NZST,0.023,,0.023,mg/l,,
auckland,Auckland Council,Avondale,arc-00036,Avondale @ Shadbolt,8019,-36.9232796,174.69177898,Urban,Lowland,Urban,Total phosphorus,2015-08-03 08:28:00,NZST,0.025,,0.025,mg/l,,
auckland,Auckland Council,Avondale,arc-00036,Avondale @ Shadbolt,8019,-36.9232796,174.69177898,Urban,Lowland,Urban,Total phosphorus,2015-09-10 08:31:00,NZST,0.023,,0.023,mg/l,,
auckland,Auckland Council,Avondale,arc-00036,Avondale @ Shadbolt,8019,-36.9232796,174.69177898,Urban,Lowland,Urban,Total phosphorus,2015-10-01 07:02:00,NZST,0.022,,0.022,mg/l,,
auckland,Auckland Council,Avondale,arc-00036,Avondale @ Shadbolt,8019,-36.9232796,174.69177898,Urban,Lowland,Urban,Total phosphorus,2015-11-02 07:23:00,NZST,0.036,,0.036,mg/l,,
auckland,Auckland Council,Avondale,arc-00036,Avondale @ Shadbolt,8019,-36.9232796,174.69177898,Urban,Lowland,Urban,Total phosphorus,2015-12-01 07:20:00,NZST,0.032,,0.032,mg/l,,
auckland,Auckland Council,Avondale,arc-00036,Avondale @ Shadbolt,8019,-36.9232796,174.69177898,Urban,Lowland,Urban,Total phosphorus,2016-01-25 07:55:00,NZST,0.055,,0.055,mg/l,,
auckland,Auckland Council,Avondale,arc-00036,Avondale @ Shadbolt,8019,-36.9232796,174.69177898,Urban,Lowland,Urban,Total phosphorus,2016-02-15 07:51:00,NZST,0.052,,0.052,mg/l,,
auckland,Auckland Council,Avondale,arc-00036,Avondale @ Shadbolt,8019,-36.9232796,174.69177898,Urban,Lowland,Urban,Total phosphorus,2016-03-21 08:50:00,NZST,0.041,,0.041,mg/l,,
auckland,Auckland Council,Avondale,arc-00036,Avondale @ Shadbolt,8019,-36.9232796,174.69177898,Urban,Lowland,Urban,Total phosphorus,2016-04-21 10:20:00,NZST,0.041,,0.041,mg/l,,
auckland,Auckland Council,Avondale,arc-00036,Avondale @ Shadbolt,8019,-36.9232796,174.69177898,Urban,Lowland,Urban,Total phosphorus,2016-05-20 09:46:00,NZST,0.028,,0.028,mg/l,,
auckland,Auckland Council,Avondale,arc-00036,Avondale @ Shadbolt,8019,-36.9232796,174.69177898,Urban,Lowland,Urban,Total phosphorus,2016-06-20 10:10:00,NZST,0.031,,0.031,mg/l,,
auckland,Auckland Council,Avondale,arc-00036,Avondale @ Shadbolt,8019,-36.9232796,174.69177898,Urban,Lowland,Urban,Total phosphorus,2016-07-18 09:36:00,NZST,0.037,,0.037,mg/l,,
auckland,Auckland Council,Avondale,arc-00036,Avondale @ Shadbolt,8019,-36.9232796,174.69177898,Urban,Lowland,Urban,Total phosphorus,2016-08-31 09:35:00,NZST,0.02,,0.02,mg/l,,
auckland,Auckland Council,Avondale,arc-00036,Avondale @ Shadbolt,8019,-36.9232796,174.69177898,Urban,Lowland,Urban,Total phosphorus,2016-09-28 07:46:00,NZST,0.043,,0.043,mg/l,,
auckland,Auckland Council,Avondale,arc-00036,Avondale @ Shadbolt,8019,-36.9232796,174.69177898,Urban,Lowland,Urban,Total phosphorus,2016-10-27 11:11:00,NZST,0.032,,0.032,mg/l,,
auckland,Auckland Council,Avondale,arc-00036,Avondale @ Shadbolt,8019,-36.9232796,174.69177898,Urban,Lowland,Urban,Total phosphorus,2016-11-28 08:52:00,NZST,0.028,,0.028,mg/l,,
auckland,Auckland Council,Avondale,arc-00036,Avondale @ Shadbolt,8019,-36.9232796,174.69177898,Urban,Lowland,Urban,Total phosphorus,2016-12-14 09:43:00,NZST,0.045,,0.045,mg/l,,
auckland,Auckland Council,Avondale,arc-00036,Avondale @ Shadbolt,8019,-36.9232796,174.69177898,Urban,Lowland,Urban,Total phosphorus,2017-01-26 08:22:00,NZST,0.045,,0.045,mg/l,,
auckland,Auckland Council,Avondale,arc-00036,Avondale @ Shadbolt,8019,-36.9232796,174.69177898,Urban,Lowland,Urban,Total phosphorus,2017-02-23 07:44:00,NZST,0.069,,0.069,mg/l,,
auckland,Auckland Council,Avondale,arc-00036,Avondale @ Shadbolt,8019,-36.9232796,174.69177898,Urban,Lowland,Urban,Total phosphorus,2017-03-27 10:03:00,NZST,0.11,,0.11,mg/l,,
auckland,Auckland Council,Avondale,arc-00036,Avondale @ Shadbolt,8019,-36.9232796,174.69177898,Urban,Lowland,Urban,Total phosphorus,2017-04-28 10:08:00,NZST,0.036,,0.036,mg/l,,
auckland,Auckland Council,Avondale,arc-00036,Avondale @ Shadbolt,8019,-36.9232796,174.69177898,Urban,Lowland,Urban,Total phosphorus,2017-05-29 09:55:00,NZST,0.027,,0.027,mg/l,,
auckland,Auckland Council,Avondale,arc-00036,Avondale @ Shadbolt,8019,-36.9232796,174.69177898,Urban,Lowland,Urban,Total phosphorus,2017-06-27 09:17:00,NZST,0.022,,0.022,mg/l,,
auckland,Auckland Council,Avondale,arc-00036,Avondale @ Shadbolt,8019,-36.9232796,174.69177898,Urban,Lowland,Urban,Total phosphorus,2017-07-26 08:50:00,NZST,0.015,,0.015,mg/l,,
auckland,Auckland Council,Avondale,arc-00036,Avondale @ Shadbolt,8019,-36.9232796,174.69177898,Urban,Lowland,Urban,Total phosphorus,2017-08-25 08:34:00,NZST,0.02,,0.02,mg/l,,
auckland,Auckland Council,Avondale,arc-00036,Avondale @ Shadbolt,8019,-36.9232796,174.69177898,Urban,Lowland,Urban,Total phosphorus,2017-09-25 09:37:00,NZST,0.019,,0.019,mg/l,,
auckland,Auckland Council,Avondale,arc-00036,Avondale @ Shadbolt,8019,-36.9232796,174.69177898,Urban,Lowland,Urban,Total phosphorus,2017-10-20 07:54:00,NZST,0.017,,0.017,mg/l,,
auckland,Auckland Council,Avondale,arc-00036,Avondale @ Shadbolt,8019,-36.9232796,174.69177898,Urban,Lowland,Urban,Total phosphorus,2017-11-21 08:19:00,NZST,0.033,,0.033,mg/l,,
auckland,Auckland Council,Avondale,arc-00036,Avondale @ Shadbolt,8019,-36.9232796,174.69177898,Urban,Lowland,Urban,Total phosphorus,2017-12-21 08:14:00,NZST,0.048,,0.048,mg/l,,
auckland,Auckland Council,Avondale,arc-00036,Avondale @ Shadbolt,8019,-36.9232796,174.69177898,Urban,Lowland,Urban,Total phosphorus,2018-01-19 08:46:00,NZST,0.049,,0.049,mg/l,,
auckland,Auckland Council,Avondale,arc-00036,Avondale @ Shadbolt,8019,-36.9232796,174.69177898,Urban,Lowland,Urban,Total phosphorus,2018-02-19 09:36:00,NZST,0.029,,0.029,mg/l,,
auckland,Auckland Council,Avondale,arc-00036,Avondale @ Shadbolt,8019,-36.9232796,174.69177898,Urban,Lowland,Urban,Total phosphorus,2018-03-19 09:30:00,NZST,0.042,,0.042,mg/l,,
auckland,Auckland Council,Avondale,arc-00036,Avondale @ Shadbolt,8019,-36.9232796,174.69177898,Urban,Lowland,Urban,Total phosphorus,2018-04-17 08:40:00,NZST,0.024,,0.024,mg/l,,
auckland,Auckland Council,Avondale,arc-00036,Avondale @ Shadbolt,8019,-36.9232796,174.69177898,Urban,Lowland,Urban,Total phosphorus,2018-05-18 08:28:00,NZST,0.029,,0.029,mg/l,,
auckland,Auckland Council,Avondale,arc-00036,Avondale @ Shadbolt,8019,-36.9232796,174.69177898,Urban,Lowland,Urban,Total phosphorus,2018-06-18 09:53:00,NZST,0.023,,0.023,mg/l,,
auckland,Auckland Council,Avondale,arc-00036,Avondale @ Shadbolt,8019,-36.9232796,174.69177898,Urban,Lowland,Urban,Total phosphorus,2018-07-17 09:49:00,NZST,0.02,,0.02,mg/l,,
auckland,Auckland Council,Avondale,arc-00036,Avondale @ Shadbolt,8019,-36.9232796,174.69177898,Urban,Lowland,Urban,Total phosphorus,2018-08-16 09:36:00,NZST,0.03,,0.03,mg/l,,
auckland,Auckland Council,Avondale,arc-00036,Avondale @ Shadbolt,8019,-36.9232796,174.69177898,Urban,Lowland,Urban,Total phosphorus,2018-09-27 07:58:00,NZST,0.023,,0.023,mg/l,,
auckland,Auckland Council,Avondale,arc-00036,Avondale @ Shadbolt,8019,-36.9232796,174.69177898,Urban,Lowland,Urban,Total phosphorus,2018-11-28 09:56:00,NZST,0.028,,0.028,mg/l,,
auckland,Auckland Council,Avondale,arc-00036,Avondale @ Shadbolt,8019,-36.9232796,174.69177898,Urban,Lowland,Urban,Total phosphorus,2018-12-18 08:20:00,NZST,0.03,,0.03,mg/l,,
auckland,Auckland Council,Avondale,arc-00036,Avondale @ Shadbolt,8019,-36.9232796,174.69177898,Urban,Lowland,Urban,Total phosphorus,2019-01-23 07:35:00,NZST,0.038,,0.038,mg/l,,
auckland,Auckland Council,Avondale,arc-00036,Avondale @ Shadbolt,8019,-36.9232796,174.69177898,Urban,Lowland,Urban,Total phosphorus,2019-02-21 08:23:00,NZST,0.044,,0.044,mg/l,,
auckland,Auckland Council,Avondale,arc-00036,Avondale @ Shadbolt,8019,-36.9232796,174.69177898,Urban,Lowland,Urban,Total phosphorus,2019-03-28 08:00:00,NZST,0.073,,0.073,mg/l,,
auckland,Auckland Council,Avondale,arc-00036,Avondale @ Shadbolt,8019,-36.9232796,174.69177898,Urban,Lowland,Urban,Total phosphorus,2019-04-12 08:52:00,NZST,0.024,,0.024,mg/l,,
auckland,Auckland Council,Avondale,arc-00036,Avondale @ Shadbolt,8019,-36.9232796,174.69177898,Urban,Lowland,Urban,Total phosphorus,2019-05-27 08:24:00,NZST,0.035,,0.035,mg/l,,
auckland,Auckland Council,Avondale,arc-00036,Avondale @ Shadbolt,8019,-36.9232796,174.69177898,Urban,Lowland,Urban,Total phosphorus,2019-06-19 08:52:00,NZST,0.018,,0.018,mg/l,,
auckland,Auckland Council,Avondale,arc-00036,Avondale @ Shadbolt,8019,-36.9232796,174.69177898,Urban,Lowland,Urban,Total phosphorus,2019-07-17 09:52:00,NZST,0.032,,0.032,mg/l,,
auckland,Auckland Council,Avondale,arc-00036,Avondale @ Shadbolt,8019,-36.9232796,174.69177898,Urban,Lowland,Urban,Total phosphorus,2019-08-16 08:25:00,NZST,0.024,,0.024,mg/l,,
auckland,Auckland Council,Avondale,arc-00036,Avondale @ Shadbolt,8019,-36.9232796,174.69177898,Urban,Lowland,Urban,Total phosphorus,2019-10-07 08:04:00,NZST,0.018,,0.018,mg/l,,
auckland,Auckland Council,Avondale,arc-00036,Avondale @ Shadbolt,8019,-36.9232796,174.69177898,Urban,Lowland,Urban,Total phosphorus,2019-10-31 08:14:00,NZST,0.038,,0.038,mg/l,,
auckland,Auckland Council,Avondale,arc-00036,Avondale @ Shadbolt,8019,-36.9232796,174.69177898,Urban,Lowland,Urban,Total phosphorus,2019-11-25 08:48:00,NZST,0.034,,0.034,mg/l,,
auckland,Auckland Council,Avondale,arc-00036,Avondale @ Shadbolt,8019,-36.9232796,174.69177898,Urban,Lowland,Urban,Total phosphorus,2019-12-23 07:25:00,NZST,0.031,,0.031,mg/l,,
auckland,Auckland Council,Avondale,arc-00036,Avondale @ Shadbolt,8019,-36.9232796,174.69177898,Urban,Lowland,Urban,Total phosphorus,2020-01-29 08:09:00,NZST,0.051,,0.051,mg/l,35.0,460.0
auckland,Auckland Council,Avondale,arc-00036,Avondale @ Shadbolt,8019,-36.9232796,174.69177898,Urban,Lowland,Urban,Total phosphorus,2020-02-25 07:30:00,NZST,0.052,,0.052,mg/l,35.0,460.0
auckland,Auckland Council,Avondale,arc-00036,Avondale @ Shadbolt,8019,-36.9232796,174.69177898,Urban,Lowland,Urban,Total phosphorus,2020-03-13 08:25:00,NZST,0.047,,0.047,mg/l,35.0,460.0
auckland,Auckland Council,Avondale,arc-00036,Avondale @ Shadbolt,8019,-36.9232796,174.69177898,Urban,Lowland,Urban,Total phosphorus,2020-04-30 09:29:00,NZST,0.037,,0.037,mg/l,35.0,460.0
auckland,Auckland Council,Avondale,arc-00036,Avondale @ Shadbolt,8019,-36.9232796,174.69177898,Urban,Lowland,Urban,Total phosphorus,2020-05-28 09:51:00,NZST,0.04,,0.04,mg/l,35.0,460.0
auckland,Auckland Council,Avondale,arc-00036,Avondale @ Shadbolt,8019,-36.9232796,174.69177898,Urban,Lowland,Urban,Total phosphorus,2020-06-26 10:38:00,NZST,0.028,,0.028,mg/l,35.0,460.0
auckland,Auckland Council,Avondale,arc-00036,Avondale @ Shadbolt,8019,-36.9232796,174.69177898,Urban,Lowland,Urban,Total phosphorus,2020-07-09 10:50:00,NZST,0.025,,0.025,mg/l,35.0,460.0
auckland,Auckland Council,Avondale,arc-00036,Avondale @ Shadbolt,8019,-36.9232796,174.69177898,Urban,Lowland,Urban,Total phosphorus,2020-08-07 10:09:00,NZST,0.024,,0.024,mg/l,35.0,460.0
auckland,Auckland Council,Avondale,arc-00036,Avondale @ Shadbolt,8019,-36.9232796,174.69177898,Urban,Lowland,Urban,Total phosphorus,2020-09-09 10:34:00,NZST,0.013,,0.013,mg/l,35.0,460.0
auckland,Auckland Council,Avondale,arc-00036,Avondale @ Shadbolt,8019,-36.9232796,174.69177898,Urban,Lowland,Urban,Total phosphorus,2020-10-08 10:12:00,NZST,0.026,,0.026,mg/l,35.0,460.0
auckland,Auckland Council,Avondale,arc-00036,Avondale @ Shadbolt,8019,-36.9232796,174.69177898,Urban,Lowland,Urban,Total phosphorus,2020-11-24 09:45:00,NZST,0.03,,0.03,mg/l,35.0,460.0
auckland,Auckland Council,Avondale,arc-00036,Avondale @ Shadbolt,8019,-36.9232796,174.69177898,Urban,Lowland,Urban,Total phosphorus,2020-12-14 11:28:00,NZST,0.031,,0.031,mg/l,25.0,560.0
auckland,Auckland Council,Avondale,arc-00036,Avondale @ Shadbolt,8019,-36.9232796,174.69177898,Urban,Lowland,Urban,Total phosphorus,2021-01-20 09:25:00,NZST,0.041,,0.041,mg/l,0.0,600.0
auckland,Auckland Council,Avondale,arc-00036,Avondale @ Shadbolt,8019,-36.9232796,174.69177898,Urban,Lowland,Urban,Total phosphorus,2021-02-11 10:34:00,NZST,0.046,,0.046,mg/l,0.0,600.0
auckland,Auckland Council,Avondale,arc-00036,Avondale @ Shadbolt,8019,-36.9232796,174.69177898,Urban,Lowland,Urban,Total phosphorus,2021-03-25 08:57:00,NZST,0.045,,0.045,mg/l,0.0,600.0
auckland,Auckland Council,Avondale,arc-00036,Avondale @ Shadbolt,8019,-36.9232796,174.69177898,Urban,Lowland,Urban,Total phosphorus,2021-04-28 11:24:00,NZST,0.031,,0.031,mg/l,0.0,600.0
auckland,Auckland Council,Avondale,arc-00036,Avondale @ Shadbolt,8019,-36.9232796,174.69177898,Urban,Lowland,Urban,Total phosphorus,2021-05-13 11:43:00,NZST,0.031,,0.031,mg/l,0.0,600.0
auckland,Auckland Council,Avondale,arc-00036,Avondale @ Shadbolt,8019,-36.9232796,174.69177898,Urban,Lowland,Urban,Total phosphorus,2021-06-08 09:16:00,NZST,0.03,,0.03,mg/l,0.0,600.0
auckland,Auckland Council,Avondale,arc-00036,Avondale @ Shadbolt,8019,-36.9232796,174.69177898,Urban,Lowland,Urban,Total phosphorus,2021-07-14 10:32:00,NZST,0.018,,0.018,mg/l,0.0,600.0
auckland,Auckland Council,Avondale,arc-00036,Avondale @ Shadbolt,8019,-36.9232796,174.69177898,Urban,Lowland,Urban,Total phosphorus,2021-08-10 09:29:00,NZST,0.029,,0.029,mg/l,0.0,600.0
auckland,Auckland Council,Avondale,arc-00036,Avondale @ Shadbolt,8019,-36.9232796,174.69177898,Urban,Lowland,Urban,Total phosphorus,2021-09-29 08:48:00,NZST,0.136,,0.136,mg/l,0.0,600.0
auckland,Auckland Council,Avondale,arc-00036,Avondale @ Shadbolt,8019,-36.9232796,174.69177898,Urban,Lowland,Urban,Total phosphorus,2021-10-14 08:29:00,NZST,0.073,,0.073,mg/l,0.0,600.0
auckland,Auckland Council,Avondale,arc-00036,Avondale @ Shadbolt,8019,-36.9232796,174.69177898,Urban,Lowland,Urban,Total phosphorus,2021-11-11 07:57:00,NZST,0.183,,0.183,mg/l,0.0,600.0
auckland,Auckland Council,Avondale,arc-00036,Avondale @ Shadbolt,8019,-36.9232796,174.69177898,Urban,Lowland,Urban,Total phosphorus,2021-12-09 08:56:00,NZST,0.39,,0.39,mg/l,41.0,400.0
auckland,Auckland Council,Avondale,arc-00036,Avondale @ Shadbolt,8019,-36.9232796,174.69177898,Urban,Lowland,Urban,Total phosphorus,2022-01-17 08:06:00,NZST,0.165,,0.165,mg/l,0.0,600.0
auckland,Auckland Council,Avondale,arc-00036,Avondale @ Shadbolt,8019,-36.9232796,174.69177898,Urban,Lowland,Urban,Total phosphorus,2022-02-18 09:48:00,NZST,0.077,,0.077,mg/l,0.0,600.0
auckland,Auckland Council,Avondale,arc-00036,Avondale @ Shadbolt,8019,-36.9232796,174.69177898,Urban,Lowland,Urban,Total phosphorus,2022-03-18 09:01:00,NZST,0.111,,0.111,mg/l,0.0,600.0
auckland,Auckland Council,Avondale,arc-00036,Avondale @ Shadbolt,8019,-36.9232796,174.69177898,Urban,Lowland,Urban,Total phosphorus,2022-04-14 09:43:00,NZST,0.048,,0.048,mg/l,0.0,600.0
auckland,Auckland Council,Avondale,arc-00036,Avondale @ Shadbolt,8019,-36.9232796,174.69177898,Urban,Lowland,Urban,Total phosphorus,2022-05-09 09:39:00,NZST,0.059,,0.059,mg/l,0.0,600.0
auckland,Auckland Council,Avondale,arc-00036,Avondale @ Shadbolt,8019,-36.9232796,174.69177898,Urban,Lowland,Urban,Total phosphorus,2022-06-17 09:54:00,NZST,0.022,,0.022,mg/l,0.0,600.0
auckland,Auckland Council,Avondale,arc-00036,Avondale @ Shadbolt,8019,-36.9232796,174.69177898,Urban,Lowland,Urban,Total phosphorus,2022-07-21 09:35:00,NZST,0.043,,0.043,mg/l,0.0,600.0
auckland,Auckland Council,Avondale,arc-00036,Avondale @ Shadbolt,8019,-36.9232796,174.69177898,Urban,Lowland,Urban,Total phosphorus,2022-08-23 10:33:00,NZST,0.039,,0.039,mg/l,0.0,600.0
auckland,Auckland Council,Avondale,arc-00036,Avondale @ Shadbolt,8019,-36.9232796,174.69177898,Urban,Lowland,Urban,Total phosphorus,2022-09-29 08:50:00,NZST,0.018,,0.018,mg/l,0.0,600.0
auckland,Auckland Council,Avondale,arc-00036,Avondale @ Shadbolt,8019,-36.9232796,174.69177898,Urban,Lowland,Urban,Total phosphorus,2022-10-27 08:36:00,NZST,0.024,,0.024,mg/l,0.0,600.0
auckland,Auckland Council,Avondale,arc-00036,Avondale @ Shadbolt,8019,-36.9232796,174.69177898,Urban,Lowland,Urban,Total phosphorus,2022-11-23 09:32:00,NZST,0.065,,0.065,mg/l,0.0,600.0
auckland,Auckland Council,Avondale,arc-00036,Avondale @ Shadbolt,8019,-36.9232796,174.69177898,Urban,Lowland,Urban,Total phosphorus,2022-12-21 08:18:00,NZST,0.031,,0.031,mg/l,0.0,600.0
auckland,Auckland Council,Avondale,arc-00036,Avondale @ Shadbolt,8019,-36.9232796,174.69177898,Urban,Lowland,Urban,Total phosphorus,2023-01-24 09:24:00,NZST,0.041,,0.041,mg/l,0.0,600.0
auckland,Auckland Council,Avondale,arc-00036,Avondale @ Shadbolt,8019,-36.9232796,174.69177898,Urban,Lowland,Urban,Total phosphorus,2023-02-27 08:43:00,NZST,0.043,,0.043,mg/l,0.0,600.0
auckland,Auckland Council,Avondale,arc-00036,Avondale @ Shadbolt,8019,-36.9232796,174.69177898,Urban,Lowland,Urban,Total phosphorus,2023-03-30 08:43:00,NZST,0.021,,0.021,mg/l,0.0,600.0
auckland,Auckland Council,Avondale,arc-00036,Avondale @ Shadbolt,8019,-36.9232796,174.69177898,Urban,Lowland,Urban,Total phosphorus,2023-04-27 11:19:00,NZST,0.027,,0.027,mg/l,0.0,600.0
auckland,Auckland Council,Avondale,arc-00036,Avondale @ Shadbolt,8019,-36.9232796,174.69177898,Urban,Lowland,Urban,Total phosphorus,2023-05-25 09:09:00,NZST,0.023,,0.023,mg/l,0.0,600.0
auckland,Auckland Council,Avondale,arc-00036,Avondale @ Shadbolt,8019,-36.9232796,174.69177898,Urban,Lowland,Urban,Total phosphorus,2023-06-26 09:15:00,NZST,0.03,,0.03,mg/l,0.0,600.0
auckland,Auckland Council,Avondale,arc-00036,Avondale @ Shadbolt,8019,-36.9232796,174.69177898,Urban,Lowland,Urban,Total phosphorus,2023-07-26 09:21:00,NZST,0.16,,0.16,mg/l,0.0,600.0
auckland,Auckland Council,Avondale,arc-00036,Avondale @ Shadbolt,8019,-36.9232796,174.69177898,Urban,Lowland,Urban,Total phosphorus,2023-08-23 09:53:00,NZST,0.019,,0.019,mg/l,0.0,600.0
auckland,Auckland Council,Avondale,arc-00036,Avondale @ Shadbolt,8019,-36.9232796,174.69177898,Urban,Lowland,Urban,Total phosphorus,2023-09-26 08:42:00,NZST,0.069,,0.069,mg/l,0.0,600.0
auckland,Auckland Council,Avondale,arc-00036,Avondale @ Shadbolt,8019,-36.9232796,174.69177898,Urban,Lowland,Urban,Total phosphorus,2023-10-25 08:21:00,NZST,0.043,,0.043,mg/l,0.0,600.0
auckland,Auckland Council,Avondale,arc-00036,Avondale @ Shadbolt,8019,-36.9232796,174.69177898,Urban,Lowland,Urban,Total phosphorus,2023-11-21 08:54:00,NZST,0.028,,0.028,mg/l,0.0,600.0
auckland,Auckland Council,Avondale,arc-00036,Avondale @ Shadbolt,8019,-36.9232796,174.69177898,Urban,Lowland,Urban,Total phosphorus,2023-12-13 08:20:00,NZST,0.051,,0.051,mg/l,0.0,600.0
auckland,Auckland Council,Avondale,arc-00036,Avondale @ Shadbolt,8019,-36.9232796,174.69177898,Urban,Lowland,Urban,Total phosphorus,2024-01-30 08:08:00,NZST,0.045,,0.045,mg/l,0.0,600.0
auckland,Auckland Council,Avondale,arc-00036,Avondale @ Shadbolt,8019,-36.9232796,174.69177898,Urban,Lowland,Urban,Total phosphorus,2024-02-29 08:59:00,NZST,0.033,,0.033,mg/l,0.0,600.0
auckland,Auckland Council,Avondale,arc-00036,Avondale @ Shadbolt,8019,-36.9232796,174.69177898,Urban,Lowland,Urban,Total phosphorus,2024-03-25 08:04:00,NZST,0.03,,0.03,mg/l,0.0,600.0
auckland,Auckland Council,Avondale,arc-00036,Avondale @ Shadbolt,8019,-36.9232796,174.69177898,Urban,Lowland,Urban,Total phosphorus,2024-04-22 09:10:00,NZST,0.03,,0.03,mg/l,0.0,600.0
auckland,Auckland Council,Avondale,arc-00036,Avondale @ Shadbolt,8019,-36.9232796,174.69177898,Urban,Lowland,Urban,Total phosphorus,2024-05-28 08:20:00,NZST,0.029,,0.029,mg/l,0.0,600.0
auckland,Auckland Council,Avondale,arc-00036,Avondale @ Shadbolt,8019,-36.9232796,174.69177898,Urban,Lowland,Urban,Total phosphorus,2024-06-26 08:39:00,NZST,0.023,,0.023,mg/l,0.0,600.0
auckland,Auckland Council,Avondale,arc-00036,Avondale @ Shadbolt,8019,-36.9232796,174.69177898,Urban,Lowland,Urban,Total phosphorus,2024-07-25 08:52:00,NZST,0.026,,0.026,mg/l,0.0,600.0
auckland,Auckland Council,Avondale,arc-00036,Avondale @ Shadbolt,8019,-36.9232796,174.69177898,Urban,Lowland,Urban,Total phosphorus,2024-08-29 09:04:00,NZST,0.017,,0.017,mg/l,0.0,600.0
auckland,Auckland Council,Avondale,arc-00036,Avondale @ Shadbolt,8019,-36.9232796,174.69177898,Urban,Lowland,Urban,Total phosphorus,2024-09-26 09:09:00,NZST,0.015,,0.015,mg/l,0.0,600.0
auckland,Auckland Council,Avondale,arc-00036,Avondale @ Shadbolt,8019,-36.9232796,174.69177898,Urban,Lowland,Urban,Total phosphorus,2024-10-23 08:06:00,NZST,0.027,,0.027,mg/l,0.0,600.0
auckland,Auckland Council,Avondale,arc-00036,Avondale @ Shadbolt,8019,-36.9232796,174.69177898,Urban,Lowland,Urban,Total phosphorus,2024-11-21 09:59:00,NZST,0.028,,0.028,mg/l,0.0,600.0
auckland,Auckland Council,Avondale,arc-00036,Avondale @ Shadbolt,8019,-36.9232796,174.69177898,Urban,Lowland,Urban,Total phosphorus,2024-12-09 07:51:00,NZST,0.038,,0.038,mg/l,0.0,600.0
auckland,Auckland Council,Avondale,arc-00036,Avondale @ Shadbolt,8019,-36.9232796,174.69177898,Urban,Lowland,Urban,Turbidity,2012-01-06 07:38:00,NZST,15.8,,15.8,ntu,,
auckland,Auckland Council,Avondale,arc-00036,Avondale @ Shadbolt,8019,-36.9232796,174.69177898,Urban,Lowland,Urban,Turbidity,2012-02-02 08:52:00,NZST,17.9,,17.9,ntu,,
auckland,Auckland Council,Avondale,arc-00036,Avondale @ Shadbolt,8019,-36.9232796,174.69177898,Urban,Lowland,Urban,Turbidity,2012-03-01 08:56:00,NZST,19.3,,19.3,ntu,,
auckland,Auckland Council,Avondale,arc-00036,Avondale @ Shadbolt,8019,-36.9232796,174.69177898,Urban,Lowland,Urban,Turbidity,2012-04-03 08:46:00,NZST,19.5,,19.5,ntu,,
auckland,Auckland Council,Avondale,arc-00036,Avondale @ Shadbolt,8019,-36.9232796,174.69177898,Urban,Lowland,Urban,Turbidity,2012-05-04 09:46:00,NZST,10.8,,10.8,ntu,,
auckland,Auckland Council,Avondale,arc-00036,Avondale @ Shadbolt,8019,-36.9232796,174.69177898,Urban,Lowland,Urban,Turbidity,2012-06-07 09:36:00,NZST,36.6,,36.6,ntu,,
auckland,Auckland Council,Avondale,arc-00036,Avondale @ Shadbolt,8019,-36.9232796,174.69177898,Urban,Lowland,Urban,Turbidity,2012-07-05 09:37:00,NZST,12,,12.0,ntu,,
auckland,Auckland Council,Avondale,arc-00036,Avondale @ Shadbolt,8019,-36.9232796,174.69177898,Urban,Lowland,Urban,Turbidity,2012-08-02 09:27:00,NZST,39,,39.0,ntu,,
auckland,Auckland Council,Avondale,arc-00036,Avondale @ Shadbolt,8019,-36.9232796,174.69177898,Urban,Lowland,Urban,Turbidity,2012-09-04 08:41:00,NZST,30,,30.0,ntu,,
auckland,Auckland Council,Avondale,arc-00036,Avondale @ Shadbolt,8019,-36.9232796,174.69177898,Urban,Lowland,Urban,Turbidity,2012-10-04 08:11:00,NZST,11,,11.0,ntu,,
auckland,Auckland Council,Avondale,arc-00036,Avondale @ Shadbolt,8019,-36.9232796,174.69177898,Urban,Lowland,Urban,Turbidity,2012-11-02 08:13:00,NZST,16,,16.0,ntu,,
auckland,Auckland Council,Avondale,arc-00036,Avondale @ Shadbolt,8019,-36.9232796,174.69177898,Urban,Lowland,Urban,Turbidity,2012-12-05 08:24:00,NZST,12,,12.0,ntu,,
auckland,Auckland Council,Avondale,arc-00036,Avondale @ Shadbolt,8019,-36.9232796,174.69177898,Urban,Lowland,Urban,Turbidity,2013-01-09 07:42:00,NZST,18,,18.0,ntu,39.0,543.0
auckland,Auckland Council,Avondale,arc-00036,Avondale @ Shadbolt,8019,-36.9232796,174.69177898,Urban,Lowland,Urban,Turbidity,2013-02-07 08:20:00,NZST,14,,14.0,ntu,,
auckland,Auckland Council,Avondale,arc-00036,Avondale @ Shadbolt,8019,-36.9232796,174.69177898,Urban,Lowland,Urban,Turbidity,2013-03-08 08:33:00,NZST,20,,20.0,ntu,,
auckland,Auckland Council,Avondale,arc-00036,Avondale @ Shadbolt,8019,-36.9232796,174.69177898,Urban,Lowland,Urban,Turbidity,2013-04-04 08:37:00,NZST,18,,18.0,ntu,,
auckland,Auckland Council,Avondale,arc-00036,Avondale @ Shadbolt,8019,-36.9232796,174.69177898,Urban,Lowland,Urban,Turbidity,2013-05-02 09:52:00,NZST,27,,27.0,ntu,,
auckland,Auckland Council,Avondale,arc-00036,Avondale @ Shadbolt,8019,-36.9232796,174.69177898,Urban,Lowland,Urban,Turbidity,2013-06-11 10:21:00,NZST,11,,11.0,ntu,,
auckland,Auckland Council,Avondale,arc-00036,Avondale @ Shadbolt,8019,-36.9232796,174.69177898,Urban,Lowland,Urban,Turbidity,2013-07-02 09:37:00,NZST,10,,10.0,ntu,,
auckland,Auckland Council,Avondale,arc-00036,Avondale @ Shadbolt,8019,-36.9232796,174.69177898,Urban,Lowland,Urban,Turbidity,2013-07-31 09:30:00,NZST,13,,13.0,ntu,,
auckland,Auckland Council,Avondale,arc-00036,Avondale @ Shadbolt,8019,-36.9232796,174.69177898,Urban,Lowland,Urban,Turbidity,2013-09-05 09:43:00,NZST,40,,40.0,ntu,,
auckland,Auckland Council,Avondale,arc-00036,Avondale @ Shadbolt,8019,-36.9232796,174.69177898,Urban,Lowland,Urban,Turbidity,2013-10-09 08:49:00,NZST,15,,15.0,ntu,,
auckland,Auckland Council,Avondale,arc-00036,Avondale @ Shadbolt,8019,-36.9232796,174.69177898,Urban,Lowland,Urban,Turbidity,2013-11-06 07:32:00,NZST,25,,25.0,ntu,,
auckland,Auckland Council,Avondale,arc-00036,Avondale @ Shadbolt,8019,-36.9232796,174.69177898,Urban,Lowland,Urban,Turbidity,2013-12-04 12:01:00,NZST,21,,21.0,ntu,,
auckland,Auckland Council,Avondale,arc-00036,Avondale @ Shadbolt,8019,-36.9232796,174.69177898,Urban,Lowland,Urban,Turbidity,2014-01-09 07:29:00,NZST,17,,17.0,ntu,,
auckland,Auckland Council,Avondale,arc-00036,Avondale @ Shadbolt,8019,-36.9232796,174.69177898,Urban,Lowland,Urban,Turbidity,2014-02-05 08:27:00,NZST,11,,11.0,ntu,,
auckland,Auckland Council,Avondale,arc-00036,Avondale @ Shadbolt,8019,-36.9232796,174.69177898,Urban,Lowland,Urban,Turbidity,2014-03-06 08:28:00,NZST,18,,18.0,ntu,,
auckland,Auckland Council,Avondale,arc-00036,Avondale @ Shadbolt,8019,-36.9232796,174.69177898,Urban,Lowland,Urban,Turbidity,2014-04-03 08:49:00,NZST,7.8,,7.8,ntu,,
auckland,Auckland Council,Avondale,arc-00036,Avondale @ Shadbolt,8019,-36.9232796,174.69177898,Urban,Lowland,Urban,Turbidity,2014-05-02 09:27:00,NZST,9,,9.0,ntu,,
auckland,Auckland Council,Avondale,arc-00036,Avondale @ Shadbolt,8019,-36.9232796,174.69177898,Urban,Lowland,Urban,Turbidity,2014-06-04 09:53:00,NZST,11,,11.0,ntu,,
auckland,Auckland Council,Avondale,arc-00036,Avondale @ Shadbolt,8019,-36.9232796,174.69177898,Urban,Lowland,Urban,Turbidity,2014-07-03 09:22:00,NZST,22,,22.0,ntu,,
auckland,Auckland Council,Avondale,arc-00036,Avondale @ Shadbolt,8019,-36.9232796,174.69177898,Urban,Lowland,Urban,Turbidity,2014-08-05 09:40:00,NZST,6.9,,6.9,ntu,,
auckland,Auckland Council,Avondale,arc-00036,Avondale @ Shadbolt,8019,-36.9232796,174.69177898,Urban,Lowland,Urban,Turbidity,2014-09-04 09:29:00,NZST,7.7,,7.7,ntu,,
auckland,Auckland Council,Avondale,arc-00036,Avondale @ Shadbolt,8019,-36.9232796,174.69177898,Urban,Lowland,Urban,Turbidity,2014-10-10 08:25:00,NZST,7.1,,7.1,ntu,,
auckland,Auckland Council,Avondale,arc-00036,Avondale @ Shadbolt,8019,-36.9232796,174.69177898,Urban,Lowland,Urban,Turbidity,2014-11-06 08:21:00,NZST,15,,15.0,ntu,,
auckland,Auckland Council,Avondale,arc-00036,Avondale @ Shadbolt,8019,-36.9232796,174.69177898,Urban,Lowland,Urban,Turbidity,2014-12-02 09:30:00,NZST,7.9,,7.9,ntu,,
auckland,Auckland Council,Avondale,arc-00036,Avondale @ Shadbolt,8019,-36.9232796,174.69177898,Urban,Lowland,Urban,Turbidity,2015-01-08 09:20:00,NZST,13,,13.0,ntu,,
auckland,Auckland Council,Avondale,arc-00036,Avondale @ Shadbolt,8019,-36.9232796,174.69177898,Urban,Lowland,Urban,Turbidity,2015-02-05 09:23:00,NZST,12,,12.0,ntu,,
auckland,Auckland Council,Avondale,arc-00036,Avondale @ Shadbolt,8019,-36.9232796,174.69177898,Urban,Lowland,Urban,Turbidity,2015-03-05 09:32:00,NZST,11,,11.0,ntu,,
auckland,Auckland Council,Avondale,arc-00036,Avondale @ Shadbolt,8019,-36.9232796,174.69177898,Urban,Lowland,Urban,Turbidity,2015-04-02 12:01:00,NZST,8.3,,8.3,ntu,,
auckland,Auckland Council,Avondale,arc-00036,Avondale @ Shadbolt,8019,-36.9232796,174.69177898,Urban,Lowland,Urban,Turbidity,2015-05-01 07:53:00,NZST,9.7,,9.7,ntu,,
auckland,Auckland Council,Avondale,arc-00036,Avondale @ Shadbolt,8019,-36.9232796,174.69177898,Urban,Lowland,Urban,Turbidity,2015-06-03 07:56:00,NZST,9.1,,9.1,ntu,,
auckland,Auckland Council,Avondale,arc-00036,Avondale @ Shadbolt,8019,-36.9232796,174.69177898,Urban,Lowland,Urban,Turbidity,2015-07-01 08:32:00,NZST,6.9,,6.9,ntu,,
auckland,Auckland Council,Avondale,arc-00036,Avondale @ Shadbolt,8019,-36.9232796,174.69177898,Urban,Lowland,Urban,Turbidity,2015-08-03 08:28:00,NZST,8.5,,8.5,ntu,,
auckland,Auckland Council,Avondale,arc-00036,Avondale @ Shadbolt,8019,-36.9232796,174.69177898,Urban,Lowland,Urban,Turbidity,2015-09-10 08:31:00,NZST,8,,8.0,ntu,,
auckland,Auckland Council,Avondale,arc-00036,Avondale @ Shadbolt,8019,-36.9232796,174.69177898,Urban,Lowland,Urban,Turbidity,2015-10-01 07:02:00,NZST,7.7,,7.7,ntu,,
auckland,Auckland Council,Avondale,arc-00036,Avondale @ Shadbolt,8019,-36.9232796,174.69177898,Urban,Lowland,Urban,Turbidity,2015-11-02 07:23:00,NZST,9.7,,9.7,ntu,,
auckland,Auckland Council,Avondale,arc-00036,Avondale @ Shadbolt,8019,-36.9232796,174.69177898,Urban,Lowland,Urban,Turbidity,2015-12-01 07:20:00,NZST,7.5,,7.5,ntu,,
auckland,Auckland Council,Avondale,arc-00036,Avondale @ Shadbolt,8019,-36.9232796,174.69177898,Urban,Lowland,Urban,Turbidity,2016-01-25 07:55:00,NZST,10,,10.0,ntu,,
auckland,Auckland Council,Avondale,arc-00036,Avondale @ Shadbolt,8019,-36.9232796,174.69177898,Urban,Lowland,Urban,Turbidity,2016-02-15 07:51:00,NZST,12,,12.0,ntu,,
auckland,Auckland Council,Avondale,arc-00036,Avondale @ Shadbolt,8019,-36.9232796,174.69177898,Urban,Lowland,Urban,Turbidity,2016-03-21 08:50:00,NZST,7.5,,7.5,ntu,,
auckland,Auckland Council,Avondale,arc-00036,Avondale @ Shadbolt,8019,-36.9232796,174.69177898,Urban,Lowland,Urban,Turbidity,2016-04-21 10:20:00,NZST,7.8,,7.8,ntu,,
auckland,Auckland Council,Avondale,arc-00036,Avondale @ Shadbolt,8019,-36.9232796,174.69177898,Urban,Lowland,Urban,Turbidity,2016-05-20 09:46:00,NZST,7,,7.0,ntu,,
auckland,Auckland Council,Avondale,arc-00036,Avondale @ Shadbolt,8019,-36.9232796,174.69177898,Urban,Lowland,Urban,Turbidity,2016-06-20 10:10:00,NZST,8.8,,8.8,ntu,,
auckland,Auckland Council,Avondale,arc-00036,Avondale @ Shadbolt,8019,-36.9232796,174.69177898,Urban,Lowland,Urban,Turbidity,2016-07-18 09:36:00,NZST,16,,16.0,ntu,,
auckland,Auckland Council,Avondale,arc-00036,Avondale @ Shadbolt,8019,-36.9232796,174.69177898,Urban,Lowland,Urban,Turbidity,2016-08-31 09:35:00,NZST,7.2,,7.2,ntu,,
auckland,Auckland Council,Avondale,arc-00036,Avondale @ Shadbolt,8019,-36.9232796,174.69177898,Urban,Lowland,Urban,Turbidity,2016-09-28 07:46:00,NZST,15,,15.0,ntu,,
auckland,Auckland Council,Avondale,arc-00036,Avondale @ Shadbolt,8019,-36.9232796,174.69177898,Urban,Lowland,Urban,Turbidity,2016-10-27 11:11:00,NZST,7.1,,7.1,ntu,,
auckland,Auckland Council,Avondale,arc-00036,Avondale @ Shadbolt,8019,-36.9232796,174.69177898,Urban,Lowland,Urban,Turbidity,2016-11-28 08:52:00,NZST,6.9,,6.9,ntu,,
auckland,Auckland Council,Avondale,arc-00036,Avondale @ Shadbolt,8019,-36.9232796,174.69177898,Urban,Lowland,Urban,Turbidity,2016-12-14 09:43:00,NZST,12,,12.0,ntu,,
auckland,Auckland Council,Avondale,arc-00036,Avondale @ Shadbolt,8019,-36.9232796,174.69177898,Urban,Lowland,Urban,Turbidity,2017-01-26 08:22:00,NZST,16,,16.0,ntu,,
auckland,Auckland Council,Avondale,arc-00036,Avondale @ Shadbolt,8019,-36.9232796,174.69177898,Urban,Lowland,Urban,Turbidity,2017-02-23 07:44:00,NZST,25,,25.0,ntu,,
auckland,Auckland Council,Avondale,arc-00036,Avondale @ Shadbolt,8019,-36.9232796,174.69177898,Urban,Lowland,Urban,Turbidity,2017-03-27 10:03:00,NZST,45,,45.0,ntu,,
auckland,Auckland Council,Avondale,arc-00036,Avondale @ Shadbolt,8019,-36.9232796,174.69177898,Urban,Lowland,Urban,Turbidity,2017-04-28 10:08:00,NZST,10,,10.0,ntu,,
auckland,Auckland Council,Avondale,arc-00036,Avondale @ Shadbolt,8019,-36.9232796,174.69177898,Urban,Lowland,Urban,Turbidity,2017-05-29 09:55:00,NZST,6.6,,6.6,ntu,,
auckland,Auckland Council,Avondale,arc-00036,Avondale @ Shadbolt,8019,-36.9232796,174.69177898,Urban,Lowland,Urban,Turbidity,2017-06-27 09:17:00,NZST,9.3,,9.3,ntu,,
auckland,Auckland Council,Avondale,arc-00036,Avondale @ Shadbolt,8019,-36.9232796,174.69177898,Urban,Lowland,Urban,Turbidity,2017-07-26 08:50:00,NZST,10.7,,10.7,ntu,,
auckland,Auckland Council,Avondale,arc-00036,Avondale @ Shadbolt,8019,-36.9232796,174.69177898,Urban,Lowland,Urban,Turbidity,2017-08-25 08:34:00,NZST,13.7,,13.7,ntu,,
auckland,Auckland Council,Avondale,arc-00036,Avondale @ Shadbolt,8019,-36.9232796,174.69177898,Urban,Lowland,Urban,Turbidity,2017-09-25 09:37:00,NZST,10.2,,10.2,ntu,,
auckland,Auckland Council,Avondale,arc-00036,Avondale @ Shadbolt,8019,-36.9232796,174.69177898,Urban,Lowland,Urban,Turbidity,2017-10-20 07:54:00,NZST,10.3,,10.3,ntu,,
auckland,Auckland Council,Avondale,arc-00036,Avondale @ Shadbolt,8019,-36.9232796,174.69177898,Urban,Lowland,Urban,Turbidity,2017-11-21 08:19:00,NZST,9.1,,9.1,ntu,,
auckland,Auckland Council,Avondale,arc-00036,Avondale @ Shadbolt,8019,-36.9232796,174.69177898,Urban,Lowland,Urban,Turbidity,2017-12-21 08:14:00,NZST,15.6,,15.6,ntu,,
auckland,Auckland Council,Avondale,arc-00036,Avondale @ Shadbolt,8019,-36.9232796,174.69177898,Urban,Lowland,Urban,Turbidity,2018-01-19 08:46:00,NZST,22,,22.0,ntu,,
auckland,Auckland Council,Avondale,arc-00036,Avondale @ Shadbolt,8019,-36.9232796,174.69177898,Urban,Lowland,Urban,Turbidity,2018-02-19 09:36:00,NZST,9.7,,9.7,ntu,,
auckland,Auckland Council,Avondale,arc-00036,Avondale @ Shadbolt,8019,-36.9232796,174.69177898,Urban,Lowland,Urban,Turbidity,2018-03-19 09:30:00,NZST,8,,8.0,ntu,,
auckland,Auckland Council,Avondale,arc-00036,Avondale @ Shadbolt,8019,-36.9232796,174.69177898,Urban,Lowland,Urban,Turbidity,2018-04-17 08:40:00,NZST,9.6,,9.6,ntu,,
auckland,Auckland Council,Avondale,arc-00036,Avondale @ Shadbolt,8019,-36.9232796,174.69177898,Urban,Lowland,Urban,Turbidity,2018-05-18 08:28:00,NZST,11.3,,11.3,ntu,,
auckland,Auckland Council,Avondale,arc-00036,Avondale @ Shadbolt,8019,-36.9232796,174.69177898,Urban,Lowland,Urban,Turbidity,2018-06-18 09:53:00,NZST,10.6,,10.6,ntu,,
auckland,Auckland Council,Avondale,arc-00036,Avondale @ Shadbolt,8019,-36.9232796,174.69177898,Urban,Lowland,Urban,Turbidity,2018-07-17 09:49:00,NZST,12,,12.0,ntu,,
auckland,Auckland Council,Avondale,arc-00036,Avondale @ Shadbolt,8019,-36.9232796,174.69177898,Urban,Lowland,Urban,Turbidity,2018-08-16 09:36:00,NZST,14,,14.0,ntu,,
auckland,Auckland Council,Avondale,arc-00036,Avondale @ Shadbolt,8019,-36.9232796,174.69177898,Urban,Lowland,Urban,Turbidity,2018-09-27 07:58:00,NZST,8.3,,8.3,ntu,,
auckland,Auckland Council,Avondale,arc-00036,Avondale @ Shadbolt,8019,-36.9232796,174.69177898,Urban,Lowland,Urban,Turbidity,2018-11-28 09:56:00,NZST,12.4,,12.4,ntu,,
auckland,Auckland Council,Avondale,arc-00036,Avondale @ Shadbolt,8019,-36.9232796,174.69177898,Urban,Lowland,Urban,Turbidity,2018-12-18 08:20:00,NZST,12.7,,12.7,ntu,,
auckland,Auckland Council,Avondale,arc-00036,Avondale @ Shadbolt,8019,-36.9232796,174.69177898,Urban,Lowland,Urban,Turbidity,2019-01-23 07:35:00,NZST,17.7,,17.7,ntu,,
auckland,Auckland Council,Avondale,arc-00036,Avondale @ Shadbolt,8019,-36.9232796,174.69177898,Urban,Lowland,Urban,Turbidity,2019-02-21 08:23:00,NZST,9.7,,9.7,ntu,,
auckland,Auckland Council,Avondale,arc-00036,Avondale @ Shadbolt,8019,-36.9232796,174.69177898,Urban,Lowland,Urban,Turbidity,2019-03-28 08:00:00,NZST,31,,31.0,ntu,,
auckland,Auckland Council,Avondale,arc-00036,Avondale @ Shadbolt,8019,-36.9232796,174.69177898,Urban,Lowland,Urban,Turbidity,2019-04-12 08:52:00,NZST,11.3,,11.3,ntu,,
auckland,Auckland Council,Avondale,arc-00036,Avondale @ Shadbolt,8019,-36.9232796,174.69177898,Urban,Lowland,Urban,Turbidity,2019-05-27 08:24:00,NZST,5.3,,5.3,ntu,,
auckland,Auckland Council,Avondale,arc-00036,Avondale @ Shadbolt,8019,-36.9232796,174.69177898,Urban,Lowland,Urban,Turbidity,2019-06-19 08:52:00,NZST,7.5,,7.5,ntu,,
auckland,Auckland Council,Avondale,arc-00036,Avondale @ Shadbolt,8019,-36.9232796,174.69177898,Urban,Lowland,Urban,Turbidity,2019-07-17 09:52:00,NZST,14,,14.0,ntu,,
auckland,Auckland Council,Avondale,arc-00036,Avondale @ Shadbolt,8019,-36.9232796,174.69177898,Urban,Lowland,Urban,Turbidity,2019-08-16 08:25:00,NZST,13.2,,13.2,ntu,,
auckland,Auckland Council,Avondale,arc-00036,Avondale @ Shadbolt,8019,-36.9232796,174.69177898,Urban,Lowland,Urban,Turbidity,2019-10-07 08:04:00,NZST,7.6,,7.6,ntu,,
auckland,Auckland Council,Avondale,arc-00036,Avondale @ Shadbolt,8019,-36.9232796,174.69177898,Urban,Lowland,Urban,Turbidity,2019-10-31 08:14:00,NZST,10,,10.0,ntu,,
auckland,Auckland Council,Avondale,arc-00036,Avondale @ Shadbolt,8019,-36.9232796,174.69177898,Urban,Lowland,Urban,Turbidity,2019-11-25 08:48:00,NZST,10.8,,10.8,ntu,,
auckland,Auckland Council,Avondale,arc-00036,Avondale @ Shadbolt,8019,-36.9232796,174.69177898,Urban,Lowland,Urban,Turbidity,2019-12-23 07:25:00,NZST,7.8,,7.8,ntu,,
auckland,Auckland Council,Avondale,arc-00036,Avondale @ Shadbolt,8019,-36.9232796,174.69177898,Urban,Lowland,Urban,Turbidity,2020-01-29 08:09:00,NZST,10.3,,10.3,ntu,35.0,460.0
auckland,Auckland Council,Avondale,arc-00036,Avondale @ Shadbolt,8019,-36.9232796,174.69177898,Urban,Lowland,Urban,Turbidity,2020-02-25 07:30:00,NZST,11.6,,11.6,ntu,35.0,460.0
auckland,Auckland Council,Avondale,arc-00036,Avondale @ Shadbolt,8019,-36.9232796,174.69177898,Urban,Lowland,Urban,Turbidity,2020-03-13 08:25:00,NZST,12.3,,12.3,ntu,35.0,460.0
auckland,Auckland Council,Avondale,arc-00036,Avondale @ Shadbolt,8019,-36.9232796,174.69177898,Urban,Lowland,Urban,Turbidity,2020-04-30 09:29:00,NZST,9.5,,9.5,ntu,35.0,460.0
auckland,Auckland Council,Avondale,arc-00036,Avondale @ Shadbolt,8019,-36.9232796,174.69177898,Urban,Lowland,Urban,Turbidity,2020-05-28 09:51:00,NZST,15.5,,15.5,ntu,35.0,460.0
auckland,Auckland Council,Avondale,arc-00036,Avondale @ Shadbolt,8019,-36.9232796,174.69177898,Urban,Lowland,Urban,Turbidity,2020-06-26 10:38:00,NZST,12.1,,12.1,ntu,35.0,460.0
auckland,Auckland Council,Avondale,arc-00036,Avondale @ Shadbolt,8019,-36.9232796,174.69177898,Urban,Lowland,Urban,Turbidity,2020-07-09 10:50:00,NZST,13.8,,13.8,ntu,35.0,460.0
auckland,Auckland Council,Avondale,arc-00036,Avondale @ Shadbolt,8019,-36.9232796,174.69177898,Urban,Lowland,Urban,Turbidity,2020-08-07 10:09:00,NZST,14.2,,14.2,ntu,35.0,460.0
auckland,Auckland Council,Avondale,arc-00036,Avondale @ Shadbolt,8019,-36.9232796,174.69177898,Urban,Lowland,Urban,Turbidity,2020-09-09 10:34:00,NZST,6.8,,6.8,ntu,35.0,460.0
auckland,Auckland Council,Avondale,arc-00036,Avondale @ Shadbolt,8019,-36.9232796,174.69177898,Urban,Lowland,Urban,Turbidity,2020-10-08 10:12:00,NZST,6.5,,6.5,ntu,35.0,460.0
auckland,Auckland Council,Avondale,arc-00036,Avondale @ Shadbolt,8019,-36.9232796,174.69177898,Urban,Lowland,Urban,Turbidity,2020-11-24 09:45:00,NZST,7.5,,7.5,ntu,35.0,460.0
auckland,Auckland Council,Avondale,arc-00036,Avondale @ Shadbolt,8019,-36.9232796,174.69177898,Urban,Lowland,Urban,Turbidity,2020-12-14 11:28:00,NZST,6.7,,6.7,ntu,35.0,460.0
auckland,Auckland Council,Avondale,arc-00036,Avondale @ Shadbolt,8019,-36.9232796,174.69177898,Urban,Lowland,Urban,Turbidity,2021-01-20 09:25:00,NZST,20,,20.0,ntu,35.0,460.0
auckland,Auckland Council,Avondale,arc-00036,Avondale @ Shadbolt,8019,-36.9232796,174.69177898,Urban,Lowland,Urban,Turbidity,2021-02-11 10:34:00,NZST,17.4,,17.4,ntu,35.0,460.0
auckland,Auckland Council,Avondale,arc-00036,Avondale @ Shadbolt,8019,-36.9232796,174.69177898,Urban,Lowland,Urban,Turbidity,2021-03-25 08:57:00,NZST,15,,15.0,ntu,35.0,460.0
auckland,Auckland Council,Avondale,arc-00036,Avondale @ Shadbolt,8019,-36.9232796,174.69177898,Urban,Lowland,Urban,Turbidity,2021-04-28 11:24:00,NZST,12.8,,12.8,ntu,35.0,460.0
auckland,Auckland Council,Avondale,arc-00036,Avondale @ Shadbolt,8019,-36.9232796,174.69177898,Urban,Lowland,Urban,Turbidity,2021-05-13 11:43:00,NZST,8.2,,8.2,ntu,35.0,460.0
auckland,Auckland Council,Avondale,arc-00036,Avondale @ Shadbolt,8019,-36.9232796,174.69177898,Urban,Lowland,Urban,Turbidity,2021-06-08 09:16:00,NZST,11.1,,11.1,ntu,35.0,460.0
auckland,Auckland Council,Avondale,arc-00036,Avondale @ Shadbolt,8019,-36.9232796,174.69177898,Urban,Lowland,Urban,Turbidity,2021-07-14 10:32:00,NZST,9.9,,9.9,ntu,35.0,460.0
auckland,Auckland Council,Avondale,arc-00036,Avondale @ Shadbolt,8019,-36.9232796,174.69177898,Urban,Lowland,Urban,Turbidity,2021-08-10 09:29:00,NZST,7.6,,7.6,ntu,35.0,460.0
auckland,Auckland Council,Avondale,arc-00036,Avondale @ Shadbolt,8019,-36.9232796,174.69177898,Urban,Lowland,Urban,Turbidity,2021-09-29 08:48:00,NZST,7.1,,7.1,ntu,35.0,460.0
auckland,Auckland Council,Avondale,arc-00036,Avondale @ Shadbolt,8019,-36.9232796,174.69177898,Urban,Lowland,Urban,Turbidity,2021-10-14 08:29:00,NZST,10.8,,10.8,ntu,35.0,460.0
auckland,Auckland Council,Avondale,arc-00036,Avondale @ Shadbolt,8019,-36.9232796,174.69177898,Urban,Lowland,Urban,Turbidity,2021-11-11 07:57:00,NZST,9,,9.0,ntu,35.0,460.0
auckland,Auckland Council,Avondale,arc-00036,Avondale @ Shadbolt,8019,-36.9232796,174.69177898,Urban,Lowland,Urban,Turbidity,2021-12-09 08:56:00,NZST,12.6,,12.6,ntu,41.0,400.0
auckland,Auckland Council,Avondale,arc-00036,Avondale @ Shadbolt,8019,-36.9232796,174.69177898,Urban,Lowland,Urban,Turbidity,2022-01-17 08:06:00,NZST,33,,33.0,ntu,35.0,460.0
auckland,Auckland Council,Avondale,arc-00036,Avondale @ Shadbolt,8019,-36.9232796,174.69177898,Urban,Lowland,Urban,Turbidity,2022-02-18 09:48:00,NZST,12.2,,12.2,ntu,35.0,460.0
auckland,Auckland Council,Avondale,arc-00036,Avondale @ Shadbolt,8019,-36.9232796,174.69177898,Urban,Lowland,Urban,Turbidity,2022-03-18 09:01:00,NZST,28,,28.0,ntu,35.0,460.0
auckland,Auckland Council,Avondale,arc-00036,Avondale @ Shadbolt,8019,-36.9232796,174.69177898,Urban,Lowland,Urban,Turbidity,2022-04-14 09:43:00,NZST,25,,25.0,ntu,21.0,500.0
auckland,Auckland Council,Avondale,arc-00036,Avondale @ Shadbolt,8019,-36.9232796,174.69177898,Urban,Lowland,Urban,Turbidity,2022-05-09 09:39:00,NZST,13.6,,13.6,ntu,35.0,460.0
auckland,Auckland Council,Avondale,arc-00036,Avondale @ Shadbolt,8019,-36.9232796,174.69177898,Urban,Lowland,Urban,Turbidity,2022-06-17 09:54:00,NZST,8.1,,8.1,ntu,35.0,460.0
auckland,Auckland Council,Avondale,arc-00036,Avondale @ Shadbolt,8019,-36.9232796,174.69177898,Urban,Lowland,Urban,Turbidity,2022-07-21 09:35:00,NZST,26,,26.0,ntu,35.0,460.0
auckland,Auckland Council,Avondale,arc-00036,Avondale @ Shadbolt,8019,-36.9232796,174.69177898,Urban,Lowland,Urban,Turbidity,2022-08-23 10:33:00,NZST,25,,25.0,ntu,35.0,460.0
auckland,Auckland Council,Avondale,arc-00036,Avondale @ Shadbolt,8019,-36.9232796,174.69177898,Urban,Lowland,Urban,Turbidity,2022-09-29 08:50:00,NZST,7.4,,7.4,ntu,35.0,460.0
auckland,Auckland Council,Avondale,arc-00036,Avondale @ Shadbolt,8019,-36.9232796,174.69177898,Urban,Lowland,Urban,Turbidity,2022-10-27 08:36:00,NZST,6.6,,6.6,ntu,35.0,460.0
auckland,Auckland Council,Avondale,arc-00036,Avondale @ Shadbolt,8019,-36.9232796,174.69177898,Urban,Lowland,Urban,Turbidity,2022-11-23 09:32:00,NZST,29,,29.0,ntu,35.0,460.0
auckland,Auckland Council,Avondale,arc-00036,Avondale @ Shadbolt,8019,-36.9232796,174.69177898,Urban,Lowland,Urban,Turbidity,2022-12-21 08:18:00,NZST,7.6,,7.6,ntu,35.0,460.0
auckland,Auckland Council,Avondale,arc-00036,Avondale @ Shadbolt,8019,-36.9232796,174.69177898,Urban,Lowland,Urban,Turbidity,2023-01-24 09:24:00,NZST,10.2,,10.2,ntu,35.0,460.0
auckland,Auckland Council,Avondale,arc-00036,Avondale @ Shadbolt,8019,-36.9232796,174.69177898,Urban,Lowland,Urban,Turbidity,2023-02-27 08:43:00,NZST,16.1,,16.1,ntu,35.0,460.0
auckland,Auckland Council,Avondale,arc-00036,Avondale @ Shadbolt,8019,-36.9232796,174.69177898,Urban,Lowland,Urban,Turbidity,2023-03-30 08:43:00,NZST,10.8,,10.8,ntu,35.0,460.0
auckland,Auckland Council,Avondale,arc-00036,Avondale @ Shadbolt,8019,-36.9232796,174.69177898,Urban,Lowland,Urban,Turbidity,2023-04-27 11:19:00,NZST,11.2,,11.2,ntu,35.0,460.0
auckland,Auckland Council,Avondale,arc-00036,Avondale @ Shadbolt,8019,-36.9232796,174.69177898,Urban,Lowland,Urban,Turbidity,2023-05-25 09:09:00,NZST,11.7,,11.7,ntu,35.0,460.0
auckland,Auckland Council,Avondale,arc-00036,Avondale @ Shadbolt,8019,-36.9232796,174.69177898,Urban,Lowland,Urban,Turbidity,2023-06-26 09:15:00,NZST,13.5,,13.5,ntu,35.0,460.0
auckland,Auckland Council,Avondale,arc-00036,Avondale @ Shadbolt,8019,-36.9232796,174.69177898,Urban,Lowland,Urban,Turbidity,2023-07-26 09:21:00,NZST,115,,115.0,ntu,35.0,460.0
auckland,Auckland Council,Avondale,arc-00036,Avondale @ Shadbolt,8019,-36.9232796,174.69177898,Urban,Lowland,Urban,Turbidity,2023-08-23 09:53:00,NZST,11.2,,11.2,ntu,35.0,460.0
auckland,Auckland Council,Avondale,arc-00036,Avondale @ Shadbolt,8019,-36.9232796,174.69177898,Urban,Lowland,Urban,Turbidity,2023-09-26 08:42:00,NZST,45,,45.0,ntu,35.0,460.0
auckland,Auckland Council,Avondale,arc-00036,Avondale @ Shadbolt,8019,-36.9232796,174.69177898,Urban,Lowland,Urban,Turbidity,2023-10-25 08:21:00,NZST,23,,23.0,ntu,35.0,460.0
auckland,Auckland Council,Avondale,arc-00036,Avondale @ Shadbolt,8019,-36.9232796,174.69177898,Urban,Lowland,Urban,Turbidity,2023-11-21 08:54:00,NZST,9.2,,9.2,ntu,35.0,460.0
auckland,Auckland Council,Avondale,arc-00036,Avondale @ Shadbolt,8019,-36.9232796,174.69177898,Urban,Lowland,Urban,Turbidity,2023-12-13 08:20:00,NZST,16.2,,16.2,ntu,35.0,460.0
auckland,Auckland Council,Avondale,arc-00036,Avondale @ Shadbolt,8019,-36.9232796,174.69177898,Urban,Lowland,Urban,Turbidity,2024-01-30 08:08:00,NZST,16.6,,16.6,ntu,35.0,460.0
auckland,Auckland Council,Avondale,arc-00036,Avondale @ Shadbolt,8019,-36.9232796,174.69177898,Urban,Lowland,Urban,Turbidity,2024-02-29 08:59:00,NZST,7,,7.0,ntu,35.0,460.0
auckland,Auckland Council,Avondale,arc-00036,Avondale @ Shadbolt,8019,-36.9232796,174.69177898,Urban,Lowland,Urban,Turbidity,2024-03-25 08:04:00,NZST,10.8,,10.8,ntu,35.0,460.0
auckland,Auckland Council,Avondale,arc-00036,Avondale @ Shadbolt,8019,-36.9232796,174.69177898,Urban,Lowland,Urban,Turbidity,2024-04-22 09:10:00,NZST,12.3,,12.3,ntu,35.0,460.0
auckland,Auckland Council,Avondale,arc-00036,Avondale @ Shadbolt,8019,-36.9232796,174.69177898,Urban,Lowland,Urban,Turbidity,2024-05-28 08:20:00,NZST,13.2,,13.2,ntu,35.0,460.0
auckland,Auckland Council,Avondale,arc-00036,Avondale @ Shadbolt,8019,-36.9232796,174.69177898,Urban,Lowland,Urban,Turbidity,2024-06-26 08:39:00,NZST,9.6,,9.6,ntu,35.0,460.0
auckland,Auckland Council,Avondale,arc-00036,Avondale @ Shadbolt,8019,-36.9232796,174.69177898,Urban,Lowland,Urban,Turbidity,2024-07-25 08:52:00,NZST,13.6,,13.6,ntu,35.0,460.0
auckland,Auckland Council,Avondale,arc-00036,Avondale @ Shadbolt,8019,-36.9232796,174.69177898,Urban,Lowland,Urban,Turbidity,2024-08-29 09:04:00,NZST,7.3,,7.3,ntu,35.0,460.0
auckland,Auckland Council,Avondale,arc-00036,Avondale @ Shadbolt,8019,-36.9232796,174.69177898,Urban,Lowland,Urban,Turbidity,2024-09-26 09:09:00,NZST,7.4,,7.4,ntu,35.0,460.0
auckland,Auckland Council,Avondale,arc-00036,Avondale @ Shadbolt,8019,-36.9232796,174.69177898,Urban,Lowland,Urban,Turbidity,2024-10-23 08:06:00,NZST,9.9,,9.9,ntu,35.0,460.0
auckland,Auckland Council,Avondale,arc-00036,Avondale @ Shadbolt,8019,-36.9232796,174.69177898,Urban,Lowland,Urban,Turbidity,2024-11-21 09:59:00,NZST,9.6,,9.6,ntu,35.0,460.0
auckland,Auckland Council,Avondale,arc-00036,Avondale @ Shadbolt,8019,-36.9232796,174.69177898,Urban,Lowland,Urban,Turbidity,2024-12-09 07:51:00,NZST,8.2,,8.2,ntu,35.0,460.0
